cell	gene	intronicReads	exonicReads
AAGCCGTTCGGTTGTT	ENSG00000279457.4	151	303
AAGCCGTTCGGTTGTT	ENSG00000225630.1	0	83996
AAGCCGTTCGGTTGTT	ENSG00000197921.6	0	278
AAGCCGTTCGGTTGTT	ENSG00000171612.7	30252	278
AAGCCGTTCGGTTGTT	ENSG00000288398.1	0	2914
AAGCCGTTCGGTTGTT	ENSG00000090432.7	17913	3794
AAGCCGTTCGGTTGTT	ENSG00000179163.12	22162	3241
AAGCCGTTCGGTTGTT	ENSG00000130766.5	531	229
AAGCCGTTCGGTTGTT	ENSG00000237329.2	0	172
AAGCCGTTCGGTTGTT	ENSG00000273274.2	9275	600
AAGCCGTTCGGTTGTT	ENSG00000243749.1	1647	550
AAGCCGTTCGGTTGTT	ENSG00000116863.11	6259	4454
AAGCCGTTCGGTTGTT	ENSG00000116981.4	0	1198
AAGCCGTTCGGTTGTT	ENSG00000259943.1	0	782
AAGCCGTTCGGTTGTT	ENSG00000260920.2	0	1500
AAGCCGTTCGGTTGTT	ENSG00000186564.6	0	900
TCCAAGTCCATGCTTC	ENSG00000279457.4	145	271
TCCAAGTCCATGCTTC	ENSG00000225630.1	0	34040
TCCAAGTCCATGCTTC	ENSG00000171612.7	30507	1064
TCCAAGTCCATGCTTC	ENSG00000235084.3	0	225
TCCAAGTCCATGCTTC	ENSG00000233954.6	0	530
TCCAAGTCCATGCTTC	ENSG00000288398.1	0	1156
TCCAAGTCCATGCTTC	ENSG00000261135.1	0	557
TCCAAGTCCATGCTTC	ENSG00000090432.7	10554	5859
TCCAAGTCCATGCTTC	ENSG00000179163.12	3884	1778
TCCAAGTCCATGCTTC	ENSG00000228589.3	0	283
TCCAAGTCCATGCTTC	ENSG00000130766.5	3520	1471
TCCAAGTCCATGCTTC	ENSG00000231468.2	174	382
TCCAAGTCCATGCTTC	ENSG00000279443.1	0	596
TCCAAGTCCATGCTTC	ENSG00000175130.7	0	2562
TCCAAGTCCATGCTTC	ENSG00000243749.1	1647	300
TCCAAGTCCATGCTTC	ENSG00000116863.11	8834	2353
TCCAAGTCCATGCTTC	ENSG00000286379.1	899	300
TCCAAGTCCATGCTTC	ENSG00000163909.8	0	856
TCCAAGTCCATGCTTC	ENSG00000116981.4	0	898
TCCAAGTCCATGCTTC	ENSG00000117000.9	10368	4132
TCCAAGTCCATGCTTC	ENSG00000259943.1	0	1111
TCCAAGTCCATGCTTC	ENSG00000237424.1	0	300
TCCAAGTCCATGCTTC	ENSG00000186564.6	0	2379
TCCAAGTCCATGCTTC	ENSG00000169213.7	0	1436
TCCAAGTCCATGCTTC	ENSG00000228369.2	37	143
TCCAAGTCCATGCTTC	ENSG00000162396.6	0	300
TCCAAGTCCATGCTTC	ENSG00000116704.8	0	1155
TCCAAGTCCATGCTTC	ENSG00000066557.6	33602	1178
TCCAAGTCCATGCTTC	ENSG00000226084.5	0	300
TCCAAGTCCATGCTTC	ENSG00000280099.1	0	294
TCCAAGTCCATGCTTC	ENSG00000223896.2	0	900
TCCTTGCTGAACCTGT	ENSG00000225630.1	0	1390
TCCTTGCTGAACCTGT	ENSG00000065135.12	0	814
TCCTTGCTGAACCTGT	ENSG00000213281.5	10009	1156
TCCTTGCTGAACCTGT	ENSG00000215784.6	0	277
TCCTTGCTGAACCTGT	ENSG00000244371.2	0	275
TCCTTGCTGAACCTGT	ENSG00000218283.2	0	250
TCCTTGCTGAACCTGT	ENSG00000259865.1	0	300
GGTCTCAAGAACCTGT	ENSG00000225630.1	0	6150
GGTCTCAAGAACCTGT	ENSG00000171612.7	0	278
GGTCTCAAGAACCTGT	ENSG00000090432.7	0	578
GGTCTCAAGAACCTGT	ENSG00000175130.7	0	843
GGTCTCAAGAACCTGT	ENSG00000116863.11	2405	397
GGTCTCAAGAACCTGT	ENSG00000117000.9	24092	300
GGTCTCAAGAACCTGT	ENSG00000066557.6	0	901
GGTCTCAAGAACCTGT	ENSG00000137970.7	0	257
GGTCTCAAGAACCTGT	ENSG00000065135.12	3650	299
GGTCTCAAGAACCTGT	ENSG00000213281.5	103	598
GGTCTCAAGAACCTGT	ENSG00000236675.1	92	182
GGTCTCAAGAACCTGT	ENSG00000132718.9	0	300
GGTCTCAAGAACCTGT	ENSG00000143751.10	1	854
CTCAACAGCCATCCAA	ENSG00000279457.4	19709	1207
CTCAACAGCCATCCAA	ENSG00000225630.1	0	31890
CTCAACAGCCATCCAA	ENSG00000272512.1	0	268
CTCAACAGCCATCCAA	ENSG00000233421.5	0	278
CTCAACAGCCATCCAA	ENSG00000090432.7	13584	2323
CTCAACAGCCATCCAA	ENSG00000179163.12	2219	280
CTCAACAGCCATCCAA	ENSG00000175130.7	0	1199
CTCAACAGCCATCCAA	ENSG00000273274.2	0	278
CTCAACAGCCATCCAA	ENSG00000233246.1	3991	265
CTCAACAGCCATCCAA	ENSG00000116863.11	6263	6255
CTCAACAGCCATCCAA	ENSG00000163909.8	1	299
CTCAACAGCCATCCAA	ENSG00000116981.4	0	900
CTCAACAGCCATCCAA	ENSG00000117000.9	10368	578
CTCAACAGCCATCCAA	ENSG00000169213.7	0	300
CTCAACAGCCATCCAA	ENSG00000162396.6	0	300
CTCAACAGCCATCCAA	ENSG00000066557.6	37336	3089
CTCAACAGCCATCCAA	ENSG00000271576.1	0	577
CTCAACAGCCATCCAA	ENSG00000137970.7	0	1004
CTCAACAGCCATCCAA	ENSG00000244716.3	0	504
CTCAACAGCCATCCAA	ENSG00000065135.12	232066	15158
TACCGATGCGATACTG	ENSG00000279457.4	177	254
TACCGATGCGATACTG	ENSG00000225630.1	0	30897
TACCGATGCGATACTG	ENSG00000176022.7	0	878
TACCGATGCGATACTG	ENSG00000228594.4	0	1200
TACCGATGCGATACTG	ENSG00000158292.7	0	600
TACCGATGCGATACTG	ENSG00000235084.3	0	212
TACCGATGCGATACTG	ENSG00000233954.6	0	555
TACCGATGCGATACTG	ENSG00000288398.1	0	1478
TACCGATGCGATACTG	ENSG00000090432.7	1298	5838
TACCGATGCGATACTG	ENSG00000179163.12	40738	2099
TACCGATGCGATACTG	ENSG00000181773.7	1056	283
TACCGATGCGATACTG	ENSG00000130766.5	0	291
TACCGATGCGATACTG	ENSG00000279443.1	0	278
TACCGATGCGATACTG	ENSG00000175130.7	0	4472
TACCGATGCGATACTG	ENSG00000243749.1	2897	878
TACCGATGCGATACTG	ENSG00000286899.1	0	578
TACCGATGCGATACTG	ENSG00000116863.11	9820	5999
TACCGATGCGATACTG	ENSG00000116981.4	0	900
TACCGATGCGATACTG	ENSG00000224751.2	0	407
TACCGATGCGATACTG	ENSG00000237424.1	0	3834
GGAGAGTTGAACCTGT	ENSG00000279457.4	6599	400
GGAGAGTTGAACCTGT	ENSG00000225972.1	0	239
GGAGAGTTGAACCTGT	ENSG00000225630.1	0	21885
GGAGAGTTGAACCTGT	ENSG00000176022.7	0	278
GGAGAGTTGAACCTGT	ENSG00000238260.1	20	222
GGAGAGTTGAACCTGT	ENSG00000171612.7	6582	259
GGAGAGTTGAACCTGT	ENSG00000231789.2	6199	550
GGAGAGTTGAACCTGT	ENSG00000288398.1	0	900
GGAGAGTTGAACCTGT	ENSG00000261135.1	0	173
GGAGAGTTGAACCTGT	ENSG00000090432.7	0	2627
GGAGAGTTGAACCTGT	ENSG00000179163.12	93010	3255
GGAGAGTTGAACCTGT	ENSG00000175130.7	849	300
GGAGAGTTGAACCTGT	ENSG00000243749.1	1647	300
GGAGAGTTGAACCTGT	ENSG00000236274.1	232	589
GGAGAGTTGAACCTGT	ENSG00000116863.11	6888	4732
GGAGAGTTGAACCTGT	ENSG00000117000.9	132211	3001
GGAGAGTTGAACCTGT	ENSG00000259943.1	0	300
GGAGAGTTGAACCTGT	ENSG00000237424.1	0	277
GGAGAGTTGAACCTGT	ENSG00000238140.1	109	191
GGAGAGTTGAACCTGT	ENSG00000066557.6	38056	4470
GGAGAGTTGAACCTGT	ENSG00000271992.1	0	753
GGAGAGTTGAACCTGT	ENSG00000271576.1	0	1198
GGAGAGTTGAACCTGT	ENSG00000280099.1	0	1200
GGAGAGTTGAACCTGT	ENSG00000137970.7	0	522
GGAGAGTTGAACCTGT	ENSG00000065135.12	325225	16230
GGAGAGTTGAACCTGT	ENSG00000213281.5	441	4118
GGAGAGTTGAACCTGT	ENSG00000143067.5	0	604
GGAGAGTTGAACCTGT	ENSG00000244371.2	0	278
GGAGAGTTGAACCTGT	ENSG00000203812.2	0	263
GGAGAGTTGAACCTGT	ENSG00000282386.1	0	156
AAGCCGTTGGAGTAAC	ENSG00000225630.1	0	16190
AAGCCGTTGGAGTAAC	ENSG00000176022.7	0	300
AAGCCGTTGGAGTAAC	ENSG00000284652.1	0	556
AAGCCGTTGGAGTAAC	ENSG00000233954.6	0	548
AAGCCGTTGGAGTAAC	ENSG00000288398.1	0	600
AAGCCGTTGGAGTAAC	ENSG00000090432.7	0	556
AAGCCGTTGGAGTAAC	ENSG00000179163.12	5502	556
AAGCCGTTGGAGTAAC	ENSG00000130766.5	0	386
AAGCCGTTGGAGTAAC	ENSG00000175130.7	0	1199
AAGCCGTTGGAGTAAC	ENSG00000243749.1	0	281
AAGCCGTTGGAGTAAC	ENSG00000286899.1	0	578
AAGCCGTTGGAGTAAC	ENSG00000116863.11	0	273
AAGCCGTTGGAGTAAC	ENSG00000117000.9	0	600
AAGCCGTTGGAGTAAC	ENSG00000169213.7	0	232
AAGCCGTTGGAGTAAC	ENSG00000259818.1	0	300
AAGCCGTTGGAGTAAC	ENSG00000066557.6	3157	266
AAGCCGTTGGAGTAAC	ENSG00000272931.1	0	510
AAGCCGTTGGAGTAAC	ENSG00000137970.7	0	1187
AAGCCGTTGGAGTAAC	ENSG00000065135.12	34008	4153
AAGCCGTTGGAGTAAC	ENSG00000238198.2	0	600
AAGCCGTTGGAGTAAC	ENSG00000213281.5	0	1498
AAGCCGTTGGAGTAAC	ENSG00000286019.1	7945	277
AAGCCGTTGGAGTAAC	ENSG00000285651.1	0	300
AAGCCGTTGGAGTAAC	ENSG00000272654.1	0	382
AAGCCGTTGGAGTAAC	ENSG00000163344.6	23138	1060
AAGCCGTTGGAGTAAC	ENSG00000132718.9	0	1133
AAGCCGTTGGAGTAAC	ENSG00000132688.11	0	602
AAGCCGTTGGAGTAAC	ENSG00000237756.1	0	155
AAGCCGTTGGAGTAAC	ENSG00000162783.11	0	492
AAGCCGTTGGAGTAAC	ENSG00000143333.7	1452	278
AAGCCGTTGGAGTAAC	ENSG00000183155.5	0	274
AAGCCGTTGGAGTAAC	ENSG00000158615.9	0	577
AAGCCGTTGGAGTAAC	ENSG00000218283.2	0	797
AAGCCGTTGGAGTAAC	ENSG00000143751.10	646	4784
AAGCCGTTGGAGTAAC	ENSG00000181218.5	0	1388
AAGCCGTTGGAGTAAC	ENSG00000143653.10	28716	857
AAGCCGTTCAGATTCG	ENSG00000279457.4	8522	1042
AAGCCGTTCAGATTCG	ENSG00000225630.1	0	42585
AAGCCGTTCAGATTCG	ENSG00000272455.1	0	282
AAGCCGTTCAGATTCG	ENSG00000171612.7	28584	3761
AAGCCGTTCAGATTCG	ENSG00000241563.4	0	600
AAGCCGTTCAGATTCG	ENSG00000233954.6	0	278
AAGCCGTTCAGATTCG	ENSG00000288398.1	0	878
AAGCCGTTCAGATTCG	ENSG00000090432.7	13850	6829
AAGCCGTTCAGATTCG	ENSG00000175130.7	5944	2842
AAGCCGTTCAGATTCG	ENSG00000116863.11	19716	10178
AAGCCGTTCAGATTCG	ENSG00000286379.1	303	597
AAGCCGTTCAGATTCG	ENSG00000116981.4	0	2072
AAGCCGTTCAGATTCG	ENSG00000117000.9	0	300
TTGGAACCCCATCCAA	ENSG00000225630.1	0	20282
TTGGAACCCCATCCAA	ENSG00000176022.7	0	300
TTGGAACCCCATCCAA	ENSG00000286989.1	0	528
TTGGAACCCCATCCAA	ENSG00000288398.1	0	1778
TTGGAACCCCATCCAA	ENSG00000090432.7	10222	3550
TTGGAACCCCATCCAA	ENSG00000235112.1	107	73
TTGGAACCCCATCCAA	ENSG00000179163.12	2911	1800
TTGGAACCCCATCCAA	ENSG00000287244.1	0	278
TTGGAACCCCATCCAA	ENSG00000237329.2	0	596
TTGGAACCCCATCCAA	ENSG00000175130.7	0	878
TTGGAACCCCATCCAA	ENSG00000243749.1	1647	577
TTGGAACCCCATCCAA	ENSG00000286899.1	0	300
TTGGAACCCCATCCAA	ENSG00000116863.11	2851	2055
TTGGAACCCCATCCAA	ENSG00000163909.8	0	251
TTGGAACCCCATCCAA	ENSG00000169213.7	0	1778
TTGGAACCCCATCCAA	ENSG00000066557.6	51859	2866
TTGGAACCCCATCCAA	ENSG00000226084.5	0	423
TTGGAACCCCATCCAA	ENSG00000271576.1	0	1800
TTGGAACCCCATCCAA	ENSG00000143032.8	3812	600
TTGGAACCCCATCCAA	ENSG00000137970.7	0	3463
TTGGAACCCCATCCAA	ENSG00000065135.12	136263	10095
TTGGAACCCCATCCAA	ENSG00000235299.2	0	141
TTGGAACCCCATCCAA	ENSG00000213281.5	17954	5200
TTGGAACCCCATCCAA	ENSG00000183508.5	0	556
TTGGAACCCCATCCAA	ENSG00000225080.1	0	152
TTGGAACCCCATCCAA	ENSG00000286019.1	24315	298
TTGGAACCCCATCCAA	ENSG00000184260.6	0	1108
TTGGAACCCCATCCAA	ENSG00000261168.1	0	850
TCCAAGTCGAACCTGT	ENSG00000225630.1	0	26063
TCCAAGTCGAACCTGT	ENSG00000176022.7	0	278
TCCAAGTCGAACCTGT	ENSG00000288398.1	0	276
TCCAAGTCGAACCTGT	ENSG00000261135.1	0	205
TCCAAGTCGAACCTGT	ENSG00000090432.7	0	299
TCCAAGTCGAACCTGT	ENSG00000179163.12	5705	300
TCCAAGTCGAACCTGT	ENSG00000270605.1	0	600
TCCAAGTCGAACCTGT	ENSG00000130766.5	114	563
TCCAAGTCGAACCTGT	ENSG00000175130.7	1698	856
TCCAAGTCGAACCTGT	ENSG00000243749.1	3294	555
TCCAAGTCGAACCTGT	ENSG00000116863.11	0	265
TCCAAGTCGAACCTGT	ENSG00000117000.9	0	556
TCCAAGTCGAACCTGT	ENSG00000237424.1	0	858
TCCAAGTCGAACCTGT	ENSG00000228407.2	0	224
TCCAAGTCGAACCTGT	ENSG00000116704.8	0	278
TCCAAGTCGAACCTGT	ENSG00000066557.6	0	847
TCCAAGTCGAACCTGT	ENSG00000226084.5	0	245
TCCAAGTCGAACCTGT	ENSG00000228175.3	0	300
TCCAAGTCGAACCTGT	ENSG00000137970.7	0	1950
TCCAAGTCGAACCTGT	ENSG00000065135.12	63435	2821
TCCAAGTCGAACCTGT	ENSG00000213281.5	11411	1451
TCCAAGTCGAACCTGT	ENSG00000163344.6	7803	726
TCCAAGTCGAACCTGT	ENSG00000223356.1	0	138
TCCAAGTCGAACCTGT	ENSG00000272205.1	0	278
TCCAAGTCGAACCTGT	ENSG00000224837.1	0	300
TCCAAGTCGAACCTGT	ENSG00000162783.11	0	278
TCCAAGTCGAACCTGT	ENSG00000183155.5	0	277
TCCAAGTCGAACCTGT	ENSG00000218283.2	0	2113
TCCAAGTCGAACCTGT	ENSG00000181218.5	0	855
TCCAAGTCGAACCTGT	ENSG00000162851.8	42077	1806
TCCAAGTCGAACCTGT	ENSG00000259865.1	0	574
AAGCCGTTGAGAAGGA	ENSG00000225630.1	0	5013
AAGCCGTTGAGAAGGA	ENSG00000285812.1	138	418
AAGCCGTTGAGAAGGA	ENSG00000288398.1	0	300
AAGCCGTTGAGAAGGA	ENSG00000261135.1	0	300
AAGCCGTTGAGAAGGA	ENSG00000270605.1	0	300
AAGCCGTTGAGAAGGA	ENSG00000175130.7	0	300
AAGCCGTTGAGAAGGA	ENSG00000259943.1	0	300
AAGCCGTTGAGAAGGA	ENSG00000137970.7	0	257
AAGCCGTTGAGAAGGA	ENSG00000065135.12	82465	8075
AAGCCGTTGAGAAGGA	ENSG00000213281.5	0	599
AAGCCGTTGAGAAGGA	ENSG00000162783.11	0	278
AAGCCGTTGAGAAGGA	ENSG00000158615.9	0	299
AAGCCGTTGAGAAGGA	ENSG00000218283.2	0	257
AAGCCGTTGAGAAGGA	ENSG00000143751.10	4529	1429
AAGCCGTTGAGAAGGA	ENSG00000181218.5	0	298
AAGCCGTTGAGAAGGA	ENSG00000143653.10	53688	596
AAGCCGTTGAGAAGGA	ENSG00000259865.1	0	989
GGTCTCAACATGCTTC	ENSG00000279457.4	206	296
GGTCTCAACATGCTTC	ENSG00000225630.1	0	20201
GGTCTCAACATGCTTC	ENSG00000288398.1	0	556
GGTCTCAACATGCTTC	ENSG00000261135.1	0	270
GGTCTCAACATGCTTC	ENSG00000090432.7	4595	2100
GGTCTCAACATGCTTC	ENSG00000270605.1	0	277
GGTCTCAACATGCTTC	ENSG00000130766.5	1474	878
GGTCTCAACATGCTTC	ENSG00000175130.7	0	278
GGTCTCAACATGCTTC	ENSG00000273274.2	4031	300
GGTCTCAACATGCTTC	ENSG00000243749.1	4544	578
GGTCTCAACATGCTTC	ENSG00000116863.11	0	900
GGTCTCAACATGCTTC	ENSG00000286379.1	140	138
GGTCTCAACATGCTTC	ENSG00000117000.9	27418	277
GGTCTCAACATGCTTC	ENSG00000260920.2	0	941
GGTCTCAACATGCTTC	ENSG00000169213.7	0	300
GGTCTCAACATGCTTC	ENSG00000162396.6	0	268
GGTCTCAACATGCTTC	ENSG00000116704.8	21720	872
GGTCTCAACATGCTTC	ENSG00000066557.6	6374	3826
GGTCTCAACATGCTTC	ENSG00000226415.1	0	299
GGTCTCAACATGCTTC	ENSG00000226084.5	0	485
GGTCTCAACATGCTTC	ENSG00000137970.7	0	814
GGTCTCAACATGCTTC	ENSG00000244716.3	0	556
GGTCTCAACATGCTTC	ENSG00000065135.12	130252	7043
GGTCTCAACATGCTTC	ENSG00000213281.5	14055	5319
GGTCTCAACATGCTTC	ENSG00000183508.5	0	600
GGTCTCAACATGCTTC	ENSG00000223612.3	0	191
GGTCTCAACATGCTTC	ENSG00000184260.6	0	276
GGTCTCAACATGCTTC	ENSG00000163344.6	1088	278
GGTCTCAACATGCTTC	ENSG00000213080.3	0	300
GGTCTCAACATGCTTC	ENSG00000183155.5	0	855
GGTCTCAACATGCTTC	ENSG00000158615.9	0	3603
GGTCTCAACATGCTTC	ENSG00000174529.7	0	600
GGTCTCAACATGCTTC	ENSG00000218283.2	0	766
GGTCTCAACATGCTTC	ENSG00000143751.10	2854	1199
GGTCTCAACATGCTTC	ENSG00000181218.5	0	278
GGTCTCAACATGCTTC	ENSG00000116574.6	0	1156
GGTCTCAACATGCTTC	ENSG00000236863.2	0	294
TCCTTGCTCATGCTTC	ENSG00000225630.1	0	32075
TCCTTGCTCATGCTTC	ENSG00000272455.1	0	278
TCCTTGCTCATGCTTC	ENSG00000228594.4	0	301
TCCTTGCTCATGCTTC	ENSG00000231050.1	0	294
TCCTTGCTCATGCTTC	ENSG00000241563.4	20	610
TCCTTGCTCATGCTTC	ENSG00000237301.1	0	300
TCCTTGCTCATGCTTC	ENSG00000288398.1	0	848
TCCTTGCTCATGCTTC	ENSG00000261135.1	0	600
TCCTTGCTCATGCTTC	ENSG00000090432.7	30539	8130
TCCTTGCTCATGCTTC	ENSG00000179163.12	72508	3900
TCCTTGCTCATGCTTC	ENSG00000158246.8	0	278
TCCTTGCTCATGCTTC	ENSG00000228589.3	0	300
TCCTTGCTCATGCTTC	ENSG00000130766.5	0	294
TCCTTGCTCATGCTTC	ENSG00000175130.7	0	1753
TCCTTGCTCATGCTTC	ENSG00000243749.1	4148	2958
TCCTTGCTCATGCTTC	ENSG00000116863.11	7336	7473
TCCTTGCTCATGCTTC	ENSG00000231849.1	0	194
TCCTTGCTCATGCTTC	ENSG00000163909.8	0	300
TACCGATGCAATGGAC	ENSG00000279457.4	13132	496
TACCGATGCAATGGAC	ENSG00000225630.1	0	44296
TACCGATGCAATGGAC	ENSG00000286989.1	560	1404
TACCGATGCAATGGAC	ENSG00000288398.1	0	278
TACCGATGCAATGGAC	ENSG00000162482.5	1233	339
TACCGATGCAATGGAC	ENSG00000090432.7	22956	6783
TACCGATGCAATGGAC	ENSG00000179163.12	34388	2050
TACCGATGCAATGGAC	ENSG00000130766.5	2202	1416
TACCGATGCAATGGAC	ENSG00000175130.7	0	590
TACCGATGCAATGGAC	ENSG00000116863.11	4822	4186
TACCGATGCAATGGAC	ENSG00000116981.4	0	1112
TACCGATGCAATGGAC	ENSG00000259943.1	0	600
TACCGATGCAATGGAC	ENSG00000169213.7	0	300
TACCGATGCAATGGAC	ENSG00000066557.6	10885	2100
TACCGATGCAATGGAC	ENSG00000226415.1	0	240
TACCGATGCAATGGAC	ENSG00000226084.5	0	483
TACCGATGCAATGGAC	ENSG00000223896.2	0	854
TACCGATGCAATGGAC	ENSG00000137970.7	0	1327
TACCGATGCAATGGAC	ENSG00000065135.12	77719	5933
TACCGATGCAATGGAC	ENSG00000201028.1	0	53
TACCGATGCAATGGAC	ENSG00000213281.5	882	2990
TACCGATGCAATGGAC	ENSG00000215784.6	12312	599
TACCGATGCAATGGAC	ENSG00000177144.8	0	300
TACCGATGCAATGGAC	ENSG00000184260.6	0	555
TACCGATGCAATGGAC	ENSG00000236327.2	0	759
TACCGATGGAGGTTAG	ENSG00000225630.1	0	14297
TACCGATGGAGGTTAG	ENSG00000171612.7	9179	1780
TACCGATGGAGGTTAG	ENSG00000090432.7	0	278
TACCGATGGAGGTTAG	ENSG00000179163.12	5667	2655
TACCGATGGAGGTTAG	ENSG00000270605.1	0	1200
TACCGATGGAGGTTAG	ENSG00000279443.1	0	301
TACCGATGGAGGTTAG	ENSG00000175130.7	849	278
TACCGATGGAGGTTAG	ENSG00000116863.11	4424	2078
TACCGATGGAGGTTAG	ENSG00000162396.6	0	600
TACCGATGGAGGTTAG	ENSG00000066557.6	4960	600
TACCGATGGAGGTTAG	ENSG00000226084.5	0	207
TACCGATGGAGGTTAG	ENSG00000271576.1	0	600
TACCGATGGAGGTTAG	ENSG00000143032.8	0	278
TACCGATGGAGGTTAG	ENSG00000137970.7	0	1028
TACCGATGGAGGTTAG	ENSG00000244716.3	0	207
TACCGATGGAGGTTAG	ENSG00000065135.12	105064	6772
TACCGATGGAGGTTAG	ENSG00000238198.2	0	834
TACCGATGGAGGTTAG	ENSG00000213281.5	17164	3797
TACCGATGGAGGTTAG	ENSG00000183508.5	0	300
TACCGATGGAGGTTAG	ENSG00000215784.6	3942	1499
TACCGATGGAGGTTAG	ENSG00000236327.2	0	145
TACCGATGGAGGTTAG	ENSG00000163344.6	10525	506
TACCGATGGAGGTTAG	ENSG00000225711.1	0	329
TACCGATGGAGGTTAG	ENSG00000162783.11	0	278
TACCGATGGAGGTTAG	ENSG00000183155.5	0	300
TACCGATGGAGGTTAG	ENSG00000158615.9	0	1134
TACCGATGGAGGTTAG	ENSG00000143751.10	2263	1767
TACCGATGGAGGTTAG	ENSG00000143653.10	2298	555
TACCGATGGAGGTTAG	ENSG00000259865.1	0	1200
GGAGAGTTCATGCTTC	ENSG00000279457.4	6566	245
GGAGAGTTCATGCTTC	ENSG00000225972.1	0	536
GGAGAGTTCATGCTTC	ENSG00000225630.1	0	48939
GGAGAGTTCATGCTTC	ENSG00000228594.4	0	300
GGAGAGTTCATGCTTC	ENSG00000269978.1	0	248
GGAGAGTTCATGCTTC	ENSG00000171612.7	46412	581
GGAGAGTTCATGCTTC	ENSG00000233954.6	0	556
GGAGAGTTCATGCTTC	ENSG00000227959.1	0	261
GGAGAGTTCATGCTTC	ENSG00000224621.1	2074	703
GGAGAGTTCATGCTTC	ENSG00000288398.1	0	2102
GGAGAGTTCATGCTTC	ENSG00000090432.7	8989	3878
GGAGAGTTCATGCTTC	ENSG00000179163.12	24491	3298
GGAGAGTTCATGCTTC	ENSG00000284602.1	0	278
GGAGAGTTCATGCTTC	ENSG00000158246.8	0	574
GGAGAGTTCATGCTTC	ENSG00000228589.3	0	683
GGAGAGTTCATGCTTC	ENSG00000270605.1	0	1500
GGAGAGTTCATGCTTC	ENSG00000130766.5	180	120
GGAGAGTTCATGCTTC	ENSG00000175130.7	4	2007
GGAGAGTTCATGCTTC	ENSG00000273274.2	51853	5515
GGAGAGTTCATGCTTC	ENSG00000217644.5	0	300
GGAGAGTTCATGCTTC	ENSG00000243749.1	6191	2294
GGAGAGTTCATGCTTC	ENSG00000116863.11	3840	5382
GGAGAGTTCATGCTTC	ENSG00000163909.8	0	300
GGAGAGTTCATGCTTC	ENSG00000117000.9	6340	300
GGAGAGTTCATGCTTC	ENSG00000279667.1	0	843
GGAGAGTTCATGCTTC	ENSG00000237130.1	0	359
GGAGAGTTCATGCTTC	ENSG00000169213.7	78954	2656
GCATGTCTCCATCCAA	ENSG00000225630.1	0	25280
GCATGTCTCCATCCAA	ENSG00000285812.1	17757	835
GCATGTCTCCATCCAA	ENSG00000171612.7	32712	1390
GCATGTCTCCATCCAA	ENSG00000231789.2	12398	554
GCATGTCTCCATCCAA	ENSG00000234607.2	0	667
GCATGTCTCCATCCAA	ENSG00000288398.1	0	1616
GCATGTCTCCATCCAA	ENSG00000261135.1	0	235
GCATGTCTCCATCCAA	ENSG00000090432.7	11254	600
GCATGTCTCCATCCAA	ENSG00000179163.12	8467	300
GCATGTCTCCATCCAA	ENSG00000175130.7	0	856
GCATGTCTCCATCCAA	ENSG00000243749.1	1647	281
GCATGTCTCCATCCAA	ENSG00000236274.1	125	175
GCATGTCTCCATCCAA	ENSG00000116863.11	361	1478
GCATGTCTCCATCCAA	ENSG00000259943.1	0	600
GCATGTCTCCATCCAA	ENSG00000169213.7	0	256
GCATGTCTCCATCCAA	ENSG00000286429.1	0	600
GCATGTCTCCATCCAA	ENSG00000116704.8	24058	2067
GCATGTCTCCATCCAA	ENSG00000066557.6	25142	900
GCATGTCTCCATCCAA	ENSG00000223905.1	0	278
GCATGTCTCCATCCAA	ENSG00000226415.1	0	433
GCATGTCTCCATCCAA	ENSG00000137970.7	0	3283
GCATGTCTCCATCCAA	ENSG00000244716.3	0	206
GCATGTCTCCATCCAA	ENSG00000065135.12	132285	14103
GCATGTCTCCATCCAA	ENSG00000233337.1	0	284
GCATGTCTCCATCCAA	ENSG00000213281.5	53618	9222
GCATGTCTCCATCCAA	ENSG00000183508.5	0	1480
GCATGTCTCCATCCAA	ENSG00000274642.1	21171	195
AAGCCGTTGGCGTTAA	ENSG00000225630.1	0	19263
AAGCCGTTGGCGTTAA	ENSG00000272455.1	0	300
AAGCCGTTGGCGTTAA	ENSG00000288398.1	0	300
AAGCCGTTGGCGTTAA	ENSG00000186301.8	96	273
AAGCCGTTGGCGTTAA	ENSG00000090432.7	0	2098
AAGCCGTTGGCGTTAA	ENSG00000179163.12	218	300
AAGCCGTTGGCGTTAA	ENSG00000270605.1	0	598
AAGCCGTTGGCGTTAA	ENSG00000130766.5	9359	802
AAGCCGTTGGCGTTAA	ENSG00000175130.7	0	856
AAGCCGTTGGCGTTAA	ENSG00000116981.4	0	300
AAGCCGTTGGCGTTAA	ENSG00000117000.9	0	900
AAGCCGTTGGCGTTAA	ENSG00000260920.2	0	278
AAGCCGTTGGCGTTAA	ENSG00000237950.3	0	840
AAGCCGTTGGCGTTAA	ENSG00000228929.1	0	300
AAGCCGTTGGCGTTAA	ENSG00000116704.8	5855	897
AAGCCGTTGGCGTTAA	ENSG00000066557.6	12433	1200
AAGCCGTTGGCGTTAA	ENSG00000226415.1	0	243
AAGCCGTTGGCGTTAA	ENSG00000226084.5	0	238
AAGCCGTTGGCGTTAA	ENSG00000271576.1	0	288
AAGCCGTTGGCGTTAA	ENSG00000223896.2	0	300
AAGCCGTTGGCGTTAA	ENSG00000137970.7	0	1601
AAGCCGTTGGCGTTAA	ENSG00000065135.12	131964	6112
AAGCCGTTGGCGTTAA	ENSG00000238198.2	0	300
AAGCCGTTGGCGTTAA	ENSG00000213281.5	6142	2101
AAGCCGTTGGCGTTAA	ENSG00000277702.1	96	176
AAGCCGTTGGCGTTAA	ENSG00000215784.6	0	502
AAGCCGTTGGCGTTAA	ENSG00000177144.8	0	300
AAGCCGTTGGCGTTAA	ENSG00000228126.1	1710	800
AAGCCGTTGGCGTTAA	ENSG00000163344.6	6168	656
AAGCCGTTGGCGTTAA	ENSG00000227673.1	40	193
AAGCCGTTGGCGTTAA	ENSG00000132688.11	0	300
AAGCCGTTGGCGTTAA	ENSG00000224358.1	95	205
AAGCCGTTGGCGTTAA	ENSG00000162783.11	0	886
TGACCAAGCCATCCAA	ENSG00000225630.1	0	25016
TGACCAAGCCATCCAA	ENSG00000228594.4	0	535
TGACCAAGCCATCCAA	ENSG00000233954.6	0	851
TGACCAAGCCATCCAA	ENSG00000288398.1	0	300
TGACCAAGCCATCCAA	ENSG00000090432.7	2330	2279
TGACCAAGCCATCCAA	ENSG00000179163.12	29670	3281
TGACCAAGCCATCCAA	ENSG00000284657.1	0	300
TGACCAAGCCATCCAA	ENSG00000238084.4	0	178
TGACCAAGCCATCCAA	ENSG00000130766.5	11784	567
TGACCAAGCCATCCAA	ENSG00000279443.1	0	578
TGACCAAGCCATCCAA	ENSG00000237934.1	90	142
TGACCAAGCCATCCAA	ENSG00000175130.7	0	834
TGACCAAGCCATCCAA	ENSG00000243749.1	23176	3547
TGACCAAGCCATCCAA	ENSG00000236274.1	169	135
TGACCAAGCCATCCAA	ENSG00000116863.11	8830	2998
TGACCAAGCCATCCAA	ENSG00000117000.9	0	1778
TGACCAAGCCATCCAA	ENSG00000259943.1	0	300
TGACCAAGCCATCCAA	ENSG00000237424.1	0	300
TGACCAAGCCATCCAA	ENSG00000169213.7	0	599
TGACCAAGCCATCCAA	ENSG00000227935.1	109	200
TGACCAAGCCATCCAA	ENSG00000066557.6	26453	2818
TGACCAAGCCATCCAA	ENSG00000226084.5	0	248
TGACCAAGCCATCCAA	ENSG00000280099.1	0	517
TGACCAAGCCATCCAA	ENSG00000137970.7	0	1597
TGACCAAGCCATCCAA	ENSG00000065135.12	193271	8376
TGACCAAGCCATCCAA	ENSG00000259834.1	0	278
TGACCAAGCCATCCAA	ENSG00000201028.1	0	95
TCCAAGTCCCAATCCT	ENSG00000225630.1	0	64829
TCCAAGTCCCAATCCT	ENSG00000176022.7	0	278
TCCAAGTCCCAATCCT	ENSG00000171612.7	21425	379
TCCAAGTCCCAATCCT	ENSG00000231789.2	0	264
TCCAAGTCCCAATCCT	ENSG00000233954.6	0	537
TCCAAGTCCCAATCCT	ENSG00000261135.1	0	274
TCCAAGTCCCAATCCT	ENSG00000090432.7	6925	1967
TCCAAGTCCCAATCCT	ENSG00000235112.1	0	278
TCCAAGTCCCAATCCT	ENSG00000179163.12	3230	278
TCCAAGTCCCAATCCT	ENSG00000284602.1	0	277
TCCAAGTCCCAATCCT	ENSG00000270605.1	0	278
TCCAAGTCCCAATCCT	ENSG00000237934.1	111	95
TCCAAGTCCCAATCCT	ENSG00000237329.2	0	278
TCCAAGTCCCAATCCT	ENSG00000175130.7	1698	1896
TCCAAGTCCCAATCCT	ENSG00000243749.1	1647	300
TCCAAGTCCCAATCCT	ENSG00000116863.11	1821	1385
TCCAAGTCCCAATCCT	ENSG00000117000.9	27418	555
TCCAAGTCCCAATCCT	ENSG00000259943.1	0	834
TCCAAGTCCCAATCCT	ENSG00000237950.3	0	278
TCCAAGTCCCAATCCT	ENSG00000238140.1	0	278
TCCAAGTCCCAATCCT	ENSG00000169213.7	0	836
TCCAAGTCCCAATCCT	ENSG00000116704.8	13867	1266
TCCAAGTCCCAATCCT	ENSG00000066557.6	6827	278
TCCAAGTCCCAATCCT	ENSG00000226084.5	0	242
AAGCCGTTCAAGAGGT	ENSG00000279457.4	757	246
AAGCCGTTCAAGAGGT	ENSG00000225630.1	0	59344
AAGCCGTTCAAGAGGT	ENSG00000285812.1	642	252
AAGCCGTTCAAGAGGT	ENSG00000176022.7	0	1198
AAGCCGTTCAAGAGGT	ENSG00000223663.2	0	757
AAGCCGTTCAAGAGGT	ENSG00000270282.1	0	82
AAGCCGTTCAAGAGGT	ENSG00000171612.7	4128	600
AAGCCGTTCAAGAGGT	ENSG00000231789.2	8	570
AAGCCGTTCAAGAGGT	ENSG00000235643.2	4	576
AAGCCGTTCAAGAGGT	ENSG00000233954.6	0	812
AAGCCGTTCAAGAGGT	ENSG00000288398.1	0	3871
AAGCCGTTCAAGAGGT	ENSG00000261135.1	0	573
AAGCCGTTCAAGAGGT	ENSG00000090432.7	14682	16119
AAGCCGTTCAAGAGGT	ENSG00000235112.1	261	310
AAGCCGTTCAAGAGGT	ENSG00000179163.12	117927	7247
CAACCTCACGATACTG	ENSG00000279457.4	336	448
CAACCTCACGATACTG	ENSG00000225630.1	0	30691
CAACCTCACGATACTG	ENSG00000285812.1	107	193
CAACCTCACGATACTG	ENSG00000171612.7	2896	300
CAACCTCACGATACTG	ENSG00000288398.1	0	1178
CAACCTCACGATACTG	ENSG00000090432.7	4595	1155
CAACCTCACGATACTG	ENSG00000179163.12	16331	1793
CAACCTCACGATACTG	ENSG00000225159.1	0	267
CAACCTCACGATACTG	ENSG00000228589.3	0	905
CAACCTCACGATACTG	ENSG00000175130.7	1698	556
CAACCTCACGATACTG	ENSG00000243749.1	0	3800
CAACCTCACGATACTG	ENSG00000286899.1	0	578
CAACCTCACGATACTG	ENSG00000116863.11	7670	3300
CAACCTCACGATACTG	ENSG00000163909.8	0	1203
CAACCTCACGATACTG	ENSG00000117000.9	0	1200
CAACCTCACGATACTG	ENSG00000259943.1	0	600
CAACCTCACGATACTG	ENSG00000260920.2	0	314
CAACCTCACGATACTG	ENSG00000237424.1	0	278
CAACCTCACGATACTG	ENSG00000169213.7	0	1200
CAACCTCACGATACTG	ENSG00000116704.8	60963	2089
CAACCTCACGATACTG	ENSG00000066557.6	15744	2501
CAACCTCACGATACTG	ENSG00000223905.1	0	224
CAACCTCACGATACTG	ENSG00000226415.1	0	276
CAACCTCACGATACTG	ENSG00000280099.1	0	278
TCCAAGTCCGAATTGG	ENSG00000279457.4	757	264
TCCAAGTCCGAATTGG	ENSG00000225630.1	0	58543
TCCAAGTCCGAATTGG	ENSG00000177757.2	0	300
TCCAAGTCCGAATTGG	ENSG00000176022.7	0	578
TCCAAGTCCGAATTGG	ENSG00000200344.1	0	70
TCCAAGTCCGAATTGG	ENSG00000171612.7	0	565
TCCAAGTCCGAATTGG	ENSG00000283611.2	134	42
TCCAAGTCCGAATTGG	ENSG00000233954.6	0	1065
TCCAAGTCCGAATTGG	ENSG00000288398.1	0	4776
TCCAAGTCCGAATTGG	ENSG00000179023.9	0	278
TCCAAGTCCGAATTGG	ENSG00000090432.7	20710	6446
TCCAAGTCCGAATTGG	ENSG00000179163.12	52001	5959
TCCAAGTCCGAATTGG	ENSG00000284602.1	0	218
TCCAAGTCCGAATTGG	ENSG00000270605.1	0	2345
TCCAAGTCCGAATTGG	ENSG00000130766.5	2140	2099
TCCAAGTCCGAATTGG	ENSG00000175130.7	849	2897
TCCAAGTCCGAATTGG	ENSG00000273274.2	0	900
TCCAAGTCCGAATTGG	ENSG00000116863.11	5493	4601
AAGAGACGCAATGGAC	ENSG00000279457.4	19844	1171
AAGAGACGCAATGGAC	ENSG00000225630.1	0	35768
AAGAGACGCAATGGAC	ENSG00000198744.5	0	504
AAGAGACGCAATGGAC	ENSG00000233954.6	0	278
AAGAGACGCAATGGAC	ENSG00000090432.7	5043	7198
AAGAGACGCAATGGAC	ENSG00000179163.12	141927	9784
AAGAGACGCAATGGAC	ENSG00000175130.7	0	300
AAGAGACGCAATGGAC	ENSG00000243749.1	5794	585
AAGAGACGCAATGGAC	ENSG00000116863.11	15467	9260
AAGAGACGCAATGGAC	ENSG00000117000.9	23614	5395
AAGAGACGCAATGGAC	ENSG00000234694.1	208	193
AAGAGACGGAGGTTAG	ENSG00000279457.4	1524	779
AAGAGACGGAGGTTAG	ENSG00000225630.1	0	102838
AAGAGACGGAGGTTAG	ENSG00000288398.1	0	590
AAGAGACGGAGGTTAG	ENSG00000090432.7	23806	3208
AAGAGACGGAGGTTAG	ENSG00000179163.12	43142	2338
AAGAGACGGAGGTTAG	ENSG00000270605.1	0	554
AAGAGACGGAGGTTAG	ENSG00000130766.5	2837	300
AAGAGACGGAGGTTAG	ENSG00000175130.7	849	3533
AAGAGACGGAGGTTAG	ENSG00000243749.1	4147	578
AAGAGACGGAGGTTAG	ENSG00000116863.11	4275	1756
AAGAGACGGAGGTTAG	ENSG00000186564.6	0	276
AAGAGACGGAGGTTAG	ENSG00000162396.6	0	600
AAGAGACGGAGGTTAG	ENSG00000116704.8	0	556
AAGAGACGGAGGTTAG	ENSG00000234264.1	32553	577
AAGAGACGGAGGTTAG	ENSG00000066557.6	18658	2330
AAGAGACGGAGGTTAG	ENSG00000226084.5	0	240
AAGAGACGGAGGTTAG	ENSG00000137970.7	0	2870
AAGAGACGGAGGTTAG	ENSG00000251484.3	48	228
AAGAGACGGAGGTTAG	ENSG00000065135.12	214261	11188
AAGAGACGGAGGTTAG	ENSG00000261654.1	0	900
TCCAAGTCCCACATAG	ENSG00000279457.4	7461	731
TCCAAGTCCCACATAG	ENSG00000225630.1	0	37876
TCCAAGTCCCACATAG	ENSG00000198744.5	0	247
TCCAAGTCCCACATAG	ENSG00000272512.1	0	294
TCCAAGTCCCACATAG	ENSG00000228594.4	0	590
TCCAAGTCCCACATAG	ENSG00000090432.7	36668	3796
TCCAAGTCCCACATAG	ENSG00000179163.12	20988	2257
TCCAAGTCCCACATAG	ENSG00000284602.1	0	277
TCCAAGTCCCACATAG	ENSG00000175130.7	0	2546
TCCAAGTCCCACATAG	ENSG00000243749.1	1365	463
TCCAAGTCCCACATAG	ENSG00000116863.11	5839	4478
TCCAAGTCCCACATAG	ENSG00000117000.9	0	900
TCCAAGTCCCACATAG	ENSG00000066557.6	164620	9459
TCCAAGTCCCACATAG	ENSG00000226415.1	0	436
TCCAAGTCCCACATAG	ENSG00000226084.5	0	246
TCCAAGTCCCACATAG	ENSG00000225505.1	0	171
TCCAAGTCCCACATAG	ENSG00000137970.7	0	1814
TCCAAGTCCCACATAG	ENSG00000065135.12	139578	11745
TCCAAGTCCCACATAG	ENSG00000213281.5	22665	4388
TCCAAGTCCCACATAG	ENSG00000277702.1	0	160
CAACCTCACAATGGAC	ENSG00000279457.4	1900	782
CAACCTCACAATGGAC	ENSG00000225630.1	0	21587
CAACCTCACAATGGAC	ENSG00000176022.7	0	284
CAACCTCACAATGGAC	ENSG00000288398.1	0	1500
CAACCTCACAATGGAC	ENSG00000090432.7	0	1200
CAACCTCACAATGGAC	ENSG00000179163.12	5455	300
CAACCTCACAATGGAC	ENSG00000228589.3	0	142
CAACCTCACAATGGAC	ENSG00000130766.5	5555	557
CAACCTCACAATGGAC	ENSG00000175130.7	0	278
CAACCTCACAATGGAC	ENSG00000243749.1	0	582
CAACCTCACAATGGAC	ENSG00000286899.1	0	577
CAACCTCACAATGGAC	ENSG00000116863.11	3637	1752
CAACCTCACAATGGAC	ENSG00000117000.9	0	1756
CAACCTCACAATGGAC	ENSG00000260920.2	0	600
CAACCTCACAATGGAC	ENSG00000066557.6	230047	8095
CAACCTCACAATGGAC	ENSG00000226084.5	0	242
CAACCTCACAATGGAC	ENSG00000223896.2	0	3762
CAACCTCACAATGGAC	ENSG00000137970.7	0	2346
GGTCTCAACCAATCCT	ENSG00000279457.4	799	297
GGTCTCAACCAATCCT	ENSG00000225630.1	0	28548
GGTCTCAACCAATCCT	ENSG00000272455.1	0	278
GGTCTCAACCAATCCT	ENSG00000286989.1	455	380
GGTCTCAACCAATCCT	ENSG00000238260.1	769	938
GGTCTCAACCAATCCT	ENSG00000171612.7	26120	862
GGTCTCAACCAATCCT	ENSG00000233954.6	0	278
GGTCTCAACCAATCCT	ENSG00000158748.4	0	300
GGTCTCAACCAATCCT	ENSG00000090432.7	6925	1178
GGTCTCAACCAATCCT	ENSG00000179163.12	5386	600
GGTCTCAACCAATCCT	ENSG00000270605.1	0	300
GGTCTCAACCAATCCT	ENSG00000175130.7	849	577
GGTCTCAACCAATCCT	ENSG00000243749.1	3294	832
GGTCTCAACCAATCCT	ENSG00000116863.11	0	1200
GGTCTCAACCAATCCT	ENSG00000116981.4	0	300
GGTCTCAACCAATCCT	ENSG00000259943.1	0	1768
GGTCTCAACCAATCCT	ENSG00000237424.1	0	900
GGTCTCAACCAATCCT	ENSG00000066557.6	57868	2698
GGTCTCAACCAATCCT	ENSG00000226415.1	0	244
GGTCTCAACCAATCCT	ENSG00000230498.3	0	300
GGTCTCAACCAATCCT	ENSG00000271576.1	0	577
GGTCTCAACCAATCCT	ENSG00000280099.1	0	1457
GGTCTCAACCAATCCT	ENSG00000286758.1	9	288
GGTCTCAACCAATCCT	ENSG00000223896.2	0	854
GGTCTCAACCAATCCT	ENSG00000137970.7	0	1649
GGTCTCAACCAATCCT	ENSG00000065135.12	99807	11766
GGTCTCAACCAATCCT	ENSG00000238198.2	0	295
GGTCTCAACCAATCCT	ENSG00000213281.5	7663	3574
GGTCTCAACCAATCCT	ENSG00000215784.6	5929	278
GGTCTCAACCAATCCT	ENSG00000287978.1	446	1406
CAACCTCAGAGGTTAG	ENSG00000225630.1	0	9734
CAACCTCAGAGGTTAG	ENSG00000270035.1	0	220
CAACCTCAGAGGTTAG	ENSG00000171612.7	49395	900
CAACCTCAGAGGTTAG	ENSG00000287756.1	0	900
CAACCTCAGAGGTTAG	ENSG00000206652.1	0	272
CAACCTCAGAGGTTAG	ENSG00000090432.7	6925	1144
CAACCTCAGAGGTTAG	ENSG00000179163.12	2693	300
CAACCTCAGAGGTTAG	ENSG00000158246.8	0	578
CAACCTCAGAGGTTAG	ENSG00000237329.2	0	157
CAACCTCAGAGGTTAG	ENSG00000175130.7	0	300
CAACCTCAGAGGTTAG	ENSG00000243749.1	9088	1726
CAACCTCAGAGGTTAG	ENSG00000286899.1	30	525
CAACCTCAGAGGTTAG	ENSG00000116863.11	2455	299
CAACCTCAGAGGTTAG	ENSG00000117000.9	0	598
CAACCTCAGAGGTTAG	ENSG00000237424.1	0	278
CAACCTCAGAGGTTAG	ENSG00000116704.8	0	612
CAACCTCAGAGGTTAG	ENSG00000066557.6	60085	2664
CAACCTCAGAGGTTAG	ENSG00000219201.4	0	681
CAACCTCAGAGGTTAG	ENSG00000137970.7	0	772
CAACCTCAGAGGTTAG	ENSG00000065135.12	84243	4676
CAACCTCAGAGGTTAG	ENSG00000213281.5	10451	1749
CAACCTCAGAGGTTAG	ENSG00000143067.5	0	300
CAACCTCAGAGGTTAG	ENSG00000272654.1	0	600
CAACCTCAGAGGTTAG	ENSG00000163344.6	5263	277
CAACCTCAGAGGTTAG	ENSG00000143333.7	1318	554
CAACCTCAGAGGTTAG	ENSG00000183155.5	0	278
CAACCTCAGAGGTTAG	ENSG00000158615.9	0	1483
CAACCTCAGAGGTTAG	ENSG00000271580.1	0	197
CAACCTCAGAGGTTAG	ENSG00000218283.2	0	792
CAACCTCAGAGGTTAG	ENSG00000143751.10	8140	1433
CAACCTCAGAGGTTAG	ENSG00000181218.5	0	300
CAACCTCAGAGGTTAG	ENSG00000162851.8	0	313
CAACCTCAGAGGTTAG	ENSG00000143653.10	8332	567
CAACCTCAGAGGTTAG	ENSG00000259865.1	0	845
GGAGAGTTCCACATAG	ENSG00000279457.4	7678	655
GGAGAGTTCCACATAG	ENSG00000225630.1	0	29827
GGAGAGTTCCACATAG	ENSG00000176022.7	0	278
GGAGAGTTCCACATAG	ENSG00000171612.7	5792	556
GGAGAGTTCCACATAG	ENSG00000288398.1	0	278
GGAGAGTTCCACATAG	ENSG00000090432.7	0	600
GGAGAGTTCCACATAG	ENSG00000179163.12	22081	1479
GGAGAGTTCCACATAG	ENSG00000270605.1	0	299
GGAGAGTTCCACATAG	ENSG00000279443.1	0	189
GGAGAGTTCCACATAG	ENSG00000175130.7	0	2612
GGAGAGTTCCACATAG	ENSG00000243749.1	3294	600
GGAGAGTTCCACATAG	ENSG00000116863.11	3211	1200
GGAGAGTTCCACATAG	ENSG00000116981.4	0	600
GGAGAGTTCCACATAG	ENSG00000117000.9	1562	577
GGAGAGTTCCACATAG	ENSG00000226084.5	0	242
GGAGAGTTCCACATAG	ENSG00000280099.1	0	900
GGAGAGTTCCACATAG	ENSG00000137970.7	0	1669
GGAGAGTTCCACATAG	ENSG00000065135.12	354640	16320
GGAGAGTTCCACATAG	ENSG00000213281.5	19191	3762
GGAGAGTTCCACATAG	ENSG00000143067.5	0	598
GGAGAGTTCCACATAG	ENSG00000287190.1	0	278
GGAGAGTTCCACATAG	ENSG00000177144.8	0	900
GGAGAGTTCCACATAG	ENSG00000163344.6	9796	878
TCCTTGCTCCAATCCT	ENSG00000279457.4	12960	609
TCCTTGCTCCAATCCT	ENSG00000225630.1	0	36463
TCCTTGCTCCAATCCT	ENSG00000171612.7	12166	1605
TCCTTGCTCCAATCCT	ENSG00000231789.2	0	259
TCCTTGCTCCAATCCT	ENSG00000241563.4	0	162
TCCTTGCTCCAATCCT	ENSG00000288398.1	0	816
TCCTTGCTCCAATCCT	ENSG00000090432.7	13585	2329
TCCTTGCTCCAATCCT	ENSG00000179163.12	58482	3812
TCCTTGCTCCAATCCT	ENSG00000271398.1	0	51
TCCTTGCTCCAATCCT	ENSG00000237934.1	40	260
TCCTTGCTCCAATCCT	ENSG00000175130.7	0	1990
TCCTTGCTCCAATCCT	ENSG00000273274.2	0	556
TCCTTGCTCCAATCCT	ENSG00000243749.1	230	326
TCCTTGCTCCAATCCT	ENSG00000236274.1	145	133
TCCTTGCTCCAATCCT	ENSG00000116863.11	3307	1199
TCCTTGCTCCAATCCT	ENSG00000117000.9	0	2097
TCCTTGCTCCAATCCT	ENSG00000259943.1	0	900
TCCTTGCTCCAATCCT	ENSG00000142959.5	272	606
TCCTTGCTCCAATCCT	ENSG00000228407.2	0	179
TCCTTGCTCCAATCCT	ENSG00000162396.6	0	300
TCCTTGCTCCAATCCT	ENSG00000066557.6	35879	2496
TCCTTGCTCCAATCCT	ENSG00000226084.5	0	240
TCCTTGCTCCAATCCT	ENSG00000280099.1	0	1198
TCCTTGCTCCAATCCT	ENSG00000223896.2	0	300
GGAGAGTTCGAATTGG	ENSG00000279457.4	799	290
GGAGAGTTCGAATTGG	ENSG00000225630.1	0	35262
GGAGAGTTCGAATTGG	ENSG00000272438.1	289	156
GGAGAGTTCGAATTGG	ENSG00000176022.7	0	228
GGAGAGTTCGAATTGG	ENSG00000269978.1	0	93
GGAGAGTTCGAATTGG	ENSG00000090432.7	18445	3600
GGAGAGTTCGAATTGG	ENSG00000179163.12	64343	6507
GGAGAGTTCGAATTGG	ENSG00000230228.2	0	537
GGAGAGTTCGAATTGG	ENSG00000228589.3	0	801
GGAGAGTTCGAATTGG	ENSG00000175130.7	0	2998
GGAGAGTTCGAATTGG	ENSG00000243749.1	8691	1500
GGAGAGTTCGAATTGG	ENSG00000116863.11	10649	5849
GGAGAGTTCGAATTGG	ENSG00000116981.4	12576	4926
GGAGAGTTCGAATTGG	ENSG00000117000.9	0	1500
GGAGAGTTCGAATTGG	ENSG00000259943.1	0	300
AAGCCGTTGGCCTATA	ENSG00000225630.1	0	46110
AAGCCGTTGGCCTATA	ENSG00000228594.4	0	556
AAGCCGTTGGCCTATA	ENSG00000171612.7	23184	856
AAGCCGTTGGCCTATA	ENSG00000233954.6	0	552
AAGCCGTTGGCCTATA	ENSG00000288398.1	0	300
AAGCCGTTGGCCTATA	ENSG00000158748.4	0	300
AAGCCGTTGGCCTATA	ENSG00000090432.7	6659	1199
AAGCCGTTGGCCTATA	ENSG00000179163.12	8142	547
AAGCCGTTGGCCTATA	ENSG00000130766.5	0	600
AAGCCGTTGGCCTATA	ENSG00000175130.7	0	578
AAGCCGTTGGCCTATA	ENSG00000243749.1	132	568
AAGCCGTTGGCCTATA	ENSG00000116863.11	3585	1201
AAGCCGTTGGCCTATA	ENSG00000163909.8	0	300
AAGCCGTTGGCCTATA	ENSG00000260920.2	0	2097
AAGCCGTTGGCCTATA	ENSG00000162396.6	0	300
AAGCCGTTGGCCTATA	ENSG00000233877.2	0	233
AAGCCGTTGGCCTATA	ENSG00000066557.6	43695	6835
AAGCCGTTGGCCTATA	ENSG00000271576.1	0	556
AAGCCGTTGGCCTATA	ENSG00000137970.7	0	1000
AAGCCGTTGGCCTATA	ENSG00000065135.12	115227	3547
AAGCCGTTGGCCTATA	ENSG00000213281.5	480	278
AAGCCGTTGGCCTATA	ENSG00000272755.1	0	245
AAGCCGTTGGCCTATA	ENSG00000272654.1	0	276
AAGCCGTTGGCCTATA	ENSG00000163344.6	12066	1154
AAGCCGTTGGCCTATA	ENSG00000132718.9	0	1165
AAGCCGTTGGCCTATA	ENSG00000173110.8	0	300
AAGCCGTTGGCCTATA	ENSG00000143333.7	1452	1155
AAGCCGTTGGCCTATA	ENSG00000183155.5	0	854
AAGCCGTTGGCCTATA	ENSG00000158615.9	0	600
AAGCCGTTGGCCTATA	ENSG00000218283.2	0	488
AAGCCGTTGGCCTATA	ENSG00000162817.7	0	600
GGAGAGTTCCAATCCT	ENSG00000279457.4	15678	1956
GGAGAGTTCCAATCCT	ENSG00000225630.1	0	21218
GGAGAGTTCCAATCCT	ENSG00000198744.5	0	228
GGAGAGTTCCAATCCT	ENSG00000176022.7	0	278
GGAGAGTTCCAATCCT	ENSG00000228594.4	0	600
GGAGAGTTCCAATCCT	ENSG00000171612.7	0	300
GGAGAGTTCCAATCCT	ENSG00000241563.4	0	600
GGAGAGTTCCAATCCT	ENSG00000090432.7	17149	3504
GGAGAGTTCCAATCCT	ENSG00000179163.12	68111	3875
GGAGAGTTCCAATCCT	ENSG00000228589.3	0	258
GGAGAGTTCCAATCCT	ENSG00000130766.5	531	559
GGAGAGTTCCAATCCT	ENSG00000175130.7	1698	2629
GGAGAGTTCCAATCCT	ENSG00000273274.2	14753	1309
GGAGAGTTCCAATCCT	ENSG00000243749.1	1647	277
GGAGAGTTCCAATCCT	ENSG00000286899.1	0	865
GGAGAGTTCCAATCCT	ENSG00000116863.11	10606	3528
GGAGAGTTCCAATCCT	ENSG00000116981.4	0	1800
GGAGAGTTCCAATCCT	ENSG00000117000.9	0	4199
GGAGAGTTCCAATCCT	ENSG00000259943.1	0	600
GGAGAGTTCCAATCCT	ENSG00000142959.5	87	213
GGAGAGTTCCAATCCT	ENSG00000186564.6	0	300
GGAGAGTTCCAATCCT	ENSG00000228407.2	0	183
GGAGAGTTCCAATCCT	ENSG00000225632.1	0	300
GGAGAGTTCCAATCCT	ENSG00000162396.6	5270	277
GGAGAGTTCCAATCCT	ENSG00000116704.8	0	851
GGAGAGTTCCAATCCT	ENSG00000066557.6	117865	6497
GGTCTCAACCACATAG	ENSG00000225630.1	0	11206
GGTCTCAACCACATAG	ENSG00000171612.7	0	300
GGTCTCAACCACATAG	ENSG00000284602.1	0	300
GGTCTCAACCACATAG	ENSG00000175130.7	0	576
GGTCTCAACCACATAG	ENSG00000116863.11	1312	600
GGTCTCAACCACATAG	ENSG00000261798.1	0	568
GGTCTCAACCACATAG	ENSG00000259943.1	0	555
GGTCTCAACCACATAG	ENSG00000116704.8	0	764
GGTCTCAACCACATAG	ENSG00000066557.6	6203	906
GGTCTCAACCACATAG	ENSG00000223896.2	0	600
GGTCTCAACCACATAG	ENSG00000137970.7	0	784
GGTCTCAACCACATAG	ENSG00000065135.12	130391	3500
GGTCTCAACCACATAG	ENSG00000213281.5	2551	556
GGTCTCAACCACATAG	ENSG00000163344.6	2540	247
GGTCTCAACCACATAG	ENSG00000236675.1	92	249
GGTCTCAACCACATAG	ENSG00000288670.1	23	277
GGTCTCAACCACATAG	ENSG00000218283.2	0	281
GGTCTCAACCACATAG	ENSG00000143751.10	7106	1477
GGTCTCAACCACATAG	ENSG00000116574.6	0	278
GGTCTCAACCACATAG	ENSG00000162851.8	16736	600
TCCTTGCTCGAATTGG	ENSG00000279457.4	7117	480
TCCTTGCTCGAATTGG	ENSG00000225630.1	0	46688
TCCTTGCTCGAATTGG	ENSG00000176022.7	0	578
TCCTTGCTCGAATTGG	ENSG00000272455.1	0	1756
TCCTTGCTCGAATTGG	ENSG00000228594.4	0	600
TCCTTGCTCGAATTGG	ENSG00000171612.7	104804	3146
TCCTTGCTCGAATTGG	ENSG00000233954.6	0	556
TCCTTGCTCGAATTGG	ENSG00000288398.1	0	578
TCCTTGCTCGAATTGG	ENSG00000090432.7	41351	17546
TCCTTGCTCGAATTGG	ENSG00000179163.12	22353	1800
TCCTTGCTCGAATTGG	ENSG00000130766.5	14997	2700
TCCTTGCTCGAATTGG	ENSG00000279443.1	0	1761
TCCTTGCTCGAATTGG	ENSG00000237934.1	222	190
TCCTTGCTCCACATAG	ENSG00000279457.4	1894	1042
TCCTTGCTCCACATAG	ENSG00000225630.1	0	21505
TCCTTGCTCCACATAG	ENSG00000176022.7	0	300
TCCTTGCTCCACATAG	ENSG00000272455.1	0	300
TCCTTGCTCCACATAG	ENSG00000288398.1	0	600
TCCTTGCTCCACATAG	ENSG00000090432.7	5893	578
TCCTTGCTCCACATAG	ENSG00000235052.1	150	150
TCCTTGCTCCACATAG	ENSG00000179163.12	10432	1800
TCCTTGCTCCACATAG	ENSG00000188822.8	0	300
TCCTTGCTCCACATAG	ENSG00000175130.7	0	2056
TCCTTGCTCCACATAG	ENSG00000243749.1	0	300
TCCTTGCTCCACATAG	ENSG00000116863.11	10828	4800
TCCTTGCTCCACATAG	ENSG00000117000.9	0	278
TCCTTGCTCCACATAG	ENSG00000142959.5	81	519
TCCTTGCTCCACATAG	ENSG00000169213.7	0	885
TCCTTGCTCCACATAG	ENSG00000162396.6	0	1199
GGTCTCAACGAATTGG	ENSG00000279457.4	6775	933
GGTCTCAACGAATTGG	ENSG00000225630.1	0	32492
GGTCTCAACGAATTGG	ENSG00000176022.7	0	579
GGTCTCAACGAATTGG	ENSG00000233954.6	0	269
GGTCTCAACGAATTGG	ENSG00000288398.1	0	278
GGTCTCAACGAATTGG	ENSG00000090432.7	28135	2678
GGTCTCAACGAATTGG	ENSG00000235112.1	111	167
GGTCTCAACGAATTGG	ENSG00000179163.12	78503	4104
GGTCTCAACGAATTGG	ENSG00000181773.7	0	582
GGTCTCAACGAATTGG	ENSG00000130766.5	1474	600
GGTCTCAACGAATTGG	ENSG00000231468.2	0	442
GGTCTCAACGAATTGG	ENSG00000175130.7	0	1444
GGTCTCAACGAATTGG	ENSG00000243749.1	1647	816
GGTCTCAACGAATTGG	ENSG00000286899.1	0	300
GGTCTCAACGAATTGG	ENSG00000116863.11	0	600
GGTCTCAACGAATTGG	ENSG00000163909.8	0	600
GGTCTCAACGAATTGG	ENSG00000117000.9	6647	578
GGTCTCAACGAATTGG	ENSG00000237424.1	0	900
GGTCTCAACGAATTGG	ENSG00000169213.7	0	574
GGTCTCAACGAATTGG	ENSG00000116704.8	0	299
GGTCTCAACGAATTGG	ENSG00000066557.6	0	300
GGTCTCAACGAATTGG	ENSG00000226415.1	0	542
GGTCTCAACGAATTGG	ENSG00000223896.2	0	1800
GGTCTCAACGAATTGG	ENSG00000228502.1	0	126
GGTCTCAACGAATTGG	ENSG00000137970.7	0	1043
GGTCTCAACGAATTGG	ENSG00000065135.12	77235	7360
AAGAGACGCGATACTG	ENSG00000279457.4	172	254
AAGAGACGCGATACTG	ENSG00000225630.1	0	35584
AAGAGACGCGATACTG	ENSG00000198744.5	0	233
AAGAGACGCGATACTG	ENSG00000228594.4	0	556
AAGAGACGCGATACTG	ENSG00000287756.1	0	278
AAGAGACGCGATACTG	ENSG00000233954.6	0	548
AAGAGACGCGATACTG	ENSG00000158748.4	0	1200
AAGAGACGCGATACTG	ENSG00000090432.7	5627	5096
AAGAGACGCGATACTG	ENSG00000179163.12	2475	300
AAGAGACGCGATACTG	ENSG00000271398.1	0	28
AAGAGACGCGATACTG	ENSG00000130766.5	4747	556
AAGAGACGCGATACTG	ENSG00000175130.7	849	2910
AAGAGACGCGATACTG	ENSG00000273274.2	0	300
AAGAGACGCGATACTG	ENSG00000243749.1	3294	900
AAGAGACGCGATACTG	ENSG00000116863.11	8968	3570
AAGAGACGCGATACTG	ENSG00000116981.4	0	1141
AAGAGACGCGATACTG	ENSG00000117000.9	0	600
AAGAGACGCGATACTG	ENSG00000259943.1	0	300
AAGAGACGCGATACTG	ENSG00000233514.1	0	256
AAGAGACGCGATACTG	ENSG00000169213.7	0	878
AAGAGACGCGATACTG	ENSG00000116704.8	21720	900
AAGAGACGCGATACTG	ENSG00000066557.6	40498	3277
AAGAGACGCGATACTG	ENSG00000226084.5	0	967
AAGAGACGCGATACTG	ENSG00000271576.1	0	277
AAGAGACGCGATACTG	ENSG00000228175.3	0	263
AAGAGACGCCATCCAA	ENSG00000225630.1	0	19030
AAGAGACGCCATCCAA	ENSG00000176022.7	0	300
AAGAGACGCCATCCAA	ENSG00000171612.7	0	515
AAGAGACGCCATCCAA	ENSG00000090432.7	4595	879
AAGAGACGCCATCCAA	ENSG00000179546.5	0	600
AAGAGACGCCATCCAA	ENSG00000179163.12	53527	2678
AAGAGACGCCATCCAA	ENSG00000270605.1	0	575
AAGAGACGCCATCCAA	ENSG00000130766.5	531	278
AAGAGACGCCATCCAA	ENSG00000175130.7	0	578
AAGAGACGCCATCCAA	ENSG00000286899.1	0	288
AAGAGACGCCATCCAA	ENSG00000117000.9	126246	4213
AAGAGACGCCATCCAA	ENSG00000169213.7	0	600
AAGAGACGCCATCCAA	ENSG00000235545.1	0	297
AAGAGACGCCATCCAA	ENSG00000116704.8	0	277
AAGAGACGCCATCCAA	ENSG00000066557.6	12376	3115
AAGAGACGCCATCCAA	ENSG00000271576.1	0	1775
AAGAGACGCCATCCAA	ENSG00000280099.1	0	221
AAGAGACGCCATCCAA	ENSG00000137970.7	0	1568
AAGAGACGCCATCCAA	ENSG00000065135.12	148586	10936
AAGAGACGCCATCCAA	ENSG00000213281.5	7063	1167
AAGAGACGCCATCCAA	ENSG00000143067.5	0	300
AAGAGACGCCATCCAA	ENSG00000215784.6	0	278
AAGAGACGCCATCCAA	ENSG00000184678.10	0	300
AAGAGACGCCATCCAA	ENSG00000236675.1	142	250
GGAGAGTTGGCGTTAA	ENSG00000225630.1	0	3355
GGAGAGTTGGCGTTAA	ENSG00000171612.7	9528	300
GGAGAGTTGGCGTTAA	ENSG00000233954.6	0	252
GGAGAGTTGGCGTTAA	ENSG00000226084.5	0	223
GGAGAGTTGGCGTTAA	ENSG00000137970.7	0	770
GGAGAGTTGGCGTTAA	ENSG00000213281.5	0	301
GGAGAGTTGGCGTTAA	ENSG00000163344.6	2540	277
GGAGAGTTGGCGTTAA	ENSG00000143653.10	14906	299
GGAGAGTTGGCGTTAA	ENSG00000162722.9	0	600
GGAGAGTTCAAGAGGT	ENSG00000279457.4	6743	508
GGAGAGTTCAAGAGGT	ENSG00000225630.1	0	44245
GGAGAGTTCAAGAGGT	ENSG00000176022.7	0	878
GGAGAGTTCAAGAGGT	ENSG00000272455.1	0	278
GGAGAGTTCAAGAGGT	ENSG00000241563.4	79	221
GGAGAGTTCAAGAGGT	ENSG00000233954.6	0	278
GGAGAGTTCAAGAGGT	ENSG00000288398.1	0	2100
GGAGAGTTCAAGAGGT	ENSG00000090432.7	1032	2377
GGAGAGTTCAAGAGGT	ENSG00000179163.12	8750	600
GGAGAGTTCAAGAGGT	ENSG00000130766.5	0	600
GGAGAGTTCAAGAGGT	ENSG00000175130.7	0	2926
GGAGAGTTCAAGAGGT	ENSG00000273274.2	0	729
GGAGAGTTCAAGAGGT	ENSG00000217644.5	0	228
GGAGAGTTCAAGAGGT	ENSG00000243749.1	1647	577
GGAGAGTTCAAGAGGT	ENSG00000237424.1	0	278
GGAGAGTTCAAGAGGT	ENSG00000236290.1	0	300
GGAGAGTTCAAGAGGT	ENSG00000225632.1	0	300
GGAGAGTTCAAGAGGT	ENSG00000116704.8	7025	1500
GGTCTCAACAAGAGGT	ENSG00000225630.1	0	30330
GGTCTCAACAAGAGGT	ENSG00000158292.7	0	280
GGTCTCAACAAGAGGT	ENSG00000090432.7	1947	2954
GGTCTCAACAAGAGGT	ENSG00000179163.12	436	1200
GGTCTCAACAAGAGGT	ENSG00000130766.5	4747	278
GGTCTCAACAAGAGGT	ENSG00000175130.7	0	1711
GGTCTCAACAAGAGGT	ENSG00000116863.11	5796	2078
GGTCTCAACAAGAGGT	ENSG00000162396.6	0	540
GGTCTCAACAAGAGGT	ENSG00000066557.6	13061	1252
GGTCTCAACAAGAGGT	ENSG00000137970.7	0	257
GGTCTCAACAAGAGGT	ENSG00000065135.12	37371	3814
GGTCTCAACAAGAGGT	ENSG00000213281.5	16167	2329
GGTCTCAACAAGAGGT	ENSG00000143067.5	0	556
GGTCTCAACAAGAGGT	ENSG00000277702.1	370	180
GGTCTCAACAAGAGGT	ENSG00000234367.1	0	225
GGTCTCAACAAGAGGT	ENSG00000286019.1	149	422
GGTCTCAACAAGAGGT	ENSG00000177144.8	0	300
GGTCTCAACAAGAGGT	ENSG00000163344.6	7350	176
GGTCTCAACAAGAGGT	ENSG00000162783.11	0	278
GGTCTCAACAAGAGGT	ENSG00000158615.9	0	1499
GGTCTCAACAAGAGGT	ENSG00000174529.7	0	1200
GGTCTCAACAAGAGGT	ENSG00000220749.4	0	179
GGTCTCAACAAGAGGT	ENSG00000287445.1	0	1646
GGTCTCAACAAGAGGT	ENSG00000277007.1	0	1184
GGTCTCAACAAGAGGT	ENSG00000218283.2	0	1341
GGTCTCAACAAGAGGT	ENSG00000143751.10	0	278
GGTCTCAACAAGAGGT	ENSG00000162851.8	11333	578
GGTCTCAACAAGAGGT	ENSG00000259865.1	0	2095
TCCTTGCTCAAGAGGT	ENSG00000225630.1	0	54609
TCCTTGCTCAAGAGGT	ENSG00000176022.7	0	278
TCCTTGCTCAAGAGGT	ENSG00000238260.1	1	200
TCCTTGCTCAAGAGGT	ENSG00000231789.2	6199	259
TCCTTGCTCAAGAGGT	ENSG00000288398.1	0	4375
TCCTTGCTCAAGAGGT	ENSG00000090432.7	27365	12486
TCCTTGCTCAAGAGGT	ENSG00000235112.1	238	334
TCCTTGCTCAAGAGGT	ENSG00000179163.12	30384	1800
TCCTTGCTCAAGAGGT	ENSG00000279443.1	0	600
TCCTTGCTCAAGAGGT	ENSG00000175130.7	0	1774
TCCTTGCTCAAGAGGT	ENSG00000243749.1	1647	575
TCCTTGCTCAAGAGGT	ENSG00000116863.11	10011	8954
TCCTTGCTGGCGTTAA	ENSG00000279457.4	1073	532
TCCTTGCTGGCGTTAA	ENSG00000225630.1	0	7854
TCCTTGCTGGCGTTAA	ENSG00000171612.7	15411	600
TCCTTGCTGGCGTTAA	ENSG00000233954.6	0	269
TCCTTGCTGGCGTTAA	ENSG00000090432.7	1684	3235
TCCTTGCTGGCGTTAA	ENSG00000235112.1	152	282
TCCTTGCTGGCGTTAA	ENSG00000179163.12	26697	1800
TCCTTGCTGGCGTTAA	ENSG00000228589.3	0	300
TCCTTGCTGGCGTTAA	ENSG00000243749.1	0	300
TCCTTGCTGGCGTTAA	ENSG00000117000.9	0	300
TCCTTGCTGGCGTTAA	ENSG00000259943.1	0	600
TCCTTGCTGGCGTTAA	ENSG00000066557.6	34649	2025
TCCTTGCTGGCGTTAA	ENSG00000226084.5	0	205
TCCTTGCTGGCGTTAA	ENSG00000137970.7	0	256
TCCTTGCTGGCGTTAA	ENSG00000065135.12	99645	5950
TCCTTGCTGGCGTTAA	ENSG00000213281.5	5102	1170
TCCTTGCTGGCGTTAA	ENSG00000270872.2	4632	300
TCCTTGCTGGCGTTAA	ENSG00000215784.6	8371	300
TCCTTGCTGGCGTTAA	ENSG00000287978.1	223	300
TCCTTGCTGGCGTTAA	ENSG00000225080.1	0	300
TCCTTGCTGGCGTTAA	ENSG00000184260.6	0	277
TCCTTGCTGGCGTTAA	ENSG00000272654.1	0	298
TCCTTGCTGGCGTTAA	ENSG00000234937.1	0	300
TCCTTGCTGGCGTTAA	ENSG00000162783.11	0	600
TCCTTGCTGGCGTTAA	ENSG00000183155.5	0	300
TCCTTGCTGGCGTTAA	ENSG00000158615.9	0	301
TCCTTGCTGGCGTTAA	ENSG00000218283.2	0	295
TCCTTGCTGGCGTTAA	ENSG00000162817.7	0	300
TCCTTGCTGGCGTTAA	ENSG00000143751.10	7116	4804
TCCTTGCTGGCGTTAA	ENSG00000228729.1	61	535
TCCTTGCTGGCGTTAA	ENSG00000181218.5	0	300
TCCTTGCTGGCGTTAA	ENSG00000212237.1	0	108
TCCTTGCTGGCGTTAA	ENSG00000116574.6	0	300
TCCTTGCTGGCGTTAA	ENSG00000162851.8	3863	300
TCCTTGCTGGCGTTAA	ENSG00000259865.1	0	600
TCCTTGCTGGCGTTAA	ENSG00000162722.9	0	300
TCCAAGTCGGCCTATA	ENSG00000279457.4	7495	655
TCCAAGTCGGCCTATA	ENSG00000225630.1	0	17587
TCCAAGTCGGCCTATA	ENSG00000233954.6	0	556
TCCAAGTCGGCCTATA	ENSG00000288398.1	0	578
TCCAAGTCGGCCTATA	ENSG00000090432.7	0	600
TCCAAGTCGGCCTATA	ENSG00000179163.12	8467	900
TCCAAGTCGGCCTATA	ENSG00000228589.3	0	564
TCCAAGTCGGCCTATA	ENSG00000270605.1	0	300
TCCAAGTCGGCCTATA	ENSG00000175130.7	0	300
TCCAAGTCGGCCTATA	ENSG00000273274.2	0	239
TCCAAGTCGGCCTATA	ENSG00000116863.11	278	1172
TCCAAGTCGGCCTATA	ENSG00000117000.9	137	1063
TCCAAGTCGGCCTATA	ENSG00000260920.2	0	363
TCCAAGTCGGCCTATA	ENSG00000116704.8	0	506
TCCAAGTCGGCCTATA	ENSG00000066557.6	9796	600
TCCAAGTCGGCCTATA	ENSG00000226084.5	0	242
TCCAAGTCGGCCTATA	ENSG00000137970.7	0	260
TCCAAGTCGGCCTATA	ENSG00000065135.12	163385	6165
TCCAAGTCGGCCTATA	ENSG00000213281.5	0	2032
TCCAAGTCGGCCTATA	ENSG00000183508.5	0	556
TCCAAGTCGGCCTATA	ENSG00000184260.6	0	831
TCCAAGTCGGCCTATA	ENSG00000272654.1	0	300
TCCAAGTCGGCCTATA	ENSG00000163344.6	33928	1799
TCCAAGTCGGCCTATA	ENSG00000224358.1	0	554
TCCAAGTCGGCCTATA	ENSG00000183155.5	0	277
TCCAAGTCGGCCTATA	ENSG00000235363.1	0	183
TCCAAGTCGGCCTATA	ENSG00000170385.10	0	278
TCCAAGTCGGCCTATA	ENSG00000218283.2	0	278
TCCAAGTCGGCCTATA	ENSG00000143751.10	0	555
TCCAAGTCGGCCTATA	ENSG00000143653.10	20630	577
TCCAAGTCGGCCTATA	ENSG00000259865.1	0	4060
TGACCAAGCAATGGAC	ENSG00000225630.1	0	19507
TGACCAAGCAATGGAC	ENSG00000272455.1	0	278
TGACCAAGCAATGGAC	ENSG00000171612.7	67399	2004
TGACCAAGCAATGGAC	ENSG00000231789.2	0	278
TGACCAAGCAATGGAC	ENSG00000287756.1	0	2400
TGACCAAGCAATGGAC	ENSG00000233954.6	0	547
TGACCAAGCAATGGAC	ENSG00000288398.1	0	300
TGACCAAGCAATGGAC	ENSG00000261135.1	0	278
TGACCAAGCAATGGAC	ENSG00000142619.4	577	190
TGACCAAGCAATGGAC	ENSG00000090432.7	0	2400
TGACCAAGCAATGGAC	ENSG00000179163.12	74473	3875
TGACCAAGCAATGGAC	ENSG00000270605.1	0	1434
TGACCAAGCAATGGAC	ENSG00000175130.7	0	300
TGACCAAGCAATGGAC	ENSG00000273274.2	0	2717
TGACCAAGCAATGGAC	ENSG00000243749.1	1250	1178
TGACCAAGCAATGGAC	ENSG00000116863.11	361	600
TGACCAAGCAATGGAC	ENSG00000116981.4	0	900
TGACCAAGCAATGGAC	ENSG00000117000.9	0	601
TGACCAAGCAATGGAC	ENSG00000259943.1	0	300
TGACCAAGCAATGGAC	ENSG00000237424.1	0	2101
TGACCAAGCAATGGAC	ENSG00000169213.7	0	556
TGACCAAGCAATGGAC	ENSG00000066557.6	156994	11659
TGACCAAGCAATGGAC	ENSG00000137970.7	0	1617
TGACCAAGCAATGGAC	ENSG00000244716.3	0	300
TGACCAAGCAATGGAC	ENSG00000065135.12	65371	12762
TGACCAAGCAATGGAC	ENSG00000213281.5	103	1161
TGACCAAGGAGGTTAG	ENSG00000279457.4	1733	566
TGACCAAGGAGGTTAG	ENSG00000225630.1	0	12268
TGACCAAGGAGGTTAG	ENSG00000231789.2	0	265
TGACCAAGGAGGTTAG	ENSG00000233954.6	0	287
TGACCAAGGAGGTTAG	ENSG00000090432.7	13201	1756
TGACCAAGGAGGTTAG	ENSG00000179163.12	2693	599
TGACCAAGGAGGTTAG	ENSG00000175130.7	0	878
TGACCAAGGAGGTTAG	ENSG00000243749.1	1647	900
TGACCAAGGAGGTTAG	ENSG00000169213.7	0	1201
TGACCAAGGAGGTTAG	ENSG00000234264.1	8152	300
TGACCAAGGAGGTTAG	ENSG00000066557.6	3145	2063
TGACCAAGGAGGTTAG	ENSG00000226084.5	0	242
TGACCAAGGAGGTTAG	ENSG00000280099.1	0	297
TGACCAAGGAGGTTAG	ENSG00000065135.12	62642	3878
TGACCAAGGAGGTTAG	ENSG00000259834.1	0	300
TGACCAAGGAGGTTAG	ENSG00000213281.5	6622	758
TGACCAAGGAGGTTAG	ENSG00000184260.6	0	277
TGACCAAGGAGGTTAG	ENSG00000163344.6	9890	278
TGACCAAGGAGGTTAG	ENSG00000170385.10	0	300
TGACCAAGGAGGTTAG	ENSG00000220749.4	0	197
TGACCAAGGAGGTTAG	ENSG00000143653.10	0	300
GGTCTCAAGGCGTTAA	ENSG00000225630.1	0	4183
GGTCTCAAGGCGTTAA	ENSG00000179546.5	0	300
GGTCTCAAGGCGTTAA	ENSG00000162396.6	0	900
GGTCTCAAGGCGTTAA	ENSG00000066557.6	0	899
GGTCTCAAGGCGTTAA	ENSG00000137970.7	0	257
GGTCTCAAGGCGTTAA	ENSG00000065135.12	24487	1178
GGTCTCAAGGCGTTAA	ENSG00000213281.5	914	300
GGTCTCAAGGCGTTAA	ENSG00000163344.6	2540	278
GGTCTCAAGGCGTTAA	ENSG00000218283.2	0	230
GGTCTCAAGGCGTTAA	ENSG00000143751.10	0	300
GGTCTCAAGGCGTTAA	ENSG00000259865.1	0	901
AAGCCGTTCCACATAG	ENSG00000279457.4	206	236
AAGCCGTTCCACATAG	ENSG00000225630.1	0	37558
AAGCCGTTCCACATAG	ENSG00000238249.2	0	210
AAGCCGTTCCACATAG	ENSG00000171612.7	0	556
AAGCCGTTCCACATAG	ENSG00000233954.6	0	1093
AAGCCGTTCCACATAG	ENSG00000090432.7	649	277
AAGCCGTTCCACATAG	ENSG00000179163.12	2219	278
AAGCCGTTCCACATAG	ENSG00000270605.1	0	563
AAGCCGTTCCACATAG	ENSG00000175130.7	0	556
AAGCCGTTCCACATAG	ENSG00000116863.11	0	300
AAGCCGTTCCACATAG	ENSG00000117000.9	27418	577
AAGCCGTTCCACATAG	ENSG00000237950.3	0	278
AAGCCGTTCCACATAG	ENSG00000169213.7	0	278
AAGCCGTTCCACATAG	ENSG00000116704.8	0	278
AAGCCGTTCCACATAG	ENSG00000066557.6	15582	854
AAGCCGTTCCACATAG	ENSG00000226088.1	301	278
AAGCCGTTCCACATAG	ENSG00000226084.5	0	243
AAGCCGTTCCACATAG	ENSG00000180869.4	0	554
AAGCCGTTCCACATAG	ENSG00000223896.2	0	300
AAGCCGTTCCACATAG	ENSG00000137970.7	0	770
AAGCCGTTCCACATAG	ENSG00000065135.12	162384	6139
AAGCCGTTCCACATAG	ENSG00000213281.5	9653	3397
AAGCCGTTCCACATAG	ENSG00000277702.1	0	69
AAGCCGTTCCACATAG	ENSG00000287978.1	223	278
AAGCCGTTCCACATAG	ENSG00000286019.1	0	301
AAGCCGTTCCACATAG	ENSG00000272196.2	0	278
AAGCCGTTCCACATAG	ENSG00000236675.1	92	187
AAGCCGTTCCACATAG	ENSG00000283696.1	0	272
AAGCCGTTCCACATAG	ENSG00000287336.1	20	258
AAGCCGTTCCACATAG	ENSG00000225711.1	0	139
AAGCCGTTCCACATAG	ENSG00000143333.7	2483	278
AAGCCGTTCCACATAG	ENSG00000183155.5	0	553
AAGCCGTTCCACATAG	ENSG00000158615.9	0	1113
AAGCCGTTCCACATAG	ENSG00000235363.1	0	253
AAGCCGTTCCACATAG	ENSG00000277007.1	0	278
AAGCCGTTCCACATAG	ENSG00000218283.2	0	1528
AAGCCGTTCCACATAG	ENSG00000162817.7	0	278
GGAGAGTTGGCCTATA	ENSG00000279457.4	6360	289
GGAGAGTTGGCCTATA	ENSG00000225630.1	0	19858
GGAGAGTTGGCCTATA	ENSG00000171612.7	0	278
GGAGAGTTGGCCTATA	ENSG00000090432.7	6276	878
GGAGAGTTGGCCTATA	ENSG00000179163.12	5885	900
GGAGAGTTGGCCTATA	ENSG00000238084.4	0	177
GGAGAGTTGGCCTATA	ENSG00000175130.7	0	300
GGAGAGTTGGCCTATA	ENSG00000243749.1	1647	275
GGAGAGTTGGCCTATA	ENSG00000116863.11	1970	1500
GGAGAGTTGGCCTATA	ENSG00000206654.1	0	81
GGAGAGTTGGCCTATA	ENSG00000117000.9	8806	1178
GGAGAGTTGGCCTATA	ENSG00000237950.3	0	278
GGAGAGTTGGCCTATA	ENSG00000162396.6	0	1200
GGAGAGTTGGCCTATA	ENSG00000066557.6	5218	600
GGAGAGTTGGCCTATA	ENSG00000234518.2	0	300
GGAGAGTTGGCCTATA	ENSG00000137970.7	0	598
GGAGAGTTGGCCTATA	ENSG00000065135.12	49966	3299
GGAGAGTTGGCCTATA	ENSG00000213281.5	4071	300
GGAGAGTTGGCCTATA	ENSG00000183508.5	0	299
GGAGAGTTGGCCTATA	ENSG00000244371.2	0	384
GGAGAGTTGGCCTATA	ENSG00000286019.1	500	600
GGAGAGTTGGCCTATA	ENSG00000177144.8	0	302
GGAGAGTTGGCCTATA	ENSG00000272654.1	0	299
GGAGAGTTGGCCTATA	ENSG00000163344.6	5263	290
GGAGAGTTGGCCTATA	ENSG00000132688.11	0	278
GGAGAGTTGGCCTATA	ENSG00000283696.1	0	837
GGAGAGTTGGCCTATA	ENSG00000287336.1	76	3130
GGAGAGTTGGCCTATA	ENSG00000162783.11	0	278
GGAGAGTTGGCCTATA	ENSG00000143333.7	19417	16000
GGAGAGTTGGCCTATA	ENSG00000158615.9	3178	2091
GGAGAGTTGGCCTATA	ENSG00000174529.7	0	164
AAGCCGTTCGAATTGG	ENSG00000279457.4	445	555
AAGCCGTTCGAATTGG	ENSG00000225972.1	0	834
AAGCCGTTCGAATTGG	ENSG00000225630.1	0	44579
AAGCCGTTCGAATTGG	ENSG00000198744.5	0	437
AAGCCGTTCGAATTGG	ENSG00000176022.7	0	578
AAGCCGTTCGAATTGG	ENSG00000228594.4	0	278
AAGCCGTTCGAATTGG	ENSG00000158292.7	0	296
AAGCCGTTCGAATTGG	ENSG00000241563.4	0	1800
AAGCCGTTCGAATTGG	ENSG00000233954.6	0	547
AAGCCGTTCGAATTGG	ENSG00000288398.1	0	278
AAGCCGTTCGAATTGG	ENSG00000261135.1	0	276
AAGCCGTTCGAATTGG	ENSG00000233421.5	0	292
AAGCCGTTCGAATTGG	ENSG00000090432.7	4595	5285
AAGCCGTTCGAATTGG	ENSG00000179163.12	27366	1712
AAGCCGTTCGAATTGG	ENSG00000284657.1	0	296
AAGCCGTTCGAATTGG	ENSG00000228589.3	0	227
AAGCCGTTCGAATTGG	ENSG00000231468.2	0	222
AAGCCGTTCGAATTGG	ENSG00000237934.1	67	233
AAGCCGTTCGAATTGG	ENSG00000175130.7	1698	1200
AAGCCGTTCGAATTGG	ENSG00000240374.3	0	187
AAGCCGTTCGAATTGG	ENSG00000116863.11	853	2903
AAGCCGTTCGAATTGG	ENSG00000163909.8	0	562
AAGCCGTTCGAATTGG	ENSG00000117000.9	0	856
AAGCCGTTCGAATTGG	ENSG00000169213.7	0	1112
AAGCCGTTCGAATTGG	ENSG00000116704.8	0	279
AAGCCGTTCGAATTGG	ENSG00000066557.6	2581	2697
TCCTTGCTGGCCTATA	ENSG00000279457.4	799	300
TCCTTGCTGGCCTATA	ENSG00000225630.1	0	14356
TCCTTGCTGGCCTATA	ENSG00000176022.7	0	578
TCCTTGCTGGCCTATA	ENSG00000231789.2	0	300
TCCTTGCTGGCCTATA	ENSG00000288398.1	0	859
TCCTTGCTGGCCTATA	ENSG00000090432.7	0	600
TCCTTGCTGGCCTATA	ENSG00000179163.12	7712	300
TCCTTGCTGGCCTATA	ENSG00000181773.7	0	300
TCCTTGCTGGCCTATA	ENSG00000270605.1	0	300
TCCTTGCTGGCCTATA	ENSG00000175130.7	0	576
TCCTTGCTGGCCTATA	ENSG00000243749.1	7838	2100
TCCTTGCTGGCCTATA	ENSG00000286899.1	0	600
TCCTTGCTGGCCTATA	ENSG00000116863.11	4533	300
TCCTTGCTGGCCTATA	ENSG00000117000.9	0	600
TCCTTGCTGGCCTATA	ENSG00000259943.1	0	2989
TCCTTGCTGGCCTATA	ENSG00000279667.1	0	281
TCCTTGCTGGCCTATA	ENSG00000162396.6	0	600
TCCTTGCTGGCCTATA	ENSG00000235545.1	0	600
TCCTTGCTGGCCTATA	ENSG00000116704.8	0	601
TCCTTGCTGGCCTATA	ENSG00000066557.6	23035	1478
TCCTTGCTGGCCTATA	ENSG00000226415.1	0	237
TCCTTGCTGGCCTATA	ENSG00000226084.5	0	483
TCCTTGCTGGCCTATA	ENSG00000243437.3	0	108
TCCTTGCTGGCCTATA	ENSG00000223896.2	0	600
TCCTTGCTGGCCTATA	ENSG00000137970.7	0	1376
TCCTTGCTGGCCTATA	ENSG00000065135.12	170340	9802
TCCTTGCTGGCCTATA	ENSG00000213281.5	8617	4773
TCCTTGCTGGCCTATA	ENSG00000277702.1	370	186
TCCTTGCTGGCCTATA	ENSG00000234367.1	0	206
TCCTTGCTGGCCTATA	ENSG00000272196.2	0	300
TCCTTGCTGGCCTATA	ENSG00000163344.6	22504	1420
TCCAAGTCGGCGTTAA	ENSG00000225630.1	0	28867
TCCAAGTCGGCGTTAA	ENSG00000176022.7	0	300
TCCAAGTCGGCGTTAA	ENSG00000272455.1	0	897
TCCAAGTCGGCGTTAA	ENSG00000171612.7	9920	598
TCCAAGTCGGCGTTAA	ENSG00000288398.1	0	600
TCCAAGTCGGCGTTAA	ENSG00000090432.7	6660	1732
TCCAAGTCGGCGTTAA	ENSG00000179163.12	10841	2097
TCCAAGTCGGCGTTAA	ENSG00000284602.1	0	600
TCCAAGTCGGCGTTAA	ENSG00000233478.1	0	300
TCCAAGTCGGCGTTAA	ENSG00000228589.3	0	296
TCCAAGTCGGCGTTAA	ENSG00000130766.5	17784	2671
TCCAAGTCGGCGTTAA	ENSG00000175130.7	0	300
TCCAAGTCGGCGTTAA	ENSG00000273274.2	18784	851
TCCAAGTCGGCGTTAA	ENSG00000243749.1	1828	1019
TCCAAGTCGGCGTTAA	ENSG00000116863.11	744	1196
TCCAAGTCGGCGTTAA	ENSG00000116704.8	0	1177
TCCAAGTCGGCGTTAA	ENSG00000066557.6	25529	1175
TCCAAGTCGGCGTTAA	ENSG00000137970.7	0	806
TCCAAGTCGGCGTTAA	ENSG00000065135.12	167941	5275
TCCAAGTCGGCGTTAA	ENSG00000213281.5	0	278
TCCAAGTCGGCGTTAA	ENSG00000203812.2	0	534
TCCAAGTCGGCGTTAA	ENSG00000272654.1	0	1055
TCCAAGTCGGCGTTAA	ENSG00000163344.6	6715	277
TCCAAGTCGGCGTTAA	ENSG00000236675.1	0	265
TCCAAGTCGGCGTTAA	ENSG00000224520.2	0	300
TCCAAGTCGGCGTTAA	ENSG00000183155.5	0	846
TCCAAGTCGGCGTTAA	ENSG00000158615.9	0	300
TCCAAGTCGGCGTTAA	ENSG00000218283.2	0	293
TCCAAGTCGGCGTTAA	ENSG00000143751.10	1034	1742
TCCAAGTCGGCGTTAA	ENSG00000181218.5	0	1400
TCCAAGTCGGCGTTAA	ENSG00000197769.6	0	512
TCCAAGTCGGCGTTAA	ENSG00000162851.8	7954	884
TCCAAGTCGGCGTTAA	ENSG00000143653.10	6395	300
TCCAAGTCGGCGTTAA	ENSG00000260855.1	0	278
TCCAAGTCGGCGTTAA	ENSG00000277462.2	0	1200
TCCAAGTCGGCGTTAA	ENSG00000259865.1	0	555
AAGCCGTTCCAATCCT	ENSG00000279457.4	6536	658
AAGCCGTTCCAATCCT	ENSG00000225630.1	0	47617
AAGCCGTTCCAATCCT	ENSG00000176022.7	0	278
AAGCCGTTCCAATCCT	ENSG00000171612.7	32934	596
AAGCCGTTCCAATCCT	ENSG00000162490.7	0	294
AAGCCGTTCCAATCCT	ENSG00000090432.7	36040	6488
AAGCCGTTCCAATCCT	ENSG00000179163.12	31837	3428
AAGCCGTTCCAATCCT	ENSG00000175130.7	3396	3745
AAGCCGTTCCAATCCT	ENSG00000273274.2	0	2655
AAGCCGTTCCAATCCT	ENSG00000243749.1	2897	578
AAGCCGTTCCAATCCT	ENSG00000116863.11	7952	5076
AAGCCGTTCCAATCCT	ENSG00000116981.4	0	1456
AAGCCGTTCCAATCCT	ENSG00000117000.9	87053	1832
AAGCCGTTCCAATCCT	ENSG00000223429.1	0	278
AAGCCGTTCCAATCCT	ENSG00000162396.6	0	578
AAGCCGTTCCAATCCT	ENSG00000286429.1	0	1200
AAGCCGTTCCAATCCT	ENSG00000116704.8	0	300
AAGCCGTTCCAATCCT	ENSG00000066557.6	204703	6101
GGTCTCAAGGCCTATA	ENSG00000225630.1	0	7827
GGTCTCAAGGCCTATA	ENSG00000284652.1	0	278
GGTCTCAAGGCCTATA	ENSG00000261135.1	0	300
GGTCTCAAGGCCTATA	ENSG00000090432.7	3362	1454
GGTCTCAAGGCCTATA	ENSG00000179163.12	8750	578
GGTCTCAAGGCCTATA	ENSG00000225159.1	0	300
GGTCTCAAGGCCTATA	ENSG00000175130.7	0	300
GGTCTCAAGGCCTATA	ENSG00000243749.1	2500	600
GGTCTCAAGGCCTATA	ENSG00000116863.11	0	300
GGTCTCAAGGCCTATA	ENSG00000116981.4	0	300
GGTCTCAAGGCCTATA	ENSG00000066557.6	20427	278
GGTCTCAAGGCCTATA	ENSG00000280099.1	0	300
GGTCTCAAGGCCTATA	ENSG00000223896.2	0	300
GGTCTCAAGGCCTATA	ENSG00000137970.7	0	257
GGTCTCAAGGCCTATA	ENSG00000065135.12	106069	2863
GGTCTCAAGGCCTATA	ENSG00000213281.5	441	1442
GGTCTCAAGGCCTATA	ENSG00000234367.1	0	278
GGTCTCAAGGCCTATA	ENSG00000203812.2	0	266
GGTCTCAAGGCCTATA	ENSG00000184260.6	0	278
GGTCTCAAGGCCTATA	ENSG00000285651.1	0	300
GGTCTCAAGGCCTATA	ENSG00000163344.6	2540	235
GGTCTCAAGGCCTATA	ENSG00000236675.1	92	222
GGTCTCAAGGCCTATA	ENSG00000183155.5	0	278
GGTCTCAAGGCCTATA	ENSG00000158615.9	0	857
GGTCTCAAGGCCTATA	ENSG00000218283.2	0	270
GGTCTCAAGGCCTATA	ENSG00000143751.10	3809	1156
GGTCTCAAGGCCTATA	ENSG00000181218.5	0	277
GGTCTCAAGGCCTATA	ENSG00000162851.8	6811	300
GGTCTCAAGGCCTATA	ENSG00000143653.10	31298	578
GGTCTCAAGGCCTATA	ENSG00000259865.1	0	599
CAACCTCACCATCCAA	ENSG00000279457.4	7820	623
CAACCTCACCATCCAA	ENSG00000225630.1	0	27776
CAACCTCACCATCCAA	ENSG00000176022.7	0	578
CAACCTCACCATCCAA	ENSG00000228594.4	0	1054
CAACCTCACCATCCAA	ENSG00000186301.8	179	189
CAACCTCACCATCCAA	ENSG00000090432.7	10872	2026
CAACCTCACCATCCAA	ENSG00000235112.1	166	134
CAACCTCACCATCCAA	ENSG00000179163.12	8750	300
CAACCTCACCATCCAA	ENSG00000225159.1	0	299
CAACCTCACCATCCAA	ENSG00000279443.1	0	291
CAACCTCACCATCCAA	ENSG00000175130.7	1	297
CAACCTCACCATCCAA	ENSG00000273274.2	13306	600
CAACCTCACCATCCAA	ENSG00000243749.1	2500	578
CAACCTCACCATCCAA	ENSG00000286899.1	0	300
CAACCTCACCATCCAA	ENSG00000116863.11	7706	2400
CAACCTCACCATCCAA	ENSG00000163909.8	0	300
CAACCTCACCATCCAA	ENSG00000117000.9	0	3598
CAACCTCACCATCCAA	ENSG00000259943.1	0	1200
CAACCTCACCATCCAA	ENSG00000237424.1	0	600
CAACCTCACCATCCAA	ENSG00000185839.3	0	300
CAACCTCACCATCCAA	ENSG00000116704.8	0	300
CAACCTCACCATCCAA	ENSG00000066557.6	52690	3103
CAACCTCACCATCCAA	ENSG00000226084.5	0	278
CAACCTCACCATCCAA	ENSG00000271576.1	0	837
TCCAAGTCCAAGAGGT	ENSG00000279457.4	1224	1324
TCCAAGTCCAAGAGGT	ENSG00000225630.1	0	40252
TCCAAGTCCAAGAGGT	ENSG00000198744.5	0	229
TCCAAGTCCAAGAGGT	ENSG00000176022.7	0	2956
TCCAAGTCCAAGAGGT	ENSG00000272455.1	0	2861
TCCAAGTCCAAGAGGT	ENSG00000224387.1	0	300
TCCAAGTCCAAGAGGT	ENSG00000270282.1	0	147
TCCAAGTCCAAGAGGT	ENSG00000171612.7	11592	300
TCCAAGTCCAAGAGGT	ENSG00000186301.8	375	596
TCCAAGTCCAAGAGGT	ENSG00000090432.7	20191	8354
TGACCAAGCGATACTG	ENSG00000279457.4	6599	653
TGACCAAGCGATACTG	ENSG00000225630.1	0	21938
TGACCAAGCGATACTG	ENSG00000198744.5	0	262
TGACCAAGCGATACTG	ENSG00000224387.1	0	207
TGACCAAGCGATACTG	ENSG00000270282.1	0	1063
TGACCAAGCGATACTG	ENSG00000171612.7	6541	300
TGACCAAGCGATACTG	ENSG00000231789.2	0	556
TGACCAAGCGATACTG	ENSG00000287756.1	0	600
TGACCAAGCGATACTG	ENSG00000233954.6	0	837
TGACCAAGCGATACTG	ENSG00000288398.1	0	4771
TGACCAAGCGATACTG	ENSG00000261135.1	0	900
TGACCAAGCGATACTG	ENSG00000272426.1	0	472
TGACCAAGCGATACTG	ENSG00000270728.1	136	436
TGACCAAGCGATACTG	ENSG00000090432.7	5692	4722
TGACCAAGCGATACTG	ENSG00000179163.12	73147	5337
TGACCAAGCGATACTG	ENSG00000279443.1	0	278
TGACCAAGCGATACTG	ENSG00000175130.7	0	1198
TGACCAAGCGATACTG	ENSG00000243749.1	6191	2056
TGACCAAGCGATACTG	ENSG00000236274.1	0	825
TGACCAAGCGATACTG	ENSG00000116863.11	3672	2977
TGACCAAGCGATACTG	ENSG00000163909.8	0	828
TGACCAAGCGATACTG	ENSG00000117000.9	0	2700
TGACCAAGCGATACTG	ENSG00000259943.1	0	278
TGACCAAGCGATACTG	ENSG00000142959.5	2	752
TGACCAAGCGATACTG	ENSG00000186564.6	0	854
TGACCAAGCGATACTG	ENSG00000169213.7	0	833
GGAGAGTTCGGTTGTT	ENSG00000225630.1	0	40291
GGAGAGTTCGGTTGTT	ENSG00000272512.1	0	900
GGAGAGTTCGGTTGTT	ENSG00000176022.7	0	496
GGAGAGTTCGGTTGTT	ENSG00000171612.7	0	1146
GGAGAGTTCGGTTGTT	ENSG00000233954.6	0	278
GGAGAGTTCGGTTGTT	ENSG00000288398.1	0	300
GGAGAGTTCGGTTGTT	ENSG00000261135.1	0	599
GGAGAGTTCGGTTGTT	ENSG00000090432.7	6228	6149
GGAGAGTTCGGTTGTT	ENSG00000179163.12	72212	5877
GGAGAGTTCGGTTGTT	ENSG00000243749.1	3294	600
GGAGAGTTCGGTTGTT	ENSG00000116863.11	13546	8305
GGAGAGTTCGGTTGTT	ENSG00000117000.9	0	849
GGAGAGTTCGGTTGTT	ENSG00000259943.1	0	4434
TTGGAACCCAATGGAC	ENSG00000279457.4	8845	788
TTGGAACCCAATGGAC	ENSG00000225630.1	0	17379
TTGGAACCCAATGGAC	ENSG00000198744.5	0	236
TTGGAACCCAATGGAC	ENSG00000272512.1	0	278
TTGGAACCCAATGGAC	ENSG00000176022.7	0	278
TTGGAACCCAATGGAC	ENSG00000171612.7	4245	761
TTGGAACCCAATGGAC	ENSG00000233954.6	0	834
TTGGAACCCAATGGAC	ENSG00000288398.1	0	1187
TTGGAACCCAATGGAC	ENSG00000090432.7	16498	3284
TTGGAACCCAATGGAC	ENSG00000179163.12	17052	2099
TTGGAACCCAATGGAC	ENSG00000228634.1	439	300
TTGGAACCCAATGGAC	ENSG00000175130.7	0	1390
TTGGAACCCAATGGAC	ENSG00000243749.1	0	300
TTGGAACCCAATGGAC	ENSG00000116863.11	6186	4797
TTGGAACCCAATGGAC	ENSG00000223589.2	0	257
TTGGAACCCAATGGAC	ENSG00000259943.1	0	578
TTGGAACCCAATGGAC	ENSG00000260920.2	0	1412
TTGGAACCCAATGGAC	ENSG00000225779.1	0	207
TTGGAACCCAATGGAC	ENSG00000228929.1	0	214
TTGGAACCCAATGGAC	ENSG00000116704.8	0	868
TTGGAACCCAATGGAC	ENSG00000066557.6	51938	3000
TTGGAACCCAATGGAC	ENSG00000226084.5	0	241
TTGGAACCCAATGGAC	ENSG00000143032.8	0	294
GGTCTCAACAGATTCG	ENSG00000279457.4	6	235
GGTCTCAACAGATTCG	ENSG00000225630.1	0	41632
GGTCTCAACAGATTCG	ENSG00000176022.7	0	300
GGTCTCAACAGATTCG	ENSG00000231789.2	0	274
GGTCTCAACAGATTCG	ENSG00000233954.6	0	1625
GGTCTCAACAGATTCG	ENSG00000288398.1	0	300
GGTCTCAACAGATTCG	ENSG00000261135.1	0	300
GGTCTCAACAGATTCG	ENSG00000270728.1	60	185
GGTCTCAACAGATTCG	ENSG00000090432.7	2330	1503
GGTCTCAACAGATTCG	ENSG00000179163.12	5520	900
GGTCTCAACAGATTCG	ENSG00000175130.7	0	852
GGTCTCAACAGATTCG	ENSG00000243749.1	8235	1420
GGTCTCAACAGATTCG	ENSG00000116863.11	574	878
GGTCTCAACAGATTCG	ENSG00000117000.9	0	295
GGTCTCAACAGATTCG	ENSG00000259943.1	0	277
GGTCTCAACAGATTCG	ENSG00000186603.7	0	724
GGTCTCAACAGATTCG	ENSG00000237424.1	0	1450
GGTCTCAACAGATTCG	ENSG00000186564.6	0	300
GGTCTCAACAGATTCG	ENSG00000162396.6	0	1176
GGTCTCAACAGATTCG	ENSG00000066557.6	19346	2106
GGTCTCAACAGATTCG	ENSG00000226415.1	0	250
GGTCTCAACAGATTCG	ENSG00000226084.5	0	241
GGTCTCAACAGATTCG	ENSG00000267734.1	0	282
GGTCTCAAGGAGTAAC	ENSG00000225630.1	0	7894
GGTCTCAAGGAGTAAC	ENSG00000171612.7	0	300
GGTCTCAAGGAGTAAC	ENSG00000090432.7	10871	1177
GGTCTCAAGGAGTAAC	ENSG00000235112.1	238	246
GGTCTCAAGGAGTAAC	ENSG00000179163.12	2490	600
GGTCTCAAGGAGTAAC	ENSG00000175130.7	0	278
GGTCTCAAGGAGTAAC	ENSG00000163909.8	0	556
GGTCTCAAGGAGTAAC	ENSG00000116981.4	0	836
GGTCTCAAGGAGTAAC	ENSG00000117000.9	26299	300
GGTCTCAAGGAGTAAC	ENSG00000233877.2	0	994
GGTCTCAAGGAGTAAC	ENSG00000066557.6	5218	300
GGTCTCAAGGAGTAAC	ENSG00000226084.5	0	484
GGTCTCAAGGAGTAAC	ENSG00000065135.12	35773	2974
GGTCTCAAGGAGTAAC	ENSG00000184260.6	0	1112
GGTCTCAAGGAGTAAC	ENSG00000158615.9	0	300
GGTCTCAAGGAGTAAC	ENSG00000170385.10	0	300
GGTCTCAAGGAGTAAC	ENSG00000143751.10	0	1478
GGTCTCAAGGAGTAAC	ENSG00000143653.10	4793	300
GGTCTCAAGGAGTAAC	ENSG00000259865.1	0	462
TTGGAACCGAGGTTAG	ENSG00000225972.1	0	278
TTGGAACCGAGGTTAG	ENSG00000225630.1	0	8158
TTGGAACCGAGGTTAG	ENSG00000090432.7	0	300
TTGGAACCGAGGTTAG	ENSG00000179163.12	19957	899
TTGGAACCGAGGTTAG	ENSG00000175130.7	0	300
TTGGAACCGAGGTTAG	ENSG00000116863.11	3750	2337
TTGGAACCGAGGTTAG	ENSG00000287422.1	128	51
TTGGAACCGAGGTTAG	ENSG00000163909.8	0	300
TTGGAACCGAGGTTAG	ENSG00000117000.9	0	578
TTGGAACCGAGGTTAG	ENSG00000236004.2	0	241
TTGGAACCGAGGTTAG	ENSG00000116704.8	0	896
TTGGAACCGAGGTTAG	ENSG00000066557.6	11786	1200
TTGGAACCGAGGTTAG	ENSG00000137970.7	0	263
TTGGAACCGAGGTTAG	ENSG00000065135.12	39322	6769
TTGGAACCGAGGTTAG	ENSG00000233337.1	0	295
TTGGAACCGAGGTTAG	ENSG00000238198.2	0	300
TTGGAACCGAGGTTAG	ENSG00000213281.5	0	300
TTGGAACCGAGGTTAG	ENSG00000287978.1	223	278
TTGGAACCGAGGTTAG	ENSG00000235082.2	0	191
TTGGAACCGAGGTTAG	ENSG00000143333.7	876	833
TTGGAACCGAGGTTAG	ENSG00000218283.2	0	1092
TTGGAACCGAGGTTAG	ENSG00000143751.10	0	299
TTGGAACCGAGGTTAG	ENSG00000143653.10	4921	300
TTGGAACCGAGGTTAG	ENSG00000259865.1	0	2068
TTGGAACCGAGGTTAG	ENSG00000162722.9	0	298
TCCTTGCTCAGATTCG	ENSG00000279457.4	21157	1200
TCCTTGCTCAGATTCG	ENSG00000225630.1	0	34144
TCCTTGCTCAGATTCG	ENSG00000231789.2	0	1095
TCCTTGCTCAGATTCG	ENSG00000237301.1	0	556
TCCTTGCTCAGATTCG	ENSG00000233954.6	0	555
TCCTTGCTCAGATTCG	ENSG00000288398.1	0	1466
TCCTTGCTCAGATTCG	ENSG00000186301.8	564	1170
TCCTTGCTCAGATTCG	ENSG00000270728.1	0	444
TCCTTGCTCAGATTCG	ENSG00000090432.7	2713	2631
TCCTTGCTCAGATTCG	ENSG00000179163.12	18887	1419
TCCTTGCTCAGATTCG	ENSG00000284657.1	0	829
TCCTTGCTCAGATTCG	ENSG00000130766.5	0	300
TCCTTGCTCAGATTCG	ENSG00000279443.1	0	300
TCCTTGCTCAGATTCG	ENSG00000175130.7	0	300
TCCTTGCTCAGATTCG	ENSG00000243749.1	24823	5917
TCCTTGCTCAGATTCG	ENSG00000116863.11	4619	2996
TCCTTGCTCAGATTCG	ENSG00000116981.4	0	300
TCCTTGCTCAGATTCG	ENSG00000117000.9	0	556
TCCTTGCTCAGATTCG	ENSG00000259943.1	0	1191
TCCTTGCTCAGATTCG	ENSG00000186603.7	0	244
TCCTTGCTGGAGTAAC	ENSG00000225630.1	0	20436
TCCTTGCTGGAGTAAC	ENSG00000171612.7	2195	1003
TCCTTGCTGGAGTAAC	ENSG00000233954.6	0	816
TCCTTGCTGGAGTAAC	ENSG00000288398.1	0	298
TCCTTGCTGGAGTAAC	ENSG00000243749.1	0	277
TCCTTGCTGGAGTAAC	ENSG00000286899.1	0	278
TCCTTGCTGGAGTAAC	ENSG00000116863.11	3029	900
TCCTTGCTGGAGTAAC	ENSG00000117000.9	0	600
TCCTTGCTGGAGTAAC	ENSG00000259943.1	0	1500
TCCTTGCTGGAGTAAC	ENSG00000066557.6	25456	2251
TCCTTGCTGGAGTAAC	ENSG00000226084.5	0	246
TCCTTGCTGGAGTAAC	ENSG00000280099.1	0	300
TCCTTGCTGGAGTAAC	ENSG00000137970.7	0	555
TCCTTGCTGGAGTAAC	ENSG00000065135.12	61244	3494
TCCTTGCTGGAGTAAC	ENSG00000213281.5	11208	3873
TCCTTGCTGGAGTAAC	ENSG00000272196.2	0	556
TCCTTGCTGGAGTAAC	ENSG00000285651.1	0	300
TCCTTGCTGGAGTAAC	ENSG00000272654.1	0	267
TCCTTGCTGGAGTAAC	ENSG00000163344.6	32210	1098
TCCTTGCTGGAGTAAC	ENSG00000158615.9	0	299
TCCTTGCTGGAGTAAC	ENSG00000170385.10	0	278
TCCTTGCTGGAGTAAC	ENSG00000287445.1	780	1678
TCCTTGCTGGAGTAAC	ENSG00000218283.2	0	986
TCCTTGCTGGAGTAAC	ENSG00000162817.7	0	900
TCCTTGCTGGAGTAAC	ENSG00000143751.10	0	5293
TCCTTGCTGGAGTAAC	ENSG00000228729.1	11	251
TCCTTGCTGGAGTAAC	ENSG00000280157.1	0	578
TCCTTGCTGGAGTAAC	ENSG00000181218.5	0	278
TCCTTGCTGGAGTAAC	ENSG00000162851.8	13938	601
GCATGTCTCGATACTG	ENSG00000279457.4	6715	450
GCATGTCTCGATACTG	ENSG00000225630.1	0	45133
GCATGTCTCGATACTG	ENSG00000176022.7	0	550
GCATGTCTCGATACTG	ENSG00000171612.7	0	278
GCATGTCTCGATACTG	ENSG00000231789.2	18597	900
GCATGTCTCGATACTG	ENSG00000233954.6	0	269
GCATGTCTCGATACTG	ENSG00000288398.1	0	900
GCATGTCTCGATACTG	ENSG00000270728.1	44	256
GCATGTCTCGATACTG	ENSG00000090432.7	11254	3577
GCATGTCTCGATACTG	ENSG00000179163.12	113901	7970
GCATGTCTCGATACTG	ENSG00000175130.7	0	1500
GCATGTCTCGATACTG	ENSG00000243749.1	4941	1475
GCATGTCTCGATACTG	ENSG00000116863.11	2407	2997
GCATGTCTCGATACTG	ENSG00000116981.4	0	2400
GCATGTCTCGATACTG	ENSG00000117000.9	0	1199
GCATGTCTCGATACTG	ENSG00000259943.1	0	1166
CTCAACAGGAGGTTAG	ENSG00000225630.1	0	3667
CTCAACAGGAGGTTAG	ENSG00000272512.1	0	300
CTCAACAGGAGGTTAG	ENSG00000176022.7	0	278
CTCAACAGGAGGTTAG	ENSG00000090432.7	0	600
CTCAACAGGAGGTTAG	ENSG00000179163.12	654	900
CTCAACAGGAGGTTAG	ENSG00000169213.7	0	1200
CTCAACAGGAGGTTAG	ENSG00000066557.6	9546	300
CTCAACAGGAGGTTAG	ENSG00000065135.12	84356	3188
CTCAACAGGAGGTTAG	ENSG00000213281.5	0	278
CTCAACAGGAGGTTAG	ENSG00000184678.10	0	248
CTCAACAGGAGGTTAG	ENSG00000132688.11	0	900
CTCAACAGGAGGTTAG	ENSG00000171786.6	0	300
CTCAACAGGAGGTTAG	ENSG00000183155.5	0	300
CTCAACAGGAGGTTAG	ENSG00000158615.9	0	278
CTCAACAGGAGGTTAG	ENSG00000174529.7	0	566
CTCAACAGGAGGTTAG	ENSG00000218283.2	0	600
CTCAACAGGAGGTTAG	ENSG00000143751.10	323	2257
CTCAACAGCAATGGAC	ENSG00000225630.1	0	18534
CTCAACAGCAATGGAC	ENSG00000171612.7	11592	576
CTCAACAGCAATGGAC	ENSG00000233954.6	0	825
CTCAACAGCAATGGAC	ENSG00000288398.1	0	522
CTCAACAGCAATGGAC	ENSG00000090432.7	0	600
CTCAACAGCAATGGAC	ENSG00000179163.12	42063	3000
CTCAACAGCAATGGAC	ENSG00000225159.1	0	300
CTCAACAGCAATGGAC	ENSG00000228589.3	0	507
CTCAACAGCAATGGAC	ENSG00000270605.1	0	245
CTCAACAGCAATGGAC	ENSG00000130766.5	0	556
CTCAACAGCAATGGAC	ENSG00000175130.7	0	2099
CTCAACAGCAATGGAC	ENSG00000243749.1	115	163
CTCAACAGCAATGGAC	ENSG00000116863.11	2786	1476
CTCAACAGCAATGGAC	ENSG00000117000.9	0	1200
CTCAACAGCAATGGAC	ENSG00000279667.1	0	269
CTCAACAGCAATGGAC	ENSG00000237130.1	0	137
CTCAACAGCAATGGAC	ENSG00000169213.7	0	300
CTCAACAGCAATGGAC	ENSG00000116704.8	0	900
CTCAACAGCAATGGAC	ENSG00000066557.6	101457	7715
CTCAACAGCAATGGAC	ENSG00000230498.3	93	180
CTCAACAGCAATGGAC	ENSG00000280099.1	0	300
CTCAACAGCAATGGAC	ENSG00000228175.3	0	227
TCCAAGTCGAGAAGGA	ENSG00000225630.1	0	21001
TCCAAGTCGAGAAGGA	ENSG00000176022.7	0	1112
TCCAAGTCGAGAAGGA	ENSG00000171612.7	0	277
TCCAAGTCGAGAAGGA	ENSG00000287756.1	0	300
TCCAAGTCGAGAAGGA	ENSG00000233954.6	0	272
TCCAAGTCGAGAAGGA	ENSG00000288398.1	0	600
TCCAAGTCGAGAAGGA	ENSG00000090432.7	5159	1391
TCCAAGTCGAGAAGGA	ENSG00000179163.12	0	868
TCCAAGTCGAGAAGGA	ENSG00000237934.1	368	754
TCCAAGTCGAGAAGGA	ENSG00000175130.7	0	278
TCCAAGTCGAGAAGGA	ENSG00000243749.1	0	1121
TCCAAGTCGAGAAGGA	ENSG00000116863.11	7586	3473
TCCAAGTCGAGAAGGA	ENSG00000117000.9	30542	588
TCCAAGTCGAGAAGGA	ENSG00000224751.2	0	604
TCCAAGTCGAGAAGGA	ENSG00000169213.7	0	895
TCCAAGTCGAGAAGGA	ENSG00000286429.1	80	140
TCCAAGTCGAGAAGGA	ENSG00000066557.6	38318	3274
TCCAAGTCGAGAAGGA	ENSG00000271576.1	0	278
TCCAAGTCGAGAAGGA	ENSG00000223896.2	0	300
TCCAAGTCGAGAAGGA	ENSG00000137970.7	0	1813
TCCAAGTCGAGAAGGA	ENSG00000065135.12	58352	4707
TCCAAGTCGAGAAGGA	ENSG00000238198.2	0	600
TCCAAGTCGAGAAGGA	ENSG00000213281.5	0	1735
TCCAAGTCGAGAAGGA	ENSG00000184260.6	0	1386
AAGCCGTTGAACCTGT	ENSG00000225630.1	0	8964
AAGCCGTTGAACCTGT	ENSG00000171612.7	0	556
AAGCCGTTGAACCTGT	ENSG00000090432.7	0	900
AAGCCGTTGAACCTGT	ENSG00000179163.12	9675	856
AAGCCGTTGAACCTGT	ENSG00000175130.7	849	364
AAGCCGTTGAACCTGT	ENSG00000116863.11	688	861
AAGCCGTTGAACCTGT	ENSG00000169213.7	0	278
AAGCCGTTGAACCTGT	ENSG00000116704.8	7350	278
AAGCCGTTGAACCTGT	ENSG00000066557.6	0	299
AAGCCGTTGAACCTGT	ENSG00000285928.1	36	242
AAGCCGTTGAACCTGT	ENSG00000137970.7	0	521
AAGCCGTTGAACCTGT	ENSG00000228076.2	0	228
AAGCCGTTGAACCTGT	ENSG00000065135.12	120079	3731
AAGCCGTTGAACCTGT	ENSG00000213281.5	7166	878
AAGCCGTTGAACCTGT	ENSG00000225080.1	0	336
AAGCCGTTGAACCTGT	ENSG00000184260.6	0	554
AAGCCGTTGAACCTGT	ENSG00000163344.6	3175	299
AAGCCGTTGAACCTGT	ENSG00000224837.1	0	136
AAGCCGTTGAACCTGT	ENSG00000183155.5	0	877
AAGCCGTTGAACCTGT	ENSG00000272167.2	0	568
AAGCCGTTGAACCTGT	ENSG00000218283.2	0	1280
AAGCCGTTGAACCTGT	ENSG00000143751.10	6504	2042
AAGCCGTTGAACCTGT	ENSG00000287532.1	102	198
AAGCCGTTGAACCTGT	ENSG00000143653.10	21546	877
AAGCCGTTGAACCTGT	ENSG00000259865.1	0	481
GGTCTCAACGGTTGTT	ENSG00000225630.1	0	23900
GGTCTCAACGGTTGTT	ENSG00000272512.1	0	278
GGTCTCAACGGTTGTT	ENSG00000176022.7	0	832
GGTCTCAACGGTTGTT	ENSG00000286989.1	0	216
GGTCTCAACGGTTGTT	ENSG00000171612.7	9529	276
GGTCTCAACGGTTGTT	ENSG00000241563.4	0	528
GGTCTCAACGGTTGTT	ENSG00000233954.6	0	269
GGTCTCAACGGTTGTT	ENSG00000090432.7	5893	3600
GGTCTCAACGGTTGTT	ENSG00000130766.5	0	300
GGTCTCAACGGTTGTT	ENSG00000243749.1	2897	278
GGTCTCAACGGTTGTT	ENSG00000286899.1	0	524
GGTCTCAACGGTTGTT	ENSG00000116863.11	1392	1716
GGTCTCAACGGTTGTT	ENSG00000117000.9	24093	1497
GGTCTCAACGGTTGTT	ENSG00000259943.1	0	576
GGTCTCAACGGTTGTT	ENSG00000237424.1	0	754
GGTCTCAACGGTTGTT	ENSG00000223896.2	0	900
GGTCTCAACGGTTGTT	ENSG00000137970.7	0	774
GGTCTCAACGGTTGTT	ENSG00000065135.12	95984	10300
GGTCTCAACGGTTGTT	ENSG00000261654.1	0	545
GGTCTCAACGGTTGTT	ENSG00000213281.5	0	1800
GGTCTCAACGGTTGTT	ENSG00000183508.5	0	3298
GGTCTCAACGGTTGTT	ENSG00000287978.1	81	196
GGTCTCAACGGTTGTT	ENSG00000236675.1	184	556
GGTCTCAACGGTTGTT	ENSG00000162783.11	0	534
GGTCTCAACGGTTGTT	ENSG00000143333.7	0	278
GGTCTCAACGGTTGTT	ENSG00000279838.1	0	900
GGTCTCAACGGTTGTT	ENSG00000158615.9	0	2066
GGTCTCAACGGTTGTT	ENSG00000218283.2	0	1649
GGAGAGTTGGAGTAAC	ENSG00000225630.1	0	18733
GGAGAGTTGGAGTAAC	ENSG00000272512.1	0	594
GGAGAGTTGGAGTAAC	ENSG00000176022.7	0	278
GGAGAGTTGGAGTAAC	ENSG00000228594.4	0	278
GGAGAGTTGGAGTAAC	ENSG00000270728.1	84	109
GGAGAGTTGGAGTAAC	ENSG00000179163.12	5449	900
GGAGAGTTGGAGTAAC	ENSG00000270605.1	0	300
GGAGAGTTGGAGTAAC	ENSG00000271398.1	0	28
GGAGAGTTGGAGTAAC	ENSG00000237329.2	0	107
GGAGAGTTGGAGTAAC	ENSG00000116863.11	4211	2093
GGAGAGTTGGAGTAAC	ENSG00000117000.9	44051	1189
GGAGAGTTGGAGTAAC	ENSG00000259943.1	0	291
GGAGAGTTGGAGTAAC	ENSG00000066557.6	9259	1200
GGAGAGTTGGAGTAAC	ENSG00000137970.7	0	2096
GGAGAGTTGGAGTAAC	ENSG00000065135.12	59686	3862
GGAGAGTTGGAGTAAC	ENSG00000213281.5	0	1778
GGAGAGTTGGAGTAAC	ENSG00000183508.5	0	300
GGAGAGTTGGAGTAAC	ENSG00000277702.1	370	159
GGAGAGTTGGAGTAAC	ENSG00000215784.6	11860	598
GGAGAGTTGGAGTAAC	ENSG00000163344.6	2540	552
GGAGAGTTGGAGTAAC	ENSG00000183155.5	0	556
GGAGAGTTGGAGTAAC	ENSG00000158615.9	0	300
GGAGAGTTGGAGTAAC	ENSG00000277007.1	0	600
GGAGAGTTGGAGTAAC	ENSG00000218283.2	0	1376
GGAGAGTTGGAGTAAC	ENSG00000143751.10	0	600
GGAGAGTTGGAGTAAC	ENSG00000181218.5	0	556
GGAGAGTTGGAGTAAC	ENSG00000259865.1	0	301
GGAGAGTTCAGATTCG	ENSG00000279457.4	20151	1803
GGAGAGTTCAGATTCG	ENSG00000225630.1	0	33614
GGAGAGTTCAGATTCG	ENSG00000228594.4	0	257
GGAGAGTTCAGATTCG	ENSG00000288398.1	0	2032
GGAGAGTTCAGATTCG	ENSG00000090432.7	45645	9251
GGAGAGTTCAGATTCG	ENSG00000179163.12	58937	3277
GGAGAGTTCAGATTCG	ENSG00000233478.1	0	278
GGAGAGTTCAGATTCG	ENSG00000175793.12	0	278
GGAGAGTTCAGATTCG	ENSG00000158246.8	5449	1746
GGAGAGTTCAGATTCG	ENSG00000225159.1	0	231
GGAGAGTTCAGATTCG	ENSG00000270605.1	0	1200
GGAGAGTTCAGATTCG	ENSG00000175130.7	1699	1728
GGAGAGTTCAGATTCG	ENSG00000243749.1	3294	556
TCCTTGCTCGGTTGTT	ENSG00000279457.4	7335	901
TCCTTGCTCGGTTGTT	ENSG00000225630.1	0	43091
TCCTTGCTCGGTTGTT	ENSG00000198744.5	0	254
TCCTTGCTCGGTTGTT	ENSG00000228594.4	0	600
TCCTTGCTCGGTTGTT	ENSG00000286989.1	0	600
TCCTTGCTCGGTTGTT	ENSG00000231050.1	0	234
TCCTTGCTCGGTTGTT	ENSG00000231789.2	0	900
TCCTTGCTCGGTTGTT	ENSG00000233954.6	0	552
TCCTTGCTCGGTTGTT	ENSG00000272426.1	0	152
TCCTTGCTCGGTTGTT	ENSG00000090432.7	6276	3547
TCCTTGCTCGGTTGTT	ENSG00000179163.12	39753	2700
TCCTTGCTCGGTTGTT	ENSG00000270605.1	0	300
TCCTTGCTCGGTTGTT	ENSG00000243749.1	3294	600
TCCTTGCTCGGTTGTT	ENSG00000286899.1	0	1674
TCCTTGCTCGGTTGTT	ENSG00000116863.11	5735	4682
TCCTTGCTCGGTTGTT	ENSG00000163909.8	0	900
TCCTTGCTCGGTTGTT	ENSG00000116981.4	0	3898
TCCTTGCTCGGTTGTT	ENSG00000117000.9	12987	794
TTGGAACCCGATACTG	ENSG00000279457.4	6776	547
TTGGAACCCGATACTG	ENSG00000225630.1	0	46648
TTGGAACCCGATACTG	ENSG00000171612.7	0	1436
TTGGAACCCGATACTG	ENSG00000288398.1	0	1486
TTGGAACCCGATACTG	ENSG00000090432.7	20009	5698
TTGGAACCCGATACTG	ENSG00000179163.12	39670	3837
TTGGAACCCGATACTG	ENSG00000175130.7	0	900
TTGGAACCCGATACTG	ENSG00000273274.2	0	28266
TTGGAACCCGATACTG	ENSG00000243749.1	3294	554
TTGGAACCCGATACTG	ENSG00000116863.11	9619	7432
TTGGAACCCGATACTG	ENSG00000286379.1	0	278
TTGGAACCCGATACTG	ENSG00000163909.8	0	2099
TTGGAACCCGATACTG	ENSG00000116981.4	0	1795
TTGGAACCCGATACTG	ENSG00000259943.1	0	2348
TTGGAACCCGATACTG	ENSG00000260920.2	0	273
GGAGAGTTGAGAAGGA	ENSG00000225630.1	0	7056
GGAGAGTTGAGAAGGA	ENSG00000228594.4	0	300
GGAGAGTTGAGAAGGA	ENSG00000171612.7	8605	278
GGAGAGTTGAGAAGGA	ENSG00000287756.1	0	300
GGAGAGTTGAGAAGGA	ENSG00000261135.1	0	300
GGAGAGTTGAGAAGGA	ENSG00000090432.7	5627	578
GGAGAGTTGAGAAGGA	ENSG00000130766.5	0	300
GGAGAGTTGAGAAGGA	ENSG00000279443.1	0	300
GGAGAGTTGAGAAGGA	ENSG00000237934.1	222	190
GGAGAGTTGAGAAGGA	ENSG00000175130.7	0	600
GGAGAGTTGAGAAGGA	ENSG00000243749.1	2897	900
GGAGAGTTGAGAAGGA	ENSG00000116863.11	1619	2084
GGAGAGTTGAGAAGGA	ENSG00000117000.9	0	300
GGAGAGTTGAGAAGGA	ENSG00000259943.1	0	600
GGAGAGTTGAGAAGGA	ENSG00000227935.1	0	159
GGAGAGTTGAGAAGGA	ENSG00000233877.2	0	176
GGAGAGTTGAGAAGGA	ENSG00000116704.8	4937	596
GGAGAGTTGAGAAGGA	ENSG00000066557.6	16718	300
GGAGAGTTGAGAAGGA	ENSG00000137970.7	0	815
GGAGAGTTGAGAAGGA	ENSG00000065135.12	44205	1755
GGAGAGTTGAGAAGGA	ENSG00000213281.5	0	900
GGAGAGTTGAGAAGGA	ENSG00000175658.4	0	300
GGAGAGTTGAGAAGGA	ENSG00000215784.6	3941	600
GGAGAGTTGAGAAGGA	ENSG00000177144.8	0	300
GGAGAGTTGAGAAGGA	ENSG00000132718.9	0	300
GGAGAGTTGAGAAGGA	ENSG00000143333.7	1739	482
GGAGAGTTGAGAAGGA	ENSG00000183155.5	0	600
GGAGAGTTGAGAAGGA	ENSG00000158615.9	0	2078
GGAGAGTTGAGAAGGA	ENSG00000218283.2	0	1126
GGAGAGTTGAGAAGGA	ENSG00000143751.10	17694	6198
GGAGAGTTGAGAAGGA	ENSG00000143653.10	27153	600
GGAGAGTTGAGAAGGA	ENSG00000259865.1	0	600
GCATGTCTCAATGGAC	ENSG00000279457.4	8312	884
GCATGTCTCAATGGAC	ENSG00000225630.1	0	46169
GCATGTCTCAATGGAC	ENSG00000228594.4	0	300
GCATGTCTCAATGGAC	ENSG00000241563.4	1054	300
GCATGTCTCAATGGAC	ENSG00000233954.6	0	269
GCATGTCTCAATGGAC	ENSG00000261135.1	0	278
GCATGTCTCAATGGAC	ENSG00000090432.7	5893	6508
GCATGTCTCAATGGAC	ENSG00000179163.12	91159	6822
GCATGTCTCAATGGAC	ENSG00000175130.7	849	2902
GCATGTCTCAATGGAC	ENSG00000273274.2	0	899
GCATGTCTCAATGGAC	ENSG00000243749.1	6588	1178
GCATGTCTCAATGGAC	ENSG00000116863.11	8104	5398
GCATGTCTGAGGTTAG	ENSG00000279457.4	659	216
GCATGTCTGAGGTTAG	ENSG00000225630.1	0	30273
GCATGTCTGAGGTTAG	ENSG00000228594.4	0	600
GCATGTCTGAGGTTAG	ENSG00000286989.1	0	300
GCATGTCTGAGGTTAG	ENSG00000171612.7	40838	600
GCATGTCTGAGGTTAG	ENSG00000231789.2	6199	278
GCATGTCTGAGGTTAG	ENSG00000288398.1	0	1800
GCATGTCTGAGGTTAG	ENSG00000270728.1	148	62
GCATGTCTGAGGTTAG	ENSG00000090432.7	7574	2058
GCATGTCTGAGGTTAG	ENSG00000179163.12	68447	5045
GCATGTCTGAGGTTAG	ENSG00000284602.1	0	300
GCATGTCTGAGGTTAG	ENSG00000225643.1	0	266
GCATGTCTGAGGTTAG	ENSG00000158246.8	0	900
GCATGTCTGAGGTTAG	ENSG00000228589.3	0	299
GCATGTCTGAGGTTAG	ENSG00000270605.1	0	2044
GCATGTCTGAGGTTAG	ENSG00000175130.7	0	285
GCATGTCTGAGGTTAG	ENSG00000243749.1	2500	1177
GCATGTCTGAGGTTAG	ENSG00000116863.11	9273	2889
GCATGTCTGAGGTTAG	ENSG00000163909.8	0	278
GCATGTCTGAGGTTAG	ENSG00000117000.9	12399	3296
GCATGTCTGAGGTTAG	ENSG00000260920.2	0	300
GCATGTCTGAGGTTAG	ENSG00000224751.2	0	600
GCATGTCTGAGGTTAG	ENSG00000169213.7	0	878
GCATGTCTGAGGTTAG	ENSG00000228407.2	0	204
GCATGTCTGAGGTTAG	ENSG00000162396.6	0	199
CTCAACAGCGATACTG	ENSG00000225630.1	0	15256
CTCAACAGCGATACTG	ENSG00000171612.7	34420	1478
CTCAACAGCGATACTG	ENSG00000261135.1	0	278
CTCAACAGCGATACTG	ENSG00000090432.7	5244	578
CTCAACAGCGATACTG	ENSG00000179163.12	7792	568
CTCAACAGCGATACTG	ENSG00000284602.1	0	1564
CTCAACAGCGATACTG	ENSG00000228589.3	0	507
CTCAACAGCGATACTG	ENSG00000175130.7	849	577
CTCAACAGCGATACTG	ENSG00000273274.2	9275	300
CTCAACAGCGATACTG	ENSG00000243749.1	2897	878
CTCAACAGCGATACTG	ENSG00000116863.11	4137	2700
CTCAACAGCGATACTG	ENSG00000116981.4	0	300
CTCAACAGCGATACTG	ENSG00000259943.1	0	1500
CTCAACAGCGATACTG	ENSG00000169213.7	0	591
CTCAACAGCGATACTG	ENSG00000162396.6	10540	2075
CTCAACAGCGATACTG	ENSG00000066557.6	21203	1200
CTCAACAGCGATACTG	ENSG00000226084.5	0	128
CTCAACAGCGATACTG	ENSG00000223896.2	0	600
CTCAACAGCGATACTG	ENSG00000137970.7	0	1413
TCCAAGTCGGAGTAAC	ENSG00000279457.4	6599	390
TCCAAGTCGGAGTAAC	ENSG00000225630.1	0	20140
TCCAAGTCGGAGTAAC	ENSG00000228594.4	0	278
TCCAAGTCGGAGTAAC	ENSG00000171612.7	4257	705
TCCAAGTCGGAGTAAC	ENSG00000231789.2	0	277
TCCAAGTCGGAGTAAC	ENSG00000090432.7	2713	1433
TCCAAGTCGGAGTAAC	ENSG00000270605.1	0	1200
TCCAAGTCGGAGTAAC	ENSG00000231468.2	97	116
TCCAAGTCGGAGTAAC	ENSG00000175130.7	0	278
TCCAAGTCGGAGTAAC	ENSG00000116863.11	3340	870
TCCAAGTCGGAGTAAC	ENSG00000116981.4	2086	263
TCCAAGTCGGAGTAAC	ENSG00000259943.1	0	300
TCCAAGTCGGAGTAAC	ENSG00000169213.7	0	290
TCCAAGTCGGAGTAAC	ENSG00000066557.6	4184	300
TCCAAGTCGGAGTAAC	ENSG00000143032.8	0	278
TCCAAGTCGGAGTAAC	ENSG00000137970.7	0	792
TCCAAGTCGGAGTAAC	ENSG00000244716.3	0	185
TCCAAGTCGGAGTAAC	ENSG00000065135.12	75158	1104
TCCAAGTCGGAGTAAC	ENSG00000213281.5	4551	278
TCCAAGTCGGAGTAAC	ENSG00000271427.1	0	202
TCCAAGTCGGAGTAAC	ENSG00000163344.6	1088	248
TCCAAGTCGGAGTAAC	ENSG00000271267.1	0	189
TCCAAGTCGGAGTAAC	ENSG00000162783.11	0	856
TCCAAGTCGGAGTAAC	ENSG00000158615.9	0	600
TCCAAGTCGGAGTAAC	ENSG00000235363.1	0	183
TCCAAGTCGGAGTAAC	ENSG00000218283.2	0	518
TCCAAGTCGGAGTAAC	ENSG00000143751.10	0	1754
TCCAAGTCGGAGTAAC	ENSG00000116574.6	0	1112
TCCAAGTCGGAGTAAC	ENSG00000259865.1	0	900
TCCAAGTCCAGATTCG	ENSG00000279457.4	483	834
TCCAAGTCCAGATTCG	ENSG00000225972.1	0	204
TCCAAGTCCAGATTCG	ENSG00000225630.1	0	52297
TCCAAGTCCAGATTCG	ENSG00000176022.7	0	300
TCCAAGTCCAGATTCG	ENSG00000171612.7	165	969
TCCAAGTCCAGATTCG	ENSG00000288398.1	0	3570
TCCAAGTCCAGATTCG	ENSG00000090432.7	649	2373
TCCAAGTCCAGATTCG	ENSG00000179163.12	5938	2036
TCCAAGTCCAGATTCG	ENSG00000230228.2	0	1048
TCCAAGTCCAGATTCG	ENSG00000232298.2	118	152
TCCAAGTCCAGATTCG	ENSG00000225159.1	0	528
TCCAAGTCCAGATTCG	ENSG00000279443.1	0	814
TCCAAGTCCAGATTCG	ENSG00000175130.7	0	2977
TCCAAGTCCAGATTCG	ENSG00000243749.1	7441	1200
TCCAAGTCCAGATTCG	ENSG00000116863.11	10406	7128
TCCAAGTCCAGATTCG	ENSG00000116981.4	0	2374
TCCAAGTCCAGATTCG	ENSG00000117000.9	28983	424
TCCAAGTCCAGATTCG	ENSG00000260920.2	0	279
TACCGATGCCATCCAA	ENSG00000279457.4	58	187
TACCGATGCCATCCAA	ENSG00000225972.1	0	236
TACCGATGCCATCCAA	ENSG00000225630.1	0	36609
TACCGATGCCATCCAA	ENSG00000198744.5	0	214
TACCGATGCCATCCAA	ENSG00000272455.1	0	278
TACCGATGCCATCCAA	ENSG00000231789.2	0	278
TACCGATGCCATCCAA	ENSG00000233954.6	0	278
TACCGATGCCATCCAA	ENSG00000288398.1	0	834
TACCGATGCCATCCAA	ENSG00000261135.1	0	600
TACCGATGCCATCCAA	ENSG00000158748.4	0	278
TACCGATGCCATCCAA	ENSG00000090432.7	8606	5956
TACCGATGCCATCCAA	ENSG00000179163.12	22919	1500
TACCGATGCCATCCAA	ENSG00000237934.1	106	492
TACCGATGCCATCCAA	ENSG00000175130.7	1698	1134
TACCGATGCCATCCAA	ENSG00000116863.11	2663	3572
TACCGATGCCATCCAA	ENSG00000116981.4	0	1500
TACCGATGCCATCCAA	ENSG00000117000.9	0	278
TACCGATGCCATCCAA	ENSG00000169213.7	0	300
TACCGATGCCATCCAA	ENSG00000162396.6	0	300
TACCGATGCCATCCAA	ENSG00000066557.6	31842	3233
TACCGATGCCATCCAA	ENSG00000280099.1	0	1180
AAGCCGTTCATGCTTC	ENSG00000225630.1	0	31572
AAGCCGTTCATGCTTC	ENSG00000198744.5	0	289
AAGCCGTTCATGCTTC	ENSG00000176022.7	0	300
AAGCCGTTCATGCTTC	ENSG00000231050.1	0	556
AAGCCGTTCATGCTTC	ENSG00000269978.1	0	211
AAGCCGTTCATGCTTC	ENSG00000171612.7	11592	834
AAGCCGTTCATGCTTC	ENSG00000233954.6	0	556
AAGCCGTTCATGCTTC	ENSG00000158748.4	0	300
AAGCCGTTCATGCTTC	ENSG00000090432.7	1948	1151
AAGCCGTTCATGCTTC	ENSG00000179163.12	53023	4168
AAGCCGTTCATGCTTC	ENSG00000233478.1	0	278
AAGCCGTTCATGCTTC	ENSG00000175130.7	0	278
AAGCCGTTCATGCTTC	ENSG00000243749.1	2897	300
AAGCCGTTCATGCTTC	ENSG00000116863.11	9721	4671
AAGCCGTTCATGCTTC	ENSG00000116981.4	0	299
AAGCCGTTCATGCTTC	ENSG00000117000.9	0	278
AAGCCGTTCATGCTTC	ENSG00000169213.7	0	300
AAGCCGTTCATGCTTC	ENSG00000259818.1	0	578
AAGCCGTTCATGCTTC	ENSG00000066557.6	171897	8021
AAGCCGTTCATGCTTC	ENSG00000226415.1	0	199
AAGCCGTTCATGCTTC	ENSG00000226084.5	0	248
AAGCCGTTCATGCTTC	ENSG00000280099.1	0	1738
AAGCCGTTCATGCTTC	ENSG00000225505.1	0	213
TCCAAGTCCGGTTGTT	ENSG00000279457.4	6537	311
TCCAAGTCCGGTTGTT	ENSG00000225630.1	0	44710
TCCAAGTCCGGTTGTT	ENSG00000198744.5	0	244
TCCAAGTCCGGTTGTT	ENSG00000176022.7	0	878
TCCAAGTCCGGTTGTT	ENSG00000286989.1	92	508
TCCAAGTCCGGTTGTT	ENSG00000171612.7	26298	2273
TCCAAGTCCGGTTGTT	ENSG00000231789.2	0	278
TCCAAGTCCGGTTGTT	ENSG00000233954.6	0	269
TCCAAGTCCGGTTGTT	ENSG00000090432.7	9255	3810
TCCAAGTCCGGTTGTT	ENSG00000183114.8	0	300
TCCAAGTCCGGTTGTT	ENSG00000179546.5	0	600
TCCAAGTCCGGTTGTT	ENSG00000179163.12	23241	3443
TCCAAGTCCGGTTGTT	ENSG00000130766.5	0	278
TCCAAGTCCGGTTGTT	ENSG00000237934.1	609	586
TCCAAGTCCGGTTGTT	ENSG00000175130.7	2547	2910
TCCAAGTCCGGTTGTT	ENSG00000243749.1	11529	3378
TCCAAGTCCGGTTGTT	ENSG00000116863.11	3797	2400
TCCAAGTCCGGTTGTT	ENSG00000163909.8	0	1178
TCCAAGTCCGGTTGTT	ENSG00000117000.9	14243	4500
TCCAAGTCCGGTTGTT	ENSG00000259943.1	0	4068
TCCAAGTCCGGTTGTT	ENSG00000260920.2	0	278
TCCAAGTCCGGTTGTT	ENSG00000237950.3	643	1646
TCCTTGCTGAGAAGGA	ENSG00000225630.1	0	15907
TCCTTGCTGAGAAGGA	ENSG00000176022.7	0	1200
TCCTTGCTGAGAAGGA	ENSG00000228594.4	0	578
TCCTTGCTGAGAAGGA	ENSG00000171612.7	0	254
TCCTTGCTGAGAAGGA	ENSG00000261135.1	0	507
TCCTTGCTGAGAAGGA	ENSG00000090432.7	0	878
TCCTTGCTGAGAAGGA	ENSG00000179163.12	92840	5291
TCCTTGCTGAGAAGGA	ENSG00000228589.3	0	300
TCCTTGCTGAGAAGGA	ENSG00000270605.1	0	1147
TCCTTGCTGAGAAGGA	ENSG00000130766.5	12243	834
TCCTTGCTGAGAAGGA	ENSG00000243749.1	1647	1176
TCCTTGCTGAGAAGGA	ENSG00000116863.11	1645	898
TCCTTGCTGAGAAGGA	ENSG00000117000.9	0	600
TCCTTGCTGAGAAGGA	ENSG00000233406.5	0	600
TCCTTGCTGAGAAGGA	ENSG00000066557.6	48002	4200
TCCTTGCTGAGAAGGA	ENSG00000226415.1	0	116
TCCTTGCTGAGAAGGA	ENSG00000280099.1	0	278
TCCTTGCTGAGAAGGA	ENSG00000223254.1	0	99
TCCTTGCTGAGAAGGA	ENSG00000228175.3	0	300
TCCTTGCTGAGAAGGA	ENSG00000223896.2	0	300
TCCTTGCTGAGAAGGA	ENSG00000137970.7	0	771
TCCTTGCTGAGAAGGA	ENSG00000065135.12	201345	7135
TCCTTGCTGAGAAGGA	ENSG00000273483.1	0	300
TCCTTGCTGAGAAGGA	ENSG00000213281.5	0	1780
TCCTTGCTGAGAAGGA	ENSG00000215784.6	8372	298
TCCTTGCTGAGAAGGA	ENSG00000234367.1	0	253
TCCTTGCTGAGAAGGA	ENSG00000244371.2	0	268
TCCTTGCTGAGAAGGA	ENSG00000203812.2	0	263
TCCTTGCTGAGAAGGA	ENSG00000272196.2	0	278
TCCTTGCTGAGAAGGA	ENSG00000184260.6	0	277
TCCTTGCTGAGAAGGA	ENSG00000272654.1	0	272
TCCTTGCTGAGAAGGA	ENSG00000163344.6	8438	579
TCCTTGCTGAGAAGGA	ENSG00000132718.9	0	858
TCCTTGCTGAGAAGGA	ENSG00000132688.11	0	300
TCCTTGCTGAGAAGGA	ENSG00000215835.2	0	239
TCCTTGCTGAGAAGGA	ENSG00000158615.9	0	600
TCCTTGCTGAGAAGGA	ENSG00000218283.2	0	520
TCCTTGCTGAGAAGGA	ENSG00000143751.10	2586	816
TCCTTGCTGAGAAGGA	ENSG00000181218.5	0	553
TCCTTGCTGAGAAGGA	ENSG00000162851.8	0	277
TCCTTGCTGAGAAGGA	ENSG00000259865.1	0	2531
GGTCTCAAGAGAAGGA	ENSG00000225630.1	0	11691
GGTCTCAAGAGAAGGA	ENSG00000171612.7	0	278
GGTCTCAAGAGAAGGA	ENSG00000233954.6	0	268
GGTCTCAAGAGAAGGA	ENSG00000288398.1	0	300
GGTCTCAAGAGAAGGA	ENSG00000090432.7	0	278
GGTCTCAAGAGAAGGA	ENSG00000179163.12	0	300
GGTCTCAAGAGAAGGA	ENSG00000225159.1	0	300
GGTCTCAAGAGAAGGA	ENSG00000279443.1	0	556
GGTCTCAAGAGAAGGA	ENSG00000175130.7	0	300
GGTCTCAAGAGAAGGA	ENSG00000273274.2	0	300
GGTCTCAAGAGAAGGA	ENSG00000116863.11	2866	1200
GGTCTCAAGAGAAGGA	ENSG00000066557.6	1753	578
GGTCTCAAGAGAAGGA	ENSG00000137970.7	0	529
GGTCTCAAGAGAAGGA	ENSG00000065135.12	28870	2610
GGTCTCAAGAGAAGGA	ENSG00000213281.5	2071	300
GGTCTCAAGAGAAGGA	ENSG00000215784.6	0	278
GGTCTCAAGAGAAGGA	ENSG00000184260.6	0	280
GGTCTCAAGAGAAGGA	ENSG00000163344.6	13430	575
GGTCTCAAGAGAAGGA	ENSG00000236675.1	92	212
GGTCTCAAGAGAAGGA	ENSG00000287336.1	0	600
GGTCTCAAGAGAAGGA	ENSG00000183155.5	0	298
GGTCTCAAGAGAAGGA	ENSG00000158615.9	0	278
GGTCTCAAGAGAAGGA	ENSG00000170385.10	0	278
GGTCTCAAGAGAAGGA	ENSG00000143751.10	0	1456
GGTCTCAAGAGAAGGA	ENSG00000259865.1	0	2322
CAACCTCACAAGAGGT	ENSG00000279457.4	26813	1742
CAACCTCACAAGAGGT	ENSG00000225630.1	0	28399
CAACCTCACAAGAGGT	ENSG00000171612.7	6192	1130
CAACCTCACAAGAGGT	ENSG00000224321.1	0	764
CAACCTCACAAGAGGT	ENSG00000288398.1	0	900
CAACCTCACAAGAGGT	ENSG00000090432.7	649	4448
CAACCTCACAAGAGGT	ENSG00000179163.12	53325	4500
CAACCTCACAAGAGGT	ENSG00000284602.1	0	4127
AAGCCGTTCGATACTG	ENSG00000279457.4	2443	776
AAGCCGTTCGATACTG	ENSG00000225630.1	0	44123
AAGCCGTTCGATACTG	ENSG00000272512.1	0	600
AAGCCGTTCGATACTG	ENSG00000176022.7	0	557
AAGCCGTTCGATACTG	ENSG00000171612.7	0	278
AAGCCGTTCGATACTG	ENSG00000235643.2	162	1593
AAGCCGTTCGATACTG	ENSG00000090432.7	13850	3837
AAGCCGTTCGATACTG	ENSG00000235112.1	188	412
AAGCCGTTCGATACTG	ENSG00000179163.12	33627	2450
AAGCCGTTCGATACTG	ENSG00000130766.5	0	300
AAGCCGTTCGATACTG	ENSG00000175130.7	0	1707
AAGCCGTTCGATACTG	ENSG00000273274.2	5478	1473
AAGCCGTTCGATACTG	ENSG00000243749.1	1647	568
AAGCCGTTCGATACTG	ENSG00000236274.1	0	556
AAGCCGTTCGATACTG	ENSG00000116863.11	5306	2400
AAGCCGTTCGATACTG	ENSG00000117000.9	21521	300
AAGCCGTTCGATACTG	ENSG00000259943.1	0	856
AAGCCGTTCGATACTG	ENSG00000142959.5	0	262
TGACCAAGCCAATCCT	ENSG00000279457.4	1977	710
TGACCAAGCCAATCCT	ENSG00000225630.1	0	25298
TGACCAAGCCAATCCT	ENSG00000176022.7	0	600
TGACCAAGCCAATCCT	ENSG00000171612.7	16643	2958
TGACCAAGCCAATCCT	ENSG00000271264.1	233	231
TGACCAAGCCAATCCT	ENSG00000288398.1	0	3600
TGACCAAGCCAATCCT	ENSG00000090432.7	0	2654
TGACCAAGCCAATCCT	ENSG00000179163.12	45260	3256
TGACCAAGCCAATCCT	ENSG00000270605.1	0	600
TGACCAAGCCAATCCT	ENSG00000175130.7	0	2633
TGACCAAGCCAATCCT	ENSG00000243749.1	0	599
TGACCAAGCCAATCCT	ENSG00000236274.1	234	982
TGACCAAGCCAATCCT	ENSG00000116863.11	1707	1432
TGACCAAGCCAATCCT	ENSG00000116981.4	0	600
TGACCAAGCCAATCCT	ENSG00000117000.9	110553	2035
TGACCAAGCCAATCCT	ENSG00000259943.1	0	600
TGACCAAGCCAATCCT	ENSG00000238287.1	0	71
TGACCAAGCCAATCCT	ENSG00000234694.1	132	146
TGACCAAGCCAATCCT	ENSG00000207194.1	0	95
TGACCAAGCCAATCCT	ENSG00000169213.7	0	300
TGACCAAGCCAATCCT	ENSG00000162396.6	0	1500
TACCGATGCAGATTCG	ENSG00000279457.4	7438	1417
TACCGATGCAGATTCG	ENSG00000225630.1	0	44486
TACCGATGCAGATTCG	ENSG00000272455.1	0	578
TACCGATGCAGATTCG	ENSG00000171612.7	2067	549
TACCGATGCAGATTCG	ENSG00000231789.2	0	278
TACCGATGCAGATTCG	ENSG00000187545.5	0	227
TACCGATGCAGATTCG	ENSG00000287756.1	0	278
TACCGATGCAGATTCG	ENSG00000288398.1	0	600
TACCGATGCAGATTCG	ENSG00000090432.7	12552	2637
TACCGATGCAGATTCG	ENSG00000179546.5	0	298
TACCGATGCAGATTCG	ENSG00000179163.12	20413	2087
TACCGATGCAGATTCG	ENSG00000228589.3	0	616
TACCGATGCAGATTCG	ENSG00000231468.2	0	720
TACCGATGCAGATTCG	ENSG00000279443.1	0	901
TACCGATGCAGATTCG	ENSG00000175130.7	0	565
TACCGATGCAGATTCG	ENSG00000273274.2	0	1796
TACCGATGCAGATTCG	ENSG00000243749.1	20411	5695
TACCGATGCAGATTCG	ENSG00000116863.11	5164	2994
TACCGATGCAGATTCG	ENSG00000117000.9	15453	1193
TACCGATGCAGATTCG	ENSG00000169213.7	0	1169
TACCGATGCAGATTCG	ENSG00000224680.4	0	297
TACCGATGCAGATTCG	ENSG00000066557.6	149794	5077
TACCGATGCAGATTCG	ENSG00000226415.1	0	300
TACCGATGCAGATTCG	ENSG00000271576.1	0	300
TACCGATGCAGATTCG	ENSG00000223896.2	0	900
TACCGATGCAGATTCG	ENSG00000137970.7	0	3195
TACCGATGCAGATTCG	ENSG00000065135.12	153326	13795
TACCGATGCAGATTCG	ENSG00000260948.1	0	300
TACCGATGCAGATTCG	ENSG00000235299.2	0	221
TACCGATGGGAGTAAC	ENSG00000279457.4	15993	1822
TACCGATGGGAGTAAC	ENSG00000225630.1	0	23752
TACCGATGGGAGTAAC	ENSG00000224969.1	726	654
TACCGATGGGAGTAAC	ENSG00000288398.1	0	598
TACCGATGGGAGTAAC	ENSG00000090432.7	6276	2978
TACCGATGGGAGTAAC	ENSG00000179163.12	36630	5098
TACCGATGGGAGTAAC	ENSG00000270605.1	0	294
TACCGATGGGAGTAAC	ENSG00000130766.5	1474	300
TACCGATGGGAGTAAC	ENSG00000237934.1	325	575
TACCGATGGGAGTAAC	ENSG00000243749.1	4544	1177
TACCGATGGGAGTAAC	ENSG00000116863.11	8096	3558
TACCGATGGGAGTAAC	ENSG00000117000.9	0	1478
TACCGATGGGAGTAAC	ENSG00000259943.1	0	1478
TACCGATGGGAGTAAC	ENSG00000224751.2	0	300
TACCGATGGGAGTAAC	ENSG00000237950.3	0	1200
TACCGATGGGAGTAAC	ENSG00000169213.7	0	300
TACCGATGGGAGTAAC	ENSG00000116704.8	0	2098
TACCGATGGGAGTAAC	ENSG00000066557.6	177155	9576
TACCGATGGGAGTAAC	ENSG00000226415.1	0	219
TACCGATGGGAGTAAC	ENSG00000280099.1	0	896
TACCGATGGGAGTAAC	ENSG00000223896.2	0	2303
TCCAAGTCCCATCCAA	ENSG00000279457.4	13338	733
TCCAAGTCCCATCCAA	ENSG00000225630.1	0	36743
TCCAAGTCCCATCCAA	ENSG00000231050.1	0	246
TCCAAGTCCCATCCAA	ENSG00000238260.1	1113	503
TCCAAGTCCCATCCAA	ENSG00000171612.7	23006	888
TCCAAGTCCCATCCAA	ENSG00000233954.6	0	278
TCCAAGTCCCATCCAA	ENSG00000288398.1	0	1478
TCCAAGTCCCATCCAA	ENSG00000090432.7	0	2888
TCCAAGTCCCATCCAA	ENSG00000179163.12	0	556
TCCAAGTCCCATCCAA	ENSG00000270605.1	0	291
TCCAAGTCCCATCCAA	ENSG00000279443.1	0	1774
TCCAAGTCCCATCCAA	ENSG00000237329.2	0	878
TCCAAGTCCCATCCAA	ENSG00000175130.7	0	1734
TCCAAGTCCCATCCAA	ENSG00000273274.2	0	532
TCCAAGTCCCATCCAA	ENSG00000243749.1	2897	600
TCCAAGTCCCATCCAA	ENSG00000116863.11	16018	3629
TCCAAGTCCCATCCAA	ENSG00000117000.9	80016	2847
TCCAAGTCCCATCCAA	ENSG00000259943.1	0	1500
TCCAAGTCCCATCCAA	ENSG00000237950.3	0	298
TCCAAGTCCCATCCAA	ENSG00000233877.2	0	269
TCCAAGTCCCATCCAA	ENSG00000116704.8	0	300
CAACCTCAGGCGTTAA	ENSG00000225630.1	0	12105
CAACCTCAGGCGTTAA	ENSG00000198744.5	0	253
CAACCTCAGGCGTTAA	ENSG00000228594.4	0	278
CAACCTCAGGCGTTAA	ENSG00000270035.1	0	222
CAACCTCAGGCGTTAA	ENSG00000233954.6	0	278
CAACCTCAGGCGTTAA	ENSG00000090432.7	649	2063
CAACCTCAGGCGTTAA	ENSG00000179163.12	0	300
CAACCTCAGGCGTTAA	ENSG00000116863.11	1346	1499
CAACCTCAGGCGTTAA	ENSG00000117000.9	0	300
CAACCTCAGGCGTTAA	ENSG00000162396.6	5270	578
CAACCTCAGGCGTTAA	ENSG00000116704.8	0	900
CAACCTCAGGCGTTAA	ENSG00000066557.6	32764	2358
CAACCTCAGGCGTTAA	ENSG00000226415.1	0	284
CAACCTCAGGCGTTAA	ENSG00000223896.2	0	1464
CAACCTCAGGCGTTAA	ENSG00000260464.1	0	298
CAACCTCAGGCGTTAA	ENSG00000137970.7	0	1547
CAACCTCAGGCGTTAA	ENSG00000065135.12	139344	11796
CAACCTCAGGCGTTAA	ENSG00000201028.1	0	52
CAACCTCAGGCGTTAA	ENSG00000213281.5	12727	3860
CAACCTCAGGCGTTAA	ENSG00000286019.1	8195	300
CAACCTCAGGCGTTAA	ENSG00000163344.6	9526	578
CAACCTCAGGCGTTAA	ENSG00000236675.1	92	278
CAACCTCAGGCGTTAA	ENSG00000162783.11	0	298
CAACCTCAGGCGTTAA	ENSG00000158615.9	0	1191
CAACCTCAGGCGTTAA	ENSG00000277007.1	0	300
CAACCTCAGGCGTTAA	ENSG00000218283.2	0	1116
CAACCTCAGGCGTTAA	ENSG00000143751.10	10482	4487
CAACCTCAGGCGTTAA	ENSG00000228625.1	101	82
CAACCTCAGGCGTTAA	ENSG00000116574.6	0	600
CAACCTCAGGCGTTAA	ENSG00000143653.10	2956	300
CAACCTCAGGCGTTAA	ENSG00000259865.1	0	2400
TGACCAAGCCACATAG	ENSG00000279457.4	6566	239
TGACCAAGCCACATAG	ENSG00000225630.1	0	23086
TGACCAAGCCACATAG	ENSG00000272512.1	0	300
TGACCAAGCCACATAG	ENSG00000176022.7	0	556
TGACCAAGCCACATAG	ENSG00000288398.1	0	578
TGACCAAGCCACATAG	ENSG00000261135.1	0	825
TGACCAAGCCACATAG	ENSG00000090432.7	0	300
TGACCAAGCCACATAG	ENSG00000179163.12	2475	300
TGACCAAGCCACATAG	ENSG00000175130.7	0	600
TGACCAAGCCACATAG	ENSG00000116863.11	1752	2678
TGACCAAGCCACATAG	ENSG00000286379.1	102	199
TGACCAAGCCACATAG	ENSG00000163909.8	0	578
TGACCAAGCCACATAG	ENSG00000260920.2	0	278
TGACCAAGCCACATAG	ENSG00000237424.1	0	300
TGACCAAGCCACATAG	ENSG00000186564.6	0	278
TGACCAAGCCACATAG	ENSG00000169213.7	0	878
TGACCAAGCCACATAG	ENSG00000066557.6	44249	3066
TGACCAAGCCACATAG	ENSG00000137970.7	0	774
TGACCAAGCCACATAG	ENSG00000244716.3	0	265
TGACCAAGCCACATAG	ENSG00000065135.12	30084	3000
TGACCAAGCCACATAG	ENSG00000213281.5	21309	4386
TGACCAAGCCACATAG	ENSG00000263590.2	0	300
TGACCAAGCCACATAG	ENSG00000215784.6	8371	1176
TGACCAAGCCACATAG	ENSG00000184260.6	0	560
TGACCAAGCCACATAG	ENSG00000272654.1	0	277
TGACCAAGCCACATAG	ENSG00000163344.6	5263	278
TGACCAAGCCACATAG	ENSG00000132688.11	0	278
TGACCAAGCCACATAG	ENSG00000224358.1	101	177
TGACCAAGCCACATAG	ENSG00000143184.5	3364	289
TGACCAAGCCACATAG	ENSG00000162783.11	0	579
TGACCAAGCCACATAG	ENSG00000183155.5	38745	2100
TGACCAAGCCACATAG	ENSG00000158615.9	0	1200
TGACCAAGCCACATAG	ENSG00000235363.1	0	251
TGACCAAGCCACATAG	ENSG00000284237.1	0	577
TGACCAAGCCACATAG	ENSG00000170385.10	0	300
TGACCAAGCCACATAG	ENSG00000220749.4	0	264
TGACCAAGCCACATAG	ENSG00000218283.2	0	244
TGACCAAGCCACATAG	ENSG00000143751.10	2372	882
TGACCAAGCCACATAG	ENSG00000162851.8	12199	576
TGACCAAGCCACATAG	ENSG00000143653.10	1700	300
TGACCAAGCCACATAG	ENSG00000259865.1	0	7502
TTGGAACCCATGCTTC	ENSG00000279457.4	12927	485
TTGGAACCCATGCTTC	ENSG00000225630.1	0	18731
TTGGAACCCATGCTTC	ENSG00000176022.7	0	300
TTGGAACCCATGCTTC	ENSG00000228594.4	0	300
TTGGAACCCATGCTTC	ENSG00000158292.7	0	300
TTGGAACCCATGCTTC	ENSG00000171612.7	20421	298
TTGGAACCCATGCTTC	ENSG00000231789.2	0	556
TTGGAACCCATGCTTC	ENSG00000288398.1	0	578
TTGGAACCCATGCTTC	ENSG00000090432.7	0	1200
TTGGAACCCATGCTTC	ENSG00000179163.12	56525	6268
TTGGAACCCATGCTTC	ENSG00000130766.5	1230	300
TTGGAACCCATGCTTC	ENSG00000237934.1	111	95
TTGGAACCCATGCTTC	ENSG00000175130.7	0	2099
TTGGAACCCATGCTTC	ENSG00000273274.2	10956	895
TTGGAACCCATGCTTC	ENSG00000243749.1	1261	589
TTGGAACCCATGCTTC	ENSG00000116863.11	6421	5102
TTGGAACCCATGCTTC	ENSG00000185668.8	0	870
TTGGAACCCATGCTTC	ENSG00000116981.4	0	1200
TTGGAACCCATGCTTC	ENSG00000117000.9	0	2678
AAGAGACGGGCCTATA	ENSG00000279457.4	116	162
AAGAGACGGGCCTATA	ENSG00000225630.1	0	25541
AAGAGACGGGCCTATA	ENSG00000223663.2	0	152
AAGAGACGGGCCTATA	ENSG00000228594.4	0	300
AAGAGACGGGCCTATA	ENSG00000171612.7	16374	300
AAGAGACGGGCCTATA	ENSG00000231789.2	0	278
AAGAGACGGGCCTATA	ENSG00000288398.1	0	278
AAGAGACGGGCCTATA	ENSG00000261135.1	0	278
AAGAGACGGGCCTATA	ENSG00000090432.7	10222	2700
AAGAGACGGGCCTATA	ENSG00000179163.12	18806	1775
AAGAGACGGGCCTATA	ENSG00000233478.1	0	278
AAGAGACGGGCCTATA	ENSG00000181773.7	0	300
AAGAGACGGGCCTATA	ENSG00000130766.5	1344	1178
AAGAGACGGGCCTATA	ENSG00000175130.7	849	2304
AAGAGACGGGCCTATA	ENSG00000243749.1	0	277
AAGAGACGGGCCTATA	ENSG00000286899.1	0	278
AAGAGACGGGCCTATA	ENSG00000117000.9	24092	893
AAGAGACGGGCCTATA	ENSG00000259943.1	0	578
AAGAGACGGGCCTATA	ENSG00000169213.7	0	1724
AAGAGACGGGCCTATA	ENSG00000116704.8	0	288
AAGAGACGGGCCTATA	ENSG00000066557.6	19299	600
AAGAGACGGGCCTATA	ENSG00000271576.1	0	278
AAGAGACGGGCCTATA	ENSG00000137970.7	0	2086
AAGAGACGGGCCTATA	ENSG00000244716.3	0	212
AAGAGACGGGCCTATA	ENSG00000065135.12	74637	3578
AAGAGACGGGCCTATA	ENSG00000238198.2	0	556
AAGAGACGGGCCTATA	ENSG00000213281.5	9276	2057
AAGAGACGGGCCTATA	ENSG00000277702.1	370	183
AAGAGACGGGCCTATA	ENSG00000215784.6	8371	300
AAGAGACGGGCCTATA	ENSG00000286019.1	0	230
AAGAGACGGGCCTATA	ENSG00000184260.6	0	277
AAGAGACGGGCCTATA	ENSG00000236675.1	276	784
AAGAGACGGGCCTATA	ENSG00000143333.7	1318	1111
TACCGATGCGGTTGTT	ENSG00000279457.4	6599	406
TACCGATGCGGTTGTT	ENSG00000225630.1	0	51335
TACCGATGCGGTTGTT	ENSG00000176022.7	0	278
TACCGATGCGGTTGTT	ENSG00000171612.7	0	1178
TACCGATGCGGTTGTT	ENSG00000233954.6	0	279
TACCGATGCGGTTGTT	ENSG00000090432.7	4595	2311
TACCGATGCGGTTGTT	ENSG00000270605.1	0	278
TACCGATGCGGTTGTT	ENSG00000130766.5	114	1416
TACCGATGCGGTTGTT	ENSG00000175130.7	4245	3121
TACCGATGCGGTTGTT	ENSG00000273274.2	5478	862
TACCGATGCGGTTGTT	ENSG00000243749.1	5794	600
TACCGATGCGGTTGTT	ENSG00000116863.11	2405	2027
TACCGATGCGGTTGTT	ENSG00000117000.9	0	1200
TACCGATGCGGTTGTT	ENSG00000259943.1	0	277
TACCGATGCGGTTGTT	ENSG00000233406.5	0	602
TACCGATGCGGTTGTT	ENSG00000116704.8	37557	300
TACCGATGCGGTTGTT	ENSG00000066557.6	2092	878
TACCGATGCGGTTGTT	ENSG00000226084.5	0	243
TACCGATGCGGTTGTT	ENSG00000273487.1	263	1837
TACCGATGCGGTTGTT	ENSG00000137970.7	0	2575
TACCGATGCGGTTGTT	ENSG00000065135.12	65272	5007
TACCGATGCGGTTGTT	ENSG00000238198.2	0	300
TGACCAAGCGAATTGG	ENSG00000279457.4	14685	1378
TGACCAAGCGAATTGG	ENSG00000225630.1	0	53170
TGACCAAGCGAATTGG	ENSG00000176022.7	0	900
TGACCAAGCGAATTGG	ENSG00000229393.1	114	186
TGACCAAGCGAATTGG	ENSG00000158292.7	0	900
TGACCAAGCGAATTGG	ENSG00000171612.7	0	300
TGACCAAGCGAATTGG	ENSG00000241563.4	0	300
TGACCAAGCGAATTGG	ENSG00000207451.1	0	126
TGACCAAGCGAATTGG	ENSG00000162490.7	0	600
TGACCAAGCGAATTGG	ENSG00000233954.6	0	550
TGACCAAGCGAATTGG	ENSG00000288398.1	0	278
TGACCAAGCGAATTGG	ENSG00000158748.4	0	286
TGACCAAGCGAATTGG	ENSG00000090432.7	16764	4091
TGACCAAGCGAATTGG	ENSG00000235112.1	17	154
TGACCAAGCGAATTGG	ENSG00000179163.12	115033	10367
TGACCAAGCGAATTGG	ENSG00000284602.1	0	900
TGACCAAGCGAATTGG	ENSG00000225159.1	0	227
GCATGTCTGAACCTGT	ENSG00000225630.1	0	20093
GCATGTCTGAACCTGT	ENSG00000176022.7	0	578
GCATGTCTGAACCTGT	ENSG00000200344.1	0	162
GCATGTCTGAACCTGT	ENSG00000171612.7	2064	2356
GCATGTCTGAACCTGT	ENSG00000233954.6	0	852
GCATGTCTGAACCTGT	ENSG00000288398.1	0	600
GCATGTCTGAACCTGT	ENSG00000090432.7	12286	3551
GCATGTCTGAACCTGT	ENSG00000229010.1	0	291
GCATGTCTGAACCTGT	ENSG00000179163.12	20888	1770
GCATGTCTGAACCTGT	ENSG00000203325.3	0	303
GCATGTCTGAACCTGT	ENSG00000175130.7	1698	1959
GCATGTCTGAACCTGT	ENSG00000273274.2	0	2100
GCATGTCTGAACCTGT	ENSG00000243749.1	6647	1402
GCATGTCTGAACCTGT	ENSG00000286899.1	0	300
GCATGTCTGAACCTGT	ENSG00000116863.11	3558	1729
GCATGTCTGAACCTGT	ENSG00000116981.4	0	300
GCATGTCTGAACCTGT	ENSG00000259943.1	0	300
GCATGTCTGAACCTGT	ENSG00000285041.1	3264	300
GCATGTCTGAACCTGT	ENSG00000066557.6	26974	1796
GCATGTCTGAACCTGT	ENSG00000271576.1	0	300
GCATGTCTGAACCTGT	ENSG00000280099.1	0	1156
GCATGTCTGAACCTGT	ENSG00000225505.1	0	300
GCATGTCTGAACCTGT	ENSG00000137970.7	0	783
GCATGTCTGAACCTGT	ENSG00000065135.12	106958	7233
GCATGTCTGAACCTGT	ENSG00000213281.5	0	1468
GCATGTCTGAACCTGT	ENSG00000143067.5	0	580
GCATGTCTGAACCTGT	ENSG00000215784.6	12347	856
GCATGTCTGAACCTGT	ENSG00000177144.8	0	300
GCATGTCTGAACCTGT	ENSG00000236675.1	276	647
GCATGTCTGAACCTGT	ENSG00000132718.9	0	1200
GCATGTCTGAACCTGT	ENSG00000231905.2	0	194
GCATGTCTGAACCTGT	ENSG00000225711.1	113	187
CTCAACAGCATGCTTC	ENSG00000225630.1	0	18226
CTCAACAGCATGCTTC	ENSG00000272455.1	0	270
CTCAACAGCATGCTTC	ENSG00000231050.1	0	300
CTCAACAGCATGCTTC	ENSG00000171612.7	4128	900
CTCAACAGCATGCTTC	ENSG00000233954.6	0	816
CTCAACAGCATGCTTC	ENSG00000090432.7	4660	5361
CTCAACAGCATGCTTC	ENSG00000179163.12	19911	899
CTCAACAGCATGCTTC	ENSG00000284657.1	0	164
CTCAACAGCATGCTTC	ENSG00000270605.1	0	300
CTCAACAGCATGCTTC	ENSG00000175130.7	0	278
CTCAACAGCATGCTTC	ENSG00000273274.2	0	291
CTCAACAGCATGCTTC	ENSG00000116863.11	84	899
CTCAACAGCATGCTTC	ENSG00000116981.4	0	300
CTCAACAGCATGCTTC	ENSG00000117000.9	0	278
CTCAACAGCATGCTTC	ENSG00000259943.1	0	900
CTCAACAGCATGCTTC	ENSG00000116704.8	0	2025
CTCAACAGCATGCTTC	ENSG00000287283.1	146	454
CTCAACAGCATGCTTC	ENSG00000066557.6	139981	4456
CTCAACAGCATGCTTC	ENSG00000267734.1	0	300
CTCAACAGCATGCTTC	ENSG00000137970.7	0	1284
CTCAACAGCATGCTTC	ENSG00000228076.2	0	300
CTCAACAGCATGCTTC	ENSG00000065135.12	192392	11527
CTCAACAGCATGCTTC	ENSG00000238198.2	0	600
CTCAACAGCATGCTTC	ENSG00000213281.5	11653	4115
CTCAACAGCATGCTTC	ENSG00000183508.5	0	300
CTCAACAGCATGCTTC	ENSG00000215784.6	12312	504
AAGCCGTTCAATGGAC	ENSG00000279457.4	6772	548
AAGCCGTTCAATGGAC	ENSG00000225630.1	0	16882
AAGCCGTTCAATGGAC	ENSG00000176022.7	0	1500
AAGCCGTTCAATGGAC	ENSG00000205116.4	0	600
AAGCCGTTCAATGGAC	ENSG00000287828.1	9370	208
AAGCCGTTCAATGGAC	ENSG00000231789.2	0	553
AAGCCGTTCAATGGAC	ENSG00000233954.6	0	300
AAGCCGTTCAATGGAC	ENSG00000288398.1	0	4726
AAGCCGTTCAATGGAC	ENSG00000186301.8	124	239
AAGCCGTTCAATGGAC	ENSG00000090432.7	9320	11342
AAGCCGTTCAATGGAC	ENSG00000179163.12	140163	11640
AAGCCGTTCAATGGAC	ENSG00000158246.8	0	900
AAGCCGTTCAATGGAC	ENSG00000130766.5	10021	2672
AAGCCGTTGAGGTTAG	ENSG00000279457.4	11287	2751
AAGCCGTTGAGGTTAG	ENSG00000225630.1	0	25032
AAGCCGTTGAGGTTAG	ENSG00000272455.1	0	291
AAGCCGTTGAGGTTAG	ENSG00000228594.4	0	300
AAGCCGTTGAGGTTAG	ENSG00000171612.7	18438	300
AAGCCGTTGAGGTTAG	ENSG00000233954.6	0	292
AAGCCGTTGAGGTTAG	ENSG00000090432.7	649	1433
AAGCCGTTGAGGTTAG	ENSG00000179163.12	0	300
AAGCCGTTGAGGTTAG	ENSG00000225159.1	0	300
AAGCCGTTGAGGTTAG	ENSG00000175130.7	1698	3210
AAGCCGTTGAGGTTAG	ENSG00000273274.2	0	300
AAGCCGTTGAGGTTAG	ENSG00000116863.11	14322	3826
AAGCCGTTGAGGTTAG	ENSG00000286379.1	0	355
AAGCCGTTGAGGTTAG	ENSG00000116981.4	0	600
AAGCCGTTGAGGTTAG	ENSG00000223429.1	0	548
AAGCCGTTGAGGTTAG	ENSG00000228929.1	0	199
AAGCCGTTGAGGTTAG	ENSG00000066557.6	67420	2964
AAGCCGTTGAGGTTAG	ENSG00000228988.1	37	141
AAGCCGTTGAGGTTAG	ENSG00000234518.2	0	198
AAGCCGTTGAGGTTAG	ENSG00000228502.1	0	215
AAGCCGTTGAGGTTAG	ENSG00000137970.7	0	1329
AAGCCGTTGAGGTTAG	ENSG00000065135.12	179975	11811
AAGCCGTTGAGGTTAG	ENSG00000233337.1	0	154
AAGCCGTTGAGGTTAG	ENSG00000238198.2	0	279
AAGCCGTTGAGGTTAG	ENSG00000213281.5	482	576
AAGCCGTTGAGGTTAG	ENSG00000183508.5	0	300
AAGCCGTTGAGGTTAG	ENSG00000234367.1	0	561
AAGCCGTTGAGGTTAG	ENSG00000184260.6	0	278
AAGCCGTTGAGGTTAG	ENSG00000163344.6	5080	545
AAGCCGTTGAGGTTAG	ENSG00000236675.1	0	300
AAGCCGTTGAGGTTAG	ENSG00000132688.11	0	300
AAGCCGTTGAGGTTAG	ENSG00000224837.1	0	130
TCCTTGCTCCATCCAA	ENSG00000225630.1	0	56815
TCCTTGCTCCATCCAA	ENSG00000198744.5	0	512
TCCTTGCTCCATCCAA	ENSG00000272455.1	0	2039
TCCTTGCTCCATCCAA	ENSG00000228594.4	0	300
TCCTTGCTCCATCCAA	ENSG00000231789.2	18707	1082
TCCTTGCTCCATCCAA	ENSG00000241563.4	3162	900
TCCTTGCTCCATCCAA	ENSG00000288398.1	0	5135
TCCTTGCTCCATCCAA	ENSG00000090432.7	22073	10171
TCCTTGCTCCATCCAA	ENSG00000179163.12	11787	3600
TCCTTGCTCCATCCAA	ENSG00000284602.1	0	1971
TCCTTGCTCCATCCAA	ENSG00000225159.1	0	229
TCCTTGCTCCATCCAA	ENSG00000228589.3	0	273
TCCTTGCTCCATCCAA	ENSG00000270605.1	0	2100
TCCTTGCTCCATCCAA	ENSG00000130766.5	5744	2889
TCCTTGCTCCATCCAA	ENSG00000175130.7	0	4477
TCCTTGCTCCATCCAA	ENSG00000243749.1	6191	1194
TCCTTGCTCCATCCAA	ENSG00000116863.11	15675	8054
GGTCTCAACCATCCAA	ENSG00000225630.1	0	20544
GGTCTCAACCATCCAA	ENSG00000171612.7	0	278
GGTCTCAACCATCCAA	ENSG00000270728.1	61	825
GGTCTCAACCATCCAA	ENSG00000090432.7	0	300
GGTCTCAACCATCCAA	ENSG00000179163.12	0	300
GGTCTCAACCATCCAA	ENSG00000270605.1	0	278
GGTCTCAACCATCCAA	ENSG00000175130.7	849	1132
GGTCTCAACCATCCAA	ENSG00000116863.11	0	300
GGTCTCAACCATCCAA	ENSG00000117000.9	0	300
GGTCTCAACCATCCAA	ENSG00000259943.1	0	278
GGTCTCAACCATCCAA	ENSG00000169213.7	0	243
GGTCTCAACCATCCAA	ENSG00000162396.6	5270	579
GGTCTCAACCATCCAA	ENSG00000137970.7	0	1531
GGTCTCAACCATCCAA	ENSG00000065135.12	9371	2320
GGTCTCAACCATCCAA	ENSG00000213281.5	5299	2972
GGTCTCAACCATCCAA	ENSG00000234367.1	0	156
GGTCTCAACCATCCAA	ENSG00000163344.6	14970	1067
GGTCTCAACCATCCAA	ENSG00000143184.5	0	600
GGTCTCAACCATCCAA	ENSG00000170385.10	0	300
GGTCTCAACCATCCAA	ENSG00000218283.2	0	1016
GGTCTCAACCATCCAA	ENSG00000162817.7	0	600
GGTCTCAACCATCCAA	ENSG00000143751.10	323	2055
GGTCTCAACCATCCAA	ENSG00000181218.5	0	526
GGTCTCAACCATCCAA	ENSG00000277462.2	0	1434
GGTCTCAACCATCCAA	ENSG00000259865.1	0	300
CAACCTCAGGCCTATA	ENSG00000225630.1	0	856
CAACCTCAGGCCTATA	ENSG00000213281.5	0	300
CAACCTCAGGCCTATA	ENSG00000143751.10	0	900
TACCGATGGAGAAGGA	ENSG00000279457.4	378	300
TACCGATGGAGAAGGA	ENSG00000225630.1	0	25059
TACCGATGGAGAAGGA	ENSG00000270035.1	0	626
TACCGATGGAGAAGGA	ENSG00000233954.6	0	477
TACCGATGGAGAAGGA	ENSG00000179163.12	36947	2100
TACCGATGGAGAAGGA	ENSG00000225159.1	0	259
TACCGATGGAGAAGGA	ENSG00000175130.7	0	600
TACCGATGGAGAAGGA	ENSG00000259943.1	0	300
TACCGATGGAGAAGGA	ENSG00000066557.6	31855	2354
TACCGATGGAGAAGGA	ENSG00000271576.1	0	771
TACCGATGGAGAAGGA	ENSG00000223896.2	0	1658
TACCGATGGAGAAGGA	ENSG00000137970.7	0	2429
TACCGATGGAGAAGGA	ENSG00000065135.12	214037	6164
TACCGATGGAGAAGGA	ENSG00000213281.5	5529	1500
TACCGATGGAGAAGGA	ENSG00000183508.5	0	5980
TACCGATGGAGAAGGA	ENSG00000244371.2	0	279
TACCGATGGAGAAGGA	ENSG00000286019.1	250	300
TACCGATGGAGAAGGA	ENSG00000184678.10	0	278
TACCGATGGAGAAGGA	ENSG00000163344.6	6168	829
TACCGATGGAGAAGGA	ENSG00000236675.1	92	285
TACCGATGGAGAAGGA	ENSG00000235700.1	0	173
TACCGATGGAGAAGGA	ENSG00000162783.11	0	1734
TACCGATGGAGAAGGA	ENSG00000183155.5	0	900
TACCGATGGAGAAGGA	ENSG00000158615.9	0	2333
TACCGATGGAGAAGGA	ENSG00000218283.2	0	1196
TACCGATGGAGAAGGA	ENSG00000143751.10	7382	10331
TACCGATGGAGAAGGA	ENSG00000181218.5	0	277
TACCGATGGAGAAGGA	ENSG00000273416.1	0	314
TACCGATGGAGAAGGA	ENSG00000162851.8	6468	299
TACCGATGGAGAAGGA	ENSG00000143653.10	84437	2051
TACCGATGGAGAAGGA	ENSG00000259865.1	0	2792
TTGGAACCGAACCTGT	ENSG00000225630.1	0	3622
TTGGAACCGAACCTGT	ENSG00000179163.12	0	299
TTGGAACCGAACCTGT	ENSG00000175130.7	0	600
TTGGAACCGAACCTGT	ENSG00000237424.1	0	283
TTGGAACCGAACCTGT	ENSG00000066557.6	0	900
TTGGAACCGAACCTGT	ENSG00000271576.1	0	277
TTGGAACCGAACCTGT	ENSG00000065135.12	26079	2351
TTGGAACCGAACCTGT	ENSG00000261654.1	0	279
TTGGAACCGAACCTGT	ENSG00000238198.2	0	600
TTGGAACCGAACCTGT	ENSG00000213281.5	0	278
TTGGAACCGAACCTGT	ENSG00000277702.1	370	291
TTGGAACCGAACCTGT	ENSG00000163344.6	2540	267
TTGGAACCGAACCTGT	ENSG00000236675.1	92	278
TTGGAACCGAACCTGT	ENSG00000224358.1	0	247
TTGGAACCGAACCTGT	ENSG00000174529.7	0	300
TTGGAACCGAACCTGT	ENSG00000277007.1	0	298
TTGGAACCGAACCTGT	ENSG00000162817.7	0	278
TTGGAACCGAACCTGT	ENSG00000143751.10	2372	834
AAGAGACGCAAGAGGT	ENSG00000279457.4	7331	704
AAGAGACGCAAGAGGT	ENSG00000225630.1	0	39577
AAGAGACGCAAGAGGT	ENSG00000198744.5	0	543
AAGAGACGCAAGAGGT	ENSG00000176022.7	0	300
AAGAGACGCAAGAGGT	ENSG00000272455.1	0	846
AAGAGACGCAAGAGGT	ENSG00000158292.7	0	246
AAGAGACGCAAGAGGT	ENSG00000171612.7	68752	5341
AAGAGACGCAAGAGGT	ENSG00000231789.2	12404	836
AAGAGACGCAAGAGGT	ENSG00000162490.7	0	578
AAGAGACGCAAGAGGT	ENSG00000288398.1	0	1199
AAGAGACGCAAGAGGT	ENSG00000142619.4	13848	2335
AAGAGACGCAAGAGGT	ENSG00000090432.7	7258	10730
AAGAGACGCAAGAGGT	ENSG00000179163.12	30126	2999
AAGAGACGCAAGAGGT	ENSG00000284602.1	0	300
AAGAGACGCAAGAGGT	ENSG00000228589.3	0	264
AAGAGACGCAAGAGGT	ENSG00000270605.1	0	2100
AAGAGACGCAAGAGGT	ENSG00000130766.5	5850	2095
AAGAGACGCAAGAGGT	ENSG00000231468.2	280	292
AAGAGACGCAAGAGGT	ENSG00000279443.1	0	1442
AAGAGACGCAAGAGGT	ENSG00000175130.7	2547	5499
AAGAGACGCAAGAGGT	ENSG00000273274.2	9275	1500
AAGAGACGGGCGTTAA	ENSG00000225630.1	0	30497
AAGAGACGGGCGTTAA	ENSG00000228594.4	0	300
AAGAGACGGGCGTTAA	ENSG00000171612.7	11592	601
AAGAGACGGGCGTTAA	ENSG00000288398.1	0	300
AAGAGACGGGCGTTAA	ENSG00000090432.7	2330	4180
AAGAGACGGGCGTTAA	ENSG00000179163.12	8143	894
AAGAGACGGGCGTTAA	ENSG00000228589.3	0	212
AAGAGACGGGCGTTAA	ENSG00000130766.5	12245	1800
AAGAGACGGGCGTTAA	ENSG00000175130.7	849	1455
AAGAGACGGGCGTTAA	ENSG00000273274.2	0	300
AAGAGACGGGCGTTAA	ENSG00000243749.1	1250	1199
AAGAGACGGGCGTTAA	ENSG00000286899.1	0	300
AAGAGACGGGCGTTAA	ENSG00000116863.11	3356	900
AAGAGACGGGCGTTAA	ENSG00000163909.8	0	278
AAGAGACGGGCGTTAA	ENSG00000117000.9	122027	3575
AAGAGACGGGCGTTAA	ENSG00000260920.2	0	300
AAGAGACGGGCGTTAA	ENSG00000116704.8	0	600
AAGAGACGGGCGTTAA	ENSG00000066557.6	19691	2097
AAGAGACGGGCGTTAA	ENSG00000226415.1	0	455
AAGAGACGGGCGTTAA	ENSG00000226084.5	0	471
AAGAGACGGGCGTTAA	ENSG00000225297.1	0	254
AAGAGACGGGCGTTAA	ENSG00000137970.7	0	1018
AAGAGACGGGCGTTAA	ENSG00000065135.12	94869	6874
AAGAGACGGGCGTTAA	ENSG00000213281.5	12379	2678
AAGAGACGGGCGTTAA	ENSG00000143067.5	0	1202
AAGAGACGGGCGTTAA	ENSG00000277702.1	370	151
AAGAGACGGGCGTTAA	ENSG00000215784.6	1988	1501
AAGAGACGGGCGTTAA	ENSG00000234367.1	0	252
AAGAGACGGGCGTTAA	ENSG00000177144.8	0	300
GGAGAGTTCCATCCAA	ENSG00000279457.4	10442	2026
GGAGAGTTCCATCCAA	ENSG00000225630.1	0	38088
GGAGAGTTCCATCCAA	ENSG00000270282.1	0	42
GGAGAGTTCCATCCAA	ENSG00000171612.7	13082	2100
GGAGAGTTCCATCCAA	ENSG00000288398.1	0	1762
GGAGAGTTCCATCCAA	ENSG00000261135.1	0	552
GGAGAGTTCCATCCAA	ENSG00000186301.8	498	456
GGAGAGTTCCATCCAA	ENSG00000090432.7	4779	2629
GGAGAGTTCCATCCAA	ENSG00000179163.12	36534	2633
GGAGAGTTCCATCCAA	ENSG00000225159.1	0	298
GGAGAGTTCCATCCAA	ENSG00000243659.1	80	117
GGAGAGTTCCATCCAA	ENSG00000175130.7	0	600
GGAGAGTTCCATCCAA	ENSG00000233246.1	134	17
GGAGAGTTCCATCCAA	ENSG00000243749.1	2500	900
GGAGAGTTCCATCCAA	ENSG00000286899.1	0	300
GGAGAGTTCCATCCAA	ENSG00000116863.11	11022	4829
GGAGAGTTCCATCCAA	ENSG00000116981.4	0	300
GGAGAGTTCCATCCAA	ENSG00000117000.9	0	600
GGAGAGTTCCATCCAA	ENSG00000259943.1	0	899
GGAGAGTTCCATCCAA	ENSG00000260920.2	0	278
GGAGAGTTCCATCCAA	ENSG00000237424.1	0	300
GGAGAGTTCCATCCAA	ENSG00000169213.7	0	1800
GGAGAGTTCCATCCAA	ENSG00000066557.6	46235	3793
GGAGAGTTCCATCCAA	ENSG00000219201.4	0	232
GGAGAGTTCCATCCAA	ENSG00000228175.3	0	600
GGAGAGTTCCATCCAA	ENSG00000137970.7	0	3254
GGAGAGTTCCATCCAA	ENSG00000065135.12	280974	20145
GGAGAGTTCCATCCAA	ENSG00000238198.2	0	878
GGAGAGTTCCATCCAA	ENSG00000213281.5	38703	7372
GCATGTCTCATGCTTC	ENSG00000279457.4	1332	437
GCATGTCTCATGCTTC	ENSG00000225630.1	0	57878
GCATGTCTCATGCTTC	ENSG00000272438.1	342	97
GCATGTCTCATGCTTC	ENSG00000270282.1	0	412
GCATGTCTCATGCTTC	ENSG00000238249.2	0	222
GCATGTCTCATGCTTC	ENSG00000171612.7	16466	1399
GCATGTCTCATGCTTC	ENSG00000231789.2	6199	300
GCATGTCTCATGCTTC	ENSG00000288398.1	0	300
GCATGTCTCATGCTTC	ENSG00000090432.7	8989	5964
GCATGTCTCATGCTTC	ENSG00000179163.12	21947	2978
GCATGTCTCATGCTTC	ENSG00000284602.1	0	1332
GCATGTCTCATGCTTC	ENSG00000270605.1	0	274
GCATGTCTCATGCTTC	ENSG00000175130.7	849	1177
GCATGTCTCATGCTTC	ENSG00000273274.2	0	900
GCATGTCTCATGCTTC	ENSG00000243749.1	7044	1776
GCATGTCTCATGCTTC	ENSG00000286899.1	91	1202
GCATGTCTCATGCTTC	ENSG00000116863.11	21466	7007
GCATGTCTCATGCTTC	ENSG00000259943.1	0	900
GCATGTCTCATGCTTC	ENSG00000186603.7	0	278
CTCAACAGGAACCTGT	ENSG00000225630.1	0	288
CTCAACAGGAACCTGT	ENSG00000179163.12	8685	300
CTCAACAGGAACCTGT	ENSG00000243749.1	0	278
CTCAACAGGAACCTGT	ENSG00000137970.7	0	600
CTCAACAGGAACCTGT	ENSG00000065135.12	36905	1199
CTCAACAGGAACCTGT	ENSG00000162783.11	0	278
CTCAACAGGAACCTGT	ENSG00000162817.7	0	300
CTCAACAGGAACCTGT	ENSG00000143751.10	0	300
CTCAACAGCCACATAG	ENSG00000279457.4	6566	266
CTCAACAGCCACATAG	ENSG00000225630.1	0	14575
CTCAACAGCCACATAG	ENSG00000233954.6	0	292
CTCAACAGCCACATAG	ENSG00000090432.7	0	1178
CTCAACAGCCACATAG	ENSG00000179163.12	30323	1968
CTCAACAGCCACATAG	ENSG00000284657.1	0	509
CTCAACAGCCACATAG	ENSG00000225159.1	0	299
CTCAACAGCCACATAG	ENSG00000228589.3	0	300
CTCAACAGCCACATAG	ENSG00000116863.11	392	1113
CTCAACAGCCACATAG	ENSG00000259943.1	0	299
CTCAACAGCCACATAG	ENSG00000260920.2	0	123
CTCAACAGCCACATAG	ENSG00000169213.7	11553	900
CTCAACAGCCACATAG	ENSG00000162396.6	0	300
CTCAACAGCCACATAG	ENSG00000116704.8	0	600
CTCAACAGCCACATAG	ENSG00000234264.1	0	598
CTCAACAGCCACATAG	ENSG00000066557.6	49537	3533
CTCAACAGCCACATAG	ENSG00000057468.7	57	243
CTCAACAGCCACATAG	ENSG00000285928.1	0	572
CTCAACAGCCACATAG	ENSG00000280099.1	0	301
CTCAACAGCCACATAG	ENSG00000137970.7	0	557
CTCAACAGCCACATAG	ENSG00000065135.12	109044	4440
CTCAACAGCCACATAG	ENSG00000213281.5	480	1184
CTCAACAGCCACATAG	ENSG00000215784.6	0	300
CTCAACAGCCACATAG	ENSG00000225080.1	0	288
CTCAACAGCCACATAG	ENSG00000163344.6	7440	832
CTCAACAGCGAATTGG	ENSG00000279457.4	698	600
CTCAACAGCGAATTGG	ENSG00000225630.1	0	11076
CTCAACAGCGAATTGG	ENSG00000158292.7	0	2038
CTCAACAGCGAATTGG	ENSG00000171612.7	20019	600
CTCAACAGCGAATTGG	ENSG00000271264.1	0	144
CTCAACAGCGAATTGG	ENSG00000288398.1	0	1186
CTCAACAGCGAATTGG	ENSG00000090432.7	0	1178
CTCAACAGCGAATTGG	ENSG00000270605.1	0	1200
CTCAACAGCGAATTGG	ENSG00000237329.2	0	165
CTCAACAGCGAATTGG	ENSG00000175130.7	1	2981
CTCAACAGCGAATTGG	ENSG00000243749.1	8691	3557
CTCAACAGCGAATTGG	ENSG00000271164.1	0	217
CTCAACAGCGAATTGG	ENSG00000286899.1	0	531
CTCAACAGCGAATTGG	ENSG00000116863.11	5409	2679
CTCAACAGCGAATTGG	ENSG00000117000.9	0	1200
CTCAACAGCGAATTGG	ENSG00000279667.1	0	790
CTCAACAGCGAATTGG	ENSG00000203356.2	39	1382
CTCAACAGCGAATTGG	ENSG00000232027.2	0	263
CTCAACAGCGAATTGG	ENSG00000169213.7	0	298
CTCAACAGCGAATTGG	ENSG00000162396.6	5270	1800
CTCAACAGCGAATTGG	ENSG00000185839.3	0	300
CTCAACAGCGAATTGG	ENSG00000066557.6	72869	3856
CTCAACAGCGAATTGG	ENSG00000226084.5	0	242
CTCAACAGCGAATTGG	ENSG00000219201.4	0	498
CTCAACAGCGAATTGG	ENSG00000237959.1	0	585
TTGGAACCCCACATAG	ENSG00000279457.4	799	300
TTGGAACCCCACATAG	ENSG00000225630.1	0	29190
TTGGAACCCCACATAG	ENSG00000158292.7	0	300
TTGGAACCCCACATAG	ENSG00000237301.1	0	278
TTGGAACCCCACATAG	ENSG00000288398.1	0	2762
TTGGAACCCCACATAG	ENSG00000090432.7	18445	4713
TTGGAACCCCACATAG	ENSG00000179546.5	0	300
TTGGAACCCCACATAG	ENSG00000179163.12	8750	300
TTGGAACCCCACATAG	ENSG00000270605.1	0	553
TTGGAACCCCACATAG	ENSG00000175130.7	0	901
TTGGAACCCCACATAG	ENSG00000273274.2	0	300
TTGGAACCCCACATAG	ENSG00000243749.1	0	300
TTGGAACCCCACATAG	ENSG00000116863.11	8583	4734
TTGGAACCCCACATAG	ENSG00000185668.8	0	302
TTGGAACCCCACATAG	ENSG00000163909.8	0	569
TTGGAACCCCACATAG	ENSG00000116981.4	0	900
TTGGAACCCCACATAG	ENSG00000117000.9	0	1177
TTGGAACCCCACATAG	ENSG00000234694.1	518	261
TTGGAACCCCACATAG	ENSG00000237424.1	0	694
TTGGAACCCCACATAG	ENSG00000228929.1	0	206
TTGGAACCCCACATAG	ENSG00000286429.1	5	295
TTGGAACCCCACATAG	ENSG00000066557.6	1753	1152
TTGGAACCCCACATAG	ENSG00000226415.1	0	441
TTGGAACCCCACATAG	ENSG00000226084.5	0	240
TTGGAACCCCACATAG	ENSG00000271576.1	0	300
TTGGAACCCCACATAG	ENSG00000143032.8	1906	595
TTGGAACCCCACATAG	ENSG00000223896.2	0	600
CAACCTCACGGTTGTT	ENSG00000279457.4	2	283
CAACCTCACGGTTGTT	ENSG00000225630.1	0	33438
CAACCTCACGGTTGTT	ENSG00000272512.1	0	898
CAACCTCACGGTTGTT	ENSG00000176022.7	0	578
CAACCTCACGGTTGTT	ENSG00000272455.1	0	300
CAACCTCACGGTTGTT	ENSG00000171612.7	19787	287
CAACCTCACGGTTGTT	ENSG00000241563.4	0	562
CAACCTCACGGTTGTT	ENSG00000288398.1	0	1196
CAACCTCACGGTTGTT	ENSG00000261135.1	0	300
CAACCTCACGGTTGTT	ENSG00000270728.1	0	416
CAACCTCACGGTTGTT	ENSG00000090432.7	25204	3203
CAACCTCACGGTTGTT	ENSG00000227001.3	1357	261
CAACCTCACGGTTGTT	ENSG00000179163.12	4747	600
CAACCTCACGGTTGTT	ENSG00000228589.3	0	187
CAACCTCACGGTTGTT	ENSG00000270605.1	0	600
CAACCTCACGGTTGTT	ENSG00000279443.1	0	600
CAACCTCACGGTTGTT	ENSG00000237329.2	0	940
CAACCTCACGGTTGTT	ENSG00000175130.7	0	2825
CAACCTCACGGTTGTT	ENSG00000243749.1	1647	290
CAACCTCACGGTTGTT	ENSG00000116863.11	9745	2078
CAACCTCACGGTTGTT	ENSG00000163909.8	0	300
CAACCTCACGGTTGTT	ENSG00000117000.9	0	1500
CAACCTCACGGTTGTT	ENSG00000259943.1	0	300
TGACCAAGCATGCTTC	ENSG00000279457.4	1794	556
TGACCAAGCATGCTTC	ENSG00000225630.1	0	22850
TGACCAAGCATGCTTC	ENSG00000171612.7	0	298
TGACCAAGCATGCTTC	ENSG00000288398.1	0	1800
TGACCAAGCATGCTTC	ENSG00000090432.7	0	1655
TGACCAAGCATGCTTC	ENSG00000235112.1	39	195
TGACCAAGCATGCTTC	ENSG00000179163.12	74381	3899
TGACCAAGCATGCTTC	ENSG00000284602.1	0	214
TGACCAAGCATGCTTC	ENSG00000225159.1	0	300
TGACCAAGCATGCTTC	ENSG00000270605.1	0	894
TGACCAAGCATGCTTC	ENSG00000175130.7	0	2969
TGACCAAGCATGCTTC	ENSG00000273274.2	4031	1200
TGACCAAGCATGCTTC	ENSG00000243749.1	2897	578
TGACCAAGCATGCTTC	ENSG00000116863.11	9130	3898
TGACCAAGCATGCTTC	ENSG00000117000.9	8806	1800
TGACCAAGCATGCTTC	ENSG00000259943.1	0	278
TGACCAAGCATGCTTC	ENSG00000287743.1	96	204
TGACCAAGCATGCTTC	ENSG00000169213.7	0	600
TGACCAAGCATGCTTC	ENSG00000162396.6	0	900
TGACCAAGCATGCTTC	ENSG00000066557.6	73432	6512
TTGGAACCCGAATTGG	ENSG00000225972.1	0	202
TTGGAACCCGAATTGG	ENSG00000225630.1	0	31045
TTGGAACCCGAATTGG	ENSG00000198744.5	0	217
TTGGAACCCGAATTGG	ENSG00000234711.1	0	1708
TTGGAACCCGAATTGG	ENSG00000272455.1	0	850
TTGGAACCCGAATTGG	ENSG00000171612.7	156629	3724
TTGGAACCCGAATTGG	ENSG00000288398.1	0	1459
TTGGAACCCGAATTGG	ENSG00000261135.1	0	189
TTGGAACCCGAATTGG	ENSG00000179023.9	0	598
TTGGAACCCGAATTGG	ENSG00000158748.4	0	300
TTGGAACCCGAATTGG	ENSG00000090432.7	44399	14433
TTGGAACCCGAATTGG	ENSG00000279625.1	0	1498
TTGGAACCCGAATTGG	ENSG00000179546.5	0	1147
TTGGAACCCGAATTGG	ENSG00000179163.12	119155	8314
TTGGAACCCGAATTGG	ENSG00000231953.2	309	1065
TTGGAACCCGAATTGG	ENSG00000284657.1	0	580
TTGGAACCCGAATTGG	ENSG00000158246.8	0	278
TTGGAACCCGAATTGG	ENSG00000175130.7	849	1658
TTGGAACCCGAATTGG	ENSG00000273274.2	0	4094
TTGGAACCCGAATTGG	ENSG00000116863.11	9516	2698
TTGGAACCCGAATTGG	ENSG00000260920.2	0	278
TTGGAACCCGAATTGG	ENSG00000142959.5	746	4196
TTGGAACCCGAATTGG	ENSG00000162396.6	0	1500
TTGGAACCCGAATTGG	ENSG00000066557.6	89546	9126
TTGGAACCCGAATTGG	ENSG00000280099.1	0	900
TTGGAACCCGAATTGG	ENSG00000223896.2	0	2910
CAACCTCACAGATTCG	ENSG00000279457.4	4213	898
CAACCTCACAGATTCG	ENSG00000225630.1	0	35898
CAACCTCACAGATTCG	ENSG00000272455.1	0	600
CAACCTCACAGATTCG	ENSG00000090432.7	12552	2976
CAACCTCACAGATTCG	ENSG00000179163.12	0	300
CAACCTCACAGATTCG	ENSG00000130766.5	9359	1178
CAACCTCACAGATTCG	ENSG00000237934.1	179	121
CAACCTCACAGATTCG	ENSG00000228634.1	182	418
CAACCTCACAGATTCG	ENSG00000175130.7	849	2858
CAACCTCACAGATTCG	ENSG00000243749.1	3750	1455
CAACCTCACAGATTCG	ENSG00000236274.1	142	162
CAACCTCACAGATTCG	ENSG00000116863.11	7296	4479
CAACCTCACAGATTCG	ENSG00000163909.8	15798	856
CAACCTCACAGATTCG	ENSG00000260920.2	0	508
CAACCTCACAGATTCG	ENSG00000226957.1	4	237
CAACCTCACAGATTCG	ENSG00000169213.7	194943	9611
CAACCTCACAGATTCG	ENSG00000259818.1	0	300
CAACCTCACAGATTCG	ENSG00000116704.8	8139	600
CAACCTCACAGATTCG	ENSG00000066557.6	46139	6540
CAACCTCACAGATTCG	ENSG00000226088.1	0	522
CAACCTCACAGATTCG	ENSG00000226415.1	0	212
CAACCTCACAGATTCG	ENSG00000271576.1	0	900
CAACCTCAGGAGTAAC	ENSG00000225630.1	0	12944
CAACCTCAGGAGTAAC	ENSG00000233954.6	0	274
CAACCTCAGGAGTAAC	ENSG00000261135.1	0	278
CAACCTCAGGAGTAAC	ENSG00000090432.7	16882	1431
CAACCTCAGGAGTAAC	ENSG00000179163.12	0	1500
CAACCTCAGGAGTAAC	ENSG00000158246.8	0	300
CAACCTCAGGAGTAAC	ENSG00000231468.2	4	210
CAACCTCAGGAGTAAC	ENSG00000175130.7	0	588
CAACCTCAGGAGTAAC	ENSG00000243749.1	0	273
CAACCTCAGGAGTAAC	ENSG00000117000.9	0	236
CAACCTCAGGAGTAAC	ENSG00000237424.1	0	300
CAACCTCAGGAGTAAC	ENSG00000233406.5	0	278
CAACCTCAGGAGTAAC	ENSG00000066557.6	3576	533
CAACCTCAGGAGTAAC	ENSG00000226415.1	0	178
CAACCTCAGGAGTAAC	ENSG00000137970.7	0	520
CAACCTCAGGAGTAAC	ENSG00000065135.12	84090	1966
CAACCTCAGGAGTAAC	ENSG00000213281.5	2551	851
CAACCTCAGGAGTAAC	ENSG00000203812.2	0	527
CAACCTCAGGAGTAAC	ENSG00000163344.6	14066	519
CAACCTCAGGAGTAAC	ENSG00000158615.9	0	278
CAACCTCAGGAGTAAC	ENSG00000218283.2	0	775
CAACCTCAGGAGTAAC	ENSG00000143751.10	0	1726
CAACCTCAGGAGTAAC	ENSG00000230005.2	40	161
CAACCTCAGGAGTAAC	ENSG00000181218.5	0	831
CAACCTCAGGAGTAAC	ENSG00000196890.4	0	295
CAACCTCAGGAGTAAC	ENSG00000162851.8	1391	270
TTGGAACCCCAATCCT	ENSG00000279457.4	1233	900
TTGGAACCCCAATCCT	ENSG00000225630.1	0	27622
TTGGAACCCCAATCCT	ENSG00000285812.1	0	600
TTGGAACCCCAATCCT	ENSG00000158292.7	0	300
TTGGAACCCCAATCCT	ENSG00000171612.7	0	557
TTGGAACCCCAATCCT	ENSG00000233954.6	0	285
TTGGAACCCCAATCCT	ENSG00000288398.1	0	300
TTGGAACCCCAATCCT	ENSG00000090432.7	0	600
TTGGAACCCCAATCCT	ENSG00000179163.12	0	278
TTGGAACCCCAATCCT	ENSG00000175130.7	0	3505
TTGGAACCCCAATCCT	ENSG00000273274.2	39918	4500
TTGGAACCCCAATCCT	ENSG00000243749.1	1647	300
TTGGAACCCCAATCCT	ENSG00000116863.11	10102	6246
TTGGAACCCCAATCCT	ENSG00000163909.8	6830	1092
TTGGAACCCCAATCCT	ENSG00000117000.9	0	1178
TACCGATGGGCGTTAA	ENSG00000225630.1	0	27262
TACCGATGGGCGTTAA	ENSG00000233954.6	0	556
TACCGATGGGCGTTAA	ENSG00000090432.7	0	900
TACCGATGGGCGTTAA	ENSG00000179163.12	15177	1200
TACCGATGGGCGTTAA	ENSG00000175130.7	0	900
TACCGATGGGCGTTAA	ENSG00000273274.2	0	300
TACCGATGGGCGTTAA	ENSG00000243749.1	0	300
TACCGATGGGCGTTAA	ENSG00000116863.11	5243	2073
TACCGATGGGCGTTAA	ENSG00000163909.8	0	600
TACCGATGGGCGTTAA	ENSG00000117000.9	0	600
TACCGATGGGCGTTAA	ENSG00000116704.8	4636	600
TACCGATGGGCGTTAA	ENSG00000066557.6	64916	1499
TACCGATGGGCGTTAA	ENSG00000226084.5	0	249
TACCGATGGGCGTTAA	ENSG00000267734.1	0	278
TACCGATGGGCGTTAA	ENSG00000137970.7	0	1090
TACCGATGGGCGTTAA	ENSG00000065135.12	68677	4799
TACCGATGGGCGTTAA	ENSG00000201028.1	0	184
TACCGATGGGCGTTAA	ENSG00000213281.5	0	1499
TACCGATGGGCGTTAA	ENSG00000183508.5	0	300
TACCGATGGGCGTTAA	ENSG00000277702.1	370	198
TACCGATGGGCGTTAA	ENSG00000223779.6	6080	434
TACCGATGGGCGTTAA	ENSG00000287978.1	446	300
TACCGATGGGCGTTAA	ENSG00000184260.6	0	278
TACCGATGGGCGTTAA	ENSG00000163344.6	6715	286
TACCGATGGGCGTTAA	ENSG00000188931.4	267	11
TACCGATGGGCGTTAA	ENSG00000143184.5	0	191
TACCGATGGGCGTTAA	ENSG00000143333.7	1452	292
TACCGATGGGCGTTAA	ENSG00000183155.5	0	600
TACCGATGGGCGTTAA	ENSG00000174529.7	0	900
TACCGATGGGCGTTAA	ENSG00000218283.2	0	600
TACCGATGGGCGTTAA	ENSG00000143751.10	0	2400
TACCGATGGGCGTTAA	ENSG00000181218.5	0	277
TACCGATGGGCGTTAA	ENSG00000116574.6	0	300
TACCGATGGGCGTTAA	ENSG00000143653.10	42297	1141
TACCGATGGGCGTTAA	ENSG00000277462.2	1844	600
TACCGATGGGCGTTAA	ENSG00000162722.9	0	582
TACCGATGCAAGAGGT	ENSG00000279457.4	8266	1089
TACCGATGCAAGAGGT	ENSG00000225630.1	0	42413
TACCGATGCAAGAGGT	ENSG00000260179.1	0	600
TACCGATGCAAGAGGT	ENSG00000231789.2	96	201
TACCGATGCAAGAGGT	ENSG00000090432.7	11254	2354
TACCGATGCAAGAGGT	ENSG00000179163.12	49100	3000
TACCGATGCAAGAGGT	ENSG00000181773.7	0	3001
TACCGATGCAAGAGGT	ENSG00000270605.1	0	901
TACCGATGCAAGAGGT	ENSG00000130766.5	3107	741
TACCGATGCAAGAGGT	ENSG00000225616.2	0	197
TACCGATGCAAGAGGT	ENSG00000175130.7	0	1732
TACCGATGCAAGAGGT	ENSG00000243749.1	0	300
TACCGATGCAAGAGGT	ENSG00000116863.11	8680	6234
TACCGATGCAAGAGGT	ENSG00000116981.4	0	600
TACCGATGCAAGAGGT	ENSG00000259943.1	0	300
TACCGATGCAAGAGGT	ENSG00000260920.2	0	2312
TACCGATGCAAGAGGT	ENSG00000066557.6	10885	1001
TACCGATGCAAGAGGT	ENSG00000057468.7	244	56
TACCGATGCAAGAGGT	ENSG00000230498.3	76	524
TACCGATGCAAGAGGT	ENSG00000219201.4	0	280
CTCAACAGCCAATCCT	ENSG00000225630.1	0	25866
CTCAACAGCCAATCCT	ENSG00000231789.2	6199	278
CTCAACAGCCAATCCT	ENSG00000175130.7	0	300
CTCAACAGCCAATCCT	ENSG00000116863.11	0	1200
CTCAACAGCCAATCCT	ENSG00000117000.9	0	1164
CTCAACAGCCAATCCT	ENSG00000228407.2	0	231
CTCAACAGCCAATCCT	ENSG00000162396.6	0	300
CTCAACAGCCAATCCT	ENSG00000066557.6	113741	5034
CTCAACAGCCAATCCT	ENSG00000226415.1	0	300
CTCAACAGCCAATCCT	ENSG00000137970.7	0	2540
CTCAACAGCCAATCCT	ENSG00000065135.12	264585	8050
CTCAACAGCCAATCCT	ENSG00000213281.5	25719	6723
CTCAACAGCCAATCCT	ENSG00000271427.1	0	622
CTCAACAGCCAATCCT	ENSG00000224238.2	0	278
CTCAACAGCCAATCCT	ENSG00000277702.1	0	66
AAGAGACGGAGAAGGA	ENSG00000225630.1	0	24283
AAGAGACGGAGAAGGA	ENSG00000233954.6	0	276
AAGAGACGGAGAAGGA	ENSG00000090432.7	0	278
AAGAGACGGAGAAGGA	ENSG00000179163.12	18631	1178
AAGAGACGGAGAAGGA	ENSG00000243749.1	1647	278
AAGAGACGGAGAAGGA	ENSG00000116863.11	7369	2041
AAGAGACGGAGAAGGA	ENSG00000116981.4	0	302
AAGAGACGGAGAAGGA	ENSG00000169213.7	0	570
AAGAGACGGAGAAGGA	ENSG00000116704.8	15837	300
AAGAGACGGAGAAGGA	ENSG00000066557.6	25317	2698
AAGAGACGGAGAAGGA	ENSG00000226084.5	0	738
AAGAGACGGAGAAGGA	ENSG00000280099.1	0	300
AAGAGACGGAGAAGGA	ENSG00000137970.7	0	542
AAGAGACGGAGAAGGA	ENSG00000065135.12	56367	5658
AAGAGACGGAGAAGGA	ENSG00000175658.4	0	300
AAGAGACGGAGAAGGA	ENSG00000215784.6	0	300
AAGAGACGGAGAAGGA	ENSG00000184260.6	0	278
AAGAGACGGAGAAGGA	ENSG00000163344.6	0	300
AAGAGACGGAGAAGGA	ENSG00000236675.1	276	936
AAGAGACGGAGAAGGA	ENSG00000183155.5	0	1493
AAGAGACGGAGAAGGA	ENSG00000158615.9	0	1198
AAGAGACGGAGAAGGA	ENSG00000218283.2	0	600
AAGAGACGGAGAAGGA	ENSG00000162817.7	0	300
AAGAGACGGAGAAGGA	ENSG00000143751.10	0	3600
AAGAGACGGAGAAGGA	ENSG00000116574.6	0	300
AAGAGACGGAGAAGGA	ENSG00000143653.10	13086	271
AAGAGACGGAGAAGGA	ENSG00000259865.1	0	900
GCATGTCTCGAATTGG	ENSG00000225630.1	0	45162
GCATGTCTCGAATTGG	ENSG00000176022.7	0	840
GCATGTCTCGAATTGG	ENSG00000272455.1	0	300
GCATGTCTCGAATTGG	ENSG00000171612.7	68772	1194
GCATGTCTCGAATTGG	ENSG00000233954.6	0	278
GCATGTCTCGAATTGG	ENSG00000288398.1	0	2235
GCATGTCTCGAATTGG	ENSG00000090432.7	0	1178
GCATGTCTCGAATTGG	ENSG00000179163.12	35000	4456
AAGAGACGCAGATTCG	ENSG00000225630.1	0	31044
AAGAGACGCAGATTCG	ENSG00000223663.2	0	589
AAGAGACGCAGATTCG	ENSG00000272455.1	0	1800
AAGAGACGCAGATTCG	ENSG00000238260.1	0	128
AAGAGACGCAGATTCG	ENSG00000226545.1	184	214
AAGAGACGCAGATTCG	ENSG00000224340.1	0	456
AAGAGACGCAGATTCG	ENSG00000241563.4	2108	600
AAGAGACGCAGATTCG	ENSG00000120937.9	542	1788
AAGAGACGCAGATTCG	ENSG00000233954.6	0	554
AAGAGACGCAGATTCG	ENSG00000261135.1	0	9436
AAGAGACGCAGATTCG	ENSG00000186301.8	65	205
AAGAGACGCAGATTCG	ENSG00000270728.1	463	149
AAGAGACGCAGATTCG	ENSG00000090432.7	27168	8396
AAGAGACGGGAGTAAC	ENSG00000279457.4	8130	1074
AAGAGACGGGAGTAAC	ENSG00000225630.1	0	30800
AAGAGACGGGAGTAAC	ENSG00000171612.7	2064	300
AAGAGACGGGAGTAAC	ENSG00000288398.1	0	898
AAGAGACGGGAGTAAC	ENSG00000090432.7	1298	837
AAGAGACGGGAGTAAC	ENSG00000179163.12	2219	578
AAGAGACGGGAGTAAC	ENSG00000175130.7	0	300
AAGAGACGGGAGTAAC	ENSG00000116863.11	901	1796
AAGAGACGGGAGTAAC	ENSG00000117000.9	0	578
AAGAGACGGGAGTAAC	ENSG00000259943.1	0	833
AAGAGACGGGAGTAAC	ENSG00000260920.2	0	278
AAGAGACGGGAGTAAC	ENSG00000237424.1	0	300
AAGAGACGGGAGTAAC	ENSG00000224680.4	0	592
AAGAGACGGGAGTAAC	ENSG00000066557.6	23319	1734
AAGAGACGGGAGTAAC	ENSG00000223905.1	0	300
AAGAGACGGGAGTAAC	ENSG00000280099.1	0	278
AAGAGACGGGAGTAAC	ENSG00000137970.7	0	770
AAGAGACGGGAGTAAC	ENSG00000065135.12	180933	9869
AAGAGACGGGAGTAAC	ENSG00000235299.2	0	300
AAGAGACGGGAGTAAC	ENSG00000238198.2	0	838
AAGAGACGGGAGTAAC	ENSG00000213281.5	12254	1481
AAGAGACGGGAGTAAC	ENSG00000215784.6	1988	1019
AAGAGACGGGAGTAAC	ENSG00000234367.1	0	249
AAGAGACGGGAGTAAC	ENSG00000203812.2	0	222
AAGAGACGGGAGTAAC	ENSG00000163344.6	7438	836
AAGAGACGGGAGTAAC	ENSG00000236675.1	0	216
AAGAGACGGGAGTAAC	ENSG00000224358.1	0	277
AAGAGACGGGAGTAAC	ENSG00000143333.7	0	300
AAGAGACGGGAGTAAC	ENSG00000273004.1	0	278
AAGAGACGGGAGTAAC	ENSG00000183155.5	15498	855
AAGAGACGGGAGTAAC	ENSG00000158615.9	0	280
GCATGTCTCCACATAG	ENSG00000279457.4	464	480
GCATGTCTCCACATAG	ENSG00000225630.1	0	31763
GCATGTCTCCACATAG	ENSG00000198744.5	0	257
GCATGTCTCCACATAG	ENSG00000176022.7	0	587
GCATGTCTCCACATAG	ENSG00000272455.1	0	1200
GCATGTCTCCACATAG	ENSG00000171612.7	2065	293
GCATGTCTCCACATAG	ENSG00000288398.1	0	3234
GCATGTCTCCACATAG	ENSG00000090432.7	649	1477
GCATGTCTCCACATAG	ENSG00000158246.8	0	578
GCATGTCTCCACATAG	ENSG00000270605.1	0	300
GCATGTCTCCACATAG	ENSG00000279443.1	0	300
GCATGTCTCCACATAG	ENSG00000175130.7	849	1443
GCATGTCTCCACATAG	ENSG00000273274.2	0	600
GCATGTCTCCACATAG	ENSG00000243749.1	0	577
GCATGTCTCCACATAG	ENSG00000116863.11	0	1156
GCATGTCTCCACATAG	ENSG00000117000.9	0	300
GCATGTCTCCACATAG	ENSG00000259943.1	0	600
GCATGTCTCCACATAG	ENSG00000260920.2	0	278
GCATGTCTCCACATAG	ENSG00000234694.1	3139	399
GCATGTCTCCACATAG	ENSG00000169213.7	0	300
GCATGTCTCCACATAG	ENSG00000162396.6	0	275
GCATGTCTCCACATAG	ENSG00000066557.6	64080	3517
GCATGTCTCCACATAG	ENSG00000226415.1	0	257
GCATGTCTCCACATAG	ENSG00000223896.2	0	1800
GCATGTCTCCACATAG	ENSG00000137970.7	0	1032
GCATGTCTCCACATAG	ENSG00000244716.3	0	300
GCATGTCTCCACATAG	ENSG00000065135.12	213191	9185
GCATGTCTCCACATAG	ENSG00000260948.1	0	558
GCATGTCTCCACATAG	ENSG00000213281.5	21065	2676
GCATGTCTCCACATAG	ENSG00000183508.5	0	300
GCATGTCTCCACATAG	ENSG00000143067.5	0	300
GCATGTCTCCACATAG	ENSG00000277702.1	130	69
GCATGTCTCCACATAG	ENSG00000215784.6	0	300
GCATGTCTCCACATAG	ENSG00000287190.1	0	278
CAACCTCAGAGAAGGA	ENSG00000225630.1	0	10657
CAACCTCAGAGAAGGA	ENSG00000231789.2	0	268
CAACCTCAGAGAAGGA	ENSG00000233954.6	0	278
CAACCTCAGAGAAGGA	ENSG00000288398.1	0	600
CAACCTCAGAGAAGGA	ENSG00000261135.1	0	300
CAACCTCAGAGAAGGA	ENSG00000090432.7	649	277
CAACCTCAGAGAAGGA	ENSG00000179163.12	41964	2332
CAACCTCAGAGAAGGA	ENSG00000130766.5	0	276
CAACCTCAGAGAAGGA	ENSG00000175130.7	0	1640
CAACCTCAGAGAAGGA	ENSG00000243749.1	6191	878
CAACCTCAGAGAAGGA	ENSG00000116863.11	4751	900
CAACCTCAGAGAAGGA	ENSG00000116981.4	0	300
CAACCTCAGAGAAGGA	ENSG00000117000.9	0	1776
CAACCTCAGAGAAGGA	ENSG00000142959.5	0	573
CAACCTCAGAGAAGGA	ENSG00000237130.1	0	238
CAACCTCAGAGAAGGA	ENSG00000169213.7	0	278
CAACCTCAGAGAAGGA	ENSG00000066557.6	1227	585
CAACCTCAGAGAAGGA	ENSG00000271576.1	0	278
CAACCTCAGAGAAGGA	ENSG00000261737.1	0	281
CAACCTCAGAGAAGGA	ENSG00000137970.7	0	479
CAACCTCAGAGAAGGA	ENSG00000065135.12	140119	8369
CAACCTCAGAGAAGGA	ENSG00000213281.5	1394	1800
CAACCTCAGAGAAGGA	ENSG00000215784.6	0	298
CAACCTCAGAGAAGGA	ENSG00000203812.2	0	3471
CAACCTCAGAGAAGGA	ENSG00000272196.2	0	856
CAACCTCAGAGAAGGA	ENSG00000184678.10	0	577
CAACCTCAGAGAAGGA	ENSG00000163344.6	8438	300
CAACCTCAGAGAAGGA	ENSG00000236675.1	92	178
CAACCTCAGAGAAGGA	ENSG00000132718.9	0	600
CAACCTCAGAGAAGGA	ENSG00000162783.11	0	834
CAACCTCAGAGAAGGA	ENSG00000143333.7	1752	900
CAACCTCAGAGAAGGA	ENSG00000183155.5	7749	576
TGACCAAGGAACCTGT	ENSG00000225630.1	0	7092
TGACCAAGGAACCTGT	ENSG00000090432.7	0	600
TGACCAAGGAACCTGT	ENSG00000179163.12	2272	288
TGACCAAGGAACCTGT	ENSG00000273274.2	0	595
TGACCAAGGAACCTGT	ENSG00000116863.11	604	598
TGACCAAGGAACCTGT	ENSG00000117000.9	0	278
TGACCAAGGAACCTGT	ENSG00000169213.7	0	279
TGACCAAGGAACCTGT	ENSG00000259818.1	0	900
TGACCAAGGAACCTGT	ENSG00000162396.6	5270	284
TGACCAAGGAACCTGT	ENSG00000116704.8	0	600
TGACCAAGGAACCTGT	ENSG00000066557.6	20178	3246
TGACCAAGGAACCTGT	ENSG00000137970.7	0	259
TGACCAAGGAACCTGT	ENSG00000065135.12	68155	4685
TGACCAAGGAACCTGT	ENSG00000233337.1	0	143
TGACCAAGGAACCTGT	ENSG00000213281.5	14048	2397
TGACCAAGGAACCTGT	ENSG00000183508.5	0	1201
TGACCAAGGAACCTGT	ENSG00000215784.6	0	578
TGACCAAGGAACCTGT	ENSG00000287978.1	223	275
TGACCAAGGAACCTGT	ENSG00000177144.8	0	600
TGACCAAGGAACCTGT	ENSG00000162783.11	0	556
TGACCAAGGAACCTGT	ENSG00000158615.9	0	300
TGACCAAGGAACCTGT	ENSG00000220749.4	0	300
TGACCAAGGAACCTGT	ENSG00000143751.10	5669	3897
TGACCAAGGAACCTGT	ENSG00000162851.8	3318	300
TGACCAAGGAACCTGT	ENSG00000259865.1	0	300
AAGAGACGCGGTTGTT	ENSG00000279457.4	172	256
AAGAGACGCGGTTGTT	ENSG00000225972.1	0	256
AAGAGACGCGGTTGTT	ENSG00000225630.1	0	48722
AAGAGACGCGGTTGTT	ENSG00000176022.7	0	556
AAGAGACGCGGTTGTT	ENSG00000231050.1	0	211
AAGAGACGCGGTTGTT	ENSG00000171612.7	9528	900
AAGAGACGCGGTTGTT	ENSG00000288398.1	0	3524
AAGAGACGCGGTTGTT	ENSG00000090432.7	5627	878
AAGAGACGCGGTTGTT	ENSG00000235112.1	364	239
AAGAGACGCGGTTGTT	ENSG00000179163.12	10686	300
AAGAGACGCGGTTGTT	ENSG00000181773.7	0	557
AAGAGACGCGGTTGTT	ENSG00000228589.3	0	300
AAGAGACGCGGTTGTT	ENSG00000130766.5	23849	1800
AAGAGACGCGGTTGTT	ENSG00000175130.7	0	578
AAGAGACGCGGTTGTT	ENSG00000243749.1	4544	1200
AAGAGACGCGGTTGTT	ENSG00000236274.1	140	762
AAGAGACGCGGTTGTT	ENSG00000116863.11	37199	10500
AAGAGACGCGGTTGTT	ENSG00000116981.4	0	1202
AAGAGACGCGGTTGTT	ENSG00000117000.9	0	300
GCATGTCTCCAATCCT	ENSG00000279457.4	6566	254
GCATGTCTCCAATCCT	ENSG00000225630.1	0	35367
GCATGTCTCCAATCCT	ENSG00000171612.7	2896	600
GCATGTCTCCAATCCT	ENSG00000287756.1	0	556
GCATGTCTCCAATCCT	ENSG00000233954.6	0	1091
GCATGTCTCCAATCCT	ENSG00000288398.1	0	1200
GCATGTCTCCAATCCT	ENSG00000090432.7	0	300
GCATGTCTCCAATCCT	ENSG00000179163.12	6816	1200
GCATGTCTCCAATCCT	ENSG00000225643.1	16792	540
GCATGTCTCCAATCCT	ENSG00000175130.7	849	278
GCATGTCTCCAATCCT	ENSG00000243749.1	2897	600
GCATGTCTCCAATCCT	ENSG00000260920.2	0	1639
GCATGTCTCCAATCCT	ENSG00000279667.1	0	484
GCATGTCTCCAATCCT	ENSG00000169213.7	26637	695
GCATGTCTCCAATCCT	ENSG00000116704.8	789	284
GCATGTCTCCAATCCT	ENSG00000066557.6	37826	2974
GCATGTCTCCAATCCT	ENSG00000057468.7	14560	600
GCATGTCTCCAATCCT	ENSG00000228175.3	0	275
GCATGTCTCCAATCCT	ENSG00000137970.7	0	2765
GCATGTCTCCAATCCT	ENSG00000228057.1	0	312
GCATGTCTCCAATCCT	ENSG00000228076.2	0	1087
GCATGTCTCCAATCCT	ENSG00000065135.12	190691	21981
GCATGTCTCCAATCCT	ENSG00000233337.1	0	945
GCATGTCTCCAATCCT	ENSG00000238198.2	0	291
GCATGTCTCCAATCCT	ENSG00000213281.5	22142	11565
TACCGATGGGCCTATA	ENSG00000225630.1	0	13661
TACCGATGGGCCTATA	ENSG00000158292.7	0	300
TACCGATGGGCCTATA	ENSG00000233954.6	0	556
TACCGATGGGCCTATA	ENSG00000288398.1	0	278
TACCGATGGGCCTATA	ENSG00000090432.7	6659	2978
TACCGATGGGCCTATA	ENSG00000179163.12	32739	1200
TACCGATGGGCCTATA	ENSG00000228589.3	0	300
TACCGATGGGCCTATA	ENSG00000175130.7	0	278
TACCGATGGGCCTATA	ENSG00000116863.11	2409	1191
TACCGATGGGCCTATA	ENSG00000163909.8	0	300
TACCGATGGGCCTATA	ENSG00000116981.4	0	300
TACCGATGGGCCTATA	ENSG00000117000.9	19959	600
TACCGATGGGCCTATA	ENSG00000259943.1	0	300
TACCGATGGGCCTATA	ENSG00000237424.1	0	287
TACCGATGGGCCTATA	ENSG00000230585.2	0	300
TACCGATGGGCCTATA	ENSG00000066557.6	17147	1797
TACCGATGGGCCTATA	ENSG00000137970.7	0	1279
TACCGATGGGCCTATA	ENSG00000065135.12	188007	13922
TACCGATGGGCCTATA	ENSG00000213281.5	103	2978
TACCGATGGGCCTATA	ENSG00000263590.2	0	300
TACCGATGGGCCTATA	ENSG00000163344.6	2540	848
TACCGATGGGCCTATA	ENSG00000288670.1	116	1081
TACCGATGGGCCTATA	ENSG00000183155.5	0	542
TACCGATGGGCCTATA	ENSG00000158615.9	0	900
TACCGATGGGCCTATA	ENSG00000218283.2	0	1331
GCATGTCTCAAGAGGT	ENSG00000279457.4	344	598
GCATGTCTCAAGAGGT	ENSG00000225630.1	0	53057
GCATGTCTCAAGAGGT	ENSG00000198744.5	0	192
GCATGTCTCAAGAGGT	ENSG00000272455.1	0	852
GCATGTCTCAAGAGGT	ENSG00000231789.2	69	231
GCATGTCTCAAGAGGT	ENSG00000142619.4	18212	750
GCATGTCTCAAGAGGT	ENSG00000090432.7	35976	6117
GCATGTCTCAAGAGGT	ENSG00000235112.1	361	227
GCATGTCTCAAGAGGT	ENSG00000227001.3	716	209
GCATGTCTCAAGAGGT	ENSG00000179163.12	81992	4104
GCATGTCTCAAGAGGT	ENSG00000228589.3	0	272
GCATGTCTCAAGAGGT	ENSG00000130766.5	8162	600
GCATGTCTCAAGAGGT	ENSG00000175130.7	2547	5590
GCATGTCTCAAGAGGT	ENSG00000243749.1	9088	2341
GCATGTCTCAAGAGGT	ENSG00000116863.11	20771	10387
CTCAACAGGGCCTATA	ENSG00000225630.1	0	556
CTCAACAGGGCCTATA	ENSG00000179163.12	218	301
CTCAACAGGGCCTATA	ENSG00000270605.1	0	300
CTCAACAGGGCCTATA	ENSG00000137970.7	0	258
CTCAACAGGGCCTATA	ENSG00000065135.12	0	300
CTCAACAGGGCCTATA	ENSG00000213281.5	0	298
CTCAACAGGGCCTATA	ENSG00000259865.1	0	296
GCATGTCTGGCGTTAA	ENSG00000225630.1	0	7611
GCATGTCTGGCGTTAA	ENSG00000176022.7	0	295
GCATGTCTGGCGTTAA	ENSG00000171612.7	9528	300
GCATGTCTGGCGTTAA	ENSG00000288398.1	0	300
GCATGTCTGGCGTTAA	ENSG00000090432.7	0	300
GCATGTCTGGCGTTAA	ENSG00000235112.1	226	182
GCATGTCTGGCGTTAA	ENSG00000179163.12	19725	900
GCATGTCTGGCGTTAA	ENSG00000270605.1	0	300
GCATGTCTGGCGTTAA	ENSG00000116863.11	2489	600
GCATGTCTGGCGTTAA	ENSG00000117000.9	0	2400
GCATGTCTGGCGTTAA	ENSG00000066557.6	4303	300
GCATGTCTGGCGTTAA	ENSG00000228175.3	0	296
GCATGTCTGGCGTTAA	ENSG00000223896.2	0	300
GCATGTCTGGCGTTAA	ENSG00000137970.7	0	257
GCATGTCTGGCGTTAA	ENSG00000065135.12	70075	5651
GCATGTCTGGCGTTAA	ENSG00000213281.5	0	854
GCATGTCTGGCGTTAA	ENSG00000197915.7	0	300
GCATGTCTGGCGTTAA	ENSG00000236675.1	92	235
GCATGTCTGGCGTTAA	ENSG00000132718.9	0	600
GCATGTCTGGCGTTAA	ENSG00000183155.5	0	600
GCATGTCTGGCGTTAA	ENSG00000158615.9	0	1476
GCATGTCTGGCGTTAA	ENSG00000240219.1	0	175
GCATGTCTGGCGTTAA	ENSG00000218283.2	0	599
GCATGTCTGGCGTTAA	ENSG00000143751.10	0	2699
GCATGTCTGGCGTTAA	ENSG00000116574.6	0	300
TTGGAACCGGCCTATA	ENSG00000279457.4	6360	299
TTGGAACCGGCCTATA	ENSG00000225630.1	0	13402
TTGGAACCGGCCTATA	ENSG00000171612.7	0	825
TTGGAACCGGCCTATA	ENSG00000288398.1	0	156
TTGGAACCGGCCTATA	ENSG00000090432.7	1298	3572
TTGGAACCGGCCTATA	ENSG00000179163.12	30413	1493
TTGGAACCGGCCTATA	ENSG00000175130.7	0	578
TTGGAACCGGCCTATA	ENSG00000116863.11	3880	1200
TTGGAACCGGCCTATA	ENSG00000117000.9	20231	900
TTGGAACCGGCCTATA	ENSG00000142959.5	0	300
TTGGAACCGGCCTATA	ENSG00000066557.6	9426	899
TTGGAACCGGCCTATA	ENSG00000226084.5	0	242
TTGGAACCGGCCTATA	ENSG00000271576.1	0	300
TTGGAACCGGCCTATA	ENSG00000137970.7	0	1071
TTGGAACCGGCCTATA	ENSG00000065135.12	47485	4149
TTGGAACCGGCCTATA	ENSG00000260948.1	0	600
TTGGAACCGGCCTATA	ENSG00000213281.5	103	2678
TTGGAACCGGCCTATA	ENSG00000163344.6	0	261
TTGGAACCGGCCTATA	ENSG00000132718.9	8169	300
TTGGAACCGGCCTATA	ENSG00000132688.11	0	277
TTGGAACCGGCCTATA	ENSG00000260360.1	0	239
TTGGAACCGGCCTATA	ENSG00000162783.11	0	300
TTGGAACCGGCCTATA	ENSG00000183155.5	0	563
TTGGAACCGGCCTATA	ENSG00000174529.7	0	300
TTGGAACCGGCCTATA	ENSG00000220749.4	0	264
TTGGAACCGGCCTATA	ENSG00000218283.2	0	514
TTGGAACCGGCCTATA	ENSG00000162817.7	5900	578
AAGAGACGCATGCTTC	ENSG00000279457.4	3112	600
AAGAGACGCATGCTTC	ENSG00000225630.1	0	43944
AAGAGACGCATGCTTC	ENSG00000198744.5	0	226
AAGAGACGCATGCTTC	ENSG00000176022.7	0	855
AAGAGACGCATGCTTC	ENSG00000228594.4	0	225
AAGAGACGCATGCTTC	ENSG00000171612.7	19056	600
AAGAGACGCATGCTTC	ENSG00000231789.2	3545	178
AAGAGACGCATGCTTC	ENSG00000241563.4	0	300
AAGAGACGCATGCTTC	ENSG00000090432.7	9839	3876
AAGAGACGCATGCTTC	ENSG00000179163.12	45986	3299
AAGAGACGCATGCTTC	ENSG00000270733.1	0	413
AAGAGACGCATGCTTC	ENSG00000270605.1	0	599
AAGAGACGCATGCTTC	ENSG00000130766.5	0	286
AAGAGACGCATGCTTC	ENSG00000175130.7	849	2025
AAGAGACGCATGCTTC	ENSG00000243749.1	6647	1479
AAGAGACGCATGCTTC	ENSG00000236274.1	109	699
AAGAGACGCATGCTTC	ENSG00000116863.11	16855	6240
AAGAGACGCATGCTTC	ENSG00000163909.8	0	300
AAGAGACGCATGCTTC	ENSG00000117000.9	27418	3251
AAGAGACGCATGCTTC	ENSG00000259943.1	0	300
AAGAGACGCATGCTTC	ENSG00000237424.1	0	278
AAGAGACGCATGCTTC	ENSG00000169213.7	64233	5675
CAACCTCAGAACCTGT	ENSG00000225630.1	0	2524
CAACCTCAGAACCTGT	ENSG00000116863.11	2212	300
CAACCTCAGAACCTGT	ENSG00000066557.6	4792	298
CAACCTCAGAACCTGT	ENSG00000065135.12	11885	300
CAACCTCAGAACCTGT	ENSG00000170385.10	0	300
CAACCTCAGAACCTGT	ENSG00000143751.10	0	600
CAACCTCAGAACCTGT	ENSG00000259865.1	0	898
TGACCAAGGAGAAGGA	ENSG00000225630.1	0	10377
TGACCAAGGAGAAGGA	ENSG00000176022.7	0	555
TGACCAAGGAGAAGGA	ENSG00000233954.6	0	276
TGACCAAGGAGAAGGA	ENSG00000288398.1	0	287
TGACCAAGGAGAAGGA	ENSG00000158748.4	0	278
TGACCAAGGAGAAGGA	ENSG00000090432.7	0	875
TGACCAAGGAGAAGGA	ENSG00000179163.12	24973	1943
TGACCAAGGAGAAGGA	ENSG00000228589.3	0	813
TGACCAAGGAGAAGGA	ENSG00000270605.1	0	300
TGACCAAGGAGAAGGA	ENSG00000175130.7	0	578
TGACCAAGGAGAAGGA	ENSG00000243749.1	1647	300
TGACCAAGGAGAAGGA	ENSG00000286899.1	0	558
TGACCAAGGAGAAGGA	ENSG00000116863.11	3261	1500
TGACCAAGGAGAAGGA	ENSG00000259943.1	0	300
TGACCAAGGAGAAGGA	ENSG00000230585.2	0	300
TGACCAAGGAGAAGGA	ENSG00000169213.7	13203	1200
TGACCAAGGAGAAGGA	ENSG00000116704.8	0	578
TGACCAAGGAGAAGGA	ENSG00000066557.6	0	1500
TGACCAAGGAGAAGGA	ENSG00000137970.7	0	514
TGACCAAGGAGAAGGA	ENSG00000065135.12	70538	2951
TGACCAAGGAGAAGGA	ENSG00000213281.5	3952	2332
TGACCAAGGAGAAGGA	ENSG00000184260.6	0	277
TGACCAAGGAGAAGGA	ENSG00000272654.1	0	1178
TGACCAAGGAGAAGGA	ENSG00000132718.9	0	278
TGACCAAGGAGAAGGA	ENSG00000235082.2	0	84
TGACCAAGGAGAAGGA	ENSG00000143184.5	4238	300
TGACCAAGGAGAAGGA	ENSG00000233583.1	12	288
TGACCAAGGAGAAGGA	ENSG00000279838.1	0	1234
TGACCAAGGAGAAGGA	ENSG00000183155.5	15498	900
TGACCAAGGAGAAGGA	ENSG00000174529.7	0	1134
TGACCAAGGAGAAGGA	ENSG00000170385.10	0	856
TGACCAAGGAGAAGGA	ENSG00000277007.1	0	300
TGACCAAGGAGAAGGA	ENSG00000218283.2	0	843
TGACCAAGGAGAAGGA	ENSG00000143751.10	18453	1777
TGACCAAGGAGAAGGA	ENSG00000181218.5	0	300
TGACCAAGGAGAAGGA	ENSG00000273058.2	0	150
TGACCAAGGAGAAGGA	ENSG00000259865.1	0	262
TGACCAAGGGAGTAAC	ENSG00000279457.4	172	243
TGACCAAGGGAGTAAC	ENSG00000225630.1	0	9775
TGACCAAGGGAGTAAC	ENSG00000176022.7	0	278
TGACCAAGGGAGTAAC	ENSG00000231789.2	6207	570
TGACCAAGGGAGTAAC	ENSG00000288398.1	0	300
TGACCAAGGGAGTAAC	ENSG00000179163.12	7721	873
TGACCAAGGGAGTAAC	ENSG00000270605.1	0	278
TGACCAAGGGAGTAAC	ENSG00000175130.7	0	278
TGACCAAGGGAGTAAC	ENSG00000116863.11	2	598
TGACCAAGGGAGTAAC	ENSG00000233406.5	0	278
TGACCAAGGGAGTAAC	ENSG00000066557.6	37463	1199
TGACCAAGGGAGTAAC	ENSG00000223896.2	0	600
TGACCAAGGGAGTAAC	ENSG00000137970.7	0	486
TGACCAAGGGAGTAAC	ENSG00000065135.12	64928	4128
TGACCAAGGGAGTAAC	ENSG00000213281.5	6142	2377
TGACCAAGGGAGTAAC	ENSG00000184260.6	0	556
TGACCAAGGGAGTAAC	ENSG00000272654.1	0	277
TGACCAAGGGAGTAAC	ENSG00000163344.6	2540	210
TGACCAAGGGAGTAAC	ENSG00000288670.1	0	278
TGACCAAGGGAGTAAC	ENSG00000158615.9	6356	1106
TGACCAAGGGAGTAAC	ENSG00000277007.1	0	301
TGACCAAGGGAGTAAC	ENSG00000218283.2	0	300
TGACCAAGGGAGTAAC	ENSG00000143751.10	6260	1174
TGACCAAGGGAGTAAC	ENSG00000143653.10	0	300
TGACCAAGGGAGTAAC	ENSG00000259865.1	0	1111
TGACCAAGCAGATTCG	ENSG00000225630.1	0	27043
TGACCAAGCAGATTCG	ENSG00000198744.5	0	286
TGACCAAGCAGATTCG	ENSG00000171612.7	13656	882
TGACCAAGCAGATTCG	ENSG00000287756.1	149	3384
TGACCAAGCAGATTCG	ENSG00000233954.6	0	278
TGACCAAGCAGATTCG	ENSG00000288398.1	0	1410
TGACCAAGCAGATTCG	ENSG00000261135.1	0	2259
TGACCAAGCAGATTCG	ENSG00000090432.7	5244	4781
TGACCAAGCAGATTCG	ENSG00000179163.12	34068	7760
TGACCAAGCAGATTCG	ENSG00000284602.1	0	300
TGACCAAGCAGATTCG	ENSG00000270605.1	0	3838
TGACCAAGCAGATTCG	ENSG00000130766.5	9359	900
TGACCAAGCAGATTCG	ENSG00000175130.7	849	4698
TGACCAAGCAGATTCG	ENSG00000243749.1	17383	5068
TGACCAAGCAGATTCG	ENSG00000116863.11	18020	7783
TGACCAAGCAGATTCG	ENSG00000116981.4	0	1200
TGACCAAGCAGATTCG	ENSG00000117000.9	0	300
TGACCAAGCAGATTCG	ENSG00000259943.1	0	5319
TACCGATGCCAATCCT	ENSG00000279457.4	6537	562
TACCGATGCCAATCCT	ENSG00000225630.1	0	29985
TACCGATGCCAATCCT	ENSG00000176022.7	0	294
TACCGATGCCAATCCT	ENSG00000270035.1	0	278
TACCGATGCCAATCCT	ENSG00000287756.1	47	853
TACCGATGCCAATCCT	ENSG00000233954.6	0	834
TACCGATGCCAATCCT	ENSG00000288398.1	0	3342
TACCGATGCCAATCCT	ENSG00000186301.8	162	600
TACCGATGCCAATCCT	ENSG00000162482.5	1565	397
TACCGATGCCAATCCT	ENSG00000090432.7	2330	3276
TACCGATGCCAATCCT	ENSG00000181773.7	0	300
TACCGATGCCAATCCT	ENSG00000175130.7	0	1163
TACCGATGCCAATCCT	ENSG00000273274.2	0	278
TACCGATGCCAATCCT	ENSG00000243749.1	4942	2076
TACCGATGCCAATCCT	ENSG00000116863.11	3780	2996
TACCGATGCCAATCCT	ENSG00000116981.4	0	1500
TACCGATGCCAATCCT	ENSG00000117000.9	0	600
TACCGATGCCAATCCT	ENSG00000259943.1	0	577
TACCGATGCCAATCCT	ENSG00000286429.1	400	800
TACCGATGCCAATCCT	ENSG00000116704.8	7350	277
TACCGATGCCAATCCT	ENSG00000066557.6	140601	6039
TACCGATGCCAATCCT	ENSG00000226084.5	0	426
TACCGATGCCAATCCT	ENSG00000271576.1	0	277
TACCGATGCCAATCCT	ENSG00000280099.1	0	900
TACCGATGCCAATCCT	ENSG00000137970.7	0	2086
TACCGATGCCAATCCT	ENSG00000065135.12	223346	15270
GCATGTCTGGCCTATA	ENSG00000225630.1	0	27298
GCATGTCTGGCCTATA	ENSG00000288398.1	0	278
GCATGTCTGGCCTATA	ENSG00000090432.7	0	1195
GCATGTCTGGCCTATA	ENSG00000179546.5	0	2992
GCATGTCTGGCCTATA	ENSG00000179163.12	42063	2083
GCATGTCTGGCCTATA	ENSG00000243659.1	3	164
GCATGTCTGGCCTATA	ENSG00000228589.3	0	300
GCATGTCTGGCCTATA	ENSG00000175130.7	0	278
GCATGTCTGGCCTATA	ENSG00000117000.9	12987	2100
GCATGTCTGGCCTATA	ENSG00000169213.7	56762	1337
GCATGTCTGGCCTATA	ENSG00000232762.1	34	566
GCATGTCTGGCCTATA	ENSG00000066557.6	58572	3929
GCATGTCTGGCCTATA	ENSG00000226084.5	0	298
GCATGTCTGGCCTATA	ENSG00000280099.1	0	278
GCATGTCTGGCCTATA	ENSG00000137970.7	0	1056
GCATGTCTGGCCTATA	ENSG00000065135.12	172866	10638
GCATGTCTGGCCTATA	ENSG00000238198.2	0	151
GCATGTCTGGCCTATA	ENSG00000213281.5	29088	4747
CTCAACAGCAAGAGGT	ENSG00000279457.4	39	261
CTCAACAGCAAGAGGT	ENSG00000225630.1	0	23628
CTCAACAGCAAGAGGT	ENSG00000176022.7	0	589
CTCAACAGCAAGAGGT	ENSG00000233954.6	0	217
CTCAACAGCAAGAGGT	ENSG00000288398.1	0	278
CTCAACAGCAAGAGGT	ENSG00000090432.7	1298	3000
CTCAACAGCAAGAGGT	ENSG00000179163.12	86914	5102
CTCAACAGCAAGAGGT	ENSG00000284657.1	0	207
CTCAACAGCAAGAGGT	ENSG00000225159.1	0	600
CTCAACAGCAAGAGGT	ENSG00000270605.1	0	3275
CTCAACAGCAAGAGGT	ENSG00000228634.1	50	340
CTCAACAGCAAGAGGT	ENSG00000175130.7	0	1460
CTCAACAGCAAGAGGT	ENSG00000243749.1	7441	2634
CTCAACAGCAAGAGGT	ENSG00000236274.1	186	598
CTCAACAGCAAGAGGT	ENSG00000116863.11	13037	5074
CTCAACAGCAAGAGGT	ENSG00000117000.9	0	2356
CTCAACAGCAAGAGGT	ENSG00000224751.2	0	566
TTGGAACCGGCGTTAA	ENSG00000279457.4	7575	884
TTGGAACCGGCGTTAA	ENSG00000225630.1	0	13915
TTGGAACCGGCGTTAA	ENSG00000090432.7	1032	300
TTGGAACCGGCGTTAA	ENSG00000179163.12	0	300
TTGGAACCGGCGTTAA	ENSG00000130766.5	0	282
TTGGAACCGGCGTTAA	ENSG00000237329.2	0	228
TTGGAACCGGCGTTAA	ENSG00000273274.2	0	300
TTGGAACCGGCGTTAA	ENSG00000236274.1	55	132
TTGGAACCGGCGTTAA	ENSG00000116863.11	901	600
TTGGAACCGGCGTTAA	ENSG00000163909.8	0	289
TTGGAACCGGCGTTAA	ENSG00000117000.9	0	856
TTGGAACCGGCGTTAA	ENSG00000169213.7	26637	300
TTGGAACCGGCGTTAA	ENSG00000162396.6	0	300
TTGGAACCGGCGTTAA	ENSG00000116704.8	0	298
TTGGAACCGGCGTTAA	ENSG00000066557.6	14395	900
TTGGAACCGGCGTTAA	ENSG00000271576.1	0	600
TTGGAACCGGCGTTAA	ENSG00000137970.7	0	825
TTGGAACCGGCGTTAA	ENSG00000065135.12	71063	4458
TTGGAACCGGCGTTAA	ENSG00000213281.5	6379	900
TTGGAACCGGCGTTAA	ENSG00000143067.5	0	300
TTGGAACCGGCGTTAA	ENSG00000184260.6	0	277
TTGGAACCGGCGTTAA	ENSG00000143333.7	2483	579
TTGGAACCGGCGTTAA	ENSG00000218283.2	0	232
TTGGAACCGGCGTTAA	ENSG00000162817.7	0	300
TTGGAACCGGCGTTAA	ENSG00000143751.10	12655	3229
TTGGAACCGGCGTTAA	ENSG00000287532.1	13	265
TTGGAACCGGCGTTAA	ENSG00000154342.6	0	600
TTGGAACCGGCGTTAA	ENSG00000116574.6	0	299
TTGGAACCGGCGTTAA	ENSG00000162851.8	10499	900
TTGGAACCGGCGTTAA	ENSG00000259865.1	0	599
TTGGAACCCAAGAGGT	ENSG00000279457.4	6	228
TTGGAACCCAAGAGGT	ENSG00000225630.1	0	16460
TTGGAACCCAAGAGGT	ENSG00000171612.7	2064	578
TTGGAACCCAAGAGGT	ENSG00000288398.1	0	600
TTGGAACCCAAGAGGT	ENSG00000090432.7	1032	2055
TTGGAACCCAAGAGGT	ENSG00000179163.12	99693	5092
TTGGAACCCAAGAGGT	ENSG00000284602.1	0	293
TTGGAACCCAAGAGGT	ENSG00000237934.1	139	345
TTGGAACCCAAGAGGT	ENSG00000175130.7	2547	2334
TTGGAACCCAAGAGGT	ENSG00000116863.11	901	1200
TTGGAACCCAAGAGGT	ENSG00000116981.4	0	300
TTGGAACCCAAGAGGT	ENSG00000117000.9	15453	901
TTGGAACCCAAGAGGT	ENSG00000116704.8	0	600
TTGGAACCCAAGAGGT	ENSG00000066557.6	68370	4617
TTGGAACCCAAGAGGT	ENSG00000226084.5	0	238
AAGAGACGGAACCTGT	ENSG00000279457.4	757	230
AAGAGACGGAACCTGT	ENSG00000225630.1	0	22958
AAGAGACGGAACCTGT	ENSG00000231789.2	6199	278
AAGAGACGGAACCTGT	ENSG00000233954.6	0	546
AAGAGACGGAACCTGT	ENSG00000270728.1	6	260
AAGAGACGGAACCTGT	ENSG00000179163.12	16874	1159
AAGAGACGGAACCTGT	ENSG00000270605.1	0	300
AAGAGACGGAACCTGT	ENSG00000130766.5	0	1774
AAGAGACGGAACCTGT	ENSG00000175130.7	0	1442
AAGAGACGGAACCTGT	ENSG00000116863.11	3152	2378
AAGAGACGGAACCTGT	ENSG00000117000.9	26299	1200
AAGAGACGGAACCTGT	ENSG00000186564.6	0	300
AAGAGACGGAACCTGT	ENSG00000169213.7	0	278
AAGAGACGGAACCTGT	ENSG00000228929.1	0	194
AAGAGACGGAACCTGT	ENSG00000116704.8	0	900
AAGAGACGGAACCTGT	ENSG00000066557.6	30744	1200
AAGAGACGGAACCTGT	ENSG00000271576.1	0	1122
AAGAGACGGAACCTGT	ENSG00000137970.7	0	515
AAGAGACGGAACCTGT	ENSG00000065135.12	54524	5553
AAGAGACGGAACCTGT	ENSG00000238198.2	0	578
AAGAGACGGAACCTGT	ENSG00000213281.5	6308	6827
AAGAGACGGAACCTGT	ENSG00000225080.1	0	566
AAGAGACGGAACCTGT	ENSG00000184678.10	0	494
AAGAGACGGAACCTGT	ENSG00000184260.6	0	278
CTCAACAGGGCGTTAA	ENSG00000225630.1	0	18809
CTCAACAGGGCGTTAA	ENSG00000090432.7	28732	6600
CTCAACAGGGCGTTAA	ENSG00000179163.12	33817	1800
CTCAACAGGGCGTTAA	ENSG00000130766.5	7695	877
CTCAACAGGGCGTTAA	ENSG00000175130.7	0	900
CTCAACAGGGCGTTAA	ENSG00000243749.1	3750	1198
CTCAACAGGGCGTTAA	ENSG00000116863.11	4212	4199
CTCAACAGGGCGTTAA	ENSG00000117000.9	87734	2066
CTCAACAGGGCGTTAA	ENSG00000169213.7	0	900
CTCAACAGGGCGTTAA	ENSG00000162396.6	0	300
CTCAACAGGGCGTTAA	ENSG00000116704.8	14050	600
CTCAACAGGGCGTTAA	ENSG00000066557.6	37361	3582
CTCAACAGGGCGTTAA	ENSG00000226415.1	0	392
CTCAACAGGGCGTTAA	ENSG00000225505.1	40	260
CTCAACAGGGCGTTAA	ENSG00000065135.12	164811	9501
CTCAACAGGGCGTTAA	ENSG00000213281.5	1356	4169
CTCAACAGGGCGTTAA	ENSG00000183508.5	0	600
CTCAACAGGGCGTTAA	ENSG00000215784.6	1988	300
CTCAACAGGGCGTTAA	ENSG00000177144.8	0	300
CTCAACAGGGCGTTAA	ENSG00000163344.6	9890	300
CTCAACAGGGCGTTAA	ENSG00000236675.1	92	248
TGACCAAGCGGTTGTT	ENSG00000225630.1	0	16744
TGACCAAGCGGTTGTT	ENSG00000198744.5	0	218
TGACCAAGCGGTTGTT	ENSG00000272512.1	0	300
TGACCAAGCGGTTGTT	ENSG00000272455.1	0	298
TGACCAAGCGGTTGTT	ENSG00000171612.7	2064	578
TGACCAAGCGGTTGTT	ENSG00000233954.6	0	297
TGACCAAGCGGTTGTT	ENSG00000288398.1	0	600
TGACCAAGCGGTTGTT	ENSG00000090432.7	11254	4312
TGACCAAGCGGTTGTT	ENSG00000179163.12	5923	1199
TGACCAAGCGGTTGTT	ENSG00000284602.1	0	871
TGACCAAGCGGTTGTT	ENSG00000279443.1	0	295
TGACCAAGCGGTTGTT	ENSG00000175130.7	849	1428
TGACCAAGCGGTTGTT	ENSG00000273274.2	4031	300
TGACCAAGCGGTTGTT	ENSG00000243749.1	5398	2941
TGACCAAGCGGTTGTT	ENSG00000116863.11	11875	7478
TGACCAAGCGGTTGTT	ENSG00000117000.9	0	2960
TGACCAAGCGGTTGTT	ENSG00000259943.1	0	300
TGACCAAGCGGTTGTT	ENSG00000169213.7	0	1463
TGACCAAGCGGTTGTT	ENSG00000116704.8	14377	300
CAACCTCACATGCTTC	ENSG00000225630.1	0	17771
CAACCTCACATGCTTC	ENSG00000176022.7	0	1198
CAACCTCACATGCTTC	ENSG00000266075.2	0	221
CAACCTCACATGCTTC	ENSG00000227959.1	0	277
CAACCTCACATGCTTC	ENSG00000090432.7	7308	1477
CAACCTCACATGCTTC	ENSG00000179163.12	16571	2332
CAACCTCACATGCTTC	ENSG00000270605.1	0	2035
CAACCTCACATGCTTC	ENSG00000130766.5	0	278
CAACCTCACATGCTTC	ENSG00000175130.7	0	600
CAACCTCACATGCTTC	ENSG00000243749.1	0	278
CAACCTCACATGCTTC	ENSG00000236274.1	405	491
CAACCTCACATGCTTC	ENSG00000116863.11	6101	2400
CAACCTCACATGCTTC	ENSG00000116981.4	0	300
CAACCTCACATGCTTC	ENSG00000261798.1	0	924
CAACCTCACATGCTTC	ENSG00000117000.9	74422	2042
CAACCTCACATGCTTC	ENSG00000259943.1	0	1454
CAACCTCACATGCTTC	ENSG00000227527.2	29	271
CAACCTCACATGCTTC	ENSG00000229316.1	264	556
CAACCTCACATGCTTC	ENSG00000238140.1	1	276
CAACCTCACATGCTTC	ENSG00000169213.7	0	3000
CAACCTCACATGCTTC	ENSG00000116704.8	0	300
CAACCTCACATGCTTC	ENSG00000066557.6	38925	2056
CAACCTCACATGCTTC	ENSG00000226084.5	0	260
CAACCTCACATGCTTC	ENSG00000280099.1	0	1752
CAACCTCACATGCTTC	ENSG00000228175.3	0	300
CAACCTCACATGCTTC	ENSG00000232393.1	0	257
CAACCTCACATGCTTC	ENSG00000223896.2	0	300
CAACCTCACATGCTTC	ENSG00000137970.7	0	1348
CAACCTCACATGCTTC	ENSG00000065135.12	207076	12407
TACCGATGCCACATAG	ENSG00000279457.4	7154	552
TACCGATGCCACATAG	ENSG00000225630.1	0	20155
TACCGATGCCACATAG	ENSG00000228594.4	0	300
TACCGATGCCACATAG	ENSG00000288398.1	0	773
TACCGATGCCACATAG	ENSG00000261135.1	0	548
TACCGATGCCACATAG	ENSG00000090432.7	1681	895
TACCGATGCCACATAG	ENSG00000179163.12	31919	1500
TACCGATGCCACATAG	ENSG00000175130.7	0	556
TACCGATGCCACATAG	ENSG00000243749.1	1647	1180
TACCGATGCCACATAG	ENSG00000116863.11	3880	1794
TACCGATGCCACATAG	ENSG00000117000.9	24092	1778
TACCGATGCCACATAG	ENSG00000259943.1	0	1500
TACCGATGCCACATAG	ENSG00000169213.7	0	600
TACCGATGCCACATAG	ENSG00000066557.6	67253	4355
TACCGATGCCACATAG	ENSG00000226415.1	0	236
TACCGATGCCACATAG	ENSG00000271576.1	0	600
TACCGATGCCACATAG	ENSG00000137970.7	0	809
TACCGATGCCACATAG	ENSG00000065135.12	143887	8868
TACCGATGCCACATAG	ENSG00000238198.2	0	277
TACCGATGCCACATAG	ENSG00000213281.5	16695	1777
TACCGATGCCACATAG	ENSG00000177144.8	0	600
TACCGATGCCACATAG	ENSG00000203812.2	0	278
TACCGATGCCACATAG	ENSG00000184260.6	0	833
TACCGATGCCACATAG	ENSG00000163344.6	24583	1629
TACCGATGCCACATAG	ENSG00000236675.1	92	175
TACCGATGCGAATTGG	ENSG00000279457.4	35367	4081
TACCGATGCGAATTGG	ENSG00000225630.1	0	62124
TACCGATGCGAATTGG	ENSG00000198744.5	0	294
TACCGATGCGAATTGG	ENSG00000176022.7	0	278
TACCGATGCGAATTGG	ENSG00000158292.7	0	578
TACCGATGCGAATTGG	ENSG00000171612.7	83347	1713
TACCGATGCGAATTGG	ENSG00000233954.6	0	278
TACCGATGCGAATTGG	ENSG00000270728.1	69	231
TACCGATGCGAATTGG	ENSG00000090432.7	1032	2376
TACCGATGCGAATTGG	ENSG00000179163.12	26882	3900
TACCGATGCGAATTGG	ENSG00000197245.6	0	292
TACCGATGCGAATTGG	ENSG00000225159.1	0	527
TACCGATGCGAATTGG	ENSG00000228589.3	0	258
TACCGATGCGAATTGG	ENSG00000270605.1	0	600
TTGGAACCGAGAAGGA	ENSG00000225630.1	0	10022
TTGGAACCGAGAAGGA	ENSG00000233954.6	0	222
TTGGAACCGAGAAGGA	ENSG00000090432.7	10871	1178
TTGGAACCGAGAAGGA	ENSG00000179163.12	8467	300
TTGGAACCGAGAAGGA	ENSG00000175130.7	849	556
TTGGAACCGAGAAGGA	ENSG00000116863.11	3061	894
TTGGAACCGAGAAGGA	ENSG00000117000.9	0	278
TTGGAACCGAGAAGGA	ENSG00000238287.1	14900	233
TTGGAACCGAGAAGGA	ENSG00000162396.6	0	300
TTGGAACCGAGAAGGA	ENSG00000066557.6	36696	683
TTGGAACCGAGAAGGA	ENSG00000226084.5	0	242
TTGGAACCGAGAAGGA	ENSG00000137970.7	0	513
TTGGAACCGAGAAGGA	ENSG00000065135.12	10510	6197
TTGGAACCGAGAAGGA	ENSG00000213281.5	0	1740
TTGGAACCGAGAAGGA	ENSG00000184260.6	0	556
TTGGAACCGAGAAGGA	ENSG00000163344.6	8438	536
TTGGAACCGAGAAGGA	ENSG00000132718.9	11708	575
TTGGAACCGAGAAGGA	ENSG00000162783.11	0	301
TTGGAACCGAGAAGGA	ENSG00000170385.10	0	300
TTGGAACCGAGAAGGA	ENSG00000270708.1	0	266
TTGGAACCGAGAAGGA	ENSG00000143751.10	0	300
TTGGAACCGAGAAGGA	ENSG00000116574.6	0	300
TTGGAACCGAGAAGGA	ENSG00000162851.8	2709	600
TTGGAACCGAGAAGGA	ENSG00000143653.10	38957	692
TTGGAACCGAGAAGGA	ENSG00000259865.1	0	300
TACCGATGGAACCTGT	ENSG00000225630.1	0	7248
TACCGATGGAACCTGT	ENSG00000198744.5	0	192
TACCGATGGAACCTGT	ENSG00000231789.2	101	199
TACCGATGGAACCTGT	ENSG00000288398.1	0	300
TACCGATGGAACCTGT	ENSG00000186301.8	96	278
TACCGATGGAACCTGT	ENSG00000090432.7	649	1178
TACCGATGGAACCTGT	ENSG00000179163.12	11478	898
TACCGATGGAACCTGT	ENSG00000175130.7	0	300
TACCGATGGAACCTGT	ENSG00000273274.2	0	900
TACCGATGGAACCTGT	ENSG00000117000.9	0	278
TACCGATGGAACCTGT	ENSG00000169213.7	0	1122
TACCGATGGAACCTGT	ENSG00000162396.6	0	600
TACCGATGGAACCTGT	ENSG00000116704.8	0	300
TACCGATGGAACCTGT	ENSG00000066557.6	15937	2055
TACCGATGGAACCTGT	ENSG00000065135.12	37177	2286
TACCGATGGAACCTGT	ENSG00000213281.5	0	1138
TACCGATGGAACCTGT	ENSG00000163344.6	6715	277
TACCGATGGAACCTGT	ENSG00000162783.11	0	277
TACCGATGGAACCTGT	ENSG00000158615.9	0	578
TACCGATGGAACCTGT	ENSG00000235363.1	0	227
TACCGATGGAACCTGT	ENSG00000218283.2	0	542
TACCGATGGAACCTGT	ENSG00000143751.10	0	1756
TACCGATGGAACCTGT	ENSG00000181218.5	0	277
TACCGATGGAACCTGT	ENSG00000259865.1	0	1492
GGAGAGTTCGATACTG	ENSG00000279457.4	8125	949
GGAGAGTTCGATACTG	ENSG00000225630.1	0	59171
GGAGAGTTCGATACTG	ENSG00000176022.7	0	600
GGAGAGTTCGATACTG	ENSG00000171612.7	352	204
GGAGAGTTCGATACTG	ENSG00000241563.4	0	516
GGAGAGTTCGATACTG	ENSG00000186301.8	219	59
GGAGAGTTCGATACTG	ENSG00000090432.7	32347	6256
GGAGAGTTCGATACTG	ENSG00000179163.12	74585	5697
GGAGAGTTCGATACTG	ENSG00000181773.7	0	300
GGAGAGTTCGATACTG	ENSG00000228589.3	0	278
GGAGAGTTCGATACTG	ENSG00000270605.1	0	2064
GGAGAGTTCGATACTG	ENSG00000130766.5	0	579
GGAGAGTTCGATACTG	ENSG00000175130.7	849	3193
GGAGAGTTCGATACTG	ENSG00000273274.2	0	600
AAGAGACGCCAATCCT	ENSG00000279457.4	6902	449
AAGAGACGCCAATCCT	ENSG00000225630.1	0	46034
AAGAGACGCCAATCCT	ENSG00000176022.7	0	278
AAGAGACGCCAATCCT	ENSG00000228594.4	0	277
AAGAGACGCCAATCCT	ENSG00000231789.2	7992	300
AAGAGACGCCAATCCT	ENSG00000233954.6	0	278
AAGAGACGCCAATCCT	ENSG00000288398.1	0	7149
AAGAGACGCCAATCCT	ENSG00000261135.1	0	600
AAGAGACGCCAATCCT	ENSG00000090432.7	1298	2703
AAGAGACGCCAATCCT	ENSG00000179163.12	5237	600
AAGAGACGCCAATCCT	ENSG00000130766.5	0	599
AAGAGACGCCAATCCT	ENSG00000279443.1	0	1200
AAGAGACGCCAATCCT	ENSG00000175130.7	0	300
AAGAGACGCCAATCCT	ENSG00000243749.1	7441	1476
AAGAGACGCCAATCCT	ENSG00000116863.11	6698	3570
AAGAGACGCCAATCCT	ENSG00000116981.4	0	1498
AAGAGACGCCAATCCT	ENSG00000117000.9	0	1478
AAGAGACGCCAATCCT	ENSG00000259943.1	0	1200
AAGAGACGCCAATCCT	ENSG00000284700.1	0	300
AAGAGACGCCAATCCT	ENSG00000162396.6	10540	1753
AAGAGACGCCAATCCT	ENSG00000066557.6	14221	897
AAGAGACGCCAATCCT	ENSG00000271576.1	0	300
AAGAGACGCCAATCCT	ENSG00000223896.2	0	600
CTCAACAGGAGAAGGA	ENSG00000279457.4	172	257
CTCAACAGGAGAAGGA	ENSG00000225630.1	0	5678
CTCAACAGGAGAAGGA	ENSG00000171612.7	9528	300
CTCAACAGGAGAAGGA	ENSG00000288398.1	0	266
CTCAACAGGAGAAGGA	ENSG00000179163.12	2475	300
CTCAACAGGAGAAGGA	ENSG00000228589.3	0	300
CTCAACAGGAGAAGGA	ENSG00000237329.2	0	225
CTCAACAGGAGAAGGA	ENSG00000243749.1	0	300
CTCAACAGGAGAAGGA	ENSG00000116863.11	7369	2100
CTCAACAGGAGAAGGA	ENSG00000260920.2	0	300
CTCAACAGGAGAAGGA	ENSG00000237950.3	0	278
CTCAACAGGAGAAGGA	ENSG00000162396.6	0	600
CTCAACAGGAGAAGGA	ENSG00000116704.8	0	300
CTCAACAGGAGAAGGA	ENSG00000066557.6	37949	1798
CTCAACAGGAGAAGGA	ENSG00000223896.2	0	689
CTCAACAGGAGAAGGA	ENSG00000137970.7	0	1101
CTCAACAGGAGAAGGA	ENSG00000065135.12	82856	8868
CTCAACAGGAGAAGGA	ENSG00000213281.5	4726	3578
CTCAACAGGAGAAGGA	ENSG00000286019.1	39372	242
CTCAACAGGAGAAGGA	ENSG00000163344.6	3628	275
CTCAACAGGAGAAGGA	ENSG00000236675.1	92	187
CTCAACAGGAGAAGGA	ENSG00000287336.1	490	1793
CTCAACAGGAGAAGGA	ENSG00000158615.9	0	301
CTCAACAGGAGAAGGA	ENSG00000218283.2	0	1097
CTCAACAGGAGAAGGA	ENSG00000143751.10	21043	12275
CTCAACAGGAGAAGGA	ENSG00000162851.8	0	300
CTCAACAGGAGAAGGA	ENSG00000277462.2	0	900
CTCAACAGGAGAAGGA	ENSG00000259865.1	0	867
GCATGTCTCGGTTGTT	ENSG00000225630.1	0	60611
GCATGTCTCGGTTGTT	ENSG00000198744.5	0	198
GCATGTCTCGGTTGTT	ENSG00000176022.7	0	573
GCATGTCTCGGTTGTT	ENSG00000171612.7	4128	600
GCATGTCTCGGTTGTT	ENSG00000233954.6	0	278
GCATGTCTCGGTTGTT	ENSG00000090432.7	6276	3578
GCATGTCTCGGTTGTT	ENSG00000179163.12	70412	4170
GCATGTCTCGGTTGTT	ENSG00000270605.1	0	577
GCATGTCTCGGTTGTT	ENSG00000130766.5	2948	878
GCATGTCTCGGTTGTT	ENSG00000175130.7	0	1767
GCATGTCTCGGTTGTT	ENSG00000116863.11	24944	11067
GCATGTCTCGGTTGTT	ENSG00000116981.4	0	2099
GCATGTCTCGGTTGTT	ENSG00000117000.9	26922	4119
GCATGTCTCGGTTGTT	ENSG00000259943.1	0	882
GCATGTCTCGGTTGTT	ENSG00000238287.1	0	278
AAGAGACGCGAATTGG	ENSG00000279457.4	17143	2798
AAGAGACGCGAATTGG	ENSG00000225630.1	0	49957
AAGAGACGCGAATTGG	ENSG00000198744.5	0	278
AAGAGACGCGAATTGG	ENSG00000231050.1	0	249
AAGAGACGCGAATTGG	ENSG00000233954.6	0	278
AAGAGACGCGAATTGG	ENSG00000288398.1	0	2612
AAGAGACGCGAATTGG	ENSG00000090432.7	6542	5646
AAGAGACGCGAATTGG	ENSG00000179163.12	12905	1143
AAGAGACGCGAATTGG	ENSG00000175130.7	0	900
AAGAGACGCGAATTGG	ENSG00000243749.1	5794	600
AAGAGACGCGAATTGG	ENSG00000116863.11	7634	5076
AAGAGACGCGAATTGG	ENSG00000117000.9	86295	3586
AAGAGACGCGAATTGG	ENSG00000259943.1	0	300
AAGAGACGCGAATTGG	ENSG00000260920.2	0	278
AAGAGACGCGAATTGG	ENSG00000169213.7	0	600
AAGAGACGCCACATAG	ENSG00000225630.1	0	20485
AAGAGACGCCACATAG	ENSG00000238290.1	142	136
AAGAGACGCCACATAG	ENSG00000233954.6	0	278
AAGAGACGCCACATAG	ENSG00000090432.7	5893	2010
AAGAGACGCCACATAG	ENSG00000130766.5	1474	578
AAGAGACGCCACATAG	ENSG00000175130.7	0	1466
AAGAGACGCCACATAG	ENSG00000116863.11	411	595
AAGAGACGCCACATAG	ENSG00000117000.9	1562	796
AAGAGACGCCACATAG	ENSG00000259943.1	0	278
AAGAGACGCCACATAG	ENSG00000237424.1	0	278
AAGAGACGCCACATAG	ENSG00000169213.7	0	900
AAGAGACGCCACATAG	ENSG00000234264.1	0	600
AAGAGACGCCACATAG	ENSG00000066557.6	28419	2974
AAGAGACGCCACATAG	ENSG00000137970.7	0	1077
AAGAGACGCCACATAG	ENSG00000065135.12	51641	2860
AAGAGACGCCACATAG	ENSG00000238198.2	0	292
AAGAGACGCCACATAG	ENSG00000213281.5	480	1724
AAGAGACGCCACATAG	ENSG00000183508.5	0	278
AAGAGACGCCACATAG	ENSG00000163344.6	36110	2016
AAGAGACGCCACATAG	ENSG00000213062.5	0	300
AAGAGACGCCACATAG	ENSG00000143333.7	876	300
AAGAGACGCCACATAG	ENSG00000183155.5	0	278
AAGAGACGCCACATAG	ENSG00000158615.9	0	1200
AAGAGACGCCACATAG	ENSG00000235363.1	0	181
AAGAGACGCCACATAG	ENSG00000218283.2	0	1716
AAGAGACGCCACATAG	ENSG00000143751.10	21501	7224
AAGAGACGCCACATAG	ENSG00000162851.8	4522	300
TCCAAGTCGAGGTTAG	ENSG00000225630.1	0	31255
TCCAAGTCGAGGTTAG	ENSG00000171612.7	0	278
TCCAAGTCGAGGTTAG	ENSG00000231789.2	14191	941
TCCAAGTCGAGGTTAG	ENSG00000235643.2	0	278
TCCAAGTCGAGGTTAG	ENSG00000233954.6	0	1120
TCCAAGTCGAGGTTAG	ENSG00000288398.1	0	1720
TCCAAGTCGAGGTTAG	ENSG00000090432.7	8606	3510
TCCAAGTCGAGGTTAG	ENSG00000179163.12	5455	870
TCCAAGTCGAGGTTAG	ENSG00000238084.4	0	193
TCCAAGTCGAGGTTAG	ENSG00000225159.1	0	278
TCCAAGTCGAGGTTAG	ENSG00000228589.3	0	424
TCCAAGTCGAGGTTAG	ENSG00000270605.1	0	1745
TCCAAGTCGAGGTTAG	ENSG00000130766.5	25480	831
TCCAAGTCGAGGTTAG	ENSG00000237329.2	0	173
TCCAAGTCGAGGTTAG	ENSG00000228634.1	0	195
TCCAAGTCGAGGTTAG	ENSG00000175130.7	0	556
TCCAAGTCGAGGTTAG	ENSG00000273274.2	0	278
TCCAAGTCGAGGTTAG	ENSG00000243749.1	117	161
TCCAAGTCGAGGTTAG	ENSG00000116863.11	5196	2282
TCCAAGTCGAGGTTAG	ENSG00000116981.4	0	600
TCCAAGTCGAGGTTAG	ENSG00000117000.9	4778	1133
TCCAAGTCGAGGTTAG	ENSG00000259943.1	0	900
TCCAAGTCGAGGTTAG	ENSG00000169213.7	0	300
TCCAAGTCGAGGTTAG	ENSG00000066557.6	61654	2384
TCCAAGTCGAGGTTAG	ENSG00000272931.1	0	633
TCCAAGTCGAGGTTAG	ENSG00000229635.1	0	508
TCCAAGTCGAGGTTAG	ENSG00000137970.7	0	2960
TCCAAGTCCAATGGAC	ENSG00000225630.1	0	71791
TCCAAGTCCAATGGAC	ENSG00000158292.7	0	300
TCCAAGTCCAATGGAC	ENSG00000171612.7	11592	278
TCCAAGTCCAATGGAC	ENSG00000241563.4	236	622
TCCAAGTCCAATGGAC	ENSG00000233954.6	0	544
TCCAAGTCCAATGGAC	ENSG00000090432.7	649	861
TCCAAGTCCAATGGAC	ENSG00000179163.12	2693	600
TCCAAGTCCAATGGAC	ENSG00000225159.1	0	286
TCCAAGTCCAATGGAC	ENSG00000279443.1	0	297
TCCAAGTCCAATGGAC	ENSG00000175130.7	0	2175
TCCAAGTCCAATGGAC	ENSG00000243749.1	3294	600
TCCAAGTCCAATGGAC	ENSG00000116863.11	1723	2078
TCCAAGTCCAATGGAC	ENSG00000117000.9	0	564
TCCAAGTCCAATGGAC	ENSG00000259943.1	0	1176
TCCAAGTCCAATGGAC	ENSG00000169213.7	0	300
TCCAAGTCCAATGGAC	ENSG00000286429.1	0	450
TCCAAGTCCAATGGAC	ENSG00000066557.6	42940	2978
TCCAAGTCCAATGGAC	ENSG00000226084.5	0	242
TCCAAGTCCAATGGAC	ENSG00000280099.1	0	556
TCCAAGTCCAATGGAC	ENSG00000228175.3	0	243
TCCAAGTCCAATGGAC	ENSG00000137970.7	0	2568
TCCAAGTCCAATGGAC	ENSG00000230946.3	0	199
TCCAAGTCCAATGGAC	ENSG00000065135.12	146772	10819
TGACCAAGGGCCTATA	ENSG00000279457.4	897	300
TGACCAAGGGCCTATA	ENSG00000225630.1	0	9079
TGACCAAGGGCCTATA	ENSG00000288398.1	0	300
TGACCAAGGGCCTATA	ENSG00000090432.7	0	295
TGACCAAGGGCCTATA	ENSG00000228589.3	0	239
TGACCAAGGGCCTATA	ENSG00000130766.5	0	600
TGACCAAGGGCCTATA	ENSG00000231468.2	0	334
TGACCAAGGGCCTATA	ENSG00000243749.1	1647	300
TGACCAAGGGCCTATA	ENSG00000236274.1	12	288
TGACCAAGGGCCTATA	ENSG00000116863.11	1513	1768
TGACCAAGGGCCTATA	ENSG00000224751.2	0	300
TGACCAAGGGCCTATA	ENSG00000169213.7	0	300
TGACCAAGGGCCTATA	ENSG00000228929.1	0	205
TGACCAAGGGCCTATA	ENSG00000162396.6	0	600
TGACCAAGGGCCTATA	ENSG00000116704.8	0	300
TGACCAAGGGCCTATA	ENSG00000234264.1	40705	298
TGACCAAGGGCCTATA	ENSG00000066557.6	46529	2699
TGACCAAGGGCCTATA	ENSG00000280099.1	0	900
TGACCAAGGGCCTATA	ENSG00000228175.3	0	524
TGACCAAGGGCCTATA	ENSG00000137970.7	0	887
TGACCAAGGGCCTATA	ENSG00000244716.3	0	261
TGACCAAGGGCCTATA	ENSG00000065135.12	98259	7405
TGACCAAGGGCCTATA	ENSG00000213281.5	0	4201
TGACCAAGGGCCTATA	ENSG00000272755.1	0	300
TGACCAAGGGCCTATA	ENSG00000228126.1	0	300
TGACCAAGGGCCTATA	ENSG00000163344.6	2540	273
TGACCAAGGGCCTATA	ENSG00000236675.1	184	549
TGACCAAGGGCCTATA	ENSG00000237872.4	0	600
TGACCAAGGGCCTATA	ENSG00000143184.5	874	414
TGACCAAGGGCCTATA	ENSG00000162783.11	0	277
TGACCAAGGGCCTATA	ENSG00000143333.7	0	300
TGACCAAGGGCCTATA	ENSG00000158615.9	0	2097
TGACCAAGGGCCTATA	ENSG00000277007.1	0	600
TGACCAAGGGCCTATA	ENSG00000218283.2	0	1503
TGACCAAGGGCCTATA	ENSG00000162817.7	11800	872
TGACCAAGGGCCTATA	ENSG00000143751.10	3729	2400
TGACCAAGGGCCTATA	ENSG00000228729.1	0	209
TGACCAAGGGCCTATA	ENSG00000116574.6	0	900
TGACCAAGGGCCTATA	ENSG00000143653.10	13763	300
TGACCAAGGGCCTATA	ENSG00000259865.1	0	300
GCATGTCTCAGATTCG	ENSG00000279457.4	713	1068
GCATGTCTCAGATTCG	ENSG00000225630.1	0	52991
GCATGTCTCAGATTCG	ENSG00000176022.7	0	300
GCATGTCTCAGATTCG	ENSG00000272455.1	0	878
GCATGTCTCAGATTCG	ENSG00000238260.1	366	234
GCATGTCTCAGATTCG	ENSG00000171612.7	48163	3204
GCATGTCTCAGATTCG	ENSG00000231789.2	6199	268
GCATGTCTCAGATTCG	ENSG00000237301.1	0	300
GCATGTCTCAGATTCG	ENSG00000233954.6	0	278
GCATGTCTCAGATTCG	ENSG00000090432.7	30856	5579
GCATGTCTCAGATTCG	ENSG00000179163.12	41473	2068
GCATGTCTCAGATTCG	ENSG00000233478.1	62	238
GCATGTCTGGAGTAAC	ENSG00000225630.1	0	31217
GCATGTCTGGAGTAAC	ENSG00000231789.2	0	558
GCATGTCTGGAGTAAC	ENSG00000288398.1	0	278
GCATGTCTGGAGTAAC	ENSG00000090432.7	649	2075
GCATGTCTGGAGTAAC	ENSG00000183114.8	0	300
GCATGTCTGGAGTAAC	ENSG00000235112.1	254	46
GCATGTCTGGAGTAAC	ENSG00000179163.12	24436	1776
GCATGTCTGGAGTAAC	ENSG00000284602.1	0	2016
GCATGTCTGGAGTAAC	ENSG00000158246.8	0	300
GCATGTCTGGAGTAAC	ENSG00000228589.3	0	294
GCATGTCTGGAGTAAC	ENSG00000270605.1	0	1498
GCATGTCTGGAGTAAC	ENSG00000175130.7	0	578
GCATGTCTGGAGTAAC	ENSG00000243749.1	3434	1573
GCATGTCTGGAGTAAC	ENSG00000286899.1	0	557
GCATGTCTGGAGTAAC	ENSG00000116863.11	9399	3148
GCATGTCTGGAGTAAC	ENSG00000185839.3	0	299
GCATGTCTGGAGTAAC	ENSG00000116704.8	21720	266
GCATGTCTGGAGTAAC	ENSG00000066557.6	30773	2646
GCATGTCTGGAGTAAC	ENSG00000226084.5	0	244
TCCTTGCTCGATACTG	ENSG00000279457.4	19080	699
TCCTTGCTCGATACTG	ENSG00000225630.1	0	38939
TCCTTGCTCGATACTG	ENSG00000176022.7	0	1177
TCCTTGCTCGATACTG	ENSG00000228594.4	0	300
TCCTTGCTCGATACTG	ENSG00000229519.2	204	217
TCCTTGCTCGATACTG	ENSG00000287756.1	0	900
TCCTTGCTCGATACTG	ENSG00000233954.6	0	556
TCCTTGCTCGATACTG	ENSG00000288398.1	0	1199
TCCTTGCTCGATACTG	ENSG00000090432.7	5627	2911
TCCTTGCTCGATACTG	ENSG00000179163.12	78401	3894
TCCTTGCTCGATACTG	ENSG00000233478.1	0	591
TCCTTGCTCGATACTG	ENSG00000270605.1	0	540
TCCTTGCTCGATACTG	ENSG00000279443.1	0	287
TCCTTGCTCGATACTG	ENSG00000175130.7	0	1756
TCCTTGCTCGATACTG	ENSG00000243749.1	4147	1167
TCCTTGCTCGATACTG	ENSG00000240374.3	0	548
TCCTTGCTCGATACTG	ENSG00000286899.1	0	278
TCCTTGCTCGATACTG	ENSG00000116863.11	6403	3300
TCCTTGCTCGATACTG	ENSG00000163909.8	0	599
TCCTTGCTCGATACTG	ENSG00000117000.9	10473	3000
TCCTTGCTCGATACTG	ENSG00000259943.1	0	578
GGTCTCAACGATACTG	ENSG00000279457.4	13304	829
GGTCTCAACGATACTG	ENSG00000225630.1	0	34912
GGTCTCAACGATACTG	ENSG00000176022.7	0	300
GGTCTCAACGATACTG	ENSG00000171612.7	7947	300
GGTCTCAACGATACTG	ENSG00000231789.2	6199	300
GGTCTCAACGATACTG	ENSG00000288398.1	0	900
GGTCTCAACGATACTG	ENSG00000090432.7	2330	900
GGTCTCAACGATACTG	ENSG00000179163.12	4438	600
GGTCTCAACGATACTG	ENSG00000270605.1	0	900
GGTCTCAACGATACTG	ENSG00000231468.2	60	163
GGTCTCAACGATACTG	ENSG00000175130.7	0	1777
GGTCTCAACGATACTG	ENSG00000273274.2	0	832
GGTCTCAACGATACTG	ENSG00000286899.1	0	300
GGTCTCAACGATACTG	ENSG00000116863.11	1752	1488
GGTCTCAACGATACTG	ENSG00000163909.8	0	878
GGTCTCAACGATACTG	ENSG00000117000.9	0	1178
GGTCTCAACGATACTG	ENSG00000259943.1	0	276
GGTCTCAACGATACTG	ENSG00000260920.2	0	600
GGTCTCAACGATACTG	ENSG00000237424.1	0	900
GGTCTCAACGATACTG	ENSG00000230585.2	0	157
GGTCTCAACGATACTG	ENSG00000169213.7	0	600
GGTCTCAACGATACTG	ENSG00000116704.8	0	300
GGTCTCAACGATACTG	ENSG00000066557.6	10931	1001
GGTCTCAACGATACTG	ENSG00000226415.1	0	295
GGTCTCAACGATACTG	ENSG00000223896.2	0	568
GGTCTCAACGATACTG	ENSG00000137970.7	0	1539
GGTCTCAACGATACTG	ENSG00000228076.2	0	214
GGTCTCAACGATACTG	ENSG00000065135.12	119164	7017
GGTCTCAACGATACTG	ENSG00000213281.5	37657	6249
GGTCTCAACGATACTG	ENSG00000244371.2	0	263
GGTCTCAACGATACTG	ENSG00000184260.6	0	555
GGTCTCAACGATACTG	ENSG00000272654.1	0	1150
GGTCTCAACGATACTG	ENSG00000163344.6	21503	1277
GGTCTCAACGATACTG	ENSG00000132688.11	0	278
TACCGATGCATGCTTC	ENSG00000279457.4	6614	578
TACCGATGCATGCTTC	ENSG00000225630.1	0	30851
TACCGATGCATGCTTC	ENSG00000198744.5	0	258
TACCGATGCATGCTTC	ENSG00000272512.1	0	357
TACCGATGCATGCTTC	ENSG00000176022.7	0	1478
TACCGATGCATGCTTC	ENSG00000238260.1	0	514
TACCGATGCATGCTTC	ENSG00000158292.7	0	300
TACCGATGCATGCTTC	ENSG00000171612.7	2064	1499
TACCGATGCATGCTTC	ENSG00000233954.6	0	252
TACCGATGCATGCTTC	ENSG00000090432.7	5692	4409
TACCGATGCATGCTTC	ENSG00000179163.12	69053	6282
TACCGATGCATGCTTC	ENSG00000225159.1	0	300
TACCGATGCATGCTTC	ENSG00000279443.1	0	600
TACCGATGCATGCTTC	ENSG00000175130.7	0	3255
TACCGATGCATGCTTC	ENSG00000243749.1	2897	277
TACCGATGCATGCTTC	ENSG00000116863.11	2870	2999
TACCGATGCATGCTTC	ENSG00000163909.8	0	278
TACCGATGCATGCTTC	ENSG00000116981.4	0	300
TACCGATGCATGCTTC	ENSG00000117000.9	0	3168
TACCGATGCATGCTTC	ENSG00000225762.1	110	320
TACCGATGCATGCTTC	ENSG00000237424.1	0	900
TACCGATGCATGCTTC	ENSG00000284700.1	540	278
TACCGATGCATGCTTC	ENSG00000169213.7	0	278
TACCGATGCATGCTTC	ENSG00000225632.1	0	278
TACCGATGCATGCTTC	ENSG00000066557.6	56192	7586
TACCGATGCATGCTTC	ENSG00000226084.5	0	222
CAACCTCACCACATAG	ENSG00000279457.4	6370	386
CAACCTCACCACATAG	ENSG00000225630.1	0	15358
CAACCTCACCACATAG	ENSG00000171612.7	28608	1554
CAACCTCACCACATAG	ENSG00000224321.1	0	401
CAACCTCACCACATAG	ENSG00000186301.8	124	173
CAACCTCACCACATAG	ENSG00000270728.1	0	160
CAACCTCACCACATAG	ENSG00000090432.7	10488	1778
CAACCTCACCACATAG	ENSG00000179163.12	25638	3298
CAACCTCACCACATAG	ENSG00000270605.1	0	467
CAACCTCACCACATAG	ENSG00000130766.5	4422	1200
CAACCTCACCACATAG	ENSG00000175130.7	0	1175
CAACCTCACCACATAG	ENSG00000273274.2	0	578
CAACCTCACCACATAG	ENSG00000243749.1	1647	277
CAACCTCACCACATAG	ENSG00000116863.11	6291	3227
CAACCTCACCACATAG	ENSG00000232273.1	0	262
CAACCTCACCACATAG	ENSG00000163909.8	0	300
CAACCTCACCACATAG	ENSG00000117000.9	0	600
CAACCTCACCACATAG	ENSG00000260920.2	0	300
CAACCTCACCACATAG	ENSG00000116704.8	0	300
CAACCTCACCACATAG	ENSG00000066557.6	4334	1477
CAACCTCACCACATAG	ENSG00000226415.1	0	236
CAACCTCACCACATAG	ENSG00000223896.2	0	1186
CAACCTCACCACATAG	ENSG00000137970.7	0	1047
CAACCTCACCACATAG	ENSG00000065135.12	21124	2700
CAACCTCACCACATAG	ENSG00000213281.5	1017	1735
CAACCTCACCACATAG	ENSG00000184260.6	0	277
CAACCTCACCACATAG	ENSG00000163344.6	17058	1076
CAACCTCACCACATAG	ENSG00000132718.9	0	278
CAACCTCACCACATAG	ENSG00000288670.1	0	300
CAACCTCACCACATAG	ENSG00000213062.5	0	2400
CAACCTCACCACATAG	ENSG00000143333.7	5134	1157
CAACCTCACCACATAG	ENSG00000183155.5	0	1434
CAACCTCACCACATAG	ENSG00000158615.9	0	2348
CAACCTCACCACATAG	ENSG00000226986.4	0	259
CAACCTCACCACATAG	ENSG00000218283.2	0	1135
CAACCTCACCACATAG	ENSG00000162817.7	0	278
GGAGAGTTGAGGTTAG	ENSG00000279457.4	1697	650
GGAGAGTTGAGGTTAG	ENSG00000225630.1	0	14362
GGAGAGTTGAGGTTAG	ENSG00000288398.1	0	578
GGAGAGTTGAGGTTAG	ENSG00000090432.7	0	300
GGAGAGTTGAGGTTAG	ENSG00000179163.12	2475	300
GGAGAGTTGAGGTTAG	ENSG00000225159.1	0	229
GGAGAGTTGAGGTTAG	ENSG00000175130.7	0	578
GGAGAGTTGAGGTTAG	ENSG00000116863.11	574	263
GGAGAGTTGAGGTTAG	ENSG00000117000.9	0	900
GGAGAGTTGAGGTTAG	ENSG00000224680.4	0	268
GGAGAGTTGAGGTTAG	ENSG00000066557.6	28382	1471
GGAGAGTTGAGGTTAG	ENSG00000230721.1	0	290
GGAGAGTTGAGGTTAG	ENSG00000223896.2	0	278
GGAGAGTTGAGGTTAG	ENSG00000137970.7	0	257
GGAGAGTTGAGGTTAG	ENSG00000065135.12	15575	2100
GGAGAGTTGAGGTTAG	ENSG00000213281.5	0	600
GGAGAGTTGAGGTTAG	ENSG00000184260.6	0	278
GGAGAGTTGAGGTTAG	ENSG00000261168.1	0	556
GGAGAGTTGAGGTTAG	ENSG00000237872.4	0	530
GGAGAGTTGAGGTTAG	ENSG00000132718.9	0	1171
GGAGAGTTGAGGTTAG	ENSG00000224837.1	0	300
GGAGAGTTGAGGTTAG	ENSG00000183155.5	7749	578
GGAGAGTTGAGGTTAG	ENSG00000158615.9	0	1178
GGAGAGTTGAGGTTAG	ENSG00000170385.10	0	600
GGAGAGTTGAGGTTAG	ENSG00000242861.1	61	239
GGAGAGTTGAGGTTAG	ENSG00000143751.10	0	885
GGAGAGTTGAGGTTAG	ENSG00000270104.1	83	129
GGAGAGTTGAGGTTAG	ENSG00000162851.8	9786	300
GGAGAGTTGAGGTTAG	ENSG00000143653.10	18979	1496
GGAGAGTTGAGGTTAG	ENSG00000277462.2	0	300
TTGGAACCCGGTTGTT	ENSG00000225630.1	0	41012
TTGGAACCCGGTTGTT	ENSG00000198744.5	0	238
TTGGAACCCGGTTGTT	ENSG00000176022.7	0	1496
TTGGAACCCGGTTGTT	ENSG00000269978.1	0	170
TTGGAACCCGGTTGTT	ENSG00000171612.7	35343	1478
TTGGAACCCGGTTGTT	ENSG00000288398.1	0	900
TTGGAACCCGGTTGTT	ENSG00000261135.1	0	600
TTGGAACCCGGTTGTT	ENSG00000090432.7	26785	7413
TTGGAACCCGGTTGTT	ENSG00000179163.12	21085	1200
TTGGAACCCGGTTGTT	ENSG00000270605.1	0	2059
TTGGAACCCGGTTGTT	ENSG00000279443.1	0	600
TTGGAACCCGGTTGTT	ENSG00000175130.7	0	833
TTGGAACCCGGTTGTT	ENSG00000243749.1	4941	1798
TTGGAACCCGGTTGTT	ENSG00000116863.11	13314	6300
TTGGAACCCGGTTGTT	ENSG00000116981.4	0	1500
TTGGAACCCGGTTGTT	ENSG00000117000.9	21521	4393
TTGGAACCCGGTTGTT	ENSG00000259943.1	0	300
GGAGAGTTCAATGGAC	ENSG00000225630.1	0	24631
GGAGAGTTCAATGGAC	ENSG00000228594.4	0	900
GGAGAGTTCAATGGAC	ENSG00000269978.1	0	510
GGAGAGTTCAATGGAC	ENSG00000288398.1	0	600
GGAGAGTTCAATGGAC	ENSG00000261135.1	0	600
GGAGAGTTCAATGGAC	ENSG00000090432.7	649	2056
GGAGAGTTCAATGGAC	ENSG00000183114.8	0	278
GGAGAGTTCAATGGAC	ENSG00000225159.1	0	231
GGAGAGTTCAATGGAC	ENSG00000270605.1	0	300
GGAGAGTTCAATGGAC	ENSG00000279443.1	0	868
GGAGAGTTCAATGGAC	ENSG00000175130.7	0	1723
GGAGAGTTCAATGGAC	ENSG00000286899.1	0	167
GGAGAGTTCAATGGAC	ENSG00000116863.11	2751	3855
GGAGAGTTCAATGGAC	ENSG00000185668.8	0	598
GGAGAGTTCAATGGAC	ENSG00000287422.1	0	1962
GGAGAGTTCAATGGAC	ENSG00000116981.4	0	600
GGAGAGTTCAATGGAC	ENSG00000117000.9	41691	1100
GGAGAGTTCAATGGAC	ENSG00000259943.1	0	600
GGAGAGTTCAATGGAC	ENSG00000237130.1	0	273
GGAGAGTTCAATGGAC	ENSG00000169213.7	0	5275
GGAGAGTTCAATGGAC	ENSG00000228369.2	84	81
GGAGAGTTCAATGGAC	ENSG00000066557.6	11113	1800
GGAGAGTTCAATGGAC	ENSG00000226415.1	0	138
GGAGAGTTCAATGGAC	ENSG00000271576.1	0	2963
CAACCTCACGAATTGG	ENSG00000279457.4	20049	1246
CAACCTCACGAATTGG	ENSG00000225630.1	0	28511
CAACCTCACGAATTGG	ENSG00000198744.5	0	298
CAACCTCACGAATTGG	ENSG00000176022.7	0	300
CAACCTCACGAATTGG	ENSG00000272455.1	0	1178
CAACCTCACGAATTGG	ENSG00000228594.4	0	300
CAACCTCACGAATTGG	ENSG00000224387.1	0	299
CAACCTCACGAATTGG	ENSG00000288398.1	0	600
CAACCTCACGAATTGG	ENSG00000261135.1	0	1200
CAACCTCACGAATTGG	ENSG00000270728.1	0	505
CAACCTCACGAATTGG	ENSG00000090432.7	15466	1800
CAACCTCACGAATTGG	ENSG00000232037.3	0	181
CAACCTCACGAATTGG	ENSG00000179163.12	0	300
CAACCTCACGAATTGG	ENSG00000284657.1	0	843
CAACCTCACGAATTGG	ENSG00000130766.5	4081	300
CAACCTCACGAATTGG	ENSG00000175130.7	849	2312
CAACCTCACGAATTGG	ENSG00000273274.2	0	300
CAACCTCACGAATTGG	ENSG00000243749.1	4147	855
CAACCTCACGAATTGG	ENSG00000236274.1	402	497
CAACCTCACGAATTGG	ENSG00000116863.11	1722	2955
CAACCTCACGAATTGG	ENSG00000163909.8	0	878
CAACCTCACGAATTGG	ENSG00000116981.4	0	300
CAACCTCACGAATTGG	ENSG00000117000.9	0	1707
CAACCTCACGAATTGG	ENSG00000259943.1	0	2031
CAACCTCACGAATTGG	ENSG00000162396.6	0	300
CAACCTCACGAATTGG	ENSG00000116704.8	0	598
CAACCTCACGAATTGG	ENSG00000066557.6	66241	7214
GCATGTCTGAGAAGGA	ENSG00000279457.4	7812	770
GCATGTCTGAGAAGGA	ENSG00000225630.1	0	63882
GCATGTCTGAGAAGGA	ENSG00000171612.7	0	1712
GCATGTCTGAGAAGGA	ENSG00000224321.1	0	321
GCATGTCTGAGAAGGA	ENSG00000288398.1	0	1500
GCATGTCTGAGAAGGA	ENSG00000272426.1	0	475
GCATGTCTGAGAAGGA	ENSG00000158748.4	0	600
GCATGTCTGAGAAGGA	ENSG00000090432.7	7308	1121
GCATGTCTGAGAAGGA	ENSG00000235112.1	0	159
GCATGTCTGAGAAGGA	ENSG00000179163.12	56435	4200
GCATGTCTGAGAAGGA	ENSG00000228589.3	0	284
GCATGTCTGAGAAGGA	ENSG00000130766.5	0	299
GCATGTCTGAGAAGGA	ENSG00000175130.7	1698	556
GCATGTCTGAGAAGGA	ENSG00000116863.11	3430	3777
GCATGTCTGAGAAGGA	ENSG00000116981.4	0	300
GCATGTCTGAGAAGGA	ENSG00000259943.1	0	294
GCATGTCTGAGAAGGA	ENSG00000281112.1	0	102
GCATGTCTGAGAAGGA	ENSG00000162396.6	5270	585
GCATGTCTGAGAAGGA	ENSG00000116704.8	0	577
CTCAACAGCGGTTGTT	ENSG00000225630.1	0	24967
CTCAACAGCGGTTGTT	ENSG00000233954.6	0	269
CTCAACAGCGGTTGTT	ENSG00000090432.7	33593	6255
CTCAACAGCGGTTGTT	ENSG00000228589.3	0	481
CTCAACAGCGGTTGTT	ENSG00000175130.7	849	900
CTCAACAGCGGTTGTT	ENSG00000273274.2	0	592
CTCAACAGCGGTTGTT	ENSG00000116863.11	1148	556
CTCAACAGCGGTTGTT	ENSG00000237424.1	0	300
CTCAACAGCGGTTGTT	ENSG00000116704.8	4085	597
CTCAACAGCGGTTGTT	ENSG00000066557.6	139661	8397
CTCAACAGCGGTTGTT	ENSG00000271576.1	0	600
CTCAACAGCGGTTGTT	ENSG00000137970.7	0	1090
CTCAACAGCGGTTGTT	ENSG00000251484.3	0	278
CTCAACAGCGGTTGTT	ENSG00000065135.12	136496	13513
CTCAACAGCGGTTGTT	ENSG00000213281.5	13646	3574
CTCAACAGCGGTTGTT	ENSG00000183508.5	0	2691
CTCAACAGCGGTTGTT	ENSG00000277702.1	370	143
CTCAACAGCGGTTGTT	ENSG00000215784.6	0	601
CTCAACAGCGGTTGTT	ENSG00000203812.2	0	262
CTCAACAGCGGTTGTT	ENSG00000184260.6	0	565
TCCAAGTCCGATACTG	ENSG00000279457.4	12926	300
TCCAAGTCCGATACTG	ENSG00000225630.1	0	26818
TCCAAGTCCGATACTG	ENSG00000198744.5	0	279
TCCAAGTCCGATACTG	ENSG00000176022.7	0	600
TCCAAGTCCGATACTG	ENSG00000231789.2	6199	856
TCCAAGTCCGATACTG	ENSG00000233954.6	0	269
TCCAAGTCCGATACTG	ENSG00000288398.1	0	1421
TCCAAGTCCGATACTG	ENSG00000261135.1	0	770
TCCAAGTCCGATACTG	ENSG00000090432.7	17543	15416
TCCAAGTCCGATACTG	ENSG00000227001.3	716	296
TCCAAGTCCGATACTG	ENSG00000179546.5	0	2660
TCCAAGTCCGATACTG	ENSG00000179163.12	25394	1734
TCCAAGTCCGATACTG	ENSG00000228589.3	0	298
TCCAAGTCCGATACTG	ENSG00000270605.1	0	278
TCCAAGTCCGATACTG	ENSG00000130766.5	0	2099
CTCAACAGCAGATTCG	ENSG00000225630.1	0	17206
CTCAACAGCAGATTCG	ENSG00000231050.1	282	243
CTCAACAGCAGATTCG	ENSG00000231789.2	24796	1200
CTCAACAGCAGATTCG	ENSG00000233954.6	0	300
CTCAACAGCAGATTCG	ENSG00000288398.1	0	578
CTCAACAGCAGATTCG	ENSG00000158748.4	0	599
CTCAACAGCAGATTCG	ENSG00000090432.7	2064	2906
CTCAACAGCAGATTCG	ENSG00000179163.12	52051	2696
CTCAACAGCAGATTCG	ENSG00000181773.7	0	300
CTCAACAGCAGATTCG	ENSG00000270605.1	0	300
CTCAACAGCAGATTCG	ENSG00000279443.1	0	300
CTCAACAGCAGATTCG	ENSG00000175130.7	0	2577
CTCAACAGCAGATTCG	ENSG00000243749.1	0	1200
CTCAACAGCAGATTCG	ENSG00000116863.11	4178	2074
CTCAACAGCAGATTCG	ENSG00000286379.1	0	523
CTCAACAGCAGATTCG	ENSG00000169213.7	17054	1403
CTCAACAGCAGATTCG	ENSG00000116704.8	0	600
CTCAACAGCAGATTCG	ENSG00000066557.6	128206	6179
CTCAACAGCAGATTCG	ENSG00000137970.7	0	1915
CTCAACAGGGAGTAAC	ENSG00000279457.4	6982	551
CTCAACAGGGAGTAAC	ENSG00000225630.1	0	4537
CTCAACAGGGAGTAAC	ENSG00000176022.7	0	300
CTCAACAGGGAGTAAC	ENSG00000171612.7	0	278
CTCAACAGGGAGTAAC	ENSG00000231789.2	0	578
CTCAACAGGGAGTAAC	ENSG00000241563.4	0	189
CTCAACAGGGAGTAAC	ENSG00000090432.7	0	600
CTCAACAGGGAGTAAC	ENSG00000179163.12	15478	598
CTCAACAGGGAGTAAC	ENSG00000231953.2	0	556
CTCAACAGGGAGTAAC	ENSG00000175130.7	0	277
CTCAACAGGGAGTAAC	ENSG00000273274.2	0	277
CTCAACAGGGAGTAAC	ENSG00000243749.1	3294	578
CTCAACAGGGAGTAAC	ENSG00000116863.11	277	277
CTCAACAGGGAGTAAC	ENSG00000259943.1	0	598
CTCAACAGGGAGTAAC	ENSG00000169213.7	0	300
CTCAACAGGGAGTAAC	ENSG00000066557.6	12493	1200
CTCAACAGGGAGTAAC	ENSG00000137970.7	0	300
CTCAACAGGGAGTAAC	ENSG00000065135.12	59294	2990
CTCAACAGGGAGTAAC	ENSG00000213281.5	10457	1501
CTCAACAGGGAGTAAC	ENSG00000163344.6	28308	1179
CTCAACAGGGAGTAAC	ENSG00000272205.1	0	262
CTCAACAGGGAGTAAC	ENSG00000183155.5	0	255
CTCAACAGGGAGTAAC	ENSG00000158615.9	0	600
CTCAACAGGGAGTAAC	ENSG00000218283.2	0	300
CTCAACAGGGAGTAAC	ENSG00000143751.10	2372	278
TGACCAAGCAAGAGGT	ENSG00000279457.4	2271	579
TGACCAAGCAAGAGGT	ENSG00000225630.1	0	31366
TGACCAAGCAAGAGGT	ENSG00000176022.7	0	1200
TGACCAAGCAAGAGGT	ENSG00000272455.1	0	244
TGACCAAGCAAGAGGT	ENSG00000120937.9	774	300
TGACCAAGCAAGAGGT	ENSG00000090432.7	7957	2073
TGACCAAGCAAGAGGT	ENSG00000183114.8	0	300
TGACCAAGCAAGAGGT	ENSG00000179163.12	78842	6874
TGACCAAGCAAGAGGT	ENSG00000284602.1	0	1964
TGACCAAGCAAGAGGT	ENSG00000175793.12	0	600
TGACCAAGCAAGAGGT	ENSG00000225159.1	0	451
TGACCAAGCAAGAGGT	ENSG00000279443.1	0	2333
TGACCAAGCAAGAGGT	ENSG00000175130.7	1	1773
TGACCAAGCAAGAGGT	ENSG00000236274.1	145	155
TGACCAAGCAAGAGGT	ENSG00000286899.1	0	539
TTGGAACCGGAGTAAC	ENSG00000225630.1	0	8144
TTGGAACCGGAGTAAC	ENSG00000090432.7	649	300
TTGGAACCGGAGTAAC	ENSG00000179163.12	0	300
TTGGAACCGGAGTAAC	ENSG00000284602.1	0	600
TTGGAACCGGAGTAAC	ENSG00000175130.7	0	579
TTGGAACCGGAGTAAC	ENSG00000243749.1	1647	290
TTGGAACCGGAGTAAC	ENSG00000116863.11	4340	898
TTGGAACCGGAGTAAC	ENSG00000169213.7	0	264
TTGGAACCGGAGTAAC	ENSG00000228929.1	0	240
TTGGAACCGGAGTAAC	ENSG00000162396.6	0	300
TTGGAACCGGAGTAAC	ENSG00000066557.6	18098	1501
TTGGAACCGGAGTAAC	ENSG00000137970.7	0	1866
TTGGAACCGGAGTAAC	ENSG00000228076.2	0	158
TTGGAACCGGAGTAAC	ENSG00000065135.12	133868	8552
TTGGAACCGGAGTAAC	ENSG00000213281.5	10994	2656
TTGGAACCGGAGTAAC	ENSG00000134200.4	75	225
TTGGAACCGGAGTAAC	ENSG00000270872.2	8777	297
TTGGAACCGGAGTAAC	ENSG00000275140.1	3215	300
TTGGAACCGGAGTAAC	ENSG00000184260.6	0	278
TTGGAACCGGAGTAAC	ENSG00000163344.6	9890	547
TTGGAACCGGAGTAAC	ENSG00000236675.1	92	382
TTGGAACCGGAGTAAC	ENSG00000162783.11	0	556
TTGGAACCGGAGTAAC	ENSG00000183155.5	7749	278
TTGGAACCGGAGTAAC	ENSG00000158615.9	0	1178
TTGGAACCGGAGTAAC	ENSG00000174529.7	0	286
TTGGAACCGGAGTAAC	ENSG00000271580.1	0	268
TTGGAACCGGAGTAAC	ENSG00000163545.11	0	300
TTGGAACCGGAGTAAC	ENSG00000220749.4	0	266
TTGGAACCGGAGTAAC	ENSG00000218283.2	0	835
TTGGAACCGGAGTAAC	ENSG00000143751.10	2372	578
TTGGAACCGGAGTAAC	ENSG00000181218.5	0	300
TTGGAACCGGAGTAAC	ENSG00000162851.8	2	272
TTGGAACCGGAGTAAC	ENSG00000259865.1	0	1200
TTGGAACCCAGATTCG	ENSG00000225630.1	0	22950
TTGGAACCCAGATTCG	ENSG00000171612.7	0	278
TTGGAACCCAGATTCG	ENSG00000233954.6	0	278
TTGGAACCCAGATTCG	ENSG00000186301.8	498	456
TTGGAACCCAGATTCG	ENSG00000284726.1	0	243
TTGGAACCCAGATTCG	ENSG00000270605.1	0	278
TTGGAACCCAGATTCG	ENSG00000175130.7	0	2378
TTGGAACCCAGATTCG	ENSG00000243749.1	2897	555
TTGGAACCCAGATTCG	ENSG00000116863.11	5503	2396
TTGGAACCCAGATTCG	ENSG00000116981.4	0	300
TTGGAACCCAGATTCG	ENSG00000279667.1	0	654
TTGGAACCCAGATTCG	ENSG00000237424.1	0	300
TTGGAACCCAGATTCG	ENSG00000169213.7	17054	2614
TTGGAACCCAGATTCG	ENSG00000236004.2	0	241
TTGGAACCCAGATTCG	ENSG00000066557.6	56263	3227
TTGGAACCCAGATTCG	ENSG00000226084.5	0	729
TTGGAACCCAGATTCG	ENSG00000271576.1	0	577
GGTCTCAACAATGGAC	ENSG00000225630.1	0	37842
GGTCTCAACAATGGAC	ENSG00000176022.7	0	300
GGTCTCAACAATGGAC	ENSG00000158292.7	0	842
GGTCTCAACAATGGAC	ENSG00000171612.7	0	559
GGTCTCAACAATGGAC	ENSG00000090432.7	0	600
GGTCTCAACAATGGAC	ENSG00000179163.12	22642	822
GGTCTCAACAATGGAC	ENSG00000284602.1	0	834
GGTCTCAACAATGGAC	ENSG00000175130.7	849	1712
GGTCTCAACAATGGAC	ENSG00000243749.1	2897	1178
GGTCTCAACAATGGAC	ENSG00000116863.11	3202	1200
GGTCTCAACAATGGAC	ENSG00000117000.9	0	300
GGTCTCAACAATGGAC	ENSG00000169213.7	0	556
GGTCTCAACAATGGAC	ENSG00000066557.6	35763	877
GGTCTCAACAATGGAC	ENSG00000226084.5	0	243
GGTCTCAACAATGGAC	ENSG00000223896.2	0	1167
GGTCTCAACAATGGAC	ENSG00000137970.7	0	692
GGTCTCAACAATGGAC	ENSG00000065135.12	105115	10298
GGTCTCAACAATGGAC	ENSG00000213281.5	0	2654
GGTCTCAACAATGGAC	ENSG00000143067.5	0	577
GGTCTCAACAATGGAC	ENSG00000215784.6	0	876
GGTCTCAACAATGGAC	ENSG00000236327.2	0	146
GGTCTCAACAATGGAC	ENSG00000163344.6	13701	1130
GGTCTCAACAATGGAC	ENSG00000132718.9	0	300
GGTCTCAACAATGGAC	ENSG00000235082.2	0	185
GGTCTCAACAATGGAC	ENSG00000183155.5	0	577
GGTCTCAACAATGGAC	ENSG00000158615.9	0	2042
GGTCTCAACAATGGAC	ENSG00000218283.2	0	475
CAACCTCACCAATCCT	ENSG00000279457.4	1556	300
CAACCTCACCAATCCT	ENSG00000225630.1	0	29671
CAACCTCACCAATCCT	ENSG00000158292.7	0	600
CAACCTCACCAATCCT	ENSG00000233954.6	0	276
CAACCTCACCAATCCT	ENSG00000090432.7	18894	7688
CAACCTCACCAATCCT	ENSG00000179163.12	10655	1800
CAACCTCACCAATCCT	ENSG00000270605.1	0	296
CAACCTCACCAATCCT	ENSG00000237329.2	0	171
CAACCTCACCAATCCT	ENSG00000175130.7	849	1738
CAACCTCACCAATCCT	ENSG00000243749.1	1647	277
CAACCTCACCAATCCT	ENSG00000116863.11	8804	3598
CAACCTCACCAATCCT	ENSG00000116981.4	0	600
CAACCTCACCAATCCT	ENSG00000117000.9	31384	841
CAACCTCACCAATCCT	ENSG00000259943.1	0	877
CAACCTCACCAATCCT	ENSG00000237424.1	0	1926
CAACCTCACCAATCCT	ENSG00000169213.7	0	888
CAACCTCACCAATCCT	ENSG00000066557.6	7160	1604
CAACCTCACCAATCCT	ENSG00000271576.1	0	278
CAACCTCACCAATCCT	ENSG00000137970.7	0	512
CAACCTCACCAATCCT	ENSG00000065135.12	97073	11618
CAACCTCACCAATCCT	ENSG00000238198.2	0	830
CAACCTCACCAATCCT	ENSG00000213281.5	441	1477
GGTCTCAAGAGGTTAG	ENSG00000279457.4	206	242
GGTCTCAAGAGGTTAG	ENSG00000225630.1	0	4178
GGTCTCAAGAGGTTAG	ENSG00000261135.1	0	300
GGTCTCAAGAGGTTAG	ENSG00000090432.7	0	300
GGTCTCAAGAGGTTAG	ENSG00000179163.12	5386	600
GGTCTCAAGAGGTTAG	ENSG00000175130.7	0	300
GGTCTCAAGAGGTTAG	ENSG00000243749.1	0	300
GGTCTCAAGAGGTTAG	ENSG00000137970.7	0	257
GGTCTCAAGAGGTTAG	ENSG00000065135.12	31739	578
GGTCTCAAGAGGTTAG	ENSG00000233337.1	0	219
GGTCTCAAGAGGTTAG	ENSG00000183508.5	0	300
GGTCTCAAGAGGTTAG	ENSG00000163344.6	3628	274
GGTCTCAAGAGGTTAG	ENSG00000183155.5	0	278
GGTCTCAAGAGGTTAG	ENSG00000143751.10	323	286
GGTCTCAAGAGGTTAG	ENSG00000228818.1	0	300
GGTCTCAAGAGGTTAG	ENSG00000162851.8	9786	300
GGTCTCAAGAGGTTAG	ENSG00000259865.1	0	300
TGACCAAGGGCGTTAA	ENSG00000225630.1	0	12042
TGACCAAGGGCGTTAA	ENSG00000235112.1	107	73
TGACCAAGGGCGTTAA	ENSG00000179163.12	0	1200
TGACCAAGGGCGTTAA	ENSG00000243749.1	2897	555
TGACCAAGGGCGTTAA	ENSG00000116863.11	3276	600
TGACCAAGGGCGTTAA	ENSG00000117000.9	0	300
TGACCAAGGGCGTTAA	ENSG00000169213.7	0	300
TGACCAAGGGCGTTAA	ENSG00000185839.3	0	328
TGACCAAGGGCGTTAA	ENSG00000116704.8	0	298
TGACCAAGGGCGTTAA	ENSG00000066557.6	0	600
TGACCAAGGGCGTTAA	ENSG00000226415.1	0	252
TGACCAAGGGCGTTAA	ENSG00000065135.12	3767	898
TGACCAAGGGCGTTAA	ENSG00000213281.5	0	1776
TGACCAAGGGCGTTAA	ENSG00000272583.1	0	151
TGACCAAGGGCGTTAA	ENSG00000287190.1	0	300
TGACCAAGGGCGTTAA	ENSG00000272196.2	0	215
TGACCAAGGGCGTTAA	ENSG00000184260.6	0	277
TGACCAAGGGCGTTAA	ENSG00000228126.1	105	195
TGACCAAGGGCGTTAA	ENSG00000163344.6	4175	276
TGACCAAGGGCGTTAA	ENSG00000174529.7	0	300
TGACCAAGGGCGTTAA	ENSG00000143751.10	2586	1138
TGACCAAGGGCGTTAA	ENSG00000259865.1	0	158
TCCTTGCTCAATGGAC	ENSG00000279457.4	34140	2490
TCCTTGCTCAATGGAC	ENSG00000225630.1	0	43516
TCCTTGCTCAATGGAC	ENSG00000120937.9	8514	7472
TCCTTGCTCAATGGAC	ENSG00000090432.7	22711	8370
TCCTTGCTCAATGGAC	ENSG00000179163.12	20808	2386
TCCTTGCTCAATGGAC	ENSG00000238084.4	0	220
TCCTTGCTCAATGGAC	ENSG00000158246.8	0	579
TCCTTGCTCAATGGAC	ENSG00000270605.1	0	839
TCCTTGCTCAATGGAC	ENSG00000279443.1	0	724
TCCTTGCTCAATGGAC	ENSG00000116863.11	2059	1799
TCCTTGCTCAATGGAC	ENSG00000117000.9	24261	1397
TCCTTGCTCAATGGAC	ENSG00000259943.1	0	278
TCCTTGCTCAATGGAC	ENSG00000228929.1	0	442
TCCTTGCTCAATGGAC	ENSG00000226084.5	0	242
TCCTTGCTCAATGGAC	ENSG00000219201.4	0	252
TCCTTGCTCAATGGAC	ENSG00000137970.7	0	1549
TCCTTGCTCAATGGAC	ENSG00000244716.3	0	217
TCCTTGCTCAATGGAC	ENSG00000065135.12	227683	10259
TCCTTGCTCAATGGAC	ENSG00000213281.5	0	2698
TCCTTGCTCAATGGAC	ENSG00000201900.1	0	23
TCCTTGCTCAATGGAC	ENSG00000183508.5	0	7473
TCCTTGCTCAATGGAC	ENSG00000163344.6	8708	854
TCCTTGCTCAATGGAC	ENSG00000273365.1	0	188
TCCTTGCTCAATGGAC	ENSG00000158615.9	0	2941
TCCTTGCTCAATGGAC	ENSG00000218283.2	0	1178
TCCTTGCTCAATGGAC	ENSG00000234419.1	0	278
TCCTTGCTCAATGGAC	ENSG00000143751.10	2263	1756
TCCTTGCTCAATGGAC	ENSG00000162851.8	2782	600
TCCTTGCTCAATGGAC	ENSG00000143653.10	60744	2699
TCCTTGCTCAATGGAC	ENSG00000259865.1	0	5794
TCCTTGCTCAATGGAC	ENSG00000162722.9	0	300
TCCTTGCTGAGGTTAG	ENSG00000279457.4	6532	298
TCCTTGCTGAGGTTAG	ENSG00000225630.1	0	10436
TCCTTGCTGAGGTTAG	ENSG00000288398.1	0	578
TCCTTGCTGAGGTTAG	ENSG00000090432.7	0	294
TCCTTGCTGAGGTTAG	ENSG00000179163.12	4694	601
TCCTTGCTGAGGTTAG	ENSG00000273274.2	0	528
TCCTTGCTGAGGTTAG	ENSG00000236274.1	244	344
TCCTTGCTGAGGTTAG	ENSG00000235673.1	0	300
TCCTTGCTGAGGTTAG	ENSG00000237424.1	0	278
TCCTTGCTGAGGTTAG	ENSG00000169213.7	26637	900
TCCTTGCTGAGGTTAG	ENSG00000224680.4	0	300
TCCTTGCTGAGGTTAG	ENSG00000066557.6	35539	2075
TCCTTGCTGAGGTTAG	ENSG00000226084.5	0	238
TCCTTGCTGAGGTTAG	ENSG00000271576.1	0	277
TCCTTGCTGAGGTTAG	ENSG00000137970.7	0	811
TCCTTGCTGAGGTTAG	ENSG00000065135.12	81006	1734
TCCTTGCTGAGGTTAG	ENSG00000259834.1	0	278
TCCTTGCTGAGGTTAG	ENSG00000213281.5	5945	555
TCCTTGCTGAGGTTAG	ENSG00000143067.5	0	223
TCCTTGCTGAGGTTAG	ENSG00000277702.1	360	236
TCCTTGCTGAGGTTAG	ENSG00000215784.6	0	278
TCCTTGCTGAGGTTAG	ENSG00000184260.6	0	277
TCCTTGCTGAGGTTAG	ENSG00000237872.4	0	170
TCCTTGCTGAGGTTAG	ENSG00000224837.1	0	176
TCCTTGCTGAGGTTAG	ENSG00000143184.5	3364	300
TCCTTGCTGAGGTTAG	ENSG00000162783.11	0	278
TCCTTGCTGAGGTTAG	ENSG00000183155.5	0	884
TCCTTGCTGAGGTTAG	ENSG00000158615.9	6356	832
TCCTTGCTGAGGTTAG	ENSG00000174529.7	0	278
TCCTTGCTGAGGTTAG	ENSG00000218283.2	0	952
TCCTTGCTGAGGTTAG	ENSG00000116574.6	0	556
TCCTTGCTGAGGTTAG	ENSG00000143653.10	11316	589
TCCTTGCTGAGGTTAG	ENSG00000259865.1	0	580
AAGCCGTTCCATCCAA	ENSG00000279457.4	66	344
AAGCCGTTCCATCCAA	ENSG00000225972.1	0	208
AAGCCGTTCCATCCAA	ENSG00000225630.1	0	45096
AAGCCGTTCCATCCAA	ENSG00000176022.7	0	658
AAGCCGTTCCATCCAA	ENSG00000260179.1	0	278
AAGCCGTTCCATCCAA	ENSG00000171612.7	0	569
AAGCCGTTCCATCCAA	ENSG00000233954.6	0	555
AAGCCGTTCCATCCAA	ENSG00000288398.1	0	1200
AAGCCGTTCCATCCAA	ENSG00000186301.8	511	366
AAGCCGTTCCATCCAA	ENSG00000090432.7	35628	7128
AAGCCGTTCCATCCAA	ENSG00000179163.12	10670	1178
AAGCCGTTCCATCCAA	ENSG00000284657.1	0	278
AAGCCGTTCCATCCAA	ENSG00000287244.1	0	266
AAGCCGTTCCATCCAA	ENSG00000270605.1	0	600
AAGCCGTTCCATCCAA	ENSG00000130766.5	2005	1104
AAGCCGTTCCATCCAA	ENSG00000279443.1	0	278
AAGCCGTTCCATCCAA	ENSG00000228634.1	659	2929
AAGCCGTTCCATCCAA	ENSG00000175130.7	0	2332
AAGCCGTTCCATCCAA	ENSG00000243749.1	3294	1755
AAGCCGTTCCATCCAA	ENSG00000116863.11	5028	2249
AAGCCGTTCCATCCAA	ENSG00000163909.8	0	556
AAGCCGTTCCATCCAA	ENSG00000237950.3	0	300
AAGCCGTTCCATCCAA	ENSG00000237424.1	0	600
