geneGC	obsGC
37.89301755818701	35.260000000000005
37.89301755818701	37.425
37.89301755818701	44.77
37.89301755818701	42.18
37.89301755818701	39.989999999999995
37.89301755818701	39.19428571428572
37.89301755818701	42.25
37.89301755818701	36.480000000000004
37.89301755818701	38.42
37.89301755818701	42.58
37.89301755818701	38.27
37.89301755818701	40.81
37.89301755818701	39.03
37.89301755818701	36.88
37.89301755818701	37.82
37.89301755818701	33.33
37.89301755818701	33.22
37.89301755818701	39.64
37.89301755818701	38.72125
37.89301755818701	31.71
37.89301755818701	34.14
37.89301755818701	38.23666666666667
37.89301755818701	39.48
37.89301755818701	33.77
37.89301755818701	32.7
37.89301755818701	32.01
63.136593591905566	40.65
63.136593591905566	52.12
63.136593591905566	33.78
48.10126582278481	48.85
58.21114369501467	62.42
58.21114369501467	63.09
45.96182085168869	46.39
45.96182085168869	42.51
45.96182085168869	43.843333333333334
45.96182085168869	44.54333333333333
45.96182085168869	45.19
45.96182085168869	43.04
45.96182085168869	46.25
45.96182085168869	44.33
45.96182085168869	44.07
45.96182085168869	42.4
45.96182085168869	46.66
45.96182085168869	43.07
45.96182085168869	42.98
45.96182085168869	43.18
45.96182085168869	44.64
45.96182085168869	43.303333333333335
45.96182085168869	44.18
45.96182085168869	46.49
45.96182085168869	41.53
45.96182085168869	40.54
45.96182085168869	46.58
45.96182085168869	44.85
45.96182085168869	45.23
45.96182085168869	46.61
45.96182085168869	45.89333333333334
45.96182085168869	44.33
45.96182085168869	46.2
45.96182085168869	45.32
45.96182085168869	44.99
45.96182085168869	45.785
45.96182085168869	44.17
45.96182085168869	44.74
45.96182085168869	48.0
45.96182085168869	43.8
45.96182085168869	46.15
44.44444444444444	52.34
43.064182194616976	41.34
43.064182194616976	43.06
43.064182194616976	42.95
43.064182194616976	43.13
43.064182194616976	43.34
43.064182194616976	42.79
49.43335132218024	48.682
43.47826086956522	43.44
61.74863387978142	65.17
61.74863387978142	64.27
61.74863387978142	63.5
61.74863387978142	65.09
61.74863387978142	64.36500000000001
61.74863387978142	63.72
61.74863387978142	64.16384615384615
61.74863387978142	63.64
61.74863387978142	64.43
58.139534883720934	63.16
42.71844660194174	42.72
42.71844660194174	45.24
55.88580367618303	48.54
38.285714285714285	36.7
38.285714285714285	34.05
38.285714285714285	38.1
38.285714285714285	36.82
38.285714285714285	40.91
38.285714285714285	40.91
38.285714285714285	37.90333333333333
38.285714285714285	38.86
38.285714285714285	35.85666666666666
38.285714285714285	38.14
38.285714285714285	37.37
38.285714285714285	39.37
38.285714285714285	38.04
40.13395157135497	50.0
40.13395157135497	36.75428571428572
39.00709219858156	39.77
39.00709219858156	39.77
40.18691588785047	42.57
57.03332350339133	58.32
53.77229080932785	52.2
53.77229080932785	55.99
53.77229080932785	54.65
53.77229080932785	51.35
53.77229080932785	50.86
53.77229080932785	51.48
53.77229080932785	51.12
53.77229080932785	54.22
53.77229080932785	55.73
53.77229080932785	57.215
61.297539149888145	55.81
61.297539149888145	55.28
37.96296296296296	37.96
44.83870967741935	44.84
45.525291828793776	44.77
41.83755853382852	38.975
41.83755853382852	35.13
41.83755853382852	39.596666666666664
41.83755853382852	39.25857142857143
41.83755853382852	35.85
41.83755853382852	39.65599999999999
41.83755853382852	41.7
41.83755853382852	41.22
41.83755853382852	27.48
41.83755853382852	31.23
41.83755853382852	37.96666666666666
41.83755853382852	29.04
41.83755853382852	44.666666666666664
41.83755853382852	36.06
41.83755853382852	40.986000000000004
41.83755853382852	33.105
41.83755853382852	43.02
41.83755853382852	36.87
41.83755853382852	42.0
41.83755853382852	40.56
41.83755853382852	35.95
41.83755853382852	41.44
41.83755853382852	42.64666666666667
41.83755853382852	36.74333333333333
41.83755853382852	44.99333333333333
41.83755853382852	45.53
41.83755853382852	38.46
41.83755853382852	40.291428571428575
41.83755853382852	36.58
41.83755853382852	42.96
41.83755853382852	45.25
41.83755853382852	42.26
41.83755853382852	36.9
41.83755853382852	45.185
41.83755853382852	38.43
41.83755853382852	43.01
41.83755853382852	36.96
41.83755853382852	39.69
41.83755853382852	32.760000000000005
41.83755853382852	53.33
41.83755853382852	41.295
41.83755853382852	45.87
41.83755853382852	30.99
41.83755853382852	42.495000000000005
41.83755853382852	40.913333333333334
41.83755853382852	39.64
41.83755853382852	40.73
41.83755853382852	29.35
41.83755853382852	44.48
41.83755853382852	43.77
41.83755853382852	37.33
41.83755853382852	46.33
41.83755853382852	42.0
41.83755853382852	40.05
41.83755853382852	30.494999999999997
41.83755853382852	39.650000000000006
41.83755853382852	43.504999999999995
41.83755853382852	43.925
41.83755853382852	37.5
44.3064182194617	42.42
50.61765592045797	48.47
50.61765592045797	49.88
50.61765592045797	46.230000000000004
50.61765592045797	50.62
50.61765592045797	44.1
50.61765592045797	47.2125
50.61765592045797	51.894000000000005
50.61765592045797	46.74666666666668
41.50076569678408	43.94
58.2995951417004	62.5575
58.2995951417004	58.32
58.2995951417004	63.934999999999995
58.2995951417004	62.92
58.2995951417004	62.59666666666667
58.2995951417004	62.88
58.2995951417004	62.91
58.2995951417004	59.302499999999995
58.2995951417004	62.968
58.2995951417004	62.760000000000005
58.2995951417004	63.7
58.2995951417004	63.08
58.2995951417004	62.53
58.2995951417004	62.46
58.2995951417004	62.41
58.2995951417004	62.75
58.2995951417004	62.25
58.2995951417004	66.0
58.2995951417004	61.045
58.2995951417004	62.91
58.2995951417004	62.31
58.2995951417004	62.67333333333334
58.2995951417004	62.905
58.2995951417004	62.475
58.2995951417004	63.0
58.2995951417004	62.79
58.2995951417004	62.44
58.2995951417004	63.27
58.2995951417004	63.11
58.2995951417004	63.1
50.470219435736674	54.01
50.470219435736674	49.46
50.470219435736674	47.06
66.50786088613626	58.29
66.50786088613626	56.75
66.50786088613626	59.11
66.50786088613626	64.31
66.50786088613626	58.223333333333336
66.50786088613626	57.57
66.50786088613626	59.75333333333334
66.50786088613626	56.57
66.50786088613626	56.16
66.50786088613626	59.03
66.50786088613626	58.875
66.50786088613626	55.12
66.50786088613626	57.64
66.50786088613626	62.126666666666665
66.50786088613626	58.5
47.80361757105943	42.86
39.03830480847596	50.65
39.03830480847596	33.13
39.03830480847596	51.71
39.03830480847596	49.51
39.03830480847596	50.894999999999996
39.03830480847596	51.14
38.20224719101123	38.02
38.20224719101123	38.2
38.20224719101123	38.2
38.20224719101123	37.57
38.20224719101123	37.93
54.69781615033011	53.83
30.265486725663713	29.94
30.265486725663713	32.47
58.35322195704057	62.54
58.35322195704057	62.62
58.35322195704057	61.33
58.35322195704057	62.63
58.35322195704057	62.7
58.35322195704057	62.32
58.35322195704057	62.5
58.35322195704057	62.08
58.35322195704057	62.5
58.35322195704057	62.60666666666666
58.35322195704057	62.43
58.35322195704057	67.26
58.35322195704057	62.43
58.35322195704057	62.54
58.35322195704057	63.41799999999999
58.35322195704057	64.23
58.35322195704057	62.9
58.35322195704057	62.26
58.35322195704057	62.63
58.35322195704057	62.31
58.35322195704057	64.68
58.35322195704057	62.7
58.35322195704057	62.935
42.30769230769231	42.31
44.209636517328825	50.106
38.12838360402166	40.934285714285714
36.71641791044776	34.49
36.71641791044776	34.69
36.71641791044776	37.91
36.71641791044776	37.11666666666667
36.71641791044776	38.315
36.71641791044776	35.35
38.46153846153847	40.69
38.46153846153847	36.88
38.46153846153847	37.85
38.46153846153847	31.46
38.46153846153847	38.46
38.46153846153847	38.906666666666666
38.46153846153847	38.46
38.46153846153847	35.378
38.46153846153847	34.42
38.46153846153847	40.38
38.46153846153847	40.62
38.46153846153847	41.21
39.52702702702703	40.1
39.52702702702703	39.05
39.52702702702703	40.1
39.52702702702703	38.65
39.52702702702703	40.1
39.52702702702703	40.1
39.52702702702703	43.28
39.52702702702703	40.1
39.52702702702703	41.75
39.52702702702703	39.53
39.52702702702703	40.1
39.52702702702703	39.595
39.52702702702703	39.5
39.52702702702703	39.69
39.52702702702703	36.96
39.52702702702703	39.53
39.52702702702703	40.1
58.20413436692506	62.73
58.20413436692506	62.93
50.34642032332564	47.43
51.186440677966104	48.44
46.126126126126124	44.185
46.126126126126124	44.98
46.126126126126124	46.94
46.126126126126124	42.72
46.126126126126124	47.58
46.126126126126124	47.3
46.126126126126124	42.34
46.126126126126124	48.51
46.126126126126124	46.8
46.126126126126124	45.96
46.126126126126124	46.95
40.64648755936769	40.5
40.64648755936769	35.0775
45.13513513513514	44.81
45.13513513513514	45.14
45.13513513513514	47.02
45.13513513513514	43.12
56.03637503919724	59.31
56.03637503919724	55.428749999999994
56.03637503919724	58.114999999999995
64.48087431693989	61.505
64.48087431693989	64.57
64.48087431693989	70.0
64.48087431693989	60.46
64.48087431693989	63.32
64.48087431693989	61.68
64.48087431693989	63.614999999999995
40.625	40.0
34.681674287724235	34.4575
34.681674287724235	26.503333333333334
34.681674287724235	36.404545454545456
34.681674287724235	32.810625
34.681674287724235	35.09
34.681674287724235	39.907
34.681674287724235	39.32333333333333
34.681674287724235	35.92076923076924
34.681674287724235	30.431428571428572
34.681674287724235	31.705
34.681674287724235	35.77333333333333
34.681674287724235	33.9025
34.681674287724235	34.05200000000001
34.681674287724235	33.13
34.681674287724235	33.49
34.681674287724235	32.18125
34.681674287724235	36.6125
34.681674287724235	35.28185185185186
34.681674287724235	33.946666666666665
34.681674287724235	34.56444444444444
34.681674287724235	35.99666666666667
34.681674287724235	32.78304347826087
34.681674287724235	38.759090909090915
34.681674287724235	29.1225
34.681674287724235	26.3
34.681674287724235	34.78545454545454
34.681674287724235	32.09090909090909
34.681674287724235	31.236
34.681674287724235	33.28142857142857
34.681674287724235	35.58
34.681674287724235	33.814571428571426
34.681674287724235	29.68142857142857
34.681674287724235	27.21666666666667
34.681674287724235	34.776666666666664
34.681674287724235	30.979999999999997
34.681674287724235	28.606666666666666
34.681674287724235	33.872
34.681674287724235	39.1325
34.681674287724235	36.9047619047619
34.681674287724235	36.4
34.681674287724235	38.24363636363636
34.681674287724235	35.5
34.681674287724235	32.64999999999999
34.681674287724235	35.78
34.681674287724235	31.095
34.681674287724235	30.62111111111111
34.681674287724235	36.03
34.681674287724235	34.18653846153846
34.681674287724235	32.46636363636364
34.681674287724235	28.65
34.681674287724235	30.6975
34.681674287724235	35.43
34.681674287724235	31.99
34.681674287724235	35.36
34.681674287724235	33.699999999999996
34.681674287724235	34.507407407407406
34.681674287724235	31.344285714285718
34.681674287724235	41.39
34.681674287724235	34.36941176470588
34.681674287724235	32.099062499999995
34.681674287724235	37.705000000000005
34.681674287724235	37.644999999999996
34.681674287724235	33.6
34.681674287724235	32.196666666666665
34.681674287724235	31.576666666666664
34.681674287724235	33.59666666666667
34.681674287724235	39.513
34.681674287724235	37.08125
34.681674287724235	27.22
34.681674287724235	31.560000000000006
34.681674287724235	32.30384615384615
34.681674287724235	36.5475
34.681674287724235	34.509230769230776
34.681674287724235	38.1925
34.681674287724235	32.67318181818182
34.681674287724235	30.646874999999998
34.681674287724235	29.31772727272727
34.681674287724235	47.35
34.681674287724235	34.757999999999996
34.681674287724235	36.093333333333334
34.681674287724235	35.03764705882353
34.681674287724235	31.299999999999997
34.681674287724235	37.321666666666665
34.681674287724235	36.61333333333332
34.681674287724235	42.65
34.681674287724235	32.893
34.681674287724235	36.507
34.681674287724235	33.970000000000006
34.681674287724235	35.91
34.681674287724235	32.54666666666667
34.681674287724235	35.74
34.681674287724235	28.526
34.681674287724235	37.035
34.681674287724235	35.973499999999994
34.681674287724235	31.52769230769231
34.681674287724235	35.626666666666665
34.681674287724235	33.45125
34.681674287724235	33.41
34.681674287724235	33.5225
34.681674287724235	34.105714285714285
34.681674287724235	35.936
34.681674287724235	40.375
34.681674287724235	32.38285714285714
34.681674287724235	38.50666666666667
34.681674287724235	34.711666666666666
34.681674287724235	32.593
34.681674287724235	35.52125
34.681674287724235	32.604
34.681674287724235	33.803333333333335
34.681674287724235	34.74111111111111
34.681674287724235	36.4675
34.681674287724235	31.116923076923076
34.681674287724235	33.53
34.681674287724235	36.952000000000005
34.681674287724235	30.965
34.681674287724235	34.99839999999999
34.681674287724235	32.59214285714285
34.681674287724235	33.87904761904761
34.681674287724235	33.665
34.681674287724235	33.104
34.681674287724235	30.8
34.681674287724235	41.10333333333333
34.681674287724235	42.20166666666667
34.681674287724235	27.97
34.681674287724235	36.151428571428575
52.96108291032149	46.56
55.080213903743314	54.22
55.080213903743314	61.56
49.744623655913976	50.43
61.70365068002863	62.315
61.70365068002863	63.05
61.70365068002863	61.580000000000005
61.70365068002863	59.49
61.70365068002863	60.74
61.70365068002863	62.157500000000006
61.70365068002863	59.87
61.70365068002863	59.86
61.70365068002863	60.0
61.70365068002863	61.84
61.70365068002863	56.38
61.70365068002863	62.99
61.70365068002863	60.855000000000004
61.70365068002863	62.923333333333325
61.70365068002863	61.953333333333326
61.70365068002863	62.46
61.70365068002863	63.09
61.70365068002863	63.26666666666666
61.70365068002863	60.5
61.70365068002863	63.3
61.70365068002863	63.07
61.70365068002863	61.715
61.70365068002863	62.93
61.70365068002863	61.667500000000004
61.70365068002863	61.67
61.70365068002863	59.89
61.70365068002863	62.879999999999995
61.70365068002863	62.489999999999995
61.70365068002863	61.935
61.70365068002863	60.83
61.70365068002863	59.9
61.70365068002863	58.785
61.70365068002863	64.66
61.70365068002863	61.614999999999995
61.70365068002863	62.260000000000005
61.70365068002863	62.327999999999996
61.70365068002863	60.394999999999996
61.70365068002863	62.21333333333333
61.70365068002863	61.58
61.70365068002863	62.25750000000001
61.70365068002863	62.459999999999994
61.70365068002863	63.15249999999999
61.70365068002863	63.06333333333333
61.70365068002863	59.77
61.70365068002863	61.68333333333334
61.70365068002863	62.98
61.70365068002863	60.67
61.70365068002863	63.473333333333336
61.70365068002863	61.58
61.70365068002863	59.39
61.70365068002863	60.98199999999999
61.70365068002863	62.07
61.70365068002863	64.12333333333332
61.70365068002863	61.220000000000006
61.70365068002863	60.534285714285716
61.70365068002863	59.913333333333334
61.70365068002863	60.0
61.70365068002863	59.86
61.70365068002863	61.87
61.70365068002863	60.82
61.70365068002863	61.8625
61.70365068002863	60.105000000000004
61.70365068002863	62.49818181818182
61.70365068002863	62.18
61.70365068002863	62.69
61.70365068002863	61.07714285714285
61.70365068002863	64.455
61.70365068002863	60.34
61.70365068002863	57.31
61.70365068002863	64.59
61.70365068002863	63.2
61.70365068002863	63.23
61.70365068002863	63.06999999999999
61.70365068002863	60.34
61.70365068002863	62.9175
61.70365068002863	63.595
61.70365068002863	63.1
61.70365068002863	61.7
61.70365068002863	60.0
61.70365068002863	58.86
61.70365068002863	60.17
61.70365068002863	64.59
61.70365068002863	62.02
61.70365068002863	59.995000000000005
61.70365068002863	57.74
61.70365068002863	61.76
61.70365068002863	61.58
61.70365068002863	61.76
61.70365068002863	60.29
61.70365068002863	60.25166666666667
61.70365068002863	63.276666666666664
61.70365068002863	60.870000000000005
61.70365068002863	62.04
61.70365068002863	61.88636363636363
61.70365068002863	63.47
61.70365068002863	59.217499999999994
61.70365068002863	61.12
61.70365068002863	61.635
61.70365068002863	61.385000000000005
61.70365068002863	61.69
61.70365068002863	63.785000000000004
61.70365068002863	59.79
61.70365068002863	59.38666666666666
61.70365068002863	60.54
61.70365068002863	59.89
61.70365068002863	61.84
61.70365068002863	64.64
61.70365068002863	60.71
61.70365068002863	61.11714285714286
61.70365068002863	62.45
61.70365068002863	62.625
59.30316091954023	56.11
59.30316091954023	55.38
59.30316091954023	57.6
59.30316091954023	42.19
59.30316091954023	55.36
59.30316091954023	63.02
59.30316091954023	58.35
59.30316091954023	56.6
59.30316091954023	58.15
37.93402777777778	39.05
35.525260625501204	35.29
35.525260625501204	37.77
35.525260625501204	30.48
35.525260625501204	35.0
35.525260625501204	44.3
42.76315789473684	41.67
27.388535031847134	25.19
64.13043478260869	58.48
64.13043478260869	67.3
53.30335524040124	52.11
53.30335524040124	54.08
53.30335524040124	46.76
53.30335524040124	53.0
53.30335524040124	49.06
53.30335524040124	52.08
53.30335524040124	55.57
53.30335524040124	50.43
53.30335524040124	57.379999999999995
53.30335524040124	44.55
53.30335524040124	54.60666666666666
53.30335524040124	55.65
49.23371647509578	56.88
49.23371647509578	49.23
49.23371647509578	49.23
49.23371647509578	42.07
49.23371647509578	36.75
55.257009345794394	68.22
61.46435452793835	61.46
38.20617355853233	43.99
38.20617355853233	41.370000000000005
38.20617355853233	39.985
38.20617355853233	30.72
38.20617355853233	34.29
38.20617355853233	42.62666666666667
38.20617355853233	35.25
38.20617355853233	38.65
38.20617355853233	35.37
38.20617355853233	44.75
38.20617355853233	45.71
38.20617355853233	48.07
38.20617355853233	34.1
38.20617355853233	40.90833333333334
38.20617355853233	44.04
38.20617355853233	35.17333333333334
38.20617355853233	40.735
38.20617355853233	29.85
38.20617355853233	39.40333333333333
38.20617355853233	41.94
38.20617355853233	30.15
38.20617355853233	44.37
38.20617355853233	40.79
38.20617355853233	36.51666666666667
38.20617355853233	30.46
38.20617355853233	41.01333333333333
44.5045045045045	43.45
42.819030680302355	41.055
49.89676531314522	49.52
49.89676531314522	48.94
49.89676531314522	50.545
49.89676531314522	51.114999999999995
49.89676531314522	46.86
49.89676531314522	49.52
49.89676531314522	49.87
49.89676531314522	48.38
49.89676531314522	49.86833333333334
49.89676531314522	51.29
49.89676531314522	49.669999999999995
45.64755838641189	45.88666666666666
38.95639742673338	39.39
38.95639742673338	43.988
38.95639742673338	39.32
38.95639742673338	45.29999999999999
38.95639742673338	37.03
38.793103448275865	41.69
45.84450402144772	39.01
45.84450402144772	50.72
45.84450402144772	53.4
53.97489539748954	50.75
53.97489539748954	51.99
53.97489539748954	53.39
53.97489539748954	53.39
50.74850299401198	50.06
50.74850299401198	54.95
50.74850299401198	51.67
50.74850299401198	51.34
50.74850299401198	58.16
50.74850299401198	57.49
50.74850299401198	52.46
55.485611510791365	55.49
55.485611510791365	48.09
55.485611510791365	52.59
55.485611510791365	54.2
55.485611510791365	54.89
55.485611510791365	49.555
43.97076735688185	43.045
43.97076735688185	44.41
43.97076735688185	44.31
46.92660550458715	48.69
46.92660550458715	50.23
46.92660550458715	47.39
46.92660550458715	47.73
46.92660550458715	47.37
46.92660550458715	47.97666666666667
46.92660550458715	46.01
46.92660550458715	46.14333333333334
46.92660550458715	46.315
46.92660550458715	49.81
46.92660550458715	46.98
46.92660550458715	47.025
46.92660550458715	48.42
46.92660550458715	45.94
46.92660550458715	46.114999999999995
46.92660550458715	51.01
46.92660550458715	45.71
46.92660550458715	45.94
46.92660550458715	46.39
46.92660550458715	46.959999999999994
46.92660550458715	47.3
46.92660550458715	47.86
46.92660550458715	46.185
46.92660550458715	46.93333333333333
46.92660550458715	47.85
46.92660550458715	50.29
46.92660550458715	48.19833333333333
46.92660550458715	47.739999999999995
46.92660550458715	49.416666666666664
46.92660550458715	45.94
46.92660550458715	47.666666666666664
46.92660550458715	45.99
46.92660550458715	45.94
46.92660550458715	49.370000000000005
46.92660550458715	46.31
46.92660550458715	48.21
46.92660550458715	49.215
46.92660550458715	45.94
46.92660550458715	46.83
46.92660550458715	45.94
46.92660550458715	48.58
46.92660550458715	45.67
46.92660550458715	47.17
46.92660550458715	47.199999999999996
46.92660550458715	46.699999999999996
46.92660550458715	48.87
46.92660550458715	50.68
46.92660550458715	47.8
46.92660550458715	45.35
46.92660550458715	46.14
46.92660550458715	48.67
46.92660550458715	50.83
46.92660550458715	46.5
46.92660550458715	47.98
46.92660550458715	48.22
46.92660550458715	48.46
46.92660550458715	41.5325
46.92660550458715	47.73
46.92660550458715	48.35
46.92660550458715	48.17
46.92660550458715	49.04666666666666
46.92660550458715	45.94
46.92660550458715	46.165
46.92660550458715	48.51
46.92660550458715	46.29
46.92660550458715	45.94
46.92660550458715	48.0
46.92660550458715	45.79
46.92660550458715	50.19
46.92660550458715	46.29
46.92660550458715	48.004999999999995
46.92660550458715	48.435
46.92660550458715	47.73
46.92660550458715	47.065
46.92660550458715	46.03
46.92660550458715	45.94
46.92660550458715	45.94
46.92660550458715	48.83
46.92660550458715	47.15
46.92660550458715	46.86
46.92660550458715	46.91
45.22068095838588	42.87
45.22068095838588	41.18
45.22068095838588	44.57
45.22068095838588	34.55
45.22068095838588	38.05
45.22068095838588	35.14
45.22068095838588	37.04
45.22068095838588	40.0
45.22068095838588	33.82
45.22068095838588	37.23
45.22068095838588	31.34
45.22068095838588	36.63
50.02832861189802	52.75
50.02832861189802	49.89
48.31130690161527	45.402727272727276
48.31130690161527	47.556666666666665
48.31130690161527	56.71
48.31130690161527	45.861428571428576
48.31130690161527	44.588181818181816
48.31130690161527	59.245000000000005
48.31130690161527	42.13166666666667
48.31130690161527	44.34
48.31130690161527	46.30769230769231
48.31130690161527	48.35285714285715
48.31130690161527	45.154444444444444
48.31130690161527	46.54454545454546
48.31130690161527	43.31
48.31130690161527	42.63
48.31130690161527	47.28454545454545
48.31130690161527	55.13
48.31130690161527	49.08200000000001
48.31130690161527	43.51333333333333
48.31130690161527	46.160000000000004
48.31130690161527	45.2369696969697
48.31130690161527	45.074999999999996
48.31130690161527	49.8575
48.31130690161527	45.13
48.31130690161527	42.83
48.31130690161527	44.95
48.31130690161527	47.498000000000005
48.31130690161527	43.34923076923077
48.31130690161527	46.57636363636364
48.31130690161527	51.535
48.31130690161527	44.88461538461537
48.31130690161527	43.791666666666664
48.31130690161527	46.77666666666667
48.31130690161527	45.10214285714285
48.31130690161527	43.32
48.31130690161527	47.3811111111111
48.31130690161527	42.769999999999996
48.31130690161527	40.935
48.31130690161527	44.84833333333333
48.31130690161527	44.42499999999999
48.31130690161527	41.413333333333334
48.31130690161527	46.68615384615384
48.31130690161527	44.47
48.31130690161527	63.04
48.31130690161527	49.21
48.31130690161527	49.85333333333333
48.31130690161527	45.45
48.31130690161527	43.79714285714285
48.31130690161527	59.00083333333334
48.31130690161527	44.735
48.31130690161527	43.76
48.31130690161527	46.9988888888889
48.31130690161527	47.9375
48.31130690161527	43.234285714285704
48.31130690161527	42.54333333333333
48.31130690161527	45.269999999999996
48.31130690161527	45.92666666666667
48.31130690161527	44.86
48.31130690161527	46.40962962962963
48.31130690161527	43.13666666666666
48.31130690161527	48.150999999999996
48.31130690161527	51.76333333333333
48.31130690161527	45.17666666666667
48.31130690161527	46.580000000000005
48.31130690161527	46.33363636363636
48.31130690161527	46.32777777777777
48.31130690161527	43.7376923076923
48.31130690161527	48.41304347826086
48.31130690161527	43.5735294117647
48.31130690161527	55.16
48.31130690161527	46.98857142857143
48.31130690161527	44.251999999999995
48.31130690161527	46.442857142857136
48.31130690161527	47.68818181818181
48.31130690161527	45.30111111111111
48.31130690161527	44.72
48.31130690161527	46.54333333333334
48.31130690161527	48.231428571428566
48.31130690161527	44.16909090909091
48.31130690161527	49.44571428571429
48.31130690161527	43.127647058823534
48.31130690161527	70.34
48.31130690161527	41.41
48.31130690161527	45.11
48.31130690161527	46.1647619047619
48.31130690161527	44.01333333333333
48.31130690161527	45.71314285714286
48.31130690161527	46.855
48.31130690161527	43.699999999999996
48.31130690161527	44.659487179487186
48.31130690161527	34.57
48.31130690161527	48.83166666666668
48.31130690161527	41.53
48.31130690161527	48.89142857142857
48.31130690161527	41.48
48.31130690161527	42.873999999999995
48.31130690161527	44.36333333333334
48.31130690161527	44.146666666666675
48.31130690161527	43.866
48.31130690161527	45.25
48.31130690161527	44.88428571428572
48.31130690161527	43.76
48.31130690161527	53.095
48.31130690161527	44.66307692307692
48.31130690161527	46.57391304347825
48.31130690161527	44.02
48.31130690161527	40.88
48.31130690161527	42.16
48.31130690161527	43.94
48.31130690161527	42.626999999999995
48.31130690161527	44.685
48.31130690161527	44.461333333333336
48.31130690161527	48.665
48.31130690161527	51.16375000000001
48.31130690161527	51.67
48.31130690161527	43.67
48.31130690161527	46.040000000000006
48.31130690161527	44.5025
48.31130690161527	47.337857142857146
48.31130690161527	43.03
48.31130690161527	44.17666666666667
48.31130690161527	44.3
48.31130690161527	43.81818181818182
48.31130690161527	51.998333333333335
48.31130690161527	58.50666666666666
48.31130690161527	48.11538461538463
48.31130690161527	51.03142857142858
48.31130690161527	44.344117647058816
48.31130690161527	40.57
48.31130690161527	50.217058823529406
48.31130690161527	50.14
48.31130690161527	45.38333333333333
48.31130690161527	44.805
48.31130690161527	48.6125
48.31130690161527	44.536
48.31130690161527	43.27307692307692
48.31130690161527	54.1
48.31130690161527	44.78
48.31130690161527	45.92052631578946
48.31130690161527	44.735
48.31130690161527	45.45
48.31130690161527	46.65714285714285
48.31130690161527	60.7675
48.31130690161527	54.80333333333334
48.31130690161527	43.32
48.31130690161527	46.297142857142866
48.31130690161527	48.723333333333336
48.31130690161527	44.56846153846155
48.31130690161527	55.56
48.31130690161527	47.33714285714285
48.31130690161527	42.141818181818174
48.31130690161527	42.55
48.31130690161527	48.7925
48.31130690161527	40.96
48.31130690161527	50.37285714285714
48.31130690161527	45.324999999999996
48.31130690161527	44.056666666666665
48.31130690161527	44.38
48.31130690161527	44.56999999999999
48.31130690161527	43.43
48.31130690161527	44.406666666666666
48.31130690161527	43.16833333333333
48.31130690161527	43.14
48.31130690161527	40.72
48.31130690161527	43.963750000000005
48.31130690161527	53.69
48.31130690161527	49.52
48.263254113345525	51.565
48.263254113345525	45.61
48.263254113345525	51.13
48.263254113345525	45.45
48.263254113345525	43.125
48.263254113345525	48.39
48.263254113345525	39.69
48.263254113345525	38.14
48.263254113345525	46.46
48.263254113345525	54.21
48.263254113345525	47.51
48.263254113345525	38.52
48.263254113345525	48.75
48.263254113345525	48.21
48.263254113345525	50.445
48.263254113345525	46.69
48.263254113345525	44.96
48.263254113345525	56.25
48.263254113345525	49.28
48.263254113345525	51.05
48.263254113345525	38.53
48.263254113345525	51.7
48.263254113345525	56.25
48.263254113345525	37.37
48.263254113345525	52.52
48.263254113345525	51.94
48.263254113345525	39.5
48.263254113345525	45.64
48.263254113345525	51.71
53.22283609576427	52.74
53.22283609576427	50.28
53.22283609576427	53.38
53.22283609576427	53.01
53.22283609576427	51.76
53.22283609576427	50.56
55.529411764705884	41.67
55.529411764705884	25.93
55.529411764705884	25.93
37.42487286176607	40.7175
37.42487286176607	38.955
37.42487286176607	36.07928571428572
37.42487286176607	33.832
37.42487286176607	38.63999999999999
37.42487286176607	43.092
37.42487286176607	34.21
37.42487286176607	38.58500000000001
37.42487286176607	35.083
37.42487286176607	40.623076923076916
37.42487286176607	39.58258064516129
37.42487286176607	35.877142857142864
37.42487286176607	40.17266666666667
37.42487286176607	39.08333333333333
37.42487286176607	39.26500000000001
37.42487286176607	39.7423076923077
37.42487286176607	45.53
37.42487286176607	40.33
37.42487286176607	39.5775
37.42487286176607	33.92
37.42487286176607	43.96125
37.42487286176607	44.2775
37.42487286176607	38.09428571428572
37.42487286176607	35.2075
37.42487286176607	41.599999999999994
37.42487286176607	41.55
37.42487286176607	37.9025
37.42487286176607	44.12
37.42487286176607	37.529374999999995
37.42487286176607	31.02
37.42487286176607	37.506
37.42487286176607	32.81
37.42487286176607	39.37923076923077
37.42487286176607	32.16
37.42487286176607	34.71
37.42487286176607	46.41
37.42487286176607	36.468333333333334
37.42487286176607	36.51499999999999
37.42487286176607	37.26
37.42487286176607	47.11
37.42487286176607	36.74
37.42487286176607	44.01
37.42487286176607	39.78076923076923
37.42487286176607	39.513333333333335
37.42487286176607	39.48571428571429
37.42487286176607	33.296
37.42487286176607	37.856428571428566
37.42487286176607	38.48
37.42487286176607	40.36899999999999
37.42487286176607	37.1
37.42487286176607	42.096000000000004
37.42487286176607	32.36
37.42487286176607	38.82666666666666
37.42487286176607	40.093599999999995
37.42487286176607	38.402499999999996
37.42487286176607	38.94
37.42487286176607	32.785999999999994
37.42487286176607	41.27652173913042
37.42487286176607	43.596
37.42487286176607	40.98333333333332
37.42487286176607	36.52666666666667
37.42487286176607	37.4475
37.42487286176607	37.168717948717955
37.42487286176607	34.512
37.42487286176607	37.28
37.42487286176607	32.70333333333333
37.42487286176607	39.144444444444446
37.42487286176607	39.216249999999995
37.42487286176607	34.317499999999995
37.42487286176607	39.759375
37.42487286176607	41.64333333333334
37.42487286176607	37.81086956521739
37.42487286176607	37.0790909090909
37.42487286176607	42.305
37.42487286176607	38.22333333333333
37.42487286176607	33.655
37.42487286176607	36.501666666666665
37.42487286176607	39.82333333333334
37.42487286176607	35.71714285714286
37.42487286176607	40.02142857142857
37.42487286176607	35.82666666666666
37.42487286176607	31.405
37.42487286176607	38.115833333333335
37.42487286176607	42.182
37.42487286176607	39.592222222222226
37.42487286176607	34.82888888888888
37.42487286176607	37.062
37.42487286176607	34.531666666666666
37.42487286176607	35.49666666666666
37.42487286176607	45.989999999999995
47.52252252252252	48.03
47.52252252252252	50.31
47.52252252252252	45.2
47.52252252252252	45.88
47.52252252252252	47.03
47.52252252252252	50.09666666666667
47.52252252252252	47.35
47.52252252252252	48.81999999999999
47.52252252252252	51.62
47.52252252252252	47.24
47.52252252252252	51.23
51.284175642087824	48.855000000000004
51.22448979591837	52.68
51.22448979591837	68.75
49.773863365865274	64.50999999999999
49.773863365865274	47.01
49.773863365865274	47.15
49.773863365865274	67.48
49.773863365865274	47.29999999999999
49.773863365865274	60.54
49.773863365865274	36.120000000000005
49.773863365865274	45.77
49.773863365865274	53.375
49.773863365865274	53.94333333333333
49.773863365865274	43.51
49.773863365865274	45.21
49.773863365865274	50.678333333333335
49.773863365865274	42.82
49.773863365865274	53.573333333333345
49.773863365865274	61.269999999999996
49.773863365865274	45.78
49.773863365865274	37.32
49.773863365865274	45.88
49.773863365865274	47.73
49.773863365865274	52.61
49.773863365865274	59.84
42.55021018215787	47.11666666666667
42.55021018215787	42.04
42.55021018215787	43.69
42.55021018215787	55.05
42.55021018215787	40.61
42.55021018215787	41.47
42.55021018215787	44.0
42.55021018215787	40.61
42.55021018215787	48.099999999999994
42.55021018215787	39.64
42.55021018215787	40.46
42.55021018215787	47.82
42.55021018215787	41.465
42.55021018215787	42.79
42.55021018215787	42.57
42.55021018215787	45.00142857142857
42.55021018215787	45.33749999999999
42.55021018215787	56.86
42.55021018215787	40.25
42.55021018215787	48.775
42.55021018215787	40.68
42.55021018215787	43.128
42.55021018215787	42.343333333333334
42.55021018215787	41.045
53.170400543109295	52.21
53.170400543109295	51.5
53.170400543109295	53.57
51.985294117647065	50.34
64.76143141153081	62.14
64.76143141153081	60.05
31.72866520787746	31.25
46.58385093167702	46.3
49.248747913188645	37.75
38.75432525951557	35.42
38.75432525951557	34.97
38.75432525951557	36.89
37.10021321961621	29.52
46.375420067210754	33.83
46.375420067210754	50.09
46.375420067210754	53.58
46.375420067210754	53.769999999999996
46.375420067210754	31.93
46.375420067210754	38.97666666666667
46.375420067210754	51.8
46.375420067210754	44.21
46.375420067210754	51.17
46.375420067210754	36.25
46.375420067210754	51.76
46.375420067210754	35.24
46.375420067210754	46.39
46.375420067210754	52.22
46.375420067210754	52.335
46.375420067210754	42.58
46.375420067210754	41.315
46.375420067210754	44.05
46.375420067210754	39.52
46.375420067210754	36.8625
46.375420067210754	46.2
46.375420067210754	45.77
46.375420067210754	48.66
46.375420067210754	38.7
46.375420067210754	44.696666666666665
46.375420067210754	50.38
46.375420067210754	52.50375
46.375420067210754	48.03333333333333
46.375420067210754	53.12
67.64705882352942	59.91
67.64705882352942	62.54
67.64705882352942	58.47
67.64705882352942	60.04
45.825932504440495	44.52666666666667
49.92805755395683	40.19
49.92805755395683	40.12
54.3247344461305	53.9
53.46534653465347	50.75
53.46534653465347	52.41
63.07692307692307	64.09
63.07692307692307	62.79
63.07692307692307	62.53
42.435424354243544	42.44
42.435424354243544	42.44
42.435424354243544	42.44
46.06205250596659	45.98
49.280575539568346	56.15
49.280575539568346	53.3
49.280575539568346	49.4
49.280575539568346	50.51
49.280575539568346	50.370000000000005
49.280575539568346	48.975
49.280575539568346	47.93
49.280575539568346	49.55
49.280575539568346	57.03
44.09722222222222	43.62
45.89909443725744	49.51
45.89909443725744	43.31
45.89909443725744	37.99
45.89909443725744	44.97
45.89909443725744	45.58214285714286
45.89909443725744	44.15833333333333
45.89909443725744	45.03
45.89909443725744	42.578
45.89909443725744	44.3
45.89909443725744	48.18
45.89909443725744	41.73
45.89909443725744	36.35
45.89909443725744	43.57
45.89909443725744	43.69
45.89909443725744	43.44
45.89909443725744	44.711666666666666
45.89909443725744	45.57666666666666
45.89909443725744	32.1
45.89909443725744	35.44
45.89909443725744	47.81166666666667
45.89909443725744	43.975
45.89909443725744	41.93
45.89909443725744	41.16
45.89909443725744	44.78
45.89909443725744	38.11
45.89909443725744	35.88
45.89909443725744	44.35
45.89909443725744	43.35
45.89909443725744	42.16
45.89909443725744	42.38
45.89909443725744	41.4525
45.89909443725744	43.846666666666664
45.89909443725744	46.91
45.89909443725744	39.1825
45.89909443725744	35.2
45.89909443725744	43.62
45.89909443725744	35.53
45.89909443725744	41.54
45.89909443725744	44.57
45.89909443725744	44.922000000000004
45.89909443725744	44.61
45.89909443725744	48.17
45.89909443725744	44.606
45.89909443725744	47.03
45.89909443725744	39.8925
45.89909443725744	45.29666666666666
45.89909443725744	42.0
45.89909443725744	37.58
45.89909443725744	40.53
45.89909443725744	42.3625
45.89909443725744	49.44
45.89909443725744	43.652
45.89909443725744	46.155
45.89909443725744	39.32666666666666
45.89909443725744	46.02
45.89909443725744	42.55
45.89909443725744	48.19500000000001
45.89909443725744	42.25
45.89909443725744	40.761250000000004
45.89909443725744	44.22
45.89909443725744	43.59
45.89909443725744	45.24
45.89909443725744	42.43388888888888
45.89909443725744	41.815
45.89909443725744	42.881428571428565
45.89909443725744	40.510000000000005
45.89909443725744	43.14
45.89909443725744	45.1
45.89909443725744	35.88
45.89909443725744	44.167692307692306
45.89909443725744	35.7
45.89909443725744	42.49
45.89909443725744	42.21
45.89909443725744	45.03
45.89909443725744	42.166666666666664
45.89909443725744	43.035
45.89909443725744	44.21
45.89909443725744	46.29333333333333
45.89909443725744	41.07
45.89909443725744	44.00666666666666
45.89909443725744	41.03
45.89909443725744	43.745
45.89909443725744	45.85833333333333
45.89909443725744	48.33
45.89909443725744	40.56
45.89909443725744	45.675
45.89909443725744	37.44
45.89909443725744	44.1
45.89909443725744	43.13545454545454
45.89909443725744	44.14
45.89909443725744	37.968
45.89909443725744	43.63999999999999
45.89909443725744	45.204
45.89909443725744	47.715
45.89909443725744	37.58
45.89909443725744	35.28
45.89909443725744	40.165
45.89909443725744	41.7
44.217207334273624	35.59
44.217207334273624	39.01
44.217207334273624	56.06
44.217207334273624	53.07
44.217207334273624	40.06
44.217207334273624	41.67
44.217207334273624	48.133333333333326
44.217207334273624	50.26
44.217207334273624	55.21
44.217207334273624	57.24
44.217207334273624	43.855
44.217207334273624	55.43
44.217207334273624	51.0325
53.65853658536586	53.66
53.65853658536586	54.79
53.65853658536586	53.476
53.65853658536586	53.66
53.65853658536586	53.64
45.57077625570776	33.53
45.57077625570776	35.276666666666664
45.57077625570776	34.24
45.57077625570776	36.01
45.57077625570776	40.0
70.71563088512242	65.5075
70.71563088512242	64.45
70.71563088512242	65.64
70.71563088512242	64.545
70.71563088512242	65.10499999999999
70.71563088512242	64.23500000000001
70.71563088512242	64.41
70.71563088512242	65.42
70.71563088512242	64.15
70.71563088512242	65.18
70.71563088512242	64.75
70.71563088512242	64.67
70.71563088512242	65.45
70.71563088512242	63.27
70.71563088512242	64.46
70.71563088512242	64.74
70.71563088512242	64.9
70.71563088512242	64.72
70.71563088512242	66.505
70.71563088512242	64.46
70.71563088512242	64.29
70.71563088512242	64.16
70.71563088512242	64.7
70.71563088512242	64.69
70.71563088512242	64.09
70.71563088512242	63.6
70.71563088512242	65.75
70.71563088512242	66.84
70.71563088512242	64.61
70.71563088512242	64.43
70.71563088512242	64.98
65.4833836858006	51.28
65.4833836858006	67.27
65.4833836858006	47.29
65.4833836858006	54.01
65.4833836858006	57.09666666666667
65.4833836858006	55.12
65.4833836858006	58.7
65.4833836858006	53.55
54.03225806451613	55.7
54.03225806451613	55.82
54.03225806451613	52.11
54.03225806451613	50.635000000000005
54.03225806451613	49.835
54.03225806451613	55.5
54.03225806451613	48.27
54.03225806451613	63.27
54.03225806451613	51.5025
54.03225806451613	47.815
54.03225806451613	48.19
54.03225806451613	51.725
54.03225806451613	54.175
54.03225806451613	55.865
54.03225806451613	50.9075
54.03225806451613	44.98
54.03225806451613	57.965714285714284
54.03225806451613	53.94
54.03225806451613	56.10799999999999
54.03225806451613	56.760000000000005
54.03225806451613	58.57
54.03225806451613	48.3
54.03225806451613	56.63833333333333
54.03225806451613	54.98666666666667
54.03225806451613	56.45399999999999
54.03225806451613	48.94
54.03225806451613	58.46
54.03225806451613	59.12
54.03225806451613	55.86
54.03225806451613	56.4
54.03225806451613	55.03
54.03225806451613	50.32
54.03225806451613	56.220000000000006
54.03225806451613	54.81
54.03225806451613	55.175
54.03225806451613	55.82
54.03225806451613	54.47
54.03225806451613	60.2
56.34861006761833	60.396
56.34861006761833	58.7875
56.34861006761833	56.17
56.34861006761833	59.22
56.34861006761833	58.21
56.34861006761833	61.60999999999999
56.34861006761833	61.089999999999996
56.34861006761833	58.81
56.34861006761833	58.76
56.34861006761833	60.59
56.34861006761833	58.48666666666667
56.34861006761833	61.64
56.34861006761833	55.07142857142856
56.34861006761833	56.9
56.34861006761833	61.13
56.34861006761833	59.17
56.34861006761833	57.94923076923077
56.34861006761833	60.129999999999995
56.34861006761833	60.161249999999995
56.34861006761833	59.445
56.34861006761833	56.598
56.34861006761833	61.97
56.34861006761833	57.76666666666667
56.34861006761833	54.46
56.34861006761833	57.39
56.34861006761833	59.165000000000006
56.34861006761833	62.76
56.34861006761833	59.4242857142857
56.34861006761833	59.44909090909091
56.34861006761833	61.2
56.34861006761833	61.36
56.34861006761833	57.23
56.34861006761833	58.373333333333335
56.34861006761833	55.11
56.34861006761833	57.83857142857143
56.34861006761833	61.78
56.34861006761833	60.50750000000001
56.34861006761833	53.85
56.34861006761833	56.581999999999994
56.34861006761833	52.56
56.34861006761833	61.25
56.34861006761833	54.68
56.34861006761833	60.575
56.34861006761833	57.378571428571426
56.34861006761833	59.06999999999999
56.34861006761833	56.151666666666664
56.34861006761833	57.74333333333333
56.34861006761833	57.78666666666666
56.34861006761833	61.38
56.34861006761833	55.20333333333334
56.34861006761833	57.465
56.34861006761833	62.14
56.34861006761833	60.4
56.34861006761833	60.122
56.34861006761833	59.885
56.34861006761833	54.935
56.34861006761833	61.01
56.34861006761833	57.79
56.34861006761833	55.205
56.34861006761833	58.03125
56.34861006761833	57.943333333333335
56.34861006761833	59.102500000000006
56.34861006761833	59.55
56.34861006761833	58.73833333333332
56.34861006761833	59.26
56.34861006761833	58.84
56.34861006761833	59.33285714285715
56.34861006761833	60.53999999999999
56.34861006761833	53.254999999999995
56.34861006761833	59.25600000000001
56.34861006761833	55.84
56.34861006761833	56.775
56.34861006761833	57.296666666666674
56.34861006761833	57.39272727272728
56.34861006761833	55.004999999999995
56.34861006761833	58.09875
56.34861006761833	57.3625
56.34861006761833	54.72
56.34861006761833	60.67
56.34861006761833	50.28
56.34861006761833	58.79
56.34861006761833	55.09
56.34861006761833	60.472
56.34861006761833	60.653333333333336
56.34861006761833	63.13
56.34861006761833	61.75
56.34861006761833	60.82
56.34861006761833	60.98
56.34861006761833	57.31333333333333
56.34861006761833	58.46
56.34861006761833	59.516000000000005
56.34861006761833	60.71
56.34861006761833	56.66
56.34861006761833	57.73833333333332
56.34861006761833	58.11
56.34861006761833	58.57
56.34861006761833	56.019999999999996
56.34861006761833	60.44
56.34861006761833	60.21
56.34861006761833	54.089999999999996
56.34861006761833	57.28
56.34861006761833	60.515
56.34861006761833	60.16400000000001
56.34861006761833	57.279999999999994
56.34861006761833	59.769999999999996
56.34861006761833	57.45
56.34861006761833	58.9875
58.19623389494549	51.34
58.19623389494549	50.59
49.44189100459619	47.62
49.44189100459619	49.65
49.44189100459619	49.31
49.44189100459619	45.49
49.44189100459619	45.82166666666666
49.44189100459619	45.65
49.44189100459619	48.35
49.44189100459619	51.48
49.44189100459619	47.830000000000005
49.44189100459619	48.019999999999996
49.44189100459619	48.0
49.44189100459619	50.81
49.44189100459619	46.21
49.44189100459619	48.89
49.44189100459619	48.71714285714285
49.44189100459619	48.07333333333333
49.44189100459619	46.65
49.44189100459619	48.623333333333335
49.44189100459619	49.36
49.44189100459619	47.37
49.44189100459619	47.215
49.44189100459619	47.129999999999995
49.44189100459619	44.97
49.44189100459619	51.03
49.44189100459619	47.35999999999999
49.44189100459619	51.8925
49.44189100459619	46.07
46.875	41.88
46.875	42.62
48.641304347826086	48.64000000000001
48.641304347826086	48.14
62.76758409785933	63.59
62.76758409785933	63.165
38.05309734513274	37.98
38.05309734513274	37.28
38.05309734513274	37.83
55.21936459909228	60.37
55.21936459909228	57.22
55.21936459909228	60.51
55.21936459909228	57.11
58.58585858585859	58.22
56.184210526315795	64.32
56.184210526315795	60.09
56.184210526315795	62.873333333333335
56.184210526315795	60.16
56.184210526315795	56.584999999999994
56.184210526315795	51.5
56.184210526315795	60.59
56.184210526315795	48.21
56.184210526315795	63.06
44.354838709677416	43.14
44.354838709677416	44.09
44.354838709677416	44.31
44.354838709677416	43.92
44.354838709677416	40.2
44.354838709677416	43.22
44.354838709677416	44.55
44.354838709677416	44.53
44.354838709677416	45.19
34.62532299741602	32.01
34.62532299741602	34.63
34.62532299741602	34.63
34.62532299741602	32.01
50.36764705882353	52.94333333333333
56.85814771395076	59.65
58.96798259247746	41.635
43.856920684292376	45.24
44.32882414151925	39.27
55.26315789473685	56.9
55.26315789473685	57.43
55.26315789473685	56.156666666666666
55.26315789473685	58.75
40.44481054365733	38.41
40.44481054365733	38.5
40.44481054365733	40.94
40.44481054365733	36.76
40.44481054365733	35.18
40.44481054365733	30.1
40.44481054365733	34.35
40.44481054365733	29.3
40.44481054365733	39.53
40.44481054365733	32.19
40.44481054365733	34.36
46.38403990024938	47.16
37.38317757009346	37.38
37.38317757009346	37.38
37.38317757009346	37.38
37.38317757009346	37.38
44.08464251362616	57.38
44.08464251362616	53.72
44.08464251362616	57.77
44.08464251362616	36.48
44.08464251362616	57.07
44.08464251362616	50.586666666666666
44.08464251362616	42.39
44.08464251362616	57.14
44.08464251362616	58.195
44.08464251362616	54.04
44.08464251362616	57.91
44.08464251362616	45.84
44.08464251362616	46.343333333333334
44.08464251362616	58.76
44.08464251362616	44.28
44.08464251362616	39.07
44.08464251362616	52.529999999999994
44.08464251362616	43.70333333333334
44.08464251362616	41.935
44.08464251362616	50.47200000000001
44.08464251362616	54.19666666666666
44.08464251362616	54.275000000000006
44.08464251362616	58.47
44.08464251362616	43.785
44.08464251362616	56.63
44.08464251362616	47.166666666666664
44.08464251362616	54.51
44.08464251362616	46.269999999999996
44.08464251362616	55.405
44.08464251362616	57.77
44.08464251362616	57.97
44.08464251362616	50.375
44.08464251362616	57.58
44.08464251362616	44.45333333333334
33.751044277360066	30.42
33.751044277360066	31.335
33.751044277360066	28.72
51.48514851485149	52.04
41.15092290988056	36.73
41.15092290988056	38.7
41.15092290988056	37.93
41.15092290988056	42.13
41.15092290988056	36.44
47.84425451092118	38.69
48.04845222072679	43.81
48.04845222072679	42.25
55.948000981113566	51.88333333333333
55.948000981113566	63.11
55.948000981113566	57.61
55.948000981113566	50.49
55.948000981113566	59.6
55.948000981113566	54.065
55.948000981113566	51.83
55.948000981113566	60.76
55.948000981113566	52.48
55.948000981113566	46.05
55.948000981113566	60.21333333333333
55.948000981113566	50.775
55.948000981113566	57.35
55.948000981113566	55.73666666666666
55.948000981113566	49.452857142857134
55.948000981113566	51.47
55.948000981113566	50.842499999999994
55.948000981113566	50.13
55.948000981113566	48.28
55.948000981113566	57.91
55.948000981113566	60.32
55.948000981113566	59.23666666666667
55.948000981113566	56.650000000000006
55.948000981113566	50.48
55.948000981113566	50.0
55.948000981113566	51.55
55.948000981113566	56.9
55.948000981113566	48.41
55.948000981113566	51.836666666666666
55.948000981113566	52.53
55.948000981113566	53.68
55.948000981113566	50.336666666666666
55.948000981113566	54.98
43.340857787810386	45.39
27.84911717495987	25.91
27.84911717495987	30.82
27.84911717495987	31.147499999999997
27.84911717495987	25.82
27.84911717495987	27.863333333333333
27.84911717495987	25.512857142857147
27.84911717495987	27.244999999999997
27.84911717495987	27.351428571428574
27.84911717495987	26.726666666666663
27.84911717495987	29.134999999999998
27.84911717495987	27.740000000000002
27.84911717495987	20.61
27.84911717495987	26.12142857142857
27.84911717495987	30.145
27.84911717495987	27.06
27.84911717495987	25.93
27.84911717495987	27.426666666666666
27.84911717495987	28.055555555555557
27.84911717495987	28.002499999999998
27.84911717495987	27.965000000000003
27.84911717495987	28.423076923076927
27.84911717495987	28.46
27.84911717495987	30.145
27.84911717495987	25.88
27.84911717495987	25.0
27.84911717495987	27.66
27.84911717495987	28.25666666666667
27.84911717495987	32.73
27.84911717495987	27.192500000000003
27.84911717495987	27.695
27.84911717495987	28.55
27.84911717495987	29.518
27.84911717495987	28.923333333333336
27.84911717495987	25.95
27.84911717495987	25.29
27.84911717495987	25.81
27.84911717495987	30.72
27.84911717495987	26.945499999999992
27.84911717495987	26.61
42.99065420560748	42.99
56.50741350906095	57.376923076923084
56.50741350906095	57.565999999999995
56.50741350906095	58.06
56.50741350906095	54.325
56.50741350906095	57.40350000000001
56.50741350906095	55.36999999999999
56.50741350906095	60.0
56.50741350906095	56.94521739130436
56.50741350906095	57.1875
56.50741350906095	57.86
56.50741350906095	56.78000000000001
56.50741350906095	56.43571428571429
56.50741350906095	56.82478260869564
56.50741350906095	55.51
56.50741350906095	56.62461538461538
56.50741350906095	51.55
56.50741350906095	55.994285714285716
56.50741350906095	56.541250000000005
56.50741350906095	57.567142857142855
56.50741350906095	57.02796296296293
56.50741350906095	58.364999999999995
56.50741350906095	56.57545454545456
56.50741350906095	57.42166666666669
56.50741350906095	57.05
56.50741350906095	54.650000000000006
56.50741350906095	57.410000000000004
56.50741350906095	55.4825
56.50741350906095	55.942499999999995
56.50741350906095	54.73
56.50741350906095	56.301249999999996
56.50741350906095	55.318333333333335
56.50741350906095	55.120000000000005
56.50741350906095	58.030833333333334
56.50741350906095	55.99627118644068
56.50741350906095	52.995000000000005
56.50741350906095	54.768888888888895
56.50741350906095	57.57058823529411
56.50741350906095	57.31
56.50741350906095	56.96125
56.50741350906095	58.116
56.50741350906095	56.6490476190476
56.50741350906095	56.944545454545455
56.50741350906095	56.955
56.50741350906095	56.99625
56.50741350906095	53.824999999999996
56.50741350906095	56.29
56.50741350906095	55.07333333333333
56.50741350906095	56.78333333333333
56.50741350906095	56.305
56.50741350906095	56.54
56.50741350906095	55.15454545454545
56.50741350906095	56.36
56.50741350906095	56.41571428571429
56.50741350906095	56.103928571428575
56.50741350906095	57.008750000000006
56.50741350906095	56.6952380952381
56.50741350906095	56.16727272727272
56.50741350906095	56.424
56.50741350906095	57.370000000000005
56.50741350906095	56.4
56.50741350906095	56.96333333333333
56.50741350906095	57.11750000000001
56.50741350906095	57.185
56.50741350906095	57.43
56.50741350906095	58.226
56.50741350906095	58.21333333333333
56.50741350906095	56.17416666666666
56.50741350906095	55.47129032258066
56.50741350906095	57.19833333333333
56.50741350906095	55.26105263157895
56.50741350906095	57.295
56.50741350906095	57.384545454545446
56.50741350906095	55.29857142857143
56.50741350906095	54.54
56.50741350906095	58.398
56.50741350906095	57.8975
56.50741350906095	56.57299999999999
56.50741350906095	56.12
56.50741350906095	56.96230769230769
56.50741350906095	57.93666666666667
56.50741350906095	58.99
56.50741350906095	56.79666666666667
56.50741350906095	56.24076923076923
56.50741350906095	57.8688888888889
56.50741350906095	57.47555555555555
56.50741350906095	56.34100000000001
56.50741350906095	57.056
56.50741350906095	56.51142857142856
56.50741350906095	54.73
56.50741350906095	57.475
56.50741350906095	56.96777777777778
56.50741350906095	57.0375
56.50741350906095	55.856428571428566
56.50741350906095	56.78000000000001
56.50741350906095	57.87555555555556
56.50741350906095	57.72078947368419
56.50741350906095	54.446000000000005
56.50741350906095	56.20852941176471
56.50741350906095	56.76
56.50741350906095	57.059722222222234
56.50741350906095	56.827857142857134
56.50741350906095	58.23111111111112
56.50741350906095	56.506499999999996
56.50741350906095	58.44
56.50741350906095	57.540000000000006
56.50741350906095	56.21125
56.50741350906095	54.189166666666665
56.50741350906095	56.286
56.50741350906095	57.00916666666669
56.50741350906095	55.09100000000001
56.50741350906095	56.962
56.50741350906095	58.385
56.50741350906095	55.96
56.50741350906095	58.2425
56.50741350906095	56.24
56.50741350906095	57.8075
56.50741350906095	56.010000000000005
56.50741350906095	55.4
56.50741350906095	55.525999999999996
56.50741350906095	53.92
56.50741350906095	57.045
56.50741350906095	59.18333333333334
56.50741350906095	56.13
56.50741350906095	55.599000000000004
56.50741350906095	57.03380952380954
56.50741350906095	58.63
56.50741350906095	57.09666666666667
56.50741350906095	57.316153846153846
56.50741350906095	57.15333333333333
56.50741350906095	57.18875
56.50741350906095	57.12454545454546
56.50741350906095	56.2225
56.50741350906095	57.152
56.50741350906095	56.22
56.50741350906095	58.275714285714294
56.50741350906095	55.43999999999999
56.50741350906095	58.477999999999994
56.50741350906095	58.43000000000001
56.50741350906095	55.666666666666664
56.50741350906095	57.1175
56.50741350906095	53.809999999999995
56.50741350906095	57.677499999999995
56.50741350906095	55.734285714285704
56.50741350906095	56.50222222222222
56.50741350906095	56.16916666666666
56.50741350906095	56.81263157894737
56.50741350906095	57.854285714285716
56.50741350906095	58.10583333333333
56.50741350906095	57.55666666666667
56.50741350906095	56.83
56.50741350906095	56.021052631578954
56.50741350906095	58.19714285714286
56.50741350906095	58.931999999999995
56.50741350906095	57.26
56.50741350906095	57.57599999999999
56.50741350906095	55.63499999999999
56.50741350906095	59.08
56.50741350906095	56.333200000000005
56.50741350906095	57.012857142857136
56.50741350906095	54.968333333333334
56.50741350906095	57.03999999999999
56.50741350906095	55.63619047619047
56.50741350906095	57.47346153846154
56.50741350906095	55.913
56.50741350906095	53.85
56.50741350906095	56.31857142857143
56.50741350906095	56.75
56.50741350906095	59.22
56.50741350906095	56.254999999999995
56.50741350906095	56.27
56.50741350906095	56.31214285714285
56.50741350906095	58.3
56.50741350906095	56.8792
42.94117647058823	42.94
58.7991718426501	58.22
58.7991718426501	58.01
38.26850690087829	41.15
38.26850690087829	40.75
38.26850690087829	40.18
38.26850690087829	40.48
66.15532118887823	65.56
66.15532118887823	59.86
66.15532118887823	62.943333333333335
66.15532118887823	68.47
66.15532118887823	61.34
66.15532118887823	65.09
66.15532118887823	63.43000000000001
66.15532118887823	68.63
66.15532118887823	65.66
66.15532118887823	63.94333333333333
66.15532118887823	63.24
66.15532118887823	61.95
43.529411764705884	43.53
43.529411764705884	44.44
43.529411764705884	40.73
43.529411764705884	43.53
43.529411764705884	43.28
33.972125435540065	35.26
53.91539153915391	51.2
53.91539153915391	55.87
53.91539153915391	56.14
48.77384196185286	43.77
48.77384196185286	53.97
48.77384196185286	44.51666666666667
65.78366445916114	53.06
65.78366445916114	58.19
65.78366445916114	59.46
65.78366445916114	59.05
65.78366445916114	58.77
65.78366445916114	57.99
65.78366445916114	58.56
65.78366445916114	59.02
41.61490683229814	38.68
41.02564102564102	38.13
41.02564102564102	41.858000000000004
43.37931571974125	47.125
43.37931571974125	38.2
43.37931571974125	59.69
43.37931571974125	55.455714285714286
43.37931571974125	45.22
43.37931571974125	44.86
43.37931571974125	56.38
43.37931571974125	45.6
43.37931571974125	47.48
43.37931571974125	54.25
43.37931571974125	45.893333333333324
43.37931571974125	52.64333333333334
43.37931571974125	41.696666666666665
43.37931571974125	50.1
43.37931571974125	42.95625
43.37931571974125	43.25
43.37931571974125	56.15
43.37931571974125	46.26
43.37931571974125	47.730000000000004
43.37931571974125	41.05166666666667
43.37931571974125	42.76
43.37931571974125	56.27333333333333
43.37931571974125	49.199999999999996
43.37931571974125	35.70714285714286
43.37931571974125	41.84
43.37931571974125	61.84
43.37931571974125	50.984
43.37931571974125	45.49
43.37931571974125	35.54
43.37931571974125	37.15
43.37931571974125	57.272499999999994
43.37931571974125	41.433571428571426
43.37931571974125	54.89333333333333
43.37931571974125	48.39
43.37931571974125	48.94
43.37931571974125	51.535
43.37931571974125	51.56
43.37931571974125	49.39
43.37931571974125	52.11
43.37931571974125	48.913333333333334
43.37931571974125	39.364999999999995
43.37931571974125	45.63
43.37931571974125	45.13
43.37931571974125	48.05
43.37931571974125	57.66
43.37931571974125	44.29
43.37931571974125	36.79
43.37931571974125	42.54
37.786259541984734	39.22
37.786259541984734	37.7
37.786259541984734	36.67
37.786259541984734	37.79
37.786259541984734	38.6375
37.786259541984734	37.7
51.10410094637224	46.07
54.47761194029851	51.72
54.47761194029851	50.69
54.47761194029851	51.53
54.47761194029851	53.43
54.47761194029851	51.60666666666666
54.47761194029851	57.14
54.47761194029851	51.96
54.47761194029851	53.07
46.94174757281554	50.87
56.8904593639576	56.644999999999996
56.8904593639576	53.03
56.8904593639576	45.02
47.76386404293381	48.0
47.76386404293381	45.96
47.76386404293381	42.77
57.74647887323944	55.11
57.74647887323944	57.75
57.74647887323944	57.75
57.74647887323944	57.75
57.74647887323944	57.75
57.74647887323944	57.75
57.74647887323944	57.75
57.74647887323944	57.75
57.74647887323944	57.75
57.74647887323944	59.9
57.74647887323944	57.75
57.74647887323944	62.96
57.74647887323944	57.75
57.74647887323944	53.39
46.34146341463415	41.455
46.34146341463415	46.34
50.816326530612244	50.82
50.816326530612244	51.36
50.816326530612244	50.82
46.529284164859	55.620000000000005
46.529284164859	44.94
46.529284164859	50.60999999999999
46.529284164859	38.9
46.529284164859	60.75
46.529284164859	57.224999999999994
46.529284164859	57.665000000000006
46.529284164859	48.7
46.529284164859	43.559999999999995
46.529284164859	52.37375
46.529284164859	58.12
46.529284164859	53.152499999999996
46.529284164859	43.74
46.529284164859	44.91461538461538
46.529284164859	55.894999999999996
46.529284164859	53.81999999999999
46.529284164859	47.275000000000006
46.529284164859	44.815
46.529284164859	56.026666666666664
46.529284164859	49.57666666666666
46.529284164859	47.38
46.529284164859	51.22
46.529284164859	46.52400000000001
46.529284164859	37.85333333333333
46.529284164859	57.38
46.529284164859	38.96
46.529284164859	53.18000000000001
46.529284164859	45.94666666666666
46.529284164859	44.655
46.529284164859	55.84
46.529284164859	41.73
46.529284164859	37.8675
46.529284164859	48.72
46.529284164859	58.46
46.529284164859	48.347142857142856
46.529284164859	50.0175
46.529284164859	46.095
46.529284164859	52.48
46.529284164859	53.17
46.529284164859	48.22571428571428
46.529284164859	51.6
46.529284164859	47.37
46.529284164859	55.59400000000001
46.529284164859	47.75631578947369
46.529284164859	58.33
46.529284164859	45.641999999999996
46.529284164859	50.76
46.529284164859	53.2275
46.529284164859	57.3
46.529284164859	58.38
46.529284164859	49.33
46.529284164859	57.77
46.529284164859	49.38666666666666
46.529284164859	44.3
46.529284164859	52.455
46.529284164859	49.38333333333333
46.529284164859	50.095
46.529284164859	55.7
46.529284164859	56.90833333333334
46.529284164859	37.845
46.529284164859	57.355000000000004
46.529284164859	40.129999999999995
46.529284164859	47.6675
46.529284164859	49.589999999999996
46.529284164859	50.045
46.529284164859	47.8
46.529284164859	56.96
46.529284164859	58.04
46.529284164859	52.117999999999995
46.529284164859	49.475
46.529284164859	44.685
46.529284164859	44.38333333333333
46.529284164859	50.846666666666664
46.529284164859	46.72
46.529284164859	44.71083333333333
46.529284164859	33.64
46.529284164859	59.51
46.529284164859	48.655
46.529284164859	50.251999999999995
46.529284164859	48.95
46.529284164859	43.64
46.529284164859	46.62
46.529284164859	37.46
46.529284164859	58.0
46.529284164859	43.685
46.529284164859	50.56666666666666
46.529284164859	48.775000000000006
46.529284164859	53.03
46.529284164859	47.98375
46.529284164859	49.434000000000005
46.529284164859	47.97
46.529284164859	45.787647058823524
46.529284164859	43.471428571428575
46.529284164859	47.74444444444444
46.529284164859	52.942499999999995
46.529284164859	42.287
46.529284164859	55.51
46.529284164859	45.815
46.529284164859	49.204
46.529284164859	39.25
46.529284164859	55.205
46.529284164859	42.64
46.529284164859	45.84
46.529284164859	51.18
46.529284164859	45.69
46.529284164859	48.932500000000005
46.529284164859	56.67
46.529284164859	58.48
46.529284164859	41.330000000000005
46.529284164859	52.75
46.529284164859	34.0575
46.529284164859	51.445
46.529284164859	46.88
46.529284164859	55.575
46.529284164859	41.095
46.529284164859	58.71
46.529284164859	48.8
46.529284164859	56.24
46.529284164859	45.90833333333333
40.692346852197524	32.31
40.692346852197524	71.81
40.692346852197524	34.2
40.692346852197524	33.75
40.692346852197524	32.73
40.692346852197524	32.4
40.692346852197524	32.7
40.692346852197524	28.79
40.692346852197524	30.540000000000003
40.692346852197524	32.2
40.692346852197524	33.28
59.56094742923166	62.2
59.56094742923166	65.28999999999999
59.56094742923166	49.49
59.56094742923166	56.24
59.56094742923166	62.965
59.56094742923166	52.803333333333335
59.56094742923166	55.64
59.56094742923166	58.096000000000004
59.56094742923166	59.66
59.56094742923166	62.47666666666667
59.56094742923166	68.235
59.56094742923166	56.620000000000005
59.56094742923166	63.75
59.56094742923166	58.51
59.56094742923166	58.6
59.56094742923166	63.275000000000006
59.56094742923166	60.99222222222222
59.56094742923166	55.465
59.56094742923166	59.78
59.56094742923166	58.22
59.56094742923166	53.215
59.56094742923166	56.14
59.56094742923166	63.88222222222222
59.56094742923166	59.38
59.56094742923166	56.85
59.56094742923166	59.06
59.56094742923166	56.32
59.56094742923166	56.4
59.56094742923166	57.00333333333333
59.56094742923166	58.82
59.56094742923166	59.64
59.56094742923166	61.82
59.56094742923166	57.4
59.56094742923166	58.9825
59.56094742923166	56.2
59.56094742923166	59.09599999999999
59.56094742923166	63.33285714285715
59.56094742923166	56.401666666666664
59.56094742923166	58.18
59.56094742923166	57.61666666666667
59.56094742923166	68.41
59.56094742923166	56.151666666666664
59.56094742923166	58.25
59.56094742923166	71.31
59.56094742923166	58.333333333333336
59.56094742923166	50.88
59.56094742923166	52.940000000000005
59.56094742923166	58.843333333333334
59.56094742923166	56.33
59.56094742923166	59.349999999999994
59.56094742923166	57.239999999999995
59.56094742923166	58.836666666666666
59.56094742923166	53.985
59.56094742923166	66.94
59.56094742923166	49.4
59.56094742923166	57.5225
59.56094742923166	57.78
59.56094742923166	49.87
59.56094742923166	48.491428571428564
59.56094742923166	52.4325
39.289678135405104	42.17
39.289678135405104	39.394999999999996
39.289678135405104	37.31
39.289678135405104	42.39
39.289678135405104	38.519999999999996
39.289678135405104	38.075
39.289678135405104	41.81666666666666
39.289678135405104	38.62
39.289678135405104	41.29
39.289678135405104	38.415
39.289678135405104	38.51
39.289678135405104	39.94
39.289678135405104	40.745000000000005
39.289678135405104	41.69833333333333
39.289678135405104	39.01
39.289678135405104	41.54
39.289678135405104	43.02
39.289678135405104	42.61
39.289678135405104	39.285000000000004
39.289678135405104	38.22
39.289678135405104	40.64
39.289678135405104	38.935
39.289678135405104	40.48
39.289678135405104	43.66
39.289678135405104	42.01
39.289678135405104	37.955
42.5287356321839	40.21
41.54302670623146	41.39
38.91129032258064	35.08
57.1715145436309	57.25
57.1715145436309	59.696666666666665
61.283282409428196	54.89
61.283282409428196	61.87
61.283282409428196	61.74
61.283282409428196	55.448
61.283282409428196	54.99
61.283282409428196	58.38
61.283282409428196	56.19
61.283282409428196	57.73
61.283282409428196	56.33
61.283282409428196	59.12
61.283282409428196	56.39
61.283282409428196	58.5
61.283282409428196	59.25
41.26126126126126	40.510000000000005
41.26126126126126	42.71
41.26126126126126	40.19
41.26126126126126	36.61
41.26126126126126	36.96
41.26126126126126	42.22
41.26126126126126	41.38
41.26126126126126	41.74
41.26126126126126	39.8
41.26126126126126	46.58
41.26126126126126	40.9
41.26126126126126	41.68
41.26126126126126	44.35999999999999
41.26126126126126	40.745
41.26126126126126	41.75
41.26126126126126	44.74
41.26126126126126	41.52
41.26126126126126	43.11
41.26126126126126	43.2
41.26126126126126	40.81
41.26126126126126	41.09
41.26126126126126	39.34
41.26126126126126	40.15
41.26126126126126	40.89
41.26126126126126	41.09
41.26126126126126	38.52
41.26126126126126	40.799062500000005
41.26126126126126	42.68
41.26126126126126	41.40125
41.26126126126126	39.95
41.26126126126126	45.07
41.26126126126126	42.765
41.26126126126126	46.67
41.26126126126126	46.67
41.26126126126126	40.650000000000006
41.26126126126126	42.27
53.156146179402	56.82
53.156146179402	57.769999999999996
53.156146179402	50.817499999999995
53.156146179402	51.69
53.156146179402	54.880727272727285
53.156146179402	57.43666666666667
53.156146179402	47.0
53.156146179402	56.790000000000006
53.156146179402	54.47
53.156146179402	59.81
53.156146179402	58.39
53.156146179402	56.89666666666667
53.156146179402	53.275
53.156146179402	55.84
53.156146179402	53.15
53.156146179402	57.5275
44.21148587055606	42.0
60.98901098901099	61.5
43.103448275862064	41.88933110367888
43.103448275862064	41.857049180327884
43.103448275862064	41.75
43.103448275862064	41.949999999999996
43.103448275862064	41.705575221238945
43.103448275862064	41.75807339449543
43.103448275862064	41.75602564102566
43.103448275862064	41.952413793103474
43.103448275862064	41.964866666666644
43.103448275862064	41.790555555555585
43.103448275862064	42.00365591397851
43.103448275862064	42.206111111111106
43.103448275862064	41.79333333333337
43.103448275862064	41.6875221238938
43.103448275862064	41.87145569620253
43.103448275862064	41.778235294117664
43.103448275862064	41.77831395348835
43.103448275862064	41.723777777777784
43.103448275862064	42.172318840579734
43.103448275862064	42.064494382022495
43.103448275862064	41.91836909871244
43.103448275862064	41.76076555023924
43.103448275862064	41.84981651376147
43.103448275862064	41.90225961538461
43.103448275862064	41.88732283464565
43.103448275862064	41.7392643051771
43.103448275862064	41.771629629629615
43.103448275862064	41.855657894736886
43.103448275862064	41.84475247524756
43.103448275862064	41.574000000000005
43.103448275862064	41.939339622641526
43.103448275862064	41.693999999999996
43.103448275862064	42.02408
43.103448275862064	41.78387878787876
43.103448275862064	41.77426666666669
43.103448275862064	42.224000000000004
43.103448275862064	41.764484848484784
43.103448275862064	41.75776315789474
43.103448275862064	41.978017241379305
43.103448275862064	41.85307086614172
43.103448275862064	41.91397058823534
43.103448275862064	42.25
43.103448275862064	41.93448717948719
43.103448275862064	41.840833333333336
43.103448275862064	41.97051813471498
43.103448275862064	41.91857142857143
43.103448275862064	42.084285714285755
43.103448275862064	41.82632352941179
43.103448275862064	42.01795454545455
43.103448275862064	41.80466666666666
43.103448275862064	41.77318518518516
43.103448275862064	41.7491549295775
43.103448275862064	41.93710691823899
43.103448275862064	41.72862745098039
43.103448275862064	41.80281553398061
43.103448275862064	41.90970414201183
43.103448275862064	41.957142857142856
43.103448275862064	41.49494949494952
43.103448275862064	41.89751773049647
43.103448275862064	41.80350649350654
43.103448275862064	41.832097902097885
43.103448275862064	41.887213114754125
43.103448275862064	41.95691275167783
43.103448275862064	42.00321428571427
43.103448275862064	41.84586206896551
43.103448275862064	41.816280991735525
43.103448275862064	41.94246575342468
43.103448275862064	41.785527950310524
43.103448275862064	41.90692307692307
43.103448275862064	41.83200000000003
43.103448275862064	41.926933333333366
43.103448275862064	41.894375000000004
43.103448275862064	41.81305882352942
43.103448275862064	42.12447761194032
43.103448275862064	41.939237288135594
43.103448275862064	41.84585526315791
43.103448275862064	41.836036585365854
43.103448275862064	41.92639999999999
43.103448275862064	41.74245398773005
43.103448275862064	41.704166666666666
43.103448275862064	41.993518518518535
43.103448275862064	41.99875000000003
43.103448275862064	41.91752688172043
43.103448275862064	41.83115384615387
43.103448275862064	41.864285714285735
43.103448275862064	41.949622641509436
43.103448275862064	41.58842105263159
43.103448275862064	41.90738095238097
43.103448275862064	41.73585858585858
43.103448275862064	41.858407643312084
43.103448275862064	41.98662921348316
43.103448275862064	41.85601265822782
43.103448275862064	41.97289156626507
43.103448275862064	41.79114503816795
43.103448275862064	41.71511627906978
43.103448275862064	41.83722891566266
43.103448275862064	42.04621212121215
43.103448275862064	41.96329670329671
43.103448275862064	42.00114130434779
43.103448275862064	41.80478723404249
43.103448275862064	41.90652777777781
43.103448275862064	42.00375000000002
43.103448275862064	41.99847457627121
43.103448275862064	41.89235955056182
43.103448275862064	41.79626262626259
43.103448275862064	41.93986486486488
43.103448275862064	41.41
43.103448275862064	41.701910112359556
43.103448275862064	41.58846153846154
43.103448275862064	41.740928571428555
43.103448275862064	41.970277777777795
43.103448275862064	41.958382352941186
43.103448275862064	41.77585365853654
43.103448275862064	41.76
43.103448275862064	41.888653846153865
43.103448275862064	41.94641025641025
43.103448275862064	42.03980582524273
43.103448275862064	41.96381355932202
43.103448275862064	41.87000000000003
43.103448275862064	41.83275229357797
43.103448275862064	41.96874015748029
43.103448275862064	41.63521739130436
43.103448275862064	42.01051546391755
43.103448275862064	41.51494845360827
43.103448275862064	41.94774834437084
43.103448275862064	41.85586956521741
43.103448275862064	41.713837209302355
43.103448275862064	42.124624999999995
43.103448275862064	41.980642201834854
43.103448275862064	41.76063636363636
43.103448275862064	41.873893805309756
43.103448275862064	41.9321052631579
43.103448275862064	42.23279999999999
43.103448275862064	41.85122093023251
43.103448275862064	41.915433070866136
43.103448275862064	41.67734693877554
43.103448275862064	41.749999999999986
43.103448275862064	41.815
43.103448275862064	41.538148148148146
43.103448275862064	41.83191489361703
43.103448275862064	41.83410256410254
43.103448275862064	41.867777777777775
43.103448275862064	41.82594594594595
43.103448275862064	41.78400000000001
43.103448275862064	41.85691489361706
43.103448275862064	41.97598130841122
43.103448275862064	42.02783505154643
43.103448275862064	41.73156626506025
43.103448275862064	41.61142857142858
43.103448275862064	41.96103448275866
43.103448275862064	41.80792682926831
43.103448275862064	41.91940298507465
43.103448275862064	41.881186440678
43.103448275862064	41.898253968254
43.103448275862064	41.92750000000002
43.103448275862064	41.8404977375566
43.103448275862064	41.9
43.103448275862064	41.773846153846144
43.103448275862064	41.89866028708129
43.103448275862064	41.85914634146338
43.103448275862064	41.76649999999999
43.103448275862064	41.946744186046516
43.103448275862064	41.93955056179771
43.103448275862064	41.80041095890415
43.103448275862064	41.69946428571431
43.103448275862064	41.86282352941177
43.103448275862064	41.78624999999998
43.103448275862064	42.01781914893617
43.103448275862064	41.66495412844035
43.103448275862064	41.92489208633092
43.103448275862064	41.87032258064517
43.103448275862064	41.96889908256879
43.103448275862064	41.87272727272729
43.103448275862064	41.68294117647061
43.103448275862064	41.76314685314685
43.103448275862064	41.92724137931037
43.103448275862064	41.849009900990126
43.103448275862064	41.93859649122804
43.103448275862064	41.76000000000002
43.103448275862064	41.93073684210529
43.103448275862064	41.802500000000016
43.103448275862064	41.863125
43.103448275862064	41.849454545454535
43.103448275862064	41.871724137931025
43.103448275862064	41.80621951219515
43.103448275862064	41.949185185185165
43.103448275862064	41.63961904761908
43.103448275862064	41.62933333333332
43.103448275862064	41.98023255813955
43.103448275862064	41.918961038961015
43.103448275862064	41.75756756756757
43.103448275862064	41.804285714285676
52.775721687638786	53.985
52.775721687638786	54.74
52.775721687638786	53.53
48.68421052631579	48.07
52.85451197053407	47.51
58.08538163001293	59.28444444444444
58.08538163001293	63.82
58.08538163001293	56.33749999999999
58.08538163001293	54.78399999999999
58.08538163001293	62.19
58.08538163001293	53.7
58.08538163001293	58.982000000000006
58.08538163001293	55.623333333333335
58.08538163001293	61.873333333333335
58.08538163001293	48.9
58.08538163001293	54.13
58.08538163001293	56.18833333333333
58.08538163001293	57.89
58.08538163001293	66.56
58.08538163001293	60.15428571428572
58.08538163001293	58.99666666666667
58.08538163001293	59.31
58.08538163001293	59.26
58.08538163001293	54.39
58.08538163001293	62.515
58.08538163001293	55.580999999999996
58.08538163001293	47.71
58.08538163001293	55.73
58.08538163001293	57.35111111111111
58.08538163001293	52.97
58.08538163001293	59.93
58.08538163001293	60.82
58.08538163001293	57.158888888888896
58.08538163001293	60.63428571428572
58.08538163001293	60.267999999999994
58.08538163001293	56.745
58.08538163001293	59.32222222222222
58.08538163001293	60.555
58.08538163001293	59.07285714285714
58.08538163001293	52.18399999999999
58.08538163001293	59.577999999999996
58.08538163001293	58.21
58.08538163001293	54.766
58.08538163001293	55.77333333333333
58.08538163001293	55.76833333333334
58.08538163001293	61.26
58.08538163001293	54.62
58.08538163001293	59.383333333333326
58.08538163001293	56.975
58.08538163001293	49.85
58.08538163001293	62.894999999999996
58.08538163001293	57.195
58.08538163001293	49.65
58.08538163001293	60.79384615384616
58.08538163001293	59.88
58.08538163001293	63.92
58.08538163001293	50.175
58.08538163001293	58.874
58.08538163001293	56.31333333333333
58.08538163001293	61.89
58.08538163001293	59.58
58.08538163001293	61.36
58.08538163001293	59.864
58.08538163001293	58.73428571428571
58.08538163001293	62.28
58.08538163001293	73.44
58.08538163001293	61.92166666666666
58.08538163001293	54.76333333333333
58.08538163001293	56.45
58.08538163001293	52.134
58.08538163001293	49.61
58.08538163001293	55.42
58.08538163001293	53.56
58.08538163001293	60.163
58.08538163001293	60.80499999999999
58.08538163001293	62.65
58.08538163001293	59.967999999999996
58.08538163001293	57.21
58.08538163001293	59.56999999999999
58.08538163001293	54.20777777777778
58.08538163001293	61.025000000000006
58.08538163001293	57.84
58.08538163001293	53.195
58.08538163001293	57.13714285714286
58.08538163001293	51.97375
58.08538163001293	59.42181818181818
58.08538163001293	57.58333333333334
58.08538163001293	60.85
58.08538163001293	56.029090909090904
58.08538163001293	55.28999999999999
58.08538163001293	61.61
58.08538163001293	56.7
58.08538163001293	56.205
58.08538163001293	56.919999999999995
58.08538163001293	61.174
58.08538163001293	60.455
58.08538163001293	59.4575
58.08538163001293	51.388
58.08538163001293	55.51333333333333
58.08538163001293	57.299
58.08538163001293	57.34499999999999
58.08538163001293	57.284000000000006
58.08538163001293	55.59444444444444
58.08538163001293	60.355000000000004
58.08538163001293	52.980833333333344
58.08538163001293	54.28333333333333
58.08538163001293	58.59666666666667
58.08538163001293	61.7
58.08538163001293	57.63
58.08538163001293	58.70799999999999
58.08538163001293	58.69666666666668
58.08538163001293	59.495000000000005
58.08538163001293	63.25
58.08538163001293	54.19
58.08538163001293	56.373157894736835
58.08538163001293	52.285
58.08538163001293	58.13428571428572
58.08538163001293	53.555
58.08538163001293	60.27
58.08538163001293	56.104375000000005
58.08538163001293	60.31
58.08538163001293	62.25
58.08538163001293	53.616
58.08538163001293	56.555
58.08538163001293	52.112
58.08538163001293	50.34
58.08538163001293	55.272000000000006
58.08538163001293	51.57
58.08538163001293	58.379999999999995
58.08538163001293	62.83
58.08538163001293	54.18
58.08538163001293	56.52363636363636
58.08538163001293	61.34
58.08538163001293	58.133333333333326
58.08538163001293	56.46
58.08538163001293	54.284000000000006
58.08538163001293	60.1
58.08538163001293	56.22571428571428
58.08538163001293	55.584999999999994
58.08538163001293	56.64666666666667
58.08538163001293	48.96
58.08538163001293	58.63636363636363
58.08538163001293	53.147499999999994
58.08538163001293	52.09
58.08538163001293	55.61333333333334
58.08538163001293	55.44333333333333
58.08538163001293	56.76375
58.08538163001293	63.77
58.08538163001293	58.66333333333333
58.08538163001293	55.657777777777774
58.08538163001293	54.07
58.08538163001293	56.92666666666667
58.08538163001293	53.644999999999996
58.08538163001293	56.44
58.08538163001293	54.655
58.08538163001293	53.928333333333335
58.08538163001293	51.08
58.08538163001293	57.91875
48.167539267015705	46.47
48.167539267015705	42.73
48.167539267015705	48.91
48.167539267015705	42.73
48.167539267015705	50.0
48.167539267015705	47.0125
48.167539267015705	43.12
48.167539267015705	47.5
48.167539267015705	48.19
48.167539267015705	47.46333333333333
48.167539267015705	42.73
48.167539267015705	46.28
48.167539267015705	48.879999999999995
53.734756097560975	54.935
53.734756097560975	53.8
53.734756097560975	51.92
53.734756097560975	52.96
53.734756097560975	54.36
53.734756097560975	55.25
29.391304347826086	33.43
29.391304347826086	32.986666666666665
45.714285714285715	45.71
45.395348837209305	52.51
45.395348837209305	53.87
45.395348837209305	50.81
45.395348837209305	53.03
45.395348837209305	51.86
38.13578062804069	39.38333333333333
38.13578062804069	39.78
38.13578062804069	39.140588235294125
38.13578062804069	38.97309090909091
38.13578062804069	35.69357142857143
38.13578062804069	39.66058823529413
38.13578062804069	41.611000000000004
38.13578062804069	38.847857142857144
38.13578062804069	38.577916666666674
38.13578062804069	38.7095
38.13578062804069	39.46347826086956
38.13578062804069	37.48499999999999
38.13578062804069	41.829047619047614
38.13578062804069	40.498275862068965
38.13578062804069	40.03552631578948
38.13578062804069	37.83524999999999
38.13578062804069	37.26699999999999
38.13578062804069	39.939375
38.13578062804069	40.30672727272725
38.13578062804069	42.788333333333334
38.13578062804069	40.20416666666666
38.13578062804069	40.477599999999995
38.13578062804069	38.042162162162164
38.13578062804069	35.793846153846154
38.13578062804069	37.61300000000001
38.13578062804069	40.25714285714285
38.13578062804069	35.914318181818174
38.13578062804069	39.94230769230769
38.13578062804069	41.9575
38.13578062804069	44.31045454545454
38.13578062804069	37.129090909090905
38.13578062804069	38.33818181818183
38.13578062804069	41.001666666666665
38.13578062804069	45.24899999999999
38.13578062804069	37.727
38.13578062804069	36.58608695652175
38.13578062804069	39.35916666666667
38.13578062804069	40.894545454545465
38.13578062804069	39.243125
38.13578062804069	42.03076923076923
38.13578062804069	38.85628571428572
38.13578062804069	40.441538461538464
38.13578062804069	42.60333333333333
38.13578062804069	54.6725
38.13578062804069	40.90458333333332
38.13578062804069	40.18
38.13578062804069	37.41127659574468
38.13578062804069	39.78024999999999
38.13578062804069	39.065000000000005
38.13578062804069	40.149166666666666
38.13578062804069	38.050000000000004
38.13578062804069	40.80919999999999
38.13578062804069	39.26384615384615
38.13578062804069	38.983999999999995
38.13578062804069	36.022499999999994
38.13578062804069	40.64142857142858
38.13578062804069	41.80875
38.13578062804069	38.22869565217392
38.13578062804069	39.102500000000006
38.13578062804069	37.78
38.13578062804069	39.980666666666664
38.13578062804069	48.98857142857143
38.13578062804069	37.9325
38.13578062804069	41.524444444444455
38.13578062804069	36.95526315789474
38.13578062804069	39.29941176470588
38.13578062804069	40.439354838709676
38.13578062804069	37.65535714285715
38.13578062804069	38.848124999999996
38.13578062804069	38.09932432432432
38.13578062804069	38.68765957446808
38.13578062804069	34.47
38.13578062804069	39.03631578947369
38.13578062804069	37.87142857142857
38.13578062804069	38.95
38.13578062804069	40.29599999999999
38.13578062804069	38.56214285714286
38.13578062804069	39.37269230769232
38.13578062804069	38.81166666666665
38.13578062804069	39.39666666666667
38.13578062804069	39.1721052631579
38.13578062804069	38.925
38.13578062804069	39.41714285714285
38.13578062804069	40.030999999999985
38.13578062804069	36.73619047619047
38.13578062804069	40.07375
38.13578062804069	37.95766666666667
38.13578062804069	39.574
38.13578062804069	36.60027027027025
38.13578062804069	37.52800000000001
38.13578062804069	40.17666666666667
38.13578062804069	37.254444444444445
38.13578062804069	37.605714285714285
38.13578062804069	38.13673913043478
38.13578062804069	36.278999999999996
38.13578062804069	40.72827586206896
38.13578062804069	40.791428571428575
38.13578062804069	37.3302564102564
38.13578062804069	47.364999999999995
38.13578062804069	35.98666666666667
38.13578062804069	41.3902857142857
38.13578062804069	44.18666666666667
54.84344422700587	63.31
54.84344422700587	42.24
54.84344422700587	43.29
54.84344422700587	64.75
54.84344422700587	63.69
49.01531728665208	34.43
49.01531728665208	44.87
49.01531728665208	30.27
49.01531728665208	51.95
49.01531728665208	59.22
49.01531728665208	49.34
49.01531728665208	35.31
49.01531728665208	61.38
49.01531728665208	49.46
49.01531728665208	62.82333333333333
49.01531728665208	48.33
49.01531728665208	61.85
49.01531728665208	44.09
49.01531728665208	49.254999999999995
49.01531728665208	49.72
49.01531728665208	33.69
39.111111111111114	39.11
39.111111111111114	39.19
39.111111111111114	39.11
39.111111111111114	39.19
39.111111111111114	39.11
39.111111111111114	39.11
60.021436227224015	54.79
62.67806267806267	59.47
62.67806267806267	59.47
45.52429667519181	46.21
45.52429667519181	43.86
58.982035928143716	62.1325
58.982035928143716	60.48666666666667
58.982035928143716	61.09
58.982035928143716	61.7
58.982035928143716	61.59666666666667
58.982035928143716	61.84
58.982035928143716	60.11333333333334
58.982035928143716	59.6225
58.982035928143716	61.36
58.982035928143716	60.79
58.982035928143716	64.29
58.982035928143716	58.77333333333333
58.982035928143716	57.61
58.982035928143716	61.15
58.982035928143716	61.02
58.982035928143716	60.128
58.982035928143716	61.11
58.982035928143716	61.28
58.982035928143716	59.355
58.982035928143716	57.48
58.982035928143716	60.14
58.982035928143716	61.78
58.982035928143716	59.83
58.982035928143716	61.79
58.982035928143716	60.435
58.982035928143716	61.8
58.982035928143716	58.53
58.982035928143716	61.394999999999996
58.982035928143716	60.803333333333335
58.982035928143716	60.99
58.982035928143716	61.61333333333334
58.982035928143716	60.620000000000005
58.982035928143716	60.7
58.982035928143716	56.78
58.982035928143716	61.29333333333333
58.982035928143716	57.98
58.982035928143716	58.47
58.982035928143716	59.49
58.982035928143716	58.45
58.982035928143716	57.61
58.982035928143716	60.141999999999996
58.982035928143716	59.715
58.982035928143716	61.04
58.982035928143716	62.07
58.982035928143716	61.035
58.982035928143716	61.2
58.982035928143716	60.28399999999999
58.982035928143716	61.025000000000006
58.982035928143716	60.682500000000005
58.982035928143716	61.135000000000005
58.982035928143716	60.23
58.982035928143716	62.19
58.982035928143716	59.55
58.982035928143716	60.39333333333334
44.08376963350785	45.2
40.22051773729626	41.97
40.22051773729626	44.84
40.22051773729626	44.18
39.50413223140496	57.38
39.50413223140496	39.5
39.50413223140496	35.71
45.99018003273322	42.49
45.99018003273322	49.21
45.99018003273322	44.12
45.99018003273322	42.71
45.99018003273322	53.3
45.99018003273322	41.769999999999996
45.99018003273322	42.71
45.99018003273322	52.09
45.99018003273322	49.05
60.0	58.87
60.0	59.05
41.199551569506724	37.7575
41.199551569506724	57.74
41.199551569506724	44.33
41.199551569506724	45.46
41.199551569506724	36.92
41.199551569506724	42.13666666666667
41.199551569506724	38.18
41.199551569506724	44.515
41.199551569506724	60.63
41.199551569506724	48.595
41.199551569506724	36.21
41.199551569506724	55.43
41.199551569506724	36.85
41.199551569506724	36.46666666666667
41.199551569506724	40.72
41.199551569506724	42.01
41.199551569506724	38.08
41.199551569506724	38.51
41.199551569506724	52.08
41.199551569506724	37.91
41.199551569506724	57.37
66.82242990654206	69.18
50.176056338028175	54.18
50.176056338028175	42.86
50.176056338028175	41.52
50.176056338028175	48.31
38.201820940819424	43.92
66.46525679758308	62.32
52.64187866927593	53.36
46.118721461187214	48.87
46.118721461187214	48.24
46.118721461187214	41.29
46.118721461187214	48.96
46.118721461187214	51.13
46.118721461187214	48.05
46.118721461187214	40.0
46.118721461187214	44.41
46.118721461187214	45.631428571428565
46.118721461187214	46.26666666666667
46.118721461187214	44.927499999999995
46.118721461187214	47.59
46.118721461187214	44.8
46.118721461187214	42.44
46.118721461187214	48.64
46.118721461187214	43.98
46.118721461187214	48.795
46.118721461187214	48.308571428571426
46.118721461187214	42.11571428571428
46.118721461187214	47.535
46.118721461187214	44.67333333333334
43.296089385474865	45.254999999999995
41.54843940008107	33.86
41.54843940008107	32.88
41.54843940008107	29.8
41.54843940008107	35.56
41.54843940008107	45.35
41.54843940008107	35.4
41.54843940008107	34.25
41.54843940008107	34.54
41.54843940008107	36.12
41.54843940008107	41.96
41.54843940008107	34.31
41.54843940008107	38.166666666666664
41.54843940008107	40.626666666666665
41.54843940008107	32.7
41.54843940008107	40.72
41.54843940008107	34.315
41.54843940008107	33.01
41.54843940008107	39.91
41.54843940008107	38.56
54.60587807664348	57.03
50.308261405672006	48.23
50.308261405672006	49.44
50.308261405672006	46.65
42.71255060728745	40.92
42.71255060728745	37.485
42.971887550200805	44.5
42.971887550200805	43.677499999999995
42.971887550200805	43.68
42.971887550200805	43.215999999999994
42.971887550200805	43.550769230769234
42.971887550200805	42.994285714285716
42.971887550200805	42.6
42.971887550200805	43.64000000000001
42.971887550200805	43.480000000000004
42.971887550200805	44.42
42.971887550200805	43.149166666666666
42.971887550200805	43.80166666666667
42.971887550200805	43.120000000000005
42.971887550200805	43.88454545454545
42.971887550200805	43.29714285714285
42.971887550200805	43.15444444444446
42.971887550200805	43.10999999999999
42.971887550200805	44.29
42.971887550200805	42.25
42.971887550200805	43.8675
42.971887550200805	43.97666666666667
42.971887550200805	43.4025
42.971887550200805	43.403333333333336
42.971887550200805	43.78333333333333
42.971887550200805	44.14
42.971887550200805	42.56
42.971887550200805	44.63
42.971887550200805	43.973333333333336
42.971887550200805	44.6
42.971887550200805	43.26666666666667
42.971887550200805	41.935
42.971887550200805	43.104
42.971887550200805	43.03
42.971887550200805	45.0
42.971887550200805	43.12
42.971887550200805	43.5
42.971887550200805	43.57
42.971887550200805	43.834999999999994
42.971887550200805	42.49333333333333
42.971887550200805	43.56125
42.971887550200805	42.74
42.971887550200805	43.035999999999994
42.971887550200805	43.00666666666667
42.971887550200805	43.85
42.971887550200805	42.8
42.971887550200805	43.708333333333336
42.971887550200805	43.9
42.971887550200805	43.38333333333333
42.971887550200805	43.692499999999995
42.971887550200805	43.67
42.971887550200805	43.309999999999995
42.971887550200805	43.726000000000006
42.971887550200805	43.574
42.971887550200805	43.755
42.971887550200805	43.94111111111111
42.971887550200805	43.125
42.971887550200805	43.45166666666666
42.971887550200805	42.19
42.971887550200805	43.36
42.971887550200805	43.08
42.971887550200805	42.435
42.971887550200805	43.15111111111111
42.971887550200805	43.334999999999994
42.971887550200805	43.669999999999995
42.971887550200805	44.3775
42.971887550200805	43.455
42.971887550200805	44.5
42.971887550200805	42.936
42.971887550200805	43.974000000000004
42.971887550200805	43.83
42.971887550200805	44.05
42.971887550200805	43.4675
42.971887550200805	44.185
42.971887550200805	43.63
42.971887550200805	43.425
42.971887550200805	43.0075
42.971887550200805	43.48333333333333
42.971887550200805	43.394999999999996
42.971887550200805	43.488
42.971887550200805	43.403333333333336
42.971887550200805	43.11
42.971887550200805	43.41
42.971887550200805	42.987500000000004
42.971887550200805	43.48
42.971887550200805	43.309
42.971887550200805	42.31666666666667
42.971887550200805	43.626666666666665
42.971887550200805	43.144999999999996
42.971887550200805	43.94
42.971887550200805	42.8725
42.971887550200805	43.731428571428566
42.971887550200805	41.41
42.971887550200805	42.83428571428572
42.971887550200805	44.586666666666666
42.971887550200805	43.760000000000005
42.971887550200805	43.01
42.971887550200805	43.61166666666667
42.971887550200805	42.556666666666665
31.025567365699512	28.57
31.025567365699512	27.1
31.025567365699512	27.73
35.81780538302277	34.53
35.81780538302277	35.82
61.702127659574465	63.83
61.702127659574465	64.32
61.702127659574465	65.11
61.702127659574465	63.57
61.702127659574465	62.85333333333333
61.702127659574465	64.3
60.0	58.87
60.0	59.9
48.19532908704883	47.18
37.03363914373089	63.33
37.03363914373089	34.23
37.03363914373089	37.95
56.779661016949156	64.60714285714286
56.779661016949156	62.04
56.779661016949156	62.10269230769231
52.46376811594203	51.42
52.46376811594203	49.24
52.46376811594203	49.86
52.46376811594203	53.13
40.8675799086758	45.0
40.8675799086758	40.87
40.8675799086758	42.635
43.32688588007737	38.8
43.32688588007737	40.65
43.32688588007737	51.31
43.32688588007737	36.84
43.32688588007737	37.25384615384615
47.99453053783045	41.8
47.99453053783045	61.66
47.99453053783045	42.75
47.99453053783045	43.235
47.99453053783045	56.635000000000005
42.91397314768772	41.945
45.05494505494506	41.67
45.05494505494506	41.38
45.05494505494506	45.05
45.05494505494506	44.84
45.05494505494506	47.04
45.05494505494506	44.32
45.05494505494506	39.17
45.05494505494506	45.019999999999996
40.15151515151515	42.11
61.312298314808174	58.86
61.2540192926045	66.67
61.2540192926045	64.08500000000001
61.2540192926045	61.25
61.2540192926045	64.22500000000001
61.2540192926045	61.25
61.2540192926045	62.94
61.2540192926045	62.62
44.68701095461659	47.95
44.68701095461659	44.0
44.68701095461659	51.82
44.68701095461659	41.928333333333335
44.68701095461659	45.45
44.68701095461659	39.88
44.68701095461659	48.70111111111112
44.68701095461659	49.94
44.68701095461659	46.379999999999995
44.68701095461659	43.13999999999999
44.68701095461659	46.08
44.68701095461659	49.296666666666674
44.68701095461659	45.760000000000005
44.68701095461659	40.39333333333334
44.68701095461659	50.43
44.68701095461659	43.81
44.68701095461659	44.1075
44.68701095461659	47.64
44.68701095461659	46.552499999999995
44.68701095461659	45.57
44.68701095461659	44.7325
44.68701095461659	46.15
44.68701095461659	44.303333333333335
44.68701095461659	45.39
44.68701095461659	48.75666666666667
44.68701095461659	40.345
44.68701095461659	43.02
44.68701095461659	55.24
44.68701095461659	48.58
44.68701095461659	48.22
44.68701095461659	42.1025
44.68701095461659	48.74
44.68701095461659	40.48
44.68701095461659	43.69833333333332
44.68701095461659	38.53
44.68701095461659	45.565
44.68701095461659	52.343333333333334
44.68701095461659	40.0
44.68701095461659	47.185
44.68701095461659	50.391562500000006
44.68701095461659	40.7
44.68701095461659	46.43
44.68701095461659	44.05
44.68701095461659	37.77
44.68701095461659	51.769999999999996
44.68701095461659	46.956842105263156
44.68701095461659	45.47
44.68701095461659	47.526666666666664
44.68701095461659	52.14
44.68701095461659	40.17
44.68701095461659	43.02333333333333
44.68701095461659	44.136
44.68701095461659	45.693999999999996
44.68701095461659	42.260000000000005
44.68701095461659	42.89
44.68701095461659	50.12
44.68701095461659	48.23333333333334
44.68701095461659	52.78
44.68701095461659	42.2
44.68701095461659	40.41
44.68701095461659	43.12
44.68701095461659	45.91
44.68701095461659	41.128888888888895
44.68701095461659	46.744
44.68701095461659	41.45
44.68701095461659	37.36
44.68701095461659	45.21888888888889
44.68701095461659	48.15
44.68701095461659	40.71333333333333
44.68701095461659	45.63
44.68701095461659	45.97666666666667
64.97368421052632	59.15
64.97368421052632	51.01
64.97368421052632	51.9
64.97368421052632	51.8
64.97368421052632	52.2
64.97368421052632	57.41
64.97368421052632	51.96
64.97368421052632	58.22
64.97368421052632	51.7
64.97368421052632	56.05
32.75766016713092	19.76
32.75766016713092	28.655
41.59383033419023	40.78
41.59383033419023	52.87
41.59383033419023	36.31
41.59383033419023	42.349999999999994
41.59383033419023	42.884
41.59383033419023	41.01
41.59383033419023	47.01
41.59383033419023	41.602500000000006
41.59383033419023	36.945
41.59383033419023	44.8
41.59383033419023	39.75
41.59383033419023	44.0
41.59383033419023	44.55
41.59383033419023	46.202
41.59383033419023	48.370000000000005
41.59383033419023	50.0
41.59383033419023	43.52
41.59383033419023	39.66
41.59383033419023	47.565000000000005
41.59383033419023	37.2
41.59383033419023	43.583333333333336
41.59383033419023	41.765
41.59383033419023	43.03
41.59383033419023	41.195
41.59383033419023	40.72
41.59383033419023	44.82
41.59383033419023	43.42
41.59383033419023	42.52
41.59383033419023	41.364285714285714
41.59383033419023	40.49
41.59383033419023	42.137142857142855
41.59383033419023	45.47
41.59383033419023	52.89
41.59383033419023	42.655
41.59383033419023	43.46
41.59383033419023	41.10666666666666
41.59383033419023	40.903333333333336
41.59383033419023	42.58
41.59383033419023	41.77
41.59383033419023	47.3
41.59383033419023	41.96
41.59383033419023	42.8
41.59383033419023	43.37
41.59383033419023	43.550769230769234
41.59383033419023	40.32545454545455
41.59383033419023	42.66
41.59383033419023	39.26857142857143
41.59383033419023	42.5
41.59383033419023	44.07857142857143
41.59383033419023	38.035
41.59383033419023	42.53666666666667
41.59383033419023	42.13333333333333
41.59383033419023	41.78
41.59383033419023	41.23
41.59383033419023	41.995000000000005
41.59383033419023	41.10857142857143
41.59383033419023	44.5
41.59383033419023	45.7
41.59383033419023	40.04
41.59383033419023	39.25
41.59383033419023	41.51
41.59383033419023	42.14
41.59383033419023	47.59
55.3875236294896	54.221666666666664
55.571635311143275	56.3
46.54255319148936	48.8
48.338368580060425	47.9
46.19837900424547	43.53
46.19837900424547	45.9925
46.19837900424547	43.465
46.19837900424547	41.29
46.19837900424547	48.403333333333336
46.19837900424547	43.87
46.19837900424547	45.78
46.19837900424547	37.72
46.19837900424547	53.47
46.19837900424547	40.9
46.19837900424547	44.115
46.19837900424547	34.3
46.19837900424547	42.75
46.19837900424547	54.24
43.54838709677419	43.81
43.54838709677419	46.0
43.54838709677419	43.574
43.54838709677419	43.58
43.54838709677419	43.36
54.268292682926834	56.05
58.66879234754882	58.11
58.66879234754882	59.99846153846154
58.66879234754882	51.53
58.66879234754882	55.67666666666667
58.66879234754882	51.38
58.66879234754882	52.38
58.66879234754882	58.45666666666667
58.66879234754882	54.11
58.66879234754882	57.72666666666667
58.66879234754882	60.73
58.66879234754882	58.53142857142858
58.66879234754882	54.9
58.66879234754882	60.212
58.66879234754882	60.27
58.66879234754882	61.11
58.66879234754882	54.09
58.66879234754882	60.12
58.66879234754882	57.323333333333345
58.66879234754882	60.67
58.66879234754882	60.59
58.66879234754882	59.7
58.66879234754882	58.35
58.66879234754882	59.27
58.66879234754882	61.25
58.66879234754882	56.26666666666667
58.66879234754882	60.51
58.66879234754882	60.05
58.66879234754882	57.370000000000005
58.66879234754882	53.28
58.66879234754882	56.73
62.55247691015953	56.66
62.55247691015953	59.57
62.55247691015953	58.85
62.55247691015953	61.86833333333333
62.55247691015953	59.723333333333336
62.55247691015953	58.26
62.55247691015953	56.91
62.55247691015953	63.93
62.55247691015953	61.545
62.55247691015953	57.04
62.55247691015953	61.035
54.59459459459459	54.59
34.86486486486486	37.5
39.65217391304348	43.89
39.65217391304348	33.44
55.71245186136073	53.62
55.71245186136073	58.59
58.160828025477706	56.576666666666675
58.160828025477706	58.33
58.160828025477706	57.0
58.160828025477706	57.699999999999996
58.160828025477706	56.16
58.160828025477706	57.30588235294118
58.160828025477706	55.94
58.160828025477706	55.95
53.915662650602414	54.04
53.915662650602414	53.86
53.915662650602414	53.64
44.9438202247191	44.34
42.21938775510204	41.07
42.21938775510204	45.29
51.855171177630396	37.29
51.855171177630396	44.48
51.855171177630396	47.94
51.855171177630396	35.62
51.855171177630396	35.084999999999994
51.855171177630396	38.9
51.855171177630396	40.412499999999994
51.855171177630396	37.44
51.855171177630396	40.16
51.855171177630396	36.995
51.855171177630396	45.21
37.05959112657678	37.3
37.05959112657678	36.39909090909091
37.05959112657678	35.75
37.05959112657678	37.76
49.502133712660026	48.24
67.12062256809338	68.92
40.67515218594355	44.67
40.67515218594355	40.24
40.67515218594355	43.56
40.67515218594355	38.6
43.96887159533074	50.46
43.96887159533074	50.55
43.96887159533074	42.95
43.96887159533074	38.812
43.96887159533074	39.39
43.96887159533074	44.3
43.96887159533074	42.807272727272725
43.96887159533074	44.3
43.96887159533074	41.78
43.96887159533074	54.95
43.96887159533074	42.4495
43.96887159533074	33.16
43.96887159533074	44.48
43.96887159533074	42.332499999999996
43.96887159533074	42.61
43.96887159533074	49.21
43.96887159533074	41.29222222222222
43.96887159533074	43.9
43.96887159533074	40.0704
56.52784277023866	63.74
56.52784277023866	51.49
56.52784277023866	57.84
56.52784277023866	62.61
56.52784277023866	52.749
56.52784277023866	50.155
56.52784277023866	61.22
56.52784277023866	49.44
56.52784277023866	48.05
48.027079303675045	50.11
48.027079303675045	47.97
48.027079303675045	36.98
48.027079303675045	36.87
48.027079303675045	34.6
38.52080123266564	38.89
41.03335841484826	42.49
41.03335841484826	39.209999999999994
41.03335841484826	40.75
41.03335841484826	45.4325
41.03335841484826	37.22833333333334
41.03335841484826	43.942
41.03335841484826	44.418
41.03335841484826	29.14
41.03335841484826	35.425625
41.03335841484826	42.379999999999995
41.03335841484826	38.03
41.03335841484826	38.255
41.03335841484826	45.5375
41.03335841484826	27.686
41.03335841484826	38.97
41.03335841484826	38.050714285714285
41.03335841484826	39.51875
41.03335841484826	40.707142857142856
41.03335841484826	32.155
41.03335841484826	43.795
41.03335841484826	31.161666666666665
41.03335841484826	45.446666666666665
41.03335841484826	36.626
41.03335841484826	39.13133333333334
41.03335841484826	35.64333333333334
41.03335841484826	36.75
41.03335841484826	30.526666666666667
41.03335841484826	37.01228571428571
41.03335841484826	33.41
41.03335841484826	27.76
41.03335841484826	37.7
41.03335841484826	36.355000000000004
41.03335841484826	35.943333333333335
41.03335841484826	36.325384615384614
41.03335841484826	30.93444444444445
41.03335841484826	44.97
41.03335841484826	41.803333333333335
41.03335841484826	38.0475
41.03335841484826	36.79363636363637
41.03335841484826	41.23
41.03335841484826	38.955000000000005
41.03335841484826	42.175000000000004
41.03335841484826	38.235
41.03335841484826	40.775000000000006
41.03335841484826	34.59666666666667
41.03335841484826	47.87
41.03335841484826	43.894999999999996
41.03335841484826	53.98
41.03335841484826	42.2875
41.03335841484826	38.56166666666667
39.59390862944163	39.47
39.59390862944163	39.15
60.91954022988506	60.9
60.91954022988506	62.25
60.91954022988506	59.93
60.91954022988506	64.26
43.93809114359416	41.35333333333333
43.93809114359416	41.559999999999995
43.93809114359416	39.46
43.93809114359416	41.23538461538461
43.93809114359416	41.486666666666665
43.93809114359416	41.81
43.93809114359416	38.83
43.93809114359416	39.88333333333333
43.93809114359416	46.7
43.93809114359416	42.01
43.93809114359416	42.93
43.93809114359416	39.54
43.93809114359416	41.0
43.93809114359416	42.255
43.93809114359416	39.29
43.93809114359416	42.76666666666667
43.93809114359416	42.5775
43.93809114359416	40.476
43.93809114359416	44.315
43.93809114359416	41.96
43.93809114359416	41.397000000000006
43.93809114359416	42.278333333333336
43.93809114359416	38.85
43.93809114359416	43.1
43.93809114359416	39.49
43.93809114359416	38.98
43.93809114359416	46.77333333333333
43.93809114359416	43.64
43.93809114359416	43.6875
43.93809114359416	40.07
43.93809114359416	43.095
58.6411889596603	54.64
52.196836555360285	48.72
52.196836555360285	63.64
52.196836555360285	64.69
52.196836555360285	59.55
43.75866851595007	42.79
47.806354009077154	44.63
47.806354009077154	44.99
47.806354009077154	45.15
51.12179487179487	43.5
57.2202166064982	61.52
57.2202166064982	52.45
57.2202166064982	49.519999999999996
57.2202166064982	62.85
57.2202166064982	53.16
57.2202166064982	52.7
57.2202166064982	50.5
57.2202166064982	52.94
57.2202166064982	66.41
51.99063231850117	49.48
56.19834710743802	56.2
51.69875424688561	64.02
53.2138088880412	44.41
53.2138088880412	50.49
58.06845965770171	59.8
52.393442622950815	54.2
38.440111420612816	38.46
56.53333333333334	54.9
56.53333333333334	55.24
56.53333333333334	58.239999999999995
56.53333333333334	54.84
56.53333333333334	54.89
56.53333333333334	55.269999999999996
56.53333333333334	56.79
56.53333333333334	56.335
56.53333333333334	55.75
56.53333333333334	55.07
56.53333333333334	55.93
56.53333333333334	55.94
56.53333333333334	55.62
56.53333333333334	55.3
56.53333333333334	55.31
56.53333333333334	55.010000000000005
56.53333333333334	55.995000000000005
56.53333333333334	55.17
56.53333333333334	58.47
56.53333333333334	55.18
56.53333333333334	55.21
56.53333333333334	55.480000000000004
56.53333333333334	57.63
56.53333333333334	55.32
56.53333333333334	54.69
56.53333333333334	55.05
56.53333333333334	54.69
58.75227135069655	58.379333333333335
58.75227135069655	60.03000000000001
58.75227135069655	58.81
58.75227135069655	58.56428571428571
58.75227135069655	57.913
58.75227135069655	59.99625
58.75227135069655	63.52
58.75227135069655	57.755294117647054
58.75227135069655	58.01428571428572
58.75227135069655	64.34
58.75227135069655	56.89666666666667
58.75227135069655	57.14240000000001
58.75227135069655	58.620000000000005
58.75227135069655	58.58428571428571
58.75227135069655	57.54722222222223
58.75227135069655	56.886
58.75227135069655	57.74400000000001
58.75227135069655	59.00999999999999
58.75227135069655	58.90545454545454
58.75227135069655	58.08428571428571
58.75227135069655	57.73500000000001
58.75227135069655	60.241666666666674
58.75227135069655	58.13200000000001
58.75227135069655	59.973333333333336
58.75227135069655	56.00000000000001
58.75227135069655	60.39
58.75227135069655	59.2675
58.75227135069655	57.227500000000006
58.75227135069655	58.21600000000001
58.75227135069655	57.9375
58.75227135069655	58.69
58.75227135069655	60.129999999999995
58.75227135069655	57.81187499999999
58.75227135069655	56.56
58.75227135069655	58.095000000000006
58.75227135069655	59.15285714285715
58.75227135069655	57.76266666666667
58.75227135069655	58.402499999999996
58.75227135069655	58.629999999999995
58.75227135069655	56.65
58.75227135069655	58.374
58.75227135069655	59.38900000000001
58.75227135069655	63.14
58.75227135069655	57.919999999999995
58.75227135069655	57.398235294117654
58.75227135069655	58.22
58.75227135069655	59.182500000000005
58.75227135069655	57.158
58.75227135069655	58.124285714285705
58.75227135069655	58.52750000000001
58.75227135069655	56.06
58.75227135069655	58.647499999999994
58.75227135069655	58.30800000000001
58.75227135069655	58.43
58.75227135069655	57.779999999999994
58.75227135069655	58.614
58.75227135069655	59.309999999999995
58.75227135069655	59.39666666666667
58.75227135069655	57.971666666666664
58.75227135069655	57.72142857142857
58.75227135069655	57.94624999999999
58.75227135069655	57.834799999999994
58.75227135069655	58.378571428571426
58.75227135069655	58.31055555555557
58.75227135069655	60.487
58.75227135069655	58.42222222222223
58.75227135069655	61.01666666666667
58.75227135069655	58.512916666666655
58.75227135069655	57.737500000000004
58.75227135069655	58.21
58.75227135069655	58.21125000000001
58.75227135069655	58.57333333333333
58.75227135069655	57.75
58.75227135069655	57.66625
58.75227135069655	58.038
58.75227135069655	57.956999999999994
58.75227135069655	58.36833333333333
58.75227135069655	59.144615384615385
58.75227135069655	58.664
58.75227135069655	57.37111111111111
58.75227135069655	57.838823529411755
58.75227135069655	56.61571428571428
58.75227135069655	59.281666666666666
58.75227135069655	56.973333333333336
58.75227135069655	59.23461538461539
58.75227135069655	58.060740740740734
58.75227135069655	56.55
58.75227135069655	59.6
58.75227135069655	58.23333333333334
58.75227135069655	58.324166666666656
58.75227135069655	57.0875
58.75227135069655	57.43222222222224
58.75227135069655	57.86812499999999
58.75227135069655	60.18857142857143
58.75227135069655	57.3753846153846
58.75227135069655	58.00333333333333
58.75227135069655	58.405999999999985
58.75227135069655	58.40350000000001
58.75227135069655	57.76857142857143
58.75227135069655	57.648095238095244
58.75227135069655	55.739999999999995
58.75227135069655	60.64857142857143
58.75227135069655	56.51833333333334
58.75227135069655	58.335
58.75227135069655	58.876666666666665
58.75227135069655	58.370000000000005
58.75227135069655	59.01714285714286
58.75227135069655	58.7725
58.75227135069655	58.603999999999985
58.75227135069655	58.55
58.75227135069655	57.877500000000005
58.75227135069655	58.70142857142857
58.75227135069655	59.73
58.75227135069655	58.80799999999999
58.75227135069655	59.05
58.75227135069655	58.08884615384615
58.75227135069655	58.352999999999994
58.75227135069655	58.30705882352941
58.75227135069655	56.675
58.75227135069655	58.845
58.75227135069655	59.041250000000005
58.75227135069655	57.29357142857143
58.75227135069655	58.1004
58.75227135069655	58.83625
58.75227135069655	58.04333333333333
58.75227135069655	58.120000000000005
58.75227135069655	57.50166666666667
58.75227135069655	58.978571428571435
58.75227135069655	58.10594594594593
58.75227135069655	57.37411764705882
58.75227135069655	62.614999999999995
58.75227135069655	61.36500000000001
58.75227135069655	58.04
58.75227135069655	58.22
58.75227135069655	59.9209090909091
58.75227135069655	57.433636363636374
58.75227135069655	58.488
58.75227135069655	57.225
58.75227135069655	57.73181818181818
58.75227135069655	57.41
58.75227135069655	57.90333333333334
58.75227135069655	57.41
58.75227135069655	56.653999999999996
58.75227135069655	58.56230769230769
58.75227135069655	59.61
58.75227135069655	56.33714285714286
58.75227135069655	65.83
58.75227135069655	59.25333333333333
58.75227135069655	59.192499999999995
58.75227135069655	58.9975
58.75227135069655	57.80416666666667
58.75227135069655	57.540000000000006
58.75227135069655	59.885
58.75227135069655	60.321250000000006
43.449324966723715	42.175
43.449324966723715	34.62
43.449324966723715	37.443333333333335
43.449324966723715	39.425
43.449324966723715	41.275999999999996
43.449324966723715	35.58
43.449324966723715	35.620000000000005
43.449324966723715	34.97
43.449324966723715	41.56
43.449324966723715	41.80285714285714
43.449324966723715	33.33
43.449324966723715	42.89333333333334
43.449324966723715	33.2
43.449324966723715	31.6
43.449324966723715	33.41
43.449324966723715	34.12428571428571
43.449324966723715	42.69
43.449324966723715	35.128571428571426
43.449324966723715	35.33
43.449324966723715	45.82
43.449324966723715	58.18
43.449324966723715	38.86
43.449324966723715	46.099999999999994
43.449324966723715	44.677499999999995
43.449324966723715	35.99
43.449324966723715	36.105
43.449324966723715	65.61
43.449324966723715	33.12
43.449324966723715	37.22
43.449324966723715	39.324
43.449324966723715	47.0325
43.449324966723715	44.11
43.449324966723715	37.43
43.449324966723715	40.6875
43.449324966723715	42.214285714285715
43.449324966723715	45.158750000000005
43.449324966723715	43.8425
43.449324966723715	38.365
43.449324966723715	48.167500000000004
43.449324966723715	35.74571428571429
43.449324966723715	43.514
43.449324966723715	38.92333333333333
36.07681755829904	34.42
38.83495145631068	37.21
38.83495145631068	38.15
38.83495145631068	37.16
44.567627494456765	43.62
44.567627494456765	45.42
44.567627494456765	45.93
40.131578947368425	40.47
40.131578947368425	42.73
40.131578947368425	40.0
48.26021180030257	41.51
58.39668279198341	52.37
54.372623574144484	53.27
54.372623574144484	54.01
64.28571428571429	64.29
42.40170031880977	42.65
60.29735682819384	39.75
60.29735682819384	31.7
60.29735682819384	56.79
57.653631284916194	65.3
57.653631284916194	61.56
57.653631284916194	64.64
57.653631284916194	63.59
57.653631284916194	56.94
57.653631284916194	67.9
57.653631284916194	65.396
57.653631284916194	65.64
57.653631284916194	46.71
57.653631284916194	64.53
57.653631284916194	65.775
57.653631284916194	54.81
57.653631284916194	64.01
57.653631284916194	65.18333333333334
57.653631284916194	64.01
57.653631284916194	62.61
57.653631284916194	65.17
57.653631284916194	63.67
63.38495575221239	64.39
63.38495575221239	66.09
53.482587064676615	51.51
53.482587064676615	52.69
53.482587064676615	53.48
53.482587064676615	50.98
53.482587064676615	52.29
41.40715109573241	41.07
41.40715109573241	39.11
41.40715109573241	39.79
41.40715109573241	44.74
41.40715109573241	42.05
41.40715109573241	43.875
41.40715109573241	39.11
41.40715109573241	42.75
41.40715109573241	39.14
41.40715109573241	42.52
41.40715109573241	44.32
41.40715109573241	44.3
41.40715109573241	40.0
41.40715109573241	39.21
41.40715109573241	39.53
41.40715109573241	41.395
41.40715109573241	44.01
41.40715109573241	42.09
41.40715109573241	42.89
41.40715109573241	42.05
41.40715109573241	41.02
41.40715109573241	42.72
43.78513429106808	67.235
43.78513429106808	45.6575
43.78513429106808	39.47666666666666
43.78513429106808	60.47
43.78513429106808	66.27
43.78513429106808	50.72
43.78513429106808	67.6
43.78513429106808	61.87
43.78513429106808	39.276666666666664
43.78513429106808	66.50333333333333
43.78513429106808	33.74
43.78513429106808	36.82
43.78513429106808	68.14
43.78513429106808	33.96
43.78513429106808	64.66
43.78513429106808	63.69
43.78513429106808	30.9
43.78513429106808	37.13333333333333
43.78513429106808	64.59
43.78513429106808	63.14
43.78513429106808	63.41
43.78513429106808	36.96
43.78513429106808	44.302499999999995
43.78513429106808	36.775
43.78513429106808	38.04
43.78513429106808	38.574
43.78513429106808	35.88
43.78513429106808	51.49
43.78513429106808	67.59
43.78513429106808	66.28
43.48894348894349	50.0
45.765765765765764	48.06
45.765765765765764	44.925
45.765765765765764	46.97
45.765765765765764	46.85
45.765765765765764	46.165000000000006
45.765765765765764	46.68
45.765765765765764	46.67
45.765765765765764	46.69
45.765765765765764	46.68
45.765765765765764	47.09
45.765765765765764	46.56
45.765765765765764	46.63
45.765765765765764	46.68
45.765765765765764	46.69
45.765765765765764	46.697500000000005
45.765765765765764	45.56
45.765765765765764	46.67
45.765765765765764	46.68
45.765765765765764	46.67
45.765765765765764	47.06
45.765765765765764	46.265
45.765765765765764	46.69
45.765765765765764	46.77
45.765765765765764	46.63
45.765765765765764	46.12
45.765765765765764	46.89
45.765765765765764	48.44
45.765765765765764	46.68
45.765765765765764	45.72
45.765765765765764	46.03
45.765765765765764	45.76
45.765765765765764	45.77
45.765765765765764	46.87
45.765765765765764	46.96
45.765765765765764	45.56
45.765765765765764	46.635
45.765765765765764	46.88
45.765765765765764	45.77
45.765765765765764	43.85
45.765765765765764	46.98
45.765765765765764	46.5
45.765765765765764	47.14
45.765765765765764	45.77
45.765765765765764	46.47
45.765765765765764	46.96
45.765765765765764	46.97
45.765765765765764	45.77
41.17647058823529	46.0
55.91054313099042	59.900000000000006
55.91054313099042	63.9
55.91054313099042	62.47
55.91054313099042	53.92
55.91054313099042	62.5
55.91054313099042	64.16
55.91054313099042	62.53
55.91054313099042	57.24
55.91054313099042	61.85
55.91054313099042	60.894999999999996
55.91054313099042	62.72
55.91054313099042	62.53
55.91054313099042	55.45000000000001
55.91054313099042	54.74
55.91054313099042	62.16
55.91054313099042	62.03
55.91054313099042	56.5
55.91054313099042	61.81
55.91054313099042	57.04
55.91054313099042	61.68
55.91054313099042	56.92
55.91054313099042	61.89
55.91054313099042	55.9625
55.91054313099042	57.35666666666666
55.91054313099042	59.56
55.91054313099042	68.33
55.91054313099042	55.99
55.91054313099042	63.25
55.91054313099042	53.78
55.91054313099042	56.98
55.91054313099042	55.115
55.91054313099042	59.28
55.91054313099042	57.76
55.91054313099042	53.66
55.91054313099042	60.415
55.91054313099042	63.17
55.91054313099042	61.99
55.91054313099042	59.62
55.91054313099042	60.199999999999996
55.91054313099042	57.91
55.91054313099042	61.06
33.74792703150912	32.84
33.74792703150912	31.33
33.74792703150912	34.27
33.74792703150912	34.29
33.74792703150912	33.71
33.74792703150912	29.92
43.876337693222354	44.37
43.876337693222354	43.75
50.69475077194531	45.565
50.69475077194531	42.446666666666665
50.69475077194531	46.49666666666667
50.69475077194531	44.21
50.69475077194531	45.52714285714286
50.69475077194531	47.8675
50.69475077194531	56.19
50.69475077194531	47.39
50.69475077194531	47.260000000000005
50.69475077194531	48.204705882352954
50.69475077194531	45.365
50.69475077194531	46.98
50.69475077194531	44.576666666666675
50.69475077194531	47.538
50.69475077194531	45.75
50.69475077194531	44.53333333333333
50.69475077194531	48.03
50.69475077194531	46.705
50.69475077194531	44.39846153846153
50.69475077194531	46.13500000000001
50.69475077194531	47.64
50.69475077194531	62.18
50.69475077194531	48.23375
50.69475077194531	46.948
50.69475077194531	45.74
50.69475077194531	46.69
50.69475077194531	45.165
50.69475077194531	46.45
50.69475077194531	46.09
50.69475077194531	46.22
50.69475077194531	44.65
50.69475077194531	44.02333333333333
50.69475077194531	45.375
50.69475077194531	45.57
50.69475077194531	42.66
50.69475077194531	45.317499999999995
50.69475077194531	46.97
50.69475077194531	47.3125
50.69475077194531	44.83200000000001
50.69475077194531	43.67
50.69475077194531	48.14
50.69475077194531	46.182
50.69475077194531	44.011428571428574
50.69475077194531	45.51
50.69475077194531	46.51
50.69475077194531	44.646
50.69475077194531	46.39
50.69475077194531	47.53
50.69475077194531	44.05
50.69475077194531	43.01
50.69475077194531	51.685
41.97276104003302	28.72
41.97276104003302	40.230000000000004
41.97276104003302	43.24
41.97276104003302	48.235
41.97276104003302	36.81
41.97276104003302	31.17
41.97276104003302	36.76
41.97276104003302	42.57
41.97276104003302	40.77
41.97276104003302	43.72
41.97276104003302	42.91
41.97276104003302	38.54
41.97276104003302	35.1
41.97276104003302	39.37
41.97276104003302	52.84
41.97276104003302	35.21
41.97276104003302	43.15
41.97276104003302	32.86
41.97276104003302	43.4
41.97276104003302	39.16
41.97276104003302	31.1
41.97276104003302	41.135000000000005
41.97276104003302	38.13
41.97276104003302	38.495
41.97276104003302	39.736666666666665
41.97276104003302	31.16
35.521235521235525	35.32
64.20677361853832	50.26
64.20677361853832	58.62
64.20677361853832	60.48
64.20677361853832	59.38
64.20677361853832	61.17
64.20677361853832	61.89
64.20677361853832	49.99
64.20677361853832	61.05
64.20677361853832	61.4
64.20677361853832	52.83
64.20677361853832	61.36
64.20677361853832	61.73
64.20677361853832	61.165
64.20677361853832	57.22
64.20677361853832	60.724999999999994
64.20677361853832	61.79
64.20677361853832	58.57
64.20677361853832	60.41
64.20677361853832	56.31
64.20677361853832	61.02
64.20677361853832	52.81
64.20677361853832	60.93
64.20677361853832	55.015
64.20677361853832	52.24300000000001
64.20677361853832	49.3
64.20677361853832	59.81
64.20677361853832	61.29
64.20677361853832	50.0
64.20677361853832	60.74
64.20677361853832	60.81
64.20677361853832	60.72666666666667
64.20677361853832	63.29
64.20677361853832	62.13
64.20677361853832	61.13
64.20677361853832	60.776666666666664
64.20677361853832	49.852500000000006
64.20677361853832	60.805
64.20677361853832	61.3
64.20677361853832	62.34
64.20677361853832	59.78
64.20677361853832	60.87
64.20677361853832	61.60999999999999
64.20677361853832	57.735
64.20677361853832	61.42999999999999
64.20677361853832	53.73
64.20677361853832	61.370000000000005
64.20677361853832	60.63333333333333
64.20677361853832	61.355000000000004
64.20677361853832	52.435
64.20677361853832	60.62
64.20677361853832	62.07
64.20677361853832	61.394999999999996
64.20677361853832	44.38
64.20677361853832	62.06
64.20677361853832	52.1
64.20677361853832	60.779999999999994
64.20677361853832	62.18
64.20677361853832	62.06
64.20677361853832	60.34
64.20677361853832	59.849999999999994
64.20677361853832	60.2
64.20677361853832	54.5575
64.20677361853832	61.62
64.20677361853832	60.492
64.20677361853832	50.492000000000004
64.20677361853832	60.89
64.20677361853832	61.53
64.20677361853832	61.34
64.20677361853832	59.50749999999999
64.20677361853832	60.85
64.20677361853832	60.230000000000004
45.63380281690141	44.92
42.096120440069484	42.1
42.096120440069484	42.19
41.154791154791155	43.52
38.783649052841476	37.52333333333333
38.783649052841476	33.17
38.783649052841476	41.32
38.783649052841476	35.98
38.783649052841476	36.59
38.783649052841476	37.35
38.783649052841476	36.053999999999995
38.783649052841476	33.33
38.783649052841476	36.00333333333333
38.783649052841476	36.10666666666666
38.783649052841476	36.31666666666666
38.783649052841476	35.98
38.783649052841476	39.64666666666667
38.783649052841476	36.63
38.783649052841476	35.123333333333335
38.783649052841476	36.75
38.783649052841476	35.58
53.69458128078818	54.7
53.69458128078818	57.39
42.42671009771987	35.36
42.42671009771987	36.785
39.7785622593068	42.05285714285714
39.7785622593068	40.88
39.7785622593068	38.715
39.7785622593068	39.766
39.7785622593068	38.83
39.7785622593068	37.44
39.7785622593068	40.535
39.7785622593068	59.72
39.7785622593068	38.61
39.7785622593068	39.00666666666667
39.7785622593068	42.17
39.7785622593068	48.655
39.7785622593068	38.434999999999995
39.7785622593068	40.03
39.7785622593068	39.14333333333334
39.7785622593068	39.045
39.7785622593068	39.045
39.7785622593068	48.349999999999994
39.7785622593068	38.52857142857143
39.7785622593068	36.73
39.7785622593068	38.315714285714286
39.7785622593068	36.89
39.7785622593068	46.519999999999996
39.7785622593068	37.745
39.7785622593068	40.11230769230769
39.7785622593068	40.33
39.7785622593068	39.8625
39.7785622593068	36.855000000000004
39.7785622593068	51.535
39.7785622593068	37.7675
39.7785622593068	39.35999999999999
39.7785622593068	36.555
39.7785622593068	47.54
39.7785622593068	36.9475
39.7785622593068	40.75888888888889
39.7785622593068	38.93333333333334
39.7785622593068	43.32
39.7785622593068	38.82
39.7785622593068	37.099999999999994
39.7785622593068	38.25
39.7785622593068	39.545
39.7785622593068	39.1325
39.7785622593068	37.775
39.7785622593068	50.0
39.7785622593068	40.083999999999996
39.7785622593068	38.47
39.7785622593068	39.29
39.7785622593068	41.03
39.7785622593068	38.95454545454545
39.7785622593068	54.83
39.7785622593068	44.84
39.7785622593068	38.24
39.7785622593068	40.61333333333334
39.7785622593068	38.72
39.7785622593068	39.35
39.7785622593068	39.56571428571429
39.7785622593068	37.6625
39.7785622593068	40.85600000000001
39.7785622593068	40.06500000000001
39.7785622593068	44.36
39.7785622593068	39.02777777777778
39.7785622593068	38.903333333333336
39.7785622593068	39.535
39.7785622593068	37.91
39.7785622593068	39.23
39.7785622593068	38.689166666666665
39.7785622593068	40.115
39.7785622593068	37.26
39.7785622593068	38.074999999999996
39.7785622593068	40.724000000000004
39.7785622593068	38.62166666666667
39.7785622593068	38.97
39.7785622593068	38.1575
39.7785622593068	37.415
39.7785622593068	38.53
39.7785622593068	39.05
39.7785622593068	38.57
39.7785622593068	38.15333333333333
39.7785622593068	43.41
39.7785622593068	39.63
39.7785622593068	38.97
39.7785622593068	37.88375
39.7785622593068	41.10333333333333
39.7785622593068	40.71818181818182
39.7785622593068	37.75
39.7785622593068	40.985
39.7785622593068	42.19714285714286
39.7785622593068	39.1775
39.7785622593068	39.67333333333334
39.7785622593068	38.92333333333334
39.7785622593068	39.8075
39.7785622593068	46.23857142857143
39.7785622593068	39.173
39.7785622593068	44.787142857142854
39.7785622593068	40.24333333333333
39.7785622593068	36.82
39.7785622593068	44.16
39.7785622593068	39.836
39.7785622593068	39.12714285714286
39.7785622593068	38.76727272727273
39.7785622593068	39.163333333333334
39.7785622593068	41.1425
39.7785622593068	38.5
39.7785622593068	39.208000000000006
39.7785622593068	38.6225
39.7785622593068	38.65090909090909
39.7785622593068	40.58
39.7785622593068	38.196666666666665
39.7785622593068	38.82066666666667
39.7785622593068	37.1575
39.7785622593068	37.815
39.7785622593068	40.89
39.7785622593068	39.0
39.7785622593068	38.0
39.7785622593068	38.99999999999999
38.412017167381975	39.57
44.03973509933775	43.3
40.42829331602855	38.355
40.42829331602855	57.765
40.42829331602855	52.51
40.42829331602855	33.89
40.42829331602855	37.06
40.42829331602855	33.6
40.42829331602855	37.23
40.42829331602855	49.93666666666667
40.42829331602855	36.32
40.42829331602855	45.615
40.42829331602855	31.209999999999997
40.42829331602855	50.94
40.42829331602855	38.54
40.42829331602855	58.465
40.42829331602855	32.5
40.42829331602855	42.945
40.42829331602855	33.02
40.42829331602855	41.773
40.42829331602855	34.615
40.42829331602855	33.23
40.42829331602855	45.550666666666665
40.42829331602855	46.125
40.42829331602855	55.8
40.42829331602855	40.2025
40.42829331602855	36.396
40.42829331602855	51.3325
40.42829331602855	45.09
40.42829331602855	39.97
40.42829331602855	42.19625
40.42829331602855	33.05
40.42829331602855	34.99
40.42829331602855	33.58
40.42829331602855	37.221428571428575
40.42829331602855	36.13333333333333
40.42829331602855	42.78
40.42829331602855	40.278
40.42829331602855	31.724
40.42829331602855	55.775000000000006
40.42829331602855	58.84
40.42829331602855	28.71
40.42829331602855	34.64333333333334
40.42829331602855	47.63
40.42829331602855	35.69
40.42829331602855	38.50666666666667
40.42829331602855	46.56666666666666
40.42829331602855	32.15
40.42829331602855	52.9
40.42829331602855	60.38
40.42829331602855	38.96
40.42829331602855	58.373333333333335
40.42829331602855	33.08
40.42829331602855	47.99
40.42829331602855	55.67
40.42829331602855	31.59
40.42829331602855	35.52277777777778
40.42829331602855	46.755
40.42829331602855	42.2
40.42829331602855	43.696
40.42829331602855	47.768
40.42829331602855	44.27
40.42829331602855	41.03666666666667
40.42829331602855	34.64
40.42829331602855	58.27
40.42829331602855	43.75333333333333
40.42829331602855	39.455
40.42829331602855	37.885000000000005
40.42829331602855	58.79
40.42829331602855	40.22
40.42829331602855	36.95
40.42829331602855	43.964285714285715
40.42829331602855	32.79
40.42829331602855	37.035
40.42829331602855	40.72666666666667
40.42829331602855	31.99
43.07909604519774	52.5
43.07909604519774	42.52
46.724262059035276	42.86
46.724262059035276	48.87
47.11779448621554	41.98
47.11779448621554	47.010000000000005
47.11779448621554	48.07
47.11779448621554	50.699999999999996
48.42342342342342	54.05
43.743536711478804	46.27
43.743536711478804	46.04999999999999
43.743536711478804	45.30250000000001
43.743536711478804	45.33
43.743536711478804	44.67666666666667
43.743536711478804	45.053333333333335
43.743536711478804	45.58
43.743536711478804	43.03
43.743536711478804	45.348
43.743536711478804	44.47
43.743536711478804	43.65
43.743536711478804	46.58
43.743536711478804	45.31
43.743536711478804	46.58
43.743536711478804	45.33
43.743536711478804	44.894999999999996
43.743536711478804	44.25
43.743536711478804	44.165
43.743536711478804	45.032000000000004
43.743536711478804	44.57333333333333
43.743536711478804	44.37200000000001
43.743536711478804	44.5175
43.743536711478804	41.84
43.743536711478804	44.74
43.743536711478804	44.29
43.743536711478804	43.12
43.743536711478804	46.3125
43.743536711478804	44.230000000000004
43.743536711478804	44.89333333333334
43.743536711478804	44.055
43.743536711478804	44.57
43.743536711478804	44.82
43.743536711478804	43.11
43.743536711478804	44.019999999999996
43.743536711478804	43.46
43.743536711478804	44.44
43.743536711478804	46.27
43.743536711478804	44.955
43.743536711478804	44.3525
43.743536711478804	44.16833333333333
43.743536711478804	42.988
43.743536711478804	45.2325
43.743536711478804	43.18
43.743536711478804	44.083333333333336
43.743536711478804	46.135000000000005
43.743536711478804	44.4925
43.743536711478804	45.5775
49.9179991799918	54.55
49.9179991799918	56.150000000000006
49.9179991799918	53.47
49.9179991799918	47.46
49.9179991799918	56.34
49.9179991799918	48.67
49.9179991799918	47.405
51.01674641148325	50.75
56.91489361702128	52.09
46.265060240963855	44.44
40.62739097169089	43.1
40.62739097169089	39.12
40.62739097169089	47.26
40.62739097169089	37.16
40.62739097169089	30.37
40.62739097169089	48.25
40.62739097169089	40.31
40.62739097169089	43.81
58.89400921658986	55.635
58.89400921658986	55.26
58.89400921658986	56.81
49.657198824681686	51.95
49.657198824681686	50.58
41.56804733727811	35.84
41.56804733727811	37.79
50.282485875706215	52.82
