cell	gene	UMI	numReads
AAGCCGTTCGGTTGTT	ENSG00000279457.4	CCATGGGG	1
AAGCCGTTCGGTTGTT	ENSG00000279457.4	ATAAGTAC	1
AAGCCGTTCGGTTGTT	ENSG00000225630.1	noUMI	81
AAGCCGTTCGGTTGTT	ENSG00000225630.1	GATCCTCT	2
AAGCCGTTCGGTTGTT	ENSG00000225630.1	GTCGGCGA	1
AAGCCGTTCGGTTGTT	ENSG00000225630.1	TAACGGGG	1
AAGCCGTTCGGTTGTT	ENSG00000225630.1	GGTATACA	1
AAGCCGTTCGGTTGTT	ENSG00000225630.1	AATAGAAG	2
AAGCCGTTCGGTTGTT	ENSG00000225630.1	GAAAAACT	1
AAGCCGTTCGGTTGTT	ENSG00000225630.1	GCTCGTGT	2
AAGCCGTTCGGTTGTT	ENSG00000225630.1	GAGGAGTA	3
AAGCCGTTCGGTTGTT	ENSG00000225630.1	AAGGAACA	1
AAGCCGTTCGGTTGTT	ENSG00000225630.1	ACGCACAA	2
AAGCCGTTCGGTTGTT	ENSG00000225630.1	CAGGGTTA	1
AAGCCGTTCGGTTGTT	ENSG00000225630.1	TCGAAATT	1
AAGCCGTTCGGTTGTT	ENSG00000225630.1	AGCTTCCG	1
AAGCCGTTCGGTTGTT	ENSG00000225630.1	GGTGTATA	1
AAGCCGTTCGGTTGTT	ENSG00000225630.1	AAGAGTTG	1
AAGCCGTTCGGTTGTT	ENSG00000225630.1	TTCGTCAC	1
AAGCCGTTCGGTTGTT	ENSG00000225630.1	AGTTCGTT	3
AAGCCGTTCGGTTGTT	ENSG00000225630.1	CAGATCCT	2
AAGCCGTTCGGTTGTT	ENSG00000225630.1	ATGCCCCT	1
AAGCCGTTCGGTTGTT	ENSG00000225630.1	CTCTTGGA	7
AAGCCGTTCGGTTGTT	ENSG00000225630.1	ATCAGGAA	1
AAGCCGTTCGGTTGTT	ENSG00000225630.1	TAATGCAC	1
AAGCCGTTCGGTTGTT	ENSG00000225630.1	TGTATCAT	3
AAGCCGTTCGGTTGTT	ENSG00000225630.1	GACCCTGT	2
AAGCCGTTCGGTTGTT	ENSG00000225630.1	AGGACGCC	2
AAGCCGTTCGGTTGTT	ENSG00000225630.1	AGCCGAGT	1
AAGCCGTTCGGTTGTT	ENSG00000225630.1	ACTTAGCC	1
AAGCCGTTCGGTTGTT	ENSG00000225630.1	TAATTGAC	1
AAGCCGTTCGGTTGTT	ENSG00000225630.1	ATATGCCG	1
AAGCCGTTCGGTTGTT	ENSG00000225630.1	CCGAGACG	1
AAGCCGTTCGGTTGTT	ENSG00000225630.1	TAAACTTA	1
AAGCCGTTCGGTTGTT	ENSG00000225630.1	AATGTAAC	1
AAGCCGTTCGGTTGTT	ENSG00000225630.1	TTATCGTG	1
AAGCCGTTCGGTTGTT	ENSG00000225630.1	TGAAGTAC	1
AAGCCGTTCGGTTGTT	ENSG00000225630.1	CTGCATAC	1
AAGCCGTTCGGTTGTT	ENSG00000225630.1	TCGAACGT	1
AAGCCGTTCGGTTGTT	ENSG00000225630.1	GGCTCCCG	1
AAGCCGTTCGGTTGTT	ENSG00000225630.1	GTGGTATG	3
AAGCCGTTCGGTTGTT	ENSG00000225630.1	TTGTAAGT	1
AAGCCGTTCGGTTGTT	ENSG00000225630.1	GGGTTGCC	1
AAGCCGTTCGGTTGTT	ENSG00000225630.1	AGATCCGG	2
AAGCCGTTCGGTTGTT	ENSG00000225630.1	AGAACTTG	1
AAGCCGTTCGGTTGTT	ENSG00000225630.1	GGATTATC	1
AAGCCGTTCGGTTGTT	ENSG00000225630.1	TCGGAACG	1
AAGCCGTTCGGTTGTT	ENSG00000225630.1	AGCAAACC	1
AAGCCGTTCGGTTGTT	ENSG00000225630.1	GACTATGA	1
AAGCCGTTCGGTTGTT	ENSG00000225630.1	AAGTACCC	1
AAGCCGTTCGGTTGTT	ENSG00000225630.1	ACAATATA	1
AAGCCGTTCGGTTGTT	ENSG00000225630.1	AAAACACG	1
AAGCCGTTCGGTTGTT	ENSG00000225630.1	CGTCTCCC	3
AAGCCGTTCGGTTGTT	ENSG00000225630.1	GTTGCAAG	1
AAGCCGTTCGGTTGTT	ENSG00000225630.1	GCAGTAGT	1
AAGCCGTTCGGTTGTT	ENSG00000225630.1	AACTGTCA	2
AAGCCGTTCGGTTGTT	ENSG00000225630.1	CGACGAGG	1
AAGCCGTTCGGTTGTT	ENSG00000225630.1	TCACAACG	2
AAGCCGTTCGGTTGTT	ENSG00000225630.1	CAATTCTC	1
AAGCCGTTCGGTTGTT	ENSG00000225630.1	GCGTCCTA	1
AAGCCGTTCGGTTGTT	ENSG00000225630.1	CGACAAAG	1
AAGCCGTTCGGTTGTT	ENSG00000225630.1	GGGCGTTC	1
AAGCCGTTCGGTTGTT	ENSG00000225630.1	CAGTACAA	2
AAGCCGTTCGGTTGTT	ENSG00000225630.1	GCATGAGA	4
AAGCCGTTCGGTTGTT	ENSG00000225630.1	GGACCCTC	3
AAGCCGTTCGGTTGTT	ENSG00000225630.1	AGTCCGAT	2
AAGCCGTTCGGTTGTT	ENSG00000225630.1	GGCTATAG	1
AAGCCGTTCGGTTGTT	ENSG00000225630.1	GCTACTTC	2
AAGCCGTTCGGTTGTT	ENSG00000225630.1	AATCAAAC	2
AAGCCGTTCGGTTGTT	ENSG00000225630.1	ATCTGATG	3
AAGCCGTTCGGTTGTT	ENSG00000225630.1	ATCACACA	2
AAGCCGTTCGGTTGTT	ENSG00000225630.1	TGGTTAAC	1
AAGCCGTTCGGTTGTT	ENSG00000225630.1	TTAGGGTG	1
AAGCCGTTCGGTTGTT	ENSG00000225630.1	ACGTTCTT	2
AAGCCGTTCGGTTGTT	ENSG00000225630.1	CGTTACGA	1
AAGCCGTTCGGTTGTT	ENSG00000225630.1	GAGATGCA	1
AAGCCGTTCGGTTGTT	ENSG00000225630.1	AGAATAAC	1
AAGCCGTTCGGTTGTT	ENSG00000225630.1	CTAGTGTG	1
AAGCCGTTCGGTTGTT	ENSG00000225630.1	CGACCTTT	1
AAGCCGTTCGGTTGTT	ENSG00000225630.1	GATATCGT	1
AAGCCGTTCGGTTGTT	ENSG00000225630.1	GTATAAAG	1
AAGCCGTTCGGTTGTT	ENSG00000225630.1	GGTAGATC	1
AAGCCGTTCGGTTGTT	ENSG00000225630.1	AATCTACC	1
AAGCCGTTCGGTTGTT	ENSG00000225630.1	TGACTATG	2
AAGCCGTTCGGTTGTT	ENSG00000225630.1	ATATACAG	2
AAGCCGTTCGGTTGTT	ENSG00000225630.1	CAAGATCA	1
AAGCCGTTCGGTTGTT	ENSG00000225630.1	GCGTGGAA	1
AAGCCGTTCGGTTGTT	ENSG00000225630.1	TCGCAAGG	2
AAGCCGTTCGGTTGTT	ENSG00000225630.1	TACACTAT	1
AAGCCGTTCGGTTGTT	ENSG00000225630.1	GTCATCGA	1
AAGCCGTTCGGTTGTT	ENSG00000225630.1	CAGATGGT	1
AAGCCGTTCGGTTGTT	ENSG00000225630.1	GCTACGCT	1
AAGCCGTTCGGTTGTT	ENSG00000225630.1	GTAAGATA	1
AAGCCGTTCGGTTGTT	ENSG00000225630.1	GTCAGGGC	1
AAGCCGTTCGGTTGTT	ENSG00000225630.1	TGGCGTAC	1
AAGCCGTTCGGTTGTT	ENSG00000225630.1	GGCGTCCT	1
AAGCCGTTCGGTTGTT	ENSG00000225630.1	ACCGATTA	1
AAGCCGTTCGGTTGTT	ENSG00000225630.1	ACCAAGTG	1
AAGCCGTTCGGTTGTT	ENSG00000225630.1	TCAGTCTC	1
AAGCCGTTCGGTTGTT	ENSG00000225630.1	GATGTCCC	1
AAGCCGTTCGGTTGTT	ENSG00000225630.1	GCGGTATT	1
AAGCCGTTCGGTTGTT	ENSG00000225630.1	ATCTCACG	1
AAGCCGTTCGGTTGTT	ENSG00000225630.1	ACGACTCT	1
AAGCCGTTCGGTTGTT	ENSG00000225630.1	ATATGGTC	2
AAGCCGTTCGGTTGTT	ENSG00000225630.1	ATACATAG	1
AAGCCGTTCGGTTGTT	ENSG00000225630.1	GATGACGC	2
AAGCCGTTCGGTTGTT	ENSG00000225630.1	GGCATTGA	1
AAGCCGTTCGGTTGTT	ENSG00000225630.1	TCTGCTGA	1
AAGCCGTTCGGTTGTT	ENSG00000225630.1	CCGGTAGG	5
AAGCCGTTCGGTTGTT	ENSG00000225630.1	GCGCTTAA	1
AAGCCGTTCGGTTGTT	ENSG00000225630.1	GTTGTACG	1
AAGCCGTTCGGTTGTT	ENSG00000225630.1	ATGTGTTA	1
AAGCCGTTCGGTTGTT	ENSG00000225630.1	GTGGTACT	1
AAGCCGTTCGGTTGTT	ENSG00000225630.1	TAAAGACC	1
AAGCCGTTCGGTTGTT	ENSG00000225630.1	AGTCGTCC	1
AAGCCGTTCGGTTGTT	ENSG00000225630.1	TTCAGAGG	1
AAGCCGTTCGGTTGTT	ENSG00000225630.1	GCATAGAG	1
AAGCCGTTCGGTTGTT	ENSG00000225630.1	GAAACTAA	1
AAGCCGTTCGGTTGTT	ENSG00000225630.1	GTCAGCTA	3
AAGCCGTTCGGTTGTT	ENSG00000225630.1	GATTGACT	1
AAGCCGTTCGGTTGTT	ENSG00000225630.1	GCAATGGG	1
AAGCCGTTCGGTTGTT	ENSG00000225630.1	TAAAACTG	1
AAGCCGTTCGGTTGTT	ENSG00000225630.1	AAATGTTA	1
AAGCCGTTCGGTTGTT	ENSG00000225630.1	GGCTCGCG	1
AAGCCGTTCGGTTGTT	ENSG00000225630.1	ACACTCTC	1
AAGCCGTTCGGTTGTT	ENSG00000225630.1	GGACCAAA	1
AAGCCGTTCGGTTGTT	ENSG00000225630.1	CAAACCTC	1
AAGCCGTTCGGTTGTT	ENSG00000225630.1	CCTGACCA	1
AAGCCGTTCGGTTGTT	ENSG00000225630.1	TGCTGAGC	2
AAGCCGTTCGGTTGTT	ENSG00000225630.1	CGTAAAGT	1
AAGCCGTTCGGTTGTT	ENSG00000225630.1	AACTTAAG	1
AAGCCGTTCGGTTGTT	ENSG00000225630.1	ATCGCGAT	1
AAGCCGTTCGGTTGTT	ENSG00000225630.1	CTAGGGTG	1
AAGCCGTTCGGTTGTT	ENSG00000225630.1	GTGCTAGG	1
AAGCCGTTCGGTTGTT	ENSG00000225630.1	TTACGGGC	1
AAGCCGTTCGGTTGTT	ENSG00000225630.1	ACACACTT	1
AAGCCGTTCGGTTGTT	ENSG00000225630.1	CAGCGACG	1
AAGCCGTTCGGTTGTT	ENSG00000225630.1	CTTAGCCG	1
AAGCCGTTCGGTTGTT	ENSG00000225630.1	CAATAACG	1
AAGCCGTTCGGTTGTT	ENSG00000225630.1	TGCGAACA	1
AAGCCGTTCGGTTGTT	ENSG00000225630.1	CACAGGCG	2
AAGCCGTTCGGTTGTT	ENSG00000225630.1	CTATGAAA	1
AAGCCGTTCGGTTGTT	ENSG00000225630.1	AAATAAAG	1
AAGCCGTTCGGTTGTT	ENSG00000225630.1	CGGTTGGT	1
AAGCCGTTCGGTTGTT	ENSG00000225630.1	GATTGATA	2
AAGCCGTTCGGTTGTT	ENSG00000225630.1	ATCACGTG	1
AAGCCGTTCGGTTGTT	ENSG00000225630.1	AAGGGGTT	2
AAGCCGTTCGGTTGTT	ENSG00000225630.1	GAGCCAGT	1
AAGCCGTTCGGTTGTT	ENSG00000225630.1	GTTAAAGG	1
AAGCCGTTCGGTTGTT	ENSG00000225630.1	AATGGATA	1
AAGCCGTTCGGTTGTT	ENSG00000225630.1	ATCAACCA	1
AAGCCGTTCGGTTGTT	ENSG00000225630.1	GCTCCACG	1
AAGCCGTTCGGTTGTT	ENSG00000225630.1	CAAAATCG	1
AAGCCGTTCGGTTGTT	ENSG00000225630.1	GTGCCAAC	2
AAGCCGTTCGGTTGTT	ENSG00000225630.1	TCAGATCC	1
AAGCCGTTCGGTTGTT	ENSG00000225630.1	TCGGTTCA	1
AAGCCGTTCGGTTGTT	ENSG00000225630.1	TTTGCAGG	1
AAGCCGTTCGGTTGTT	ENSG00000225630.1	GTTCGGAA	1
AAGCCGTTCGGTTGTT	ENSG00000225630.1	CTACCTAA	1
AAGCCGTTCGGTTGTT	ENSG00000225630.1	TTGTACGG	2
AAGCCGTTCGGTTGTT	ENSG00000225630.1	AAGATGAG	1
AAGCCGTTCGGTTGTT	ENSG00000225630.1	CCTCGGGT	1
AAGCCGTTCGGTTGTT	ENSG00000225630.1	GCGGGGCG	1
AAGCCGTTCGGTTGTT	ENSG00000225630.1	ACCGTACC	1
AAGCCGTTCGGTTGTT	ENSG00000225630.1	CCCTCAAC	1
AAGCCGTTCGGTTGTT	ENSG00000197921.6	TGTGAAAG	1
AAGCCGTTCGGTTGTT	ENSG00000171612.7	GAATCACA	1
AAGCCGTTCGGTTGTT	ENSG00000288398.1	GGCCTGTG	3
AAGCCGTTCGGTTGTT	ENSG00000288398.1	noUMI	7
AAGCCGTTCGGTTGTT	ENSG00000090432.7	noUMI	9
AAGCCGTTCGGTTGTT	ENSG00000090432.7	AGGGCAGG	1
AAGCCGTTCGGTTGTT	ENSG00000090432.7	TAGAGGGC	1
AAGCCGTTCGGTTGTT	ENSG00000090432.7	AGTGTTCC	1
AAGCCGTTCGGTTGTT	ENSG00000090432.7	GTATTCCG	1
AAGCCGTTCGGTTGTT	ENSG00000179163.12	noUMI	10
AAGCCGTTCGGTTGTT	ENSG00000179163.12	CAACTACT	1
AAGCCGTTCGGTTGTT	ENSG00000130766.5	ACAGTGGG	1
AAGCCGTTCGGTTGTT	ENSG00000237329.2	ATCAGCTG	1
AAGCCGTTCGGTTGTT	ENSG00000273274.2	noUMI	2
AAGCCGTTCGGTTGTT	ENSG00000243749.1	CGTACAAT	2
AAGCCGTTCGGTTGTT	ENSG00000116863.11	ATGCTTAC	1
AAGCCGTTCGGTTGTT	ENSG00000116863.11	noUMI	13
AAGCCGTTCGGTTGTT	ENSG00000116863.11	AACTGCAG	1
AAGCCGTTCGGTTGTT	ENSG00000116981.4	noUMI	4
AAGCCGTTCGGTTGTT	ENSG00000259943.1	noUMI	1
AAGCCGTTCGGTTGTT	ENSG00000259943.1	GCGTAGCC	1
AAGCCGTTCGGTTGTT	ENSG00000260920.2	noUMI	5
AAGCCGTTCGGTTGTT	ENSG00000186564.6	noUMI	3
TCCAAGTCCATGCTTC	ENSG00000279457.4	AGTGTCAT	2
TCCAAGTCCATGCTTC	ENSG00000225630.1	AGCCTTGA	1
TCCAAGTCCATGCTTC	ENSG00000225630.1	GGTAACTG	1
TCCAAGTCCATGCTTC	ENSG00000225630.1	noUMI	20
TCCAAGTCCATGCTTC	ENSG00000225630.1	TAAGCGGT	1
TCCAAGTCCATGCTTC	ENSG00000225630.1	TTTAGACG	1
TCCAAGTCCATGCTTC	ENSG00000225630.1	TCGAAGGG	1
TCCAAGTCCATGCTTC	ENSG00000225630.1	GAAGCGAG	1
TCCAAGTCCATGCTTC	ENSG00000225630.1	GAATAAGC	1
TCCAAGTCCATGCTTC	ENSG00000225630.1	GCAATGGT	1
TCCAAGTCCATGCTTC	ENSG00000225630.1	TGGTGGCA	1
TCCAAGTCCATGCTTC	ENSG00000225630.1	GACCTCCG	1
TCCAAGTCCATGCTTC	ENSG00000225630.1	TCTGTGCT	2
TCCAAGTCCATGCTTC	ENSG00000225630.1	CACTCACG	3
TCCAAGTCCATGCTTC	ENSG00000225630.1	ATGTGAGT	1
TCCAAGTCCATGCTTC	ENSG00000225630.1	TTGACGTA	1
TCCAAGTCCATGCTTC	ENSG00000225630.1	GATGCTAT	1
TCCAAGTCCATGCTTC	ENSG00000225630.1	ACTGCCGA	1
TCCAAGTCCATGCTTC	ENSG00000225630.1	ATGGCCGT	2
TCCAAGTCCATGCTTC	ENSG00000225630.1	TGGGAGAC	1
TCCAAGTCCATGCTTC	ENSG00000225630.1	CCACATAA	3
TCCAAGTCCATGCTTC	ENSG00000225630.1	GGCTCGTT	2
TCCAAGTCCATGCTTC	ENSG00000225630.1	AATCGTGT	1
TCCAAGTCCATGCTTC	ENSG00000225630.1	TACAGGTC	2
TCCAAGTCCATGCTTC	ENSG00000225630.1	CACGGCAG	1
TCCAAGTCCATGCTTC	ENSG00000225630.1	GCGATACT	2
TCCAAGTCCATGCTTC	ENSG00000225630.1	TGATAAGA	2
TCCAAGTCCATGCTTC	ENSG00000225630.1	TCGTCCCC	2
TCCAAGTCCATGCTTC	ENSG00000225630.1	GTGGACCT	1
TCCAAGTCCATGCTTC	ENSG00000225630.1	GCAAACAA	1
TCCAAGTCCATGCTTC	ENSG00000225630.1	TACGATAC	2
TCCAAGTCCATGCTTC	ENSG00000225630.1	AAGTATAG	1
TCCAAGTCCATGCTTC	ENSG00000225630.1	AGATGAAA	1
TCCAAGTCCATGCTTC	ENSG00000225630.1	TTGCGCGA	1
TCCAAGTCCATGCTTC	ENSG00000225630.1	TATGCCTG	1
TCCAAGTCCATGCTTC	ENSG00000225630.1	AATGTCTA	1
TCCAAGTCCATGCTTC	ENSG00000225630.1	GCTGAAAC	1
TCCAAGTCCATGCTTC	ENSG00000225630.1	CAATAGCT	1
TCCAAGTCCATGCTTC	ENSG00000225630.1	GGGTTCTA	1
TCCAAGTCCATGCTTC	ENSG00000225630.1	GGACTGAT	1
TCCAAGTCCATGCTTC	ENSG00000225630.1	GGTAAACT	1
TCCAAGTCCATGCTTC	ENSG00000225630.1	GCTCGATA	1
TCCAAGTCCATGCTTC	ENSG00000225630.1	AAACCTGG	1
TCCAAGTCCATGCTTC	ENSG00000225630.1	CTCTAGAC	1
TCCAAGTCCATGCTTC	ENSG00000225630.1	GCTAGTAT	1
TCCAAGTCCATGCTTC	ENSG00000225630.1	GTAAGCTG	1
TCCAAGTCCATGCTTC	ENSG00000225630.1	CAAACGCC	1
TCCAAGTCCATGCTTC	ENSG00000225630.1	TACGTTTT	1
TCCAAGTCCATGCTTC	ENSG00000225630.1	TATCAAAC	1
TCCAAGTCCATGCTTC	ENSG00000225630.1	CTGTCCGC	1
TCCAAGTCCATGCTTC	ENSG00000225630.1	GTCTATCA	2
TCCAAGTCCATGCTTC	ENSG00000225630.1	AACAAGTC	1
TCCAAGTCCATGCTTC	ENSG00000225630.1	CTACTGAG	1
TCCAAGTCCATGCTTC	ENSG00000225630.1	GTTCCTGA	2
TCCAAGTCCATGCTTC	ENSG00000225630.1	CCTTAACA	1
TCCAAGTCCATGCTTC	ENSG00000225630.1	GACCTTCT	1
TCCAAGTCCATGCTTC	ENSG00000225630.1	TCGAGCTC	1
TCCAAGTCCATGCTTC	ENSG00000225630.1	CACACGAC	1
TCCAAGTCCATGCTTC	ENSG00000225630.1	CTTACCAT	1
TCCAAGTCCATGCTTC	ENSG00000225630.1	TAGACAAA	1
TCCAAGTCCATGCTTC	ENSG00000225630.1	TCAATCTG	1
TCCAAGTCCATGCTTC	ENSG00000225630.1	AGACGATC	1
TCCAAGTCCATGCTTC	ENSG00000225630.1	AATCCTAC	1
TCCAAGTCCATGCTTC	ENSG00000225630.1	GTCACGGC	1
TCCAAGTCCATGCTTC	ENSG00000225630.1	TGGGATCA	1
TCCAAGTCCATGCTTC	ENSG00000225630.1	TTCGGCTG	1
TCCAAGTCCATGCTTC	ENSG00000225630.1	TCGCAATG	1
TCCAAGTCCATGCTTC	ENSG00000225630.1	GCACTAAG	1
TCCAAGTCCATGCTTC	ENSG00000225630.1	TAAGACCA	1
TCCAAGTCCATGCTTC	ENSG00000225630.1	CCATCAAA	1
TCCAAGTCCATGCTTC	ENSG00000225630.1	GAATAGTT	2
TCCAAGTCCATGCTTC	ENSG00000225630.1	AAGAGAAC	1
TCCAAGTCCATGCTTC	ENSG00000225630.1	TAATCCAT	1
TCCAAGTCCATGCTTC	ENSG00000225630.1	CAGCGCTC	1
TCCAAGTCCATGCTTC	ENSG00000225630.1	CTAGTAAC	1
TCCAAGTCCATGCTTC	ENSG00000225630.1	ATGATCTT	1
TCCAAGTCCATGCTTC	ENSG00000225630.1	GCTAGGAT	1
TCCAAGTCCATGCTTC	ENSG00000225630.1	GCGAGACC	2
TCCAAGTCCATGCTTC	ENSG00000225630.1	AAGTCGAA	1
TCCAAGTCCATGCTTC	ENSG00000225630.1	CGAACTAC	2
TCCAAGTCCATGCTTC	ENSG00000225630.1	GCTAAGCA	1
TCCAAGTCCATGCTTC	ENSG00000225630.1	GACGAAAG	1
TCCAAGTCCATGCTTC	ENSG00000225630.1	TATAGGAT	1
TCCAAGTCCATGCTTC	ENSG00000225630.1	GCCATGTT	1
TCCAAGTCCATGCTTC	ENSG00000225630.1	GTTTACGT	1
TCCAAGTCCATGCTTC	ENSG00000225630.1	CAGTGACT	1
TCCAAGTCCATGCTTC	ENSG00000225630.1	GTGAATGT	1
TCCAAGTCCATGCTTC	ENSG00000171612.7	noUMI	4
TCCAAGTCCATGCTTC	ENSG00000235084.3	noUMI	1
TCCAAGTCCATGCTTC	ENSG00000233954.6	CCGGACGT	1
TCCAAGTCCATGCTTC	ENSG00000233954.6	ATACAATG	1
TCCAAGTCCATGCTTC	ENSG00000288398.1	TCAGGGGT	1
TCCAAGTCCATGCTTC	ENSG00000288398.1	TACGGGGT	1
TCCAAGTCCATGCTTC	ENSG00000288398.1	noUMI	2
TCCAAGTCCATGCTTC	ENSG00000261135.1	AGATGTAT	1
TCCAAGTCCATGCTTC	ENSG00000261135.1	GCTGATAG	1
TCCAAGTCCATGCTTC	ENSG00000090432.7	GACGGTGG	2
TCCAAGTCCATGCTTC	ENSG00000090432.7	noUMI	15
TCCAAGTCCATGCTTC	ENSG00000090432.7	GAACAATA	1
TCCAAGTCCATGCTTC	ENSG00000090432.7	TGAATCGT	2
TCCAAGTCCATGCTTC	ENSG00000179163.12	noUMI	5
TCCAAGTCCATGCTTC	ENSG00000179163.12	GGTTGGGG	1
TCCAAGTCCATGCTTC	ENSG00000228589.3	noUMI	1
TCCAAGTCCATGCTTC	ENSG00000130766.5	AACACGTG	1
TCCAAGTCCATGCTTC	ENSG00000130766.5	noUMI	4
TCCAAGTCCATGCTTC	ENSG00000231468.2	ACTCCATT	2
TCCAAGTCCATGCTTC	ENSG00000279443.1	noUMI	2
TCCAAGTCCATGCTTC	ENSG00000175130.7	noUMI	4
TCCAAGTCCATGCTTC	ENSG00000175130.7	CAAAGCGT	1
TCCAAGTCCATGCTTC	ENSG00000175130.7	TTGTAGCG	1
TCCAAGTCCATGCTTC	ENSG00000175130.7	CAATGTAC	1
TCCAAGTCCATGCTTC	ENSG00000175130.7	AAGAAACA	1
TCCAAGTCCATGCTTC	ENSG00000175130.7	GAAGAAAC	1
TCCAAGTCCATGCTTC	ENSG00000243749.1	noUMI	1
TCCAAGTCCATGCTTC	ENSG00000116863.11	GTGTAGCT	1
TCCAAGTCCATGCTTC	ENSG00000116863.11	CACTCGAG	1
TCCAAGTCCATGCTTC	ENSG00000116863.11	noUMI	6
TCCAAGTCCATGCTTC	ENSG00000286379.1	noUMI	1
TCCAAGTCCATGCTTC	ENSG00000163909.8	noUMI	1
TCCAAGTCCATGCTTC	ENSG00000163909.8	CACCCAGT	2
TCCAAGTCCATGCTTC	ENSG00000116981.4	noUMI	3
TCCAAGTCCATGCTTC	ENSG00000117000.9	GGCTGATG	2
TCCAAGTCCATGCTTC	ENSG00000117000.9	noUMI	11
TCCAAGTCCATGCTTC	ENSG00000117000.9	GCCCACTC	1
TCCAAGTCCATGCTTC	ENSG00000259943.1	TGTGTGGG	1
TCCAAGTCCATGCTTC	ENSG00000259943.1	AGAGACAG	2
TCCAAGTCCATGCTTC	ENSG00000259943.1	GTGTCGCC	1
TCCAAGTCCATGCTTC	ENSG00000237424.1	noUMI	1
TCCAAGTCCATGCTTC	ENSG00000186564.6	noUMI	1
TCCAAGTCCATGCTTC	ENSG00000169213.7	noUMI	3
TCCAAGTCCATGCTTC	ENSG00000169213.7	TATAAGTA	2
TCCAAGTCCATGCTTC	ENSG00000228369.2	ACGGGTTG	1
TCCAAGTCCATGCTTC	ENSG00000162396.6	noUMI	1
TCCAAGTCCATGCTTC	ENSG00000116704.8	noUMI	2
TCCAAGTCCATGCTTC	ENSG00000116704.8	TATGGCTG	2
TCCAAGTCCATGCTTC	ENSG00000066557.6	noUMI	3
TCCAAGTCCATGCTTC	ENSG00000066557.6	GCTCCTAG	1
TCCAAGTCCATGCTTC	ENSG00000226084.5	noUMI	1
TCCAAGTCCATGCTTC	ENSG00000280099.1	noUMI	1
TCCAAGTCCATGCTTC	ENSG00000223896.2	noUMI	3
TCCTTGCTGAACCTGT	ENSG00000225630.1	ACGTGAAG	1
TCCTTGCTGAACCTGT	ENSG00000225630.1	TGAACCGT	1
TCCTTGCTGAACCTGT	ENSG00000225630.1	CATGTCGT	1
TCCTTGCTGAACCTGT	ENSG00000225630.1	TTGCCGTC	1
TCCTTGCTGAACCTGT	ENSG00000225630.1	GTCTACAG	1
TCCTTGCTGAACCTGT	ENSG00000065135.12	TAGAACAG	1
TCCTTGCTGAACCTGT	ENSG00000065135.12	ACGGGACC	1
TCCTTGCTGAACCTGT	ENSG00000065135.12	GCGTTTGG	1
TCCTTGCTGAACCTGT	ENSG00000213281.5	GAGACCCG	1
TCCTTGCTGAACCTGT	ENSG00000213281.5	GGGCTAGT	1
TCCTTGCTGAACCTGT	ENSG00000213281.5	noUMI	2
TCCTTGCTGAACCTGT	ENSG00000215784.6	CAGCTAAG	1
TCCTTGCTGAACCTGT	ENSG00000244371.2	TGGTGAGT	1
TCCTTGCTGAACCTGT	ENSG00000218283.2	GGCTGGTC	1
TCCTTGCTGAACCTGT	ENSG00000259865.1	noUMI	1
GGTCTCAAGAACCTGT	ENSG00000225630.1	CCATTACT	1
GGTCTCAAGAACCTGT	ENSG00000225630.1	noUMI	2
GGTCTCAAGAACCTGT	ENSG00000225630.1	CTTCCACG	1
GGTCTCAAGAACCTGT	ENSG00000225630.1	ACGATAAC	1
GGTCTCAAGAACCTGT	ENSG00000225630.1	TTACGGCA	2
GGTCTCAAGAACCTGT	ENSG00000225630.1	ACAAGCAG	1
GGTCTCAAGAACCTGT	ENSG00000225630.1	AGATGGGT	1
GGTCTCAAGAACCTGT	ENSG00000225630.1	ATACCTGC	1
GGTCTCAAGAACCTGT	ENSG00000225630.1	GACTTGAA	1
GGTCTCAAGAACCTGT	ENSG00000225630.1	GATATGTA	1
GGTCTCAAGAACCTGT	ENSG00000225630.1	AGATTTGA	2
GGTCTCAAGAACCTGT	ENSG00000225630.1	TCGTCCGT	1
GGTCTCAAGAACCTGT	ENSG00000225630.1	TCCATGAA	1
GGTCTCAAGAACCTGT	ENSG00000225630.1	GACTTCCC	1
GGTCTCAAGAACCTGT	ENSG00000225630.1	TTAGGTAA	1
GGTCTCAAGAACCTGT	ENSG00000225630.1	TCCGGTGA	1
GGTCTCAAGAACCTGT	ENSG00000225630.1	TGGGTTCC	1
GGTCTCAAGAACCTGT	ENSG00000225630.1	TGTAACCC	1
GGTCTCAAGAACCTGT	ENSG00000225630.1	ATTCCCAT	1
GGTCTCAAGAACCTGT	ENSG00000171612.7	GTGGTTCC	1
GGTCTCAAGAACCTGT	ENSG00000090432.7	GTTGAGGG	1
GGTCTCAAGAACCTGT	ENSG00000090432.7	noUMI	1
GGTCTCAAGAACCTGT	ENSG00000175130.7	noUMI	3
GGTCTCAAGAACCTGT	ENSG00000116863.11	noUMI	1
GGTCTCAAGAACCTGT	ENSG00000117000.9	noUMI	1
GGTCTCAAGAACCTGT	ENSG00000066557.6	noUMI	3
GGTCTCAAGAACCTGT	ENSG00000137970.7	TATACAAC	1
GGTCTCAAGAACCTGT	ENSG00000065135.12	noUMI	1
GGTCTCAAGAACCTGT	ENSG00000213281.5	noUMI	2
GGTCTCAAGAACCTGT	ENSG00000236675.1	noUMI	1
GGTCTCAAGAACCTGT	ENSG00000132718.9	noUMI	1
GGTCTCAAGAACCTGT	ENSG00000143751.10	GAGCTAAC	1
GGTCTCAAGAACCTGT	ENSG00000143751.10	noUMI	1
GGTCTCAAGAACCTGT	ENSG00000143751.10	CTAGAACG	1
CTCAACAGCCATCCAA	ENSG00000279457.4	noUMI	1
CTCAACAGCCATCCAA	ENSG00000279457.4	GCCCATAC	1
CTCAACAGCCATCCAA	ENSG00000279457.4	CTAGCAAC	1
CTCAACAGCCATCCAA	ENSG00000225630.1	noUMI	31
CTCAACAGCCATCCAA	ENSG00000225630.1	AGATCTCC	1
CTCAACAGCCATCCAA	ENSG00000225630.1	CGCTACAA	2
CTCAACAGCCATCCAA	ENSG00000225630.1	ACGTTACG	1
CTCAACAGCCATCCAA	ENSG00000225630.1	AAGTGGTA	1
CTCAACAGCCATCCAA	ENSG00000225630.1	GTGCTCGA	1
CTCAACAGCCATCCAA	ENSG00000225630.1	ACACGCTC	1
CTCAACAGCCATCCAA	ENSG00000225630.1	ACTCTAGA	1
CTCAACAGCCATCCAA	ENSG00000225630.1	CAGCAGTT	1
CTCAACAGCCATCCAA	ENSG00000225630.1	CATAATGT	1
CTCAACAGCCATCCAA	ENSG00000225630.1	ATTGCCCG	1
CTCAACAGCCATCCAA	ENSG00000225630.1	AAAAAGTT	1
CTCAACAGCCATCCAA	ENSG00000225630.1	GTAGCTCA	1
CTCAACAGCCATCCAA	ENSG00000225630.1	TGGTAGGG	1
CTCAACAGCCATCCAA	ENSG00000225630.1	TGCACCGG	1
CTCAACAGCCATCCAA	ENSG00000225630.1	AAGTGGTC	1
CTCAACAGCCATCCAA	ENSG00000225630.1	CCACCTTA	1
CTCAACAGCCATCCAA	ENSG00000225630.1	CTAACCGT	1
CTCAACAGCCATCCAA	ENSG00000225630.1	AAAGGTCG	2
CTCAACAGCCATCCAA	ENSG00000225630.1	CGGTTTAG	1
CTCAACAGCCATCCAA	ENSG00000225630.1	TTACGTGG	1
CTCAACAGCCATCCAA	ENSG00000225630.1	CGTCCCTA	1
CTCAACAGCCATCCAA	ENSG00000225630.1	ACGCTTCT	1
CTCAACAGCCATCCAA	ENSG00000225630.1	GCAGTTCC	1
CTCAACAGCCATCCAA	ENSG00000225630.1	GGAGTTCA	1
CTCAACAGCCATCCAA	ENSG00000225630.1	GCAACTAG	1
CTCAACAGCCATCCAA	ENSG00000225630.1	GTAAGCAT	1
CTCAACAGCCATCCAA	ENSG00000225630.1	ACCACAGA	1
CTCAACAGCCATCCAA	ENSG00000225630.1	CATGCCCG	1
CTCAACAGCCATCCAA	ENSG00000225630.1	TACAGGCC	1
CTCAACAGCCATCCAA	ENSG00000225630.1	GGGACCCG	1
CTCAACAGCCATCCAA	ENSG00000225630.1	GATGTAAG	1
CTCAACAGCCATCCAA	ENSG00000225630.1	GTACATCA	1
CTCAACAGCCATCCAA	ENSG00000225630.1	CTGGGAGT	1
CTCAACAGCCATCCAA	ENSG00000225630.1	ACAAGCCC	1
CTCAACAGCCATCCAA	ENSG00000225630.1	AATTCGGC	1
CTCAACAGCCATCCAA	ENSG00000225630.1	AGCCGCAA	1
CTCAACAGCCATCCAA	ENSG00000225630.1	TCATAACC	1
CTCAACAGCCATCCAA	ENSG00000225630.1	ATAAAGAG	1
CTCAACAGCCATCCAA	ENSG00000225630.1	TCAAGCGT	1
CTCAACAGCCATCCAA	ENSG00000225630.1	CTGCGATA	1
CTCAACAGCCATCCAA	ENSG00000225630.1	TACGCGCG	1
CTCAACAGCCATCCAA	ENSG00000225630.1	TTCGGCGT	1
CTCAACAGCCATCCAA	ENSG00000225630.1	AGACCGTT	1
CTCAACAGCCATCCAA	ENSG00000225630.1	GGCACCTT	2
CTCAACAGCCATCCAA	ENSG00000225630.1	AGGCTACA	1
CTCAACAGCCATCCAA	ENSG00000225630.1	TAAGGGAT	1
CTCAACAGCCATCCAA	ENSG00000225630.1	TGAGCCAA	1
CTCAACAGCCATCCAA	ENSG00000225630.1	ATAAGCAG	1
CTCAACAGCCATCCAA	ENSG00000225630.1	CGATACCC	1
CTCAACAGCCATCCAA	ENSG00000225630.1	AAGTAATC	1
CTCAACAGCCATCCAA	ENSG00000225630.1	GGCTCAAC	2
CTCAACAGCCATCCAA	ENSG00000225630.1	CGCTATGG	1
CTCAACAGCCATCCAA	ENSG00000225630.1	GACTAGCT	1
CTCAACAGCCATCCAA	ENSG00000225630.1	GTCACAAT	1
CTCAACAGCCATCCAA	ENSG00000225630.1	GGCACGTG	1
CTCAACAGCCATCCAA	ENSG00000225630.1	TCACTCCA	1
CTCAACAGCCATCCAA	ENSG00000225630.1	CTGAAGAA	1
CTCAACAGCCATCCAA	ENSG00000225630.1	ATAAGCCT	1
CTCAACAGCCATCCAA	ENSG00000225630.1	ATACACAC	1
CTCAACAGCCATCCAA	ENSG00000225630.1	ATTGACGT	1
CTCAACAGCCATCCAA	ENSG00000225630.1	CATTCGGG	1
CTCAACAGCCATCCAA	ENSG00000225630.1	AACTCTAA	1
CTCAACAGCCATCCAA	ENSG00000225630.1	GGTGTCAC	1
CTCAACAGCCATCCAA	ENSG00000225630.1	GTCAACCA	1
CTCAACAGCCATCCAA	ENSG00000225630.1	TCACGGAT	1
CTCAACAGCCATCCAA	ENSG00000225630.1	ACGGACCC	1
CTCAACAGCCATCCAA	ENSG00000225630.1	ACAGCATA	1
CTCAACAGCCATCCAA	ENSG00000225630.1	TCAGAGTA	2
CTCAACAGCCATCCAA	ENSG00000225630.1	AAAATACC	1
CTCAACAGCCATCCAA	ENSG00000225630.1	AGCAAGCG	1
CTCAACAGCCATCCAA	ENSG00000225630.1	ACAAAAGG	1
CTCAACAGCCATCCAA	ENSG00000225630.1	CCTCAGCT	1
CTCAACAGCCATCCAA	ENSG00000225630.1	GGACGTCA	1
CTCAACAGCCATCCAA	ENSG00000225630.1	TGATCACA	1
CTCAACAGCCATCCAA	ENSG00000225630.1	GTCACCCG	1
CTCAACAGCCATCCAA	ENSG00000225630.1	GAGGGATG	1
CTCAACAGCCATCCAA	ENSG00000225630.1	CTGTGGTT	1
CTCAACAGCCATCCAA	ENSG00000272512.1	TCTGCATG	1
CTCAACAGCCATCCAA	ENSG00000233421.5	CGCCGTCC	1
CTCAACAGCCATCCAA	ENSG00000090432.7	noUMI	5
CTCAACAGCCATCCAA	ENSG00000090432.7	CGGCCCGG	1
CTCAACAGCCATCCAA	ENSG00000090432.7	GGCATGGA	1
CTCAACAGCCATCCAA	ENSG00000090432.7	TGTTAGGT	1
CTCAACAGCCATCCAA	ENSG00000179163.12	noUMI	1
CTCAACAGCCATCCAA	ENSG00000175130.7	noUMI	4
CTCAACAGCCATCCAA	ENSG00000273274.2	AAATTGGC	1
CTCAACAGCCATCCAA	ENSG00000233246.1	noUMI	1
CTCAACAGCCATCCAA	ENSG00000116863.11	GCAGTAAC	1
CTCAACAGCCATCCAA	ENSG00000116863.11	GGGTCTGT	1
CTCAACAGCCATCCAA	ENSG00000116863.11	noUMI	19
CTCAACAGCCATCCAA	ENSG00000163909.8	noUMI	1
CTCAACAGCCATCCAA	ENSG00000116981.4	noUMI	3
CTCAACAGCCATCCAA	ENSG00000117000.9	noUMI	1
CTCAACAGCCATCCAA	ENSG00000117000.9	CAACATGG	1
CTCAACAGCCATCCAA	ENSG00000169213.7	noUMI	1
CTCAACAGCCATCCAA	ENSG00000162396.6	noUMI	1
CTCAACAGCCATCCAA	ENSG00000066557.6	noUMI	7
CTCAACAGCCATCCAA	ENSG00000066557.6	TGAGGGGT	1
CTCAACAGCCATCCAA	ENSG00000066557.6	ATAGGGCT	1
CTCAACAGCCATCCAA	ENSG00000066557.6	CAAATAGT	1
CTCAACAGCCATCCAA	ENSG00000066557.6	TAACCCAA	1
CTCAACAGCCATCCAA	ENSG00000271576.1	noUMI	1
CTCAACAGCCATCCAA	ENSG00000271576.1	GAATCGCA	1
CTCAACAGCCATCCAA	ENSG00000137970.7	GACCGACG	1
CTCAACAGCCATCCAA	ENSG00000137970.7	CCAGTATC	1
CTCAACAGCCATCCAA	ENSG00000137970.7	CGGCGGCC	1
CTCAACAGCCATCCAA	ENSG00000137970.7	noUMI	1
CTCAACAGCCATCCAA	ENSG00000244716.3	TGGGAATG	1
CTCAACAGCCATCCAA	ENSG00000244716.3	noUMI	1
CTCAACAGCCATCCAA	ENSG00000065135.12	GCAGCAGG	1
CTCAACAGCCATCCAA	ENSG00000065135.12	CTATGATG	1
CTCAACAGCCATCCAA	ENSG00000065135.12	noUMI	48
CTCAACAGCCATCCAA	ENSG00000065135.12	CACTTACG	1
TACCGATGCGATACTG	ENSG00000279457.4	TTTAAGGC	1
TACCGATGCGATACTG	ENSG00000225630.1	noUMI	43
TACCGATGCGATACTG	ENSG00000225630.1	GCACGTCT	1
TACCGATGCGATACTG	ENSG00000225630.1	TCAAGTGT	1
TACCGATGCGATACTG	ENSG00000225630.1	CGATCATT	1
TACCGATGCGATACTG	ENSG00000225630.1	GAAGGGCT	3
TACCGATGCGATACTG	ENSG00000225630.1	ATACGTTC	1
TACCGATGCGATACTG	ENSG00000225630.1	GTCCGCAA	1
TACCGATGCGATACTG	ENSG00000225630.1	CGATGCAG	1
TACCGATGCGATACTG	ENSG00000225630.1	AGGGATTC	1
TACCGATGCGATACTG	ENSG00000225630.1	TCCTTAGG	1
TACCGATGCGATACTG	ENSG00000225630.1	AAACGGCT	1
TACCGATGCGATACTG	ENSG00000225630.1	GCTGACGA	1
TACCGATGCGATACTG	ENSG00000225630.1	AGTACGTG	2
TACCGATGCGATACTG	ENSG00000225630.1	AACTGGCA	1
TACCGATGCGATACTG	ENSG00000225630.1	GCGGTCCT	1
TACCGATGCGATACTG	ENSG00000225630.1	GAGGATCC	2
TACCGATGCGATACTG	ENSG00000225630.1	AACTGCCT	1
TACCGATGCGATACTG	ENSG00000225630.1	ACAACGTG	2
TACCGATGCGATACTG	ENSG00000225630.1	GCACACTA	1
TACCGATGCGATACTG	ENSG00000225630.1	TACTGAAT	1
TACCGATGCGATACTG	ENSG00000225630.1	GAAGTACG	1
TACCGATGCGATACTG	ENSG00000225630.1	TGAGCCAT	1
TACCGATGCGATACTG	ENSG00000225630.1	AGATGAGT	2
TACCGATGCGATACTG	ENSG00000225630.1	AAAGTACA	1
TACCGATGCGATACTG	ENSG00000225630.1	TAGGGACC	1
TACCGATGCGATACTG	ENSG00000225630.1	AAGAATGC	1
TACCGATGCGATACTG	ENSG00000225630.1	GTTGGATC	2
TACCGATGCGATACTG	ENSG00000225630.1	CCACTAGT	1
TACCGATGCGATACTG	ENSG00000225630.1	CGGGCACA	1
TACCGATGCGATACTG	ENSG00000225630.1	AAACGCTA	2
TACCGATGCGATACTG	ENSG00000225630.1	GTGTGGGC	1
TACCGATGCGATACTG	ENSG00000225630.1	TCGTAGCG	1
TACCGATGCGATACTG	ENSG00000225630.1	GTAGGTAG	2
TACCGATGCGATACTG	ENSG00000225630.1	TTGCACAC	1
TACCGATGCGATACTG	ENSG00000225630.1	CAACCTAC	1
TACCGATGCGATACTG	ENSG00000225630.1	CTGCTTAA	1
TACCGATGCGATACTG	ENSG00000225630.1	GCTGATTA	1
TACCGATGCGATACTG	ENSG00000225630.1	ACGGTCCA	1
TACCGATGCGATACTG	ENSG00000225630.1	CCTATCGA	1
TACCGATGCGATACTG	ENSG00000225630.1	TACGACAG	1
TACCGATGCGATACTG	ENSG00000225630.1	CGTAGATC	1
TACCGATGCGATACTG	ENSG00000225630.1	TACGGACA	1
TACCGATGCGATACTG	ENSG00000225630.1	GAGTCAAT	1
TACCGATGCGATACTG	ENSG00000225630.1	CGTAACTC	1
TACCGATGCGATACTG	ENSG00000225630.1	AGCAGAGG	1
TACCGATGCGATACTG	ENSG00000225630.1	ATTCGCGA	2
TACCGATGCGATACTG	ENSG00000225630.1	GTGCACCC	1
TACCGATGCGATACTG	ENSG00000225630.1	TAGTGGCG	1
TACCGATGCGATACTG	ENSG00000225630.1	GTGCGTGT	1
TACCGATGCGATACTG	ENSG00000225630.1	CGTATGAT	1
TACCGATGCGATACTG	ENSG00000225630.1	TACACGTG	1
TACCGATGCGATACTG	ENSG00000225630.1	AAGCACTT	1
TACCGATGCGATACTG	ENSG00000225630.1	GAGAACAC	1
TACCGATGCGATACTG	ENSG00000225630.1	TGAGGAAT	1
TACCGATGCGATACTG	ENSG00000225630.1	CGCGATAA	1
TACCGATGCGATACTG	ENSG00000225630.1	CATAAACA	1
TACCGATGCGATACTG	ENSG00000225630.1	ACACTCCA	1
TACCGATGCGATACTG	ENSG00000176022.7	noUMI	2
TACCGATGCGATACTG	ENSG00000176022.7	TCTGACGC	1
TACCGATGCGATACTG	ENSG00000228594.4	noUMI	4
TACCGATGCGATACTG	ENSG00000158292.7	noUMI	2
TACCGATGCGATACTG	ENSG00000235084.3	noUMI	1
TACCGATGCGATACTG	ENSG00000233954.6	AAGGGAGT	1
TACCGATGCGATACTG	ENSG00000233954.6	TAGACGTC	1
TACCGATGCGATACTG	ENSG00000288398.1	noUMI	4
TACCGATGCGATACTG	ENSG00000288398.1	TCAGTTCC	1
TACCGATGCGATACTG	ENSG00000090432.7	noUMI	17
TACCGATGCGATACTG	ENSG00000090432.7	AAATGTCC	2
TACCGATGCGATACTG	ENSG00000090432.7	AGCGGGTT	1
TACCGATGCGATACTG	ENSG00000179163.12	noUMI	7
TACCGATGCGATACTG	ENSG00000181773.7	noUMI	1
TACCGATGCGATACTG	ENSG00000130766.5	noUMI	1
TACCGATGCGATACTG	ENSG00000279443.1	TAGTGAGG	1
TACCGATGCGATACTG	ENSG00000175130.7	noUMI	14
TACCGATGCGATACTG	ENSG00000175130.7	CGTTCACA	1
TACCGATGCGATACTG	ENSG00000243749.1	noUMI	2
TACCGATGCGATACTG	ENSG00000243749.1	CAGGGGTG	1
TACCGATGCGATACTG	ENSG00000286899.1	noUMI	1
TACCGATGCGATACTG	ENSG00000286899.1	TACAGGTG	1
TACCGATGCGATACTG	ENSG00000116863.11	noUMI	20
TACCGATGCGATACTG	ENSG00000116981.4	noUMI	3
TACCGATGCGATACTG	ENSG00000224751.2	noUMI	2
TACCGATGCGATACTG	ENSG00000237424.1	noUMI	13
GGAGAGTTGAACCTGT	ENSG00000279457.4	GATAATGT	1
GGAGAGTTGAACCTGT	ENSG00000225972.1	noUMI	1
GGAGAGTTGAACCTGT	ENSG00000225630.1	CGAAATAC	1
GGAGAGTTGAACCTGT	ENSG00000225630.1	GATGCGTA	1
GGAGAGTTGAACCTGT	ENSG00000225630.1	ACTGCGTA	1
GGAGAGTTGAACCTGT	ENSG00000225630.1	GGATGGAA	1
GGAGAGTTGAACCTGT	ENSG00000225630.1	GCAACTTG	1
GGAGAGTTGAACCTGT	ENSG00000225630.1	GGAGTAAA	2
GGAGAGTTGAACCTGT	ENSG00000225630.1	CAGGATAT	1
GGAGAGTTGAACCTGT	ENSG00000225630.1	GGGGTATG	2
GGAGAGTTGAACCTGT	ENSG00000225630.1	TAGATACG	1
GGAGAGTTGAACCTGT	ENSG00000225630.1	GATTGGCA	1
GGAGAGTTGAACCTGT	ENSG00000225630.1	GCATCGGT	1
GGAGAGTTGAACCTGT	ENSG00000225630.1	noUMI	18
GGAGAGTTGAACCTGT	ENSG00000225630.1	ATGATGTG	1
GGAGAGTTGAACCTGT	ENSG00000225630.1	CGGGCTTA	1
GGAGAGTTGAACCTGT	ENSG00000225630.1	GAGGGATA	1
GGAGAGTTGAACCTGT	ENSG00000225630.1	CAATTCGT	1
GGAGAGTTGAACCTGT	ENSG00000225630.1	AGCTCACG	1
GGAGAGTTGAACCTGT	ENSG00000225630.1	CACAGACA	1
GGAGAGTTGAACCTGT	ENSG00000225630.1	ATCGGACA	1
GGAGAGTTGAACCTGT	ENSG00000225630.1	CAACCTAG	1
GGAGAGTTGAACCTGT	ENSG00000225630.1	AGGGCACA	1
GGAGAGTTGAACCTGT	ENSG00000225630.1	AATAGTGT	1
GGAGAGTTGAACCTGT	ENSG00000225630.1	CCATAGTC	1
GGAGAGTTGAACCTGT	ENSG00000225630.1	ATTGCATA	1
GGAGAGTTGAACCTGT	ENSG00000225630.1	TCTCCCGA	1
GGAGAGTTGAACCTGT	ENSG00000225630.1	TCGTCTGT	1
GGAGAGTTGAACCTGT	ENSG00000225630.1	AGCATTCC	1
GGAGAGTTGAACCTGT	ENSG00000225630.1	ACGTATAA	1
GGAGAGTTGAACCTGT	ENSG00000225630.1	AATGTAAT	1
GGAGAGTTGAACCTGT	ENSG00000225630.1	GCGAGTCC	1
GGAGAGTTGAACCTGT	ENSG00000225630.1	AATAGGTA	1
GGAGAGTTGAACCTGT	ENSG00000225630.1	TAGAATAT	1
GGAGAGTTGAACCTGT	ENSG00000225630.1	ATCCAGGA	2
GGAGAGTTGAACCTGT	ENSG00000225630.1	CCTAATGC	1
GGAGAGTTGAACCTGT	ENSG00000225630.1	CATACGGT	1
GGAGAGTTGAACCTGT	ENSG00000225630.1	TGGCCTTG	1
GGAGAGTTGAACCTGT	ENSG00000225630.1	AGGAAGGC	1
GGAGAGTTGAACCTGT	ENSG00000225630.1	ACATGTGC	2
GGAGAGTTGAACCTGT	ENSG00000225630.1	TCCTTGAG	1
GGAGAGTTGAACCTGT	ENSG00000225630.1	ACGTTGGA	1
GGAGAGTTGAACCTGT	ENSG00000225630.1	ATGTAAAG	1
GGAGAGTTGAACCTGT	ENSG00000225630.1	CTTACCGA	2
GGAGAGTTGAACCTGT	ENSG00000225630.1	TACTCGGT	1
GGAGAGTTGAACCTGT	ENSG00000225630.1	GGACTCTA	1
GGAGAGTTGAACCTGT	ENSG00000225630.1	GGGGGCAC	1
GGAGAGTTGAACCTGT	ENSG00000225630.1	CCATCCTA	1
GGAGAGTTGAACCTGT	ENSG00000225630.1	CTACTACG	1
GGAGAGTTGAACCTGT	ENSG00000225630.1	CGTAAGAC	1
GGAGAGTTGAACCTGT	ENSG00000225630.1	TCTACCGT	1
GGAGAGTTGAACCTGT	ENSG00000225630.1	GGAAAACT	1
GGAGAGTTGAACCTGT	ENSG00000225630.1	TTTCCGGT	1
GGAGAGTTGAACCTGT	ENSG00000225630.1	TCTGGAGT	1
GGAGAGTTGAACCTGT	ENSG00000225630.1	GGCATTGT	1
GGAGAGTTGAACCTGT	ENSG00000225630.1	TATTGTGG	1
GGAGAGTTGAACCTGT	ENSG00000225630.1	CACATGAC	1
GGAGAGTTGAACCTGT	ENSG00000225630.1	GCTGAACT	1
GGAGAGTTGAACCTGT	ENSG00000176022.7	CAGCTTGG	1
GGAGAGTTGAACCTGT	ENSG00000238260.1	CTAGACCG	1
GGAGAGTTGAACCTGT	ENSG00000171612.7	noUMI	1
GGAGAGTTGAACCTGT	ENSG00000231789.2	noUMI	1
GGAGAGTTGAACCTGT	ENSG00000231789.2	CTCAGTCG	1
GGAGAGTTGAACCTGT	ENSG00000288398.1	noUMI	3
GGAGAGTTGAACCTGT	ENSG00000261135.1	noUMI	1
GGAGAGTTGAACCTGT	ENSG00000090432.7	CACGAATT	2
GGAGAGTTGAACCTGT	ENSG00000090432.7	noUMI	7
GGAGAGTTGAACCTGT	ENSG00000179163.12	noUMI	9
GGAGAGTTGAACCTGT	ENSG00000179163.12	TGAGGGGT	2
GGAGAGTTGAACCTGT	ENSG00000175130.7	noUMI	1
GGAGAGTTGAACCTGT	ENSG00000243749.1	noUMI	1
GGAGAGTTGAACCTGT	ENSG00000236274.1	noUMI	3
GGAGAGTTGAACCTGT	ENSG00000116863.11	GGTGTCGG	3
GGAGAGTTGAACCTGT	ENSG00000116863.11	noUMI	13
GGAGAGTTGAACCTGT	ENSG00000117000.9	noUMI	10
GGAGAGTTGAACCTGT	ENSG00000259943.1	noUMI	1
GGAGAGTTGAACCTGT	ENSG00000237424.1	GATACCCG	1
GGAGAGTTGAACCTGT	ENSG00000238140.1	noUMI	1
GGAGAGTTGAACCTGT	ENSG00000066557.6	noUMI	15
GGAGAGTTGAACCTGT	ENSG00000066557.6	CTGAAATC	1
GGAGAGTTGAACCTGT	ENSG00000271992.1	noUMI	3
GGAGAGTTGAACCTGT	ENSG00000271576.1	noUMI	4
GGAGAGTTGAACCTGT	ENSG00000280099.1	noUMI	4
GGAGAGTTGAACCTGT	ENSG00000137970.7	noUMI	1
GGAGAGTTGAACCTGT	ENSG00000137970.7	GGCGCTTC	1
GGAGAGTTGAACCTGT	ENSG00000065135.12	noUMI	47
GGAGAGTTGAACCTGT	ENSG00000065135.12	CGACTGAG	2
GGAGAGTTGAACCTGT	ENSG00000065135.12	ATGAGCGT	1
GGAGAGTTGAACCTGT	ENSG00000065135.12	AACTAAAG	1
GGAGAGTTGAACCTGT	ENSG00000065135.12	CGAGTCGC	2
GGAGAGTTGAACCTGT	ENSG00000065135.12	GTCGGCGT	1
GGAGAGTTGAACCTGT	ENSG00000065135.12	TGCAAAAG	1
GGAGAGTTGAACCTGT	ENSG00000213281.5	noUMI	12
GGAGAGTTGAACCTGT	ENSG00000213281.5	GCAAATTA	1
GGAGAGTTGAACCTGT	ENSG00000213281.5	GAAGGATG	1
GGAGAGTTGAACCTGT	ENSG00000143067.5	noUMI	2
GGAGAGTTGAACCTGT	ENSG00000244371.2	AGGTGTGG	1
GGAGAGTTGAACCTGT	ENSG00000203812.2	AGCCAAAC	1
GGAGAGTTGAACCTGT	ENSG00000282386.1	noUMI	1
AAGCCGTTGGAGTAAC	ENSG00000225630.1	noUMI	8
AAGCCGTTGGAGTAAC	ENSG00000225630.1	CCGTACGT	1
AAGCCGTTGGAGTAAC	ENSG00000225630.1	GAAAGCAT	1
AAGCCGTTGGAGTAAC	ENSG00000225630.1	AAACGATG	1
AAGCCGTTGGAGTAAC	ENSG00000225630.1	CCCACAGA	1
AAGCCGTTGGAGTAAC	ENSG00000225630.1	CAGTACGG	1
AAGCCGTTGGAGTAAC	ENSG00000225630.1	ATGAGAGA	1
AAGCCGTTGGAGTAAC	ENSG00000225630.1	CGATCAAA	1
AAGCCGTTGGAGTAAC	ENSG00000225630.1	ACGTGTCG	1
AAGCCGTTGGAGTAAC	ENSG00000225630.1	ATAACACC	2
AAGCCGTTGGAGTAAC	ENSG00000225630.1	GGTTCGAG	1
AAGCCGTTGGAGTAAC	ENSG00000225630.1	ACAACAGG	2
AAGCCGTTGGAGTAAC	ENSG00000225630.1	TTTGAGTT	1
AAGCCGTTGGAGTAAC	ENSG00000225630.1	GAGAGGCC	1
AAGCCGTTGGAGTAAC	ENSG00000225630.1	CAAGTTCT	1
AAGCCGTTGGAGTAAC	ENSG00000225630.1	ATTAATCC	1
AAGCCGTTGGAGTAAC	ENSG00000225630.1	GCCTCGCT	1
AAGCCGTTGGAGTAAC	ENSG00000225630.1	TTAACGCT	2
AAGCCGTTGGAGTAAC	ENSG00000225630.1	CTGGATTA	1
AAGCCGTTGGAGTAAC	ENSG00000225630.1	CAGGACGA	3
AAGCCGTTGGAGTAAC	ENSG00000225630.1	GGTTAGCG	1
AAGCCGTTGGAGTAAC	ENSG00000225630.1	TACTGATG	1
AAGCCGTTGGAGTAAC	ENSG00000225630.1	CATGACCT	1
AAGCCGTTGGAGTAAC	ENSG00000225630.1	CGTGTCAT	1
AAGCCGTTGGAGTAAC	ENSG00000225630.1	GGAATTTG	1
AAGCCGTTGGAGTAAC	ENSG00000225630.1	GAAAGCCC	1
AAGCCGTTGGAGTAAC	ENSG00000225630.1	CACCATAT	1
AAGCCGTTGGAGTAAC	ENSG00000225630.1	TCTGTCCG	2
AAGCCGTTGGAGTAAC	ENSG00000225630.1	CGGTACAT	1
AAGCCGTTGGAGTAAC	ENSG00000225630.1	GAATCAAA	1
AAGCCGTTGGAGTAAC	ENSG00000225630.1	ACTAGCAC	1
AAGCCGTTGGAGTAAC	ENSG00000225630.1	TTACGATC	1
AAGCCGTTGGAGTAAC	ENSG00000225630.1	CCACAGAG	1
AAGCCGTTGGAGTAAC	ENSG00000225630.1	ATTGGGAC	1
AAGCCGTTGGAGTAAC	ENSG00000225630.1	GGGCTGGC	1
AAGCCGTTGGAGTAAC	ENSG00000225630.1	AGCGTACC	1
AAGCCGTTGGAGTAAC	ENSG00000225630.1	ATAAAAGC	2
AAGCCGTTGGAGTAAC	ENSG00000225630.1	TAGCGTTC	1
AAGCCGTTGGAGTAAC	ENSG00000225630.1	AGGCATTC	1
AAGCCGTTGGAGTAAC	ENSG00000225630.1	GCCCATGA	1
AAGCCGTTGGAGTAAC	ENSG00000225630.1	AGGACTAG	1
AAGCCGTTGGAGTAAC	ENSG00000225630.1	CAAACGAG	1
AAGCCGTTGGAGTAAC	ENSG00000225630.1	AGATGAAA	1
AAGCCGTTGGAGTAAC	ENSG00000225630.1	AGGTAGCG	1
AAGCCGTTGGAGTAAC	ENSG00000176022.7	noUMI	1
AAGCCGTTGGAGTAAC	ENSG00000284652.1	TCAGACGA	2
AAGCCGTTGGAGTAAC	ENSG00000233954.6	ACAGACAT	1
AAGCCGTTGGAGTAAC	ENSG00000233954.6	TCTAAGTG	1
AAGCCGTTGGAGTAAC	ENSG00000288398.1	noUMI	2
AAGCCGTTGGAGTAAC	ENSG00000090432.7	CTGGAGGC	1
AAGCCGTTGGAGTAAC	ENSG00000090432.7	GTAGTGTG	1
AAGCCGTTGGAGTAAC	ENSG00000179163.12	CCATGTTC	1
AAGCCGTTGGAGTAAC	ENSG00000179163.12	GCGTTAGC	1
AAGCCGTTGGAGTAAC	ENSG00000130766.5	CAGGAGGA	2
AAGCCGTTGGAGTAAC	ENSG00000175130.7	noUMI	4
AAGCCGTTGGAGTAAC	ENSG00000243749.1	noUMI	1
AAGCCGTTGGAGTAAC	ENSG00000286899.1	noUMI	1
AAGCCGTTGGAGTAAC	ENSG00000286899.1	GTAGGAGA	1
AAGCCGTTGGAGTAAC	ENSG00000116863.11	TTAGGGGG	1
AAGCCGTTGGAGTAAC	ENSG00000117000.9	noUMI	2
AAGCCGTTGGAGTAAC	ENSG00000169213.7	noUMI	1
AAGCCGTTGGAGTAAC	ENSG00000259818.1	noUMI	1
AAGCCGTTGGAGTAAC	ENSG00000066557.6	CTTAACCA	1
AAGCCGTTGGAGTAAC	ENSG00000272931.1	CTGGGTAT	2
AAGCCGTTGGAGTAAC	ENSG00000137970.7	AAAGGCAA	1
AAGCCGTTGGAGTAAC	ENSG00000137970.7	CATTCCAT	1
AAGCCGTTGGAGTAAC	ENSG00000137970.7	TTGCCCAC	1
AAGCCGTTGGAGTAAC	ENSG00000137970.7	GGGCATAT	1
AAGCCGTTGGAGTAAC	ENSG00000137970.7	TGGCAGCC	1
AAGCCGTTGGAGTAAC	ENSG00000065135.12	ATGCAGCT	1
AAGCCGTTGGAGTAAC	ENSG00000065135.12	noUMI	12
AAGCCGTTGGAGTAAC	ENSG00000065135.12	CACTTTGG	1
AAGCCGTTGGAGTAAC	ENSG00000238198.2	noUMI	2
AAGCCGTTGGAGTAAC	ENSG00000213281.5	noUMI	5
AAGCCGTTGGAGTAAC	ENSG00000286019.1	GTAACCTA	1
AAGCCGTTGGAGTAAC	ENSG00000285651.1	noUMI	1
AAGCCGTTGGAGTAAC	ENSG00000272654.1	noUMI	2
AAGCCGTTGGAGTAAC	ENSG00000163344.6	ATGGCCGG	1
AAGCCGTTGGAGTAAC	ENSG00000163344.6	CCGGAGCT	1
AAGCCGTTGGAGTAAC	ENSG00000163344.6	GTCAAAAA	2
AAGCCGTTGGAGTAAC	ENSG00000132718.9	GATGTACC	1
AAGCCGTTGGAGTAAC	ENSG00000132718.9	CCAGGGGA	2
AAGCCGTTGGAGTAAC	ENSG00000132718.9	noUMI	1
AAGCCGTTGGAGTAAC	ENSG00000132688.11	noUMI	2
AAGCCGTTGGAGTAAC	ENSG00000237756.1	noUMI	1
AAGCCGTTGGAGTAAC	ENSG00000162783.11	AGTAGGAG	2
AAGCCGTTGGAGTAAC	ENSG00000143333.7	CGCCTATG	1
AAGCCGTTGGAGTAAC	ENSG00000183155.5	GATAACGC	1
AAGCCGTTGGAGTAAC	ENSG00000158615.9	TGTCCACG	1
AAGCCGTTGGAGTAAC	ENSG00000158615.9	noUMI	1
AAGCCGTTGGAGTAAC	ENSG00000218283.2	GGGGGGGT	1
AAGCCGTTGGAGTAAC	ENSG00000218283.2	GGAATCTC	1
AAGCCGTTGGAGTAAC	ENSG00000218283.2	AGGCCCCG	1
AAGCCGTTGGAGTAAC	ENSG00000143751.10	noUMI	6
AAGCCGTTGGAGTAAC	ENSG00000143751.10	TTCTGGAT	1
AAGCCGTTGGAGTAAC	ENSG00000143751.10	AGAATAGA	2
AAGCCGTTGGAGTAAC	ENSG00000143751.10	GCTGAGGT	2
AAGCCGTTGGAGTAAC	ENSG00000143751.10	AATGTACA	4
AAGCCGTTGGAGTAAC	ENSG00000143751.10	TCGGGATA	1
AAGCCGTTGGAGTAAC	ENSG00000143751.10	TGGAATAT	1
AAGCCGTTGGAGTAAC	ENSG00000181218.5	noUMI	5
AAGCCGTTGGAGTAAC	ENSG00000143653.10	noUMI	2
AAGCCGTTGGAGTAAC	ENSG00000143653.10	AAGAAGGA	1
AAGCCGTTCAGATTCG	ENSG00000279457.4	TCAGGACT	1
AAGCCGTTCAGATTCG	ENSG00000279457.4	noUMI	2
AAGCCGTTCAGATTCG	ENSG00000279457.4	TCGGCAAT	1
AAGCCGTTCAGATTCG	ENSG00000225630.1	noUMI	78
AAGCCGTTCAGATTCG	ENSG00000225630.1	GTAAGACT	1
AAGCCGTTCAGATTCG	ENSG00000225630.1	TAGCAGAC	1
AAGCCGTTCAGATTCG	ENSG00000225630.1	TCAATCGT	1
AAGCCGTTCAGATTCG	ENSG00000225630.1	GAAGATTC	2
AAGCCGTTCAGATTCG	ENSG00000225630.1	TCCGGTGT	1
AAGCCGTTCAGATTCG	ENSG00000225630.1	AGGGCCAG	1
AAGCCGTTCAGATTCG	ENSG00000225630.1	GGCCATCT	3
AAGCCGTTCAGATTCG	ENSG00000225630.1	CATTAGCA	1
AAGCCGTTCAGATTCG	ENSG00000225630.1	CGTGGAAC	1
AAGCCGTTCAGATTCG	ENSG00000225630.1	CATCTAAT	1
AAGCCGTTCAGATTCG	ENSG00000225630.1	GAAGCGAC	1
AAGCCGTTCAGATTCG	ENSG00000225630.1	CCTGAGAT	1
AAGCCGTTCAGATTCG	ENSG00000225630.1	CGTCGGGA	1
AAGCCGTTCAGATTCG	ENSG00000225630.1	CCAATACG	1
AAGCCGTTCAGATTCG	ENSG00000225630.1	AGTATCCT	1
AAGCCGTTCAGATTCG	ENSG00000225630.1	CCGTCTGA	1
AAGCCGTTCAGATTCG	ENSG00000225630.1	AGACTTCT	1
AAGCCGTTCAGATTCG	ENSG00000225630.1	GGGATAGT	1
AAGCCGTTCAGATTCG	ENSG00000225630.1	GGAAACGT	1
AAGCCGTTCAGATTCG	ENSG00000225630.1	CATAGAAA	1
AAGCCGTTCAGATTCG	ENSG00000225630.1	GGTAGGTA	1
AAGCCGTTCAGATTCG	ENSG00000225630.1	GAGTGTGT	2
AAGCCGTTCAGATTCG	ENSG00000225630.1	GCTTGTAA	1
AAGCCGTTCAGATTCG	ENSG00000225630.1	ACAGTCTG	1
AAGCCGTTCAGATTCG	ENSG00000225630.1	ATTATCGC	1
AAGCCGTTCAGATTCG	ENSG00000225630.1	CCGGGTCC	1
AAGCCGTTCAGATTCG	ENSG00000225630.1	CTGATTAG	1
AAGCCGTTCAGATTCG	ENSG00000225630.1	GCCAGCCA	1
AAGCCGTTCAGATTCG	ENSG00000225630.1	GGGCCCGA	1
AAGCCGTTCAGATTCG	ENSG00000225630.1	ACTCCGTA	1
AAGCCGTTCAGATTCG	ENSG00000225630.1	GGAACCCA	1
AAGCCGTTCAGATTCG	ENSG00000225630.1	ACTCCACT	3
AAGCCGTTCAGATTCG	ENSG00000225630.1	AGGCTACA	1
AAGCCGTTCAGATTCG	ENSG00000225630.1	TAGAAGGC	1
AAGCCGTTCAGATTCG	ENSG00000225630.1	GCCACACC	1
AAGCCGTTCAGATTCG	ENSG00000225630.1	TCCATACG	1
AAGCCGTTCAGATTCG	ENSG00000225630.1	CCTCGCTA	1
AAGCCGTTCAGATTCG	ENSG00000225630.1	GCGCCTTC	1
AAGCCGTTCAGATTCG	ENSG00000225630.1	TCTGCAGT	2
AAGCCGTTCAGATTCG	ENSG00000225630.1	CATATGTG	1
AAGCCGTTCAGATTCG	ENSG00000225630.1	GCCCAGAA	2
AAGCCGTTCAGATTCG	ENSG00000225630.1	CGTAGAGT	1
AAGCCGTTCAGATTCG	ENSG00000225630.1	TAGCGGAG	1
AAGCCGTTCAGATTCG	ENSG00000225630.1	CCGTGGGA	1
AAGCCGTTCAGATTCG	ENSG00000225630.1	CCATAGAC	1
AAGCCGTTCAGATTCG	ENSG00000225630.1	ATAACGTA	1
AAGCCGTTCAGATTCG	ENSG00000225630.1	TTCGCGAC	1
AAGCCGTTCAGATTCG	ENSG00000225630.1	GACGCTTA	1
AAGCCGTTCAGATTCG	ENSG00000225630.1	GAGAACCA	3
AAGCCGTTCAGATTCG	ENSG00000225630.1	TCATCTGC	2
AAGCCGTTCAGATTCG	ENSG00000225630.1	ATCTAAGT	1
AAGCCGTTCAGATTCG	ENSG00000225630.1	TCAGATAT	2
AAGCCGTTCAGATTCG	ENSG00000225630.1	TAAGCGTG	2
AAGCCGTTCAGATTCG	ENSG00000225630.1	GACCGGGC	1
AAGCCGTTCAGATTCG	ENSG00000225630.1	GGATCTTC	1
AAGCCGTTCAGATTCG	ENSG00000225630.1	GCTACTAA	1
AAGCCGTTCAGATTCG	ENSG00000225630.1	GGACCAAT	2
AAGCCGTTCAGATTCG	ENSG00000225630.1	AGACGGTT	1
AAGCCGTTCAGATTCG	ENSG00000272455.1	noUMI	1
AAGCCGTTCAGATTCG	ENSG00000171612.7	AGCCGGGC	1
AAGCCGTTCAGATTCG	ENSG00000171612.7	AGGGCGAC	1
AAGCCGTTCAGATTCG	ENSG00000171612.7	ATCAACTA	1
AAGCCGTTCAGATTCG	ENSG00000171612.7	noUMI	11
AAGCCGTTCAGATTCG	ENSG00000241563.4	noUMI	2
AAGCCGTTCAGATTCG	ENSG00000233954.6	CCTGACAT	1
AAGCCGTTCAGATTCG	ENSG00000288398.1	noUMI	2
AAGCCGTTCAGATTCG	ENSG00000288398.1	TACAGGGT	1
AAGCCGTTCAGATTCG	ENSG00000090432.7	noUMI	20
AAGCCGTTCAGATTCG	ENSG00000090432.7	CTACACTG	2
AAGCCGTTCAGATTCG	ENSG00000090432.7	AATAGAGT	1
AAGCCGTTCAGATTCG	ENSG00000175130.7	noUMI	4
AAGCCGTTCAGATTCG	ENSG00000175130.7	GGGTCCAG	3
AAGCCGTTCAGATTCG	ENSG00000175130.7	GGACCTTC	2
AAGCCGTTCAGATTCG	ENSG00000175130.7	CTACACCG	1
AAGCCGTTCAGATTCG	ENSG00000116863.11	noUMI	33
AAGCCGTTCAGATTCG	ENSG00000116863.11	AACTCACT	1
AAGCCGTTCAGATTCG	ENSG00000286379.1	noUMI	3
AAGCCGTTCAGATTCG	ENSG00000116981.4	noUMI	7
AAGCCGTTCAGATTCG	ENSG00000117000.9	noUMI	1
TTGGAACCCCATCCAA	ENSG00000225630.1	AATGACAT	1
TTGGAACCCCATCCAA	ENSG00000225630.1	noUMI	21
TTGGAACCCCATCCAA	ENSG00000225630.1	AACATGCA	2
TTGGAACCCCATCCAA	ENSG00000225630.1	TCGCTCAT	1
TTGGAACCCCATCCAA	ENSG00000225630.1	GTGTGGTA	1
TTGGAACCCCATCCAA	ENSG00000225630.1	TGTACAAC	1
TTGGAACCCCATCCAA	ENSG00000225630.1	TCGTCCAA	1
TTGGAACCCCATCCAA	ENSG00000225630.1	CTTATGTG	1
TTGGAACCCCATCCAA	ENSG00000225630.1	ACACTCTC	1
TTGGAACCCCATCCAA	ENSG00000225630.1	AGTGGCGG	1
TTGGAACCCCATCCAA	ENSG00000225630.1	ACAATAAT	1
TTGGAACCCCATCCAA	ENSG00000225630.1	ACAGGCGA	1
TTGGAACCCCATCCAA	ENSG00000225630.1	GTCTGTAG	1
TTGGAACCCCATCCAA	ENSG00000225630.1	GCGTCTGT	1
TTGGAACCCCATCCAA	ENSG00000225630.1	GGCATAAA	1
TTGGAACCCCATCCAA	ENSG00000225630.1	AGGATCGG	1
TTGGAACCCCATCCAA	ENSG00000225630.1	AACTAAAC	1
TTGGAACCCCATCCAA	ENSG00000225630.1	ATACGGAG	1
TTGGAACCCCATCCAA	ENSG00000225630.1	CACGGTTC	1
TTGGAACCCCATCCAA	ENSG00000225630.1	TCGACTGA	1
TTGGAACCCCATCCAA	ENSG00000225630.1	CCATCCGG	1
TTGGAACCCCATCCAA	ENSG00000225630.1	ACACAGGT	1
TTGGAACCCCATCCAA	ENSG00000225630.1	GTAGGCGC	1
TTGGAACCCCATCCAA	ENSG00000225630.1	GCCAGACA	1
TTGGAACCCCATCCAA	ENSG00000225630.1	TGTTGTGT	1
TTGGAACCCCATCCAA	ENSG00000225630.1	GGAAACTG	1
TTGGAACCCCATCCAA	ENSG00000225630.1	AGCGTGTA	1
TTGGAACCCCATCCAA	ENSG00000225630.1	TCCTCAAG	1
TTGGAACCCCATCCAA	ENSG00000225630.1	TGGTGTAG	2
TTGGAACCCCATCCAA	ENSG00000225630.1	CGTTGACG	1
TTGGAACCCCATCCAA	ENSG00000225630.1	CATAAAGT	1
TTGGAACCCCATCCAA	ENSG00000225630.1	TTGCGTAC	2
TTGGAACCCCATCCAA	ENSG00000225630.1	ATACTTGG	2
TTGGAACCCCATCCAA	ENSG00000225630.1	CGGGGTTG	2
TTGGAACCCCATCCAA	ENSG00000225630.1	GGGGGTCG	2
TTGGAACCCCATCCAA	ENSG00000225630.1	GCGGGCGG	1
TTGGAACCCCATCCAA	ENSG00000225630.1	GCCGCTAT	2
TTGGAACCCCATCCAA	ENSG00000225630.1	GCCACGGT	1
TTGGAACCCCATCCAA	ENSG00000225630.1	GCTGTCGG	1
TTGGAACCCCATCCAA	ENSG00000225630.1	GCGACTCG	1
TTGGAACCCCATCCAA	ENSG00000225630.1	TGGTATGA	1
TTGGAACCCCATCCAA	ENSG00000225630.1	TCCTCACG	1
TTGGAACCCCATCCAA	ENSG00000225630.1	ATTCGCCA	1
TTGGAACCCCATCCAA	ENSG00000225630.1	CACACATG	1
TTGGAACCCCATCCAA	ENSG00000225630.1	TCCATATT	1
TTGGAACCCCATCCAA	ENSG00000176022.7	noUMI	1
TTGGAACCCCATCCAA	ENSG00000286989.1	noUMI	2
TTGGAACCCCATCCAA	ENSG00000288398.1	noUMI	5
TTGGAACCCCATCCAA	ENSG00000288398.1	CTCTGTGT	1
TTGGAACCCCATCCAA	ENSG00000090432.7	noUMI	10
TTGGAACCCCATCCAA	ENSG00000090432.7	CATCAATG	1
TTGGAACCCCATCCAA	ENSG00000090432.7	GTAAGTCG	1
TTGGAACCCCATCCAA	ENSG00000235112.1	noUMI	1
TTGGAACCCCATCCAA	ENSG00000179163.12	noUMI	6
TTGGAACCCCATCCAA	ENSG00000287244.1	GCTCACGA	1
TTGGAACCCCATCCAA	ENSG00000237329.2	noUMI	2
TTGGAACCCCATCCAA	ENSG00000175130.7	CACGAGGA	1
TTGGAACCCCATCCAA	ENSG00000175130.7	noUMI	2
TTGGAACCCCATCCAA	ENSG00000243749.1	noUMI	2
TTGGAACCCCATCCAA	ENSG00000286899.1	noUMI	1
TTGGAACCCCATCCAA	ENSG00000116863.11	noUMI	5
TTGGAACCCCATCCAA	ENSG00000116863.11	GGTCGCCC	1
TTGGAACCCCATCCAA	ENSG00000116863.11	ACCCGAAC	1
TTGGAACCCCATCCAA	ENSG00000163909.8	noUMI	1
TTGGAACCCCATCCAA	ENSG00000169213.7	noUMI	5
TTGGAACCCCATCCAA	ENSG00000169213.7	GCTAAAGG	1
TTGGAACCCCATCCAA	ENSG00000066557.6	noUMI	4
TTGGAACCCCATCCAA	ENSG00000066557.6	TGTCAACC	1
TTGGAACCCCATCCAA	ENSG00000066557.6	AAGTCTGA	5
TTGGAACCCCATCCAA	ENSG00000226084.5	ACGGAGCC	1
TTGGAACCCCATCCAA	ENSG00000226084.5	CCGGTAAT	1
TTGGAACCCCATCCAA	ENSG00000271576.1	noUMI	6
TTGGAACCCCATCCAA	ENSG00000143032.8	noUMI	2
TTGGAACCCCATCCAA	ENSG00000137970.7	noUMI	4
TTGGAACCCCATCCAA	ENSG00000137970.7	CCAAAGCG	1
TTGGAACCCCATCCAA	ENSG00000137970.7	CTCATAGG	1
TTGGAACCCCATCCAA	ENSG00000137970.7	GTCATGCC	1
TTGGAACCCCATCCAA	ENSG00000137970.7	GTTCGACG	1
TTGGAACCCCATCCAA	ENSG00000137970.7	GGGTAAGG	1
TTGGAACCCCATCCAA	ENSG00000137970.7	ATCGGACA	1
TTGGAACCCCATCCAA	ENSG00000137970.7	GACGCGAG	1
TTGGAACCCCATCCAA	ENSG00000137970.7	TTGCGTGT	1
TTGGAACCCCATCCAA	ENSG00000137970.7	ATTTCGTT	1
TTGGAACCCCATCCAA	ENSG00000065135.12	TCGAATCG	1
TTGGAACCCCATCCAA	ENSG00000065135.12	noUMI	31
TTGGAACCCCATCCAA	ENSG00000065135.12	GCCGTCCC	1
TTGGAACCCCATCCAA	ENSG00000065135.12	GGAGTTAT	1
TTGGAACCCCATCCAA	ENSG00000235299.2	noUMI	1
TTGGAACCCCATCCAA	ENSG00000213281.5	noUMI	10
TTGGAACCCCATCCAA	ENSG00000183508.5	GGACGTAT	2
TTGGAACCCCATCCAA	ENSG00000225080.1	noUMI	1
TTGGAACCCCATCCAA	ENSG00000286019.1	noUMI	1
TTGGAACCCCATCCAA	ENSG00000184260.6	TATCGGTT	1
TTGGAACCCCATCCAA	ENSG00000184260.6	CGCTGCTT	1
TTGGAACCCCATCCAA	ENSG00000184260.6	CGGTTCTC	1
TTGGAACCCCATCCAA	ENSG00000184260.6	GTCCAATA	1
TTGGAACCCCATCCAA	ENSG00000261168.1	noUMI	2
TTGGAACCCCATCCAA	ENSG00000261168.1	CGGGCAGG	1
TCCAAGTCGAACCTGT	ENSG00000225630.1	GTTGGTGA	1
TCCAAGTCGAACCTGT	ENSG00000225630.1	ACTGGTGC	1
TCCAAGTCGAACCTGT	ENSG00000225630.1	GGTTGCTC	1
TCCAAGTCGAACCTGT	ENSG00000225630.1	AAAAACGC	1
TCCAAGTCGAACCTGT	ENSG00000225630.1	GGAACTTT	1
TCCAAGTCGAACCTGT	ENSG00000225630.1	TACAAGCC	1
TCCAAGTCGAACCTGT	ENSG00000225630.1	ACATCGGG	1
TCCAAGTCGAACCTGT	ENSG00000225630.1	TCTGCCTA	1
TCCAAGTCGAACCTGT	ENSG00000225630.1	GAGAACAT	1
TCCAAGTCGAACCTGT	ENSG00000225630.1	CAAGCGCT	1
TCCAAGTCGAACCTGT	ENSG00000225630.1	AAACACAG	2
TCCAAGTCGAACCTGT	ENSG00000225630.1	TCCAGGCA	1
TCCAAGTCGAACCTGT	ENSG00000225630.1	AAACCTCG	1
TCCAAGTCGAACCTGT	ENSG00000225630.1	GGAATGCA	1
TCCAAGTCGAACCTGT	ENSG00000225630.1	CAACTAAT	1
TCCAAGTCGAACCTGT	ENSG00000225630.1	ACCTCCAC	1
TCCAAGTCGAACCTGT	ENSG00000225630.1	ATCTCGCA	1
TCCAAGTCGAACCTGT	ENSG00000225630.1	GCCGAAAC	4
TCCAAGTCGAACCTGT	ENSG00000225630.1	AGCTGTTC	1
TCCAAGTCGAACCTGT	ENSG00000225630.1	CGGGCTCA	1
TCCAAGTCGAACCTGT	ENSG00000225630.1	noUMI	15
TCCAAGTCGAACCTGT	ENSG00000225630.1	ACTAACGC	1
TCCAAGTCGAACCTGT	ENSG00000225630.1	CAACGGAG	2
TCCAAGTCGAACCTGT	ENSG00000225630.1	GGCCTCGA	1
TCCAAGTCGAACCTGT	ENSG00000225630.1	CGTGTAAA	1
TCCAAGTCGAACCTGT	ENSG00000225630.1	ACTACACG	1
TCCAAGTCGAACCTGT	ENSG00000225630.1	ACCGCAGA	1
TCCAAGTCGAACCTGT	ENSG00000225630.1	GTGACACA	1
TCCAAGTCGAACCTGT	ENSG00000225630.1	GGGCCTAT	1
TCCAAGTCGAACCTGT	ENSG00000225630.1	TGTCAGGT	1
TCCAAGTCGAACCTGT	ENSG00000225630.1	AATCACCC	2
TCCAAGTCGAACCTGT	ENSG00000225630.1	TGGGGTCC	1
TCCAAGTCGAACCTGT	ENSG00000225630.1	CTAGCGTG	1
TCCAAGTCGAACCTGT	ENSG00000225630.1	AGAAGACC	1
TCCAAGTCGAACCTGT	ENSG00000225630.1	TCTAACGT	1
TCCAAGTCGAACCTGT	ENSG00000225630.1	TACATAAG	1
TCCAAGTCGAACCTGT	ENSG00000225630.1	GCTAACTT	1
TCCAAGTCGAACCTGT	ENSG00000225630.1	TTCACTAT	1
TCCAAGTCGAACCTGT	ENSG00000225630.1	TCACCGTT	1
TCCAAGTCGAACCTGT	ENSG00000225630.1	ATCAGGAT	1
TCCAAGTCGAACCTGT	ENSG00000225630.1	CTTGTATG	1
TCCAAGTCGAACCTGT	ENSG00000225630.1	AGTGGTCA	1
TCCAAGTCGAACCTGT	ENSG00000225630.1	TACAATCG	1
TCCAAGTCGAACCTGT	ENSG00000225630.1	AATCATGA	1
TCCAAGTCGAACCTGT	ENSG00000225630.1	GGAGCTAG	2
TCCAAGTCGAACCTGT	ENSG00000225630.1	TCCAACGC	1
TCCAAGTCGAACCTGT	ENSG00000225630.1	CATTGGTG	2
TCCAAGTCGAACCTGT	ENSG00000225630.1	GTCAGTTG	1
TCCAAGTCGAACCTGT	ENSG00000225630.1	GTCAGCAC	2
TCCAAGTCGAACCTGT	ENSG00000225630.1	GAGACTAC	1
TCCAAGTCGAACCTGT	ENSG00000225630.1	GTGGACTT	1
TCCAAGTCGAACCTGT	ENSG00000225630.1	AGGAGCTG	1
TCCAAGTCGAACCTGT	ENSG00000225630.1	CTCGTACG	1
TCCAAGTCGAACCTGT	ENSG00000225630.1	GTAAAGGA	1
TCCAAGTCGAACCTGT	ENSG00000225630.1	TTAGACGC	1
TCCAAGTCGAACCTGT	ENSG00000225630.1	TGTACGCC	1
TCCAAGTCGAACCTGT	ENSG00000225630.1	GCAAACGA	1
TCCAAGTCGAACCTGT	ENSG00000225630.1	GTAGTATG	1
TCCAAGTCGAACCTGT	ENSG00000225630.1	GTCGAAAT	1
TCCAAGTCGAACCTGT	ENSG00000225630.1	CAAAGGCT	1
TCCAAGTCGAACCTGT	ENSG00000225630.1	TACTCAGG	2
TCCAAGTCGAACCTGT	ENSG00000225630.1	GGGTCGCC	1
TCCAAGTCGAACCTGT	ENSG00000225630.1	ATAGAAGG	1
TCCAAGTCGAACCTGT	ENSG00000225630.1	AGTACCCC	1
TCCAAGTCGAACCTGT	ENSG00000225630.1	GCTACCAA	1
TCCAAGTCGAACCTGT	ENSG00000225630.1	GCTCGTAA	2
TCCAAGTCGAACCTGT	ENSG00000225630.1	CAATGTAC	1
TCCAAGTCGAACCTGT	ENSG00000225630.1	GCGTGCAG	1
TCCAAGTCGAACCTGT	ENSG00000176022.7	CAGGGGGC	1
TCCAAGTCGAACCTGT	ENSG00000288398.1	TTCGTGCA	1
TCCAAGTCGAACCTGT	ENSG00000261135.1	TGGGTGAT	1
TCCAAGTCGAACCTGT	ENSG00000090432.7	noUMI	1
TCCAAGTCGAACCTGT	ENSG00000179163.12	noUMI	1
TCCAAGTCGAACCTGT	ENSG00000270605.1	noUMI	2
TCCAAGTCGAACCTGT	ENSG00000130766.5	CTTACTGG	1
TCCAAGTCGAACCTGT	ENSG00000130766.5	noUMI	1
TCCAAGTCGAACCTGT	ENSG00000175130.7	noUMI	1
TCCAAGTCGAACCTGT	ENSG00000175130.7	ATATAAGC	1
TCCAAGTCGAACCTGT	ENSG00000175130.7	TTATAAGC	1
TCCAAGTCGAACCTGT	ENSG00000243749.1	TACGTGCC	1
TCCAAGTCGAACCTGT	ENSG00000243749.1	TCCTGTTA	1
TCCAAGTCGAACCTGT	ENSG00000116863.11	GCAACGAT	1
TCCAAGTCGAACCTGT	ENSG00000117000.9	ATGTGAAA	2
TCCAAGTCGAACCTGT	ENSG00000237424.1	ATAAGCCA	2
TCCAAGTCGAACCTGT	ENSG00000237424.1	noUMI	1
TCCAAGTCGAACCTGT	ENSG00000228407.2	noUMI	1
TCCAAGTCGAACCTGT	ENSG00000116704.8	AAAGTTCC	1
TCCAAGTCGAACCTGT	ENSG00000066557.6	noUMI	2
TCCAAGTCGAACCTGT	ENSG00000066557.6	GCCGAAAA	1
TCCAAGTCGAACCTGT	ENSG00000226084.5	noUMI	1
TCCAAGTCGAACCTGT	ENSG00000228175.3	noUMI	1
TCCAAGTCGAACCTGT	ENSG00000137970.7	noUMI	3
TCCAAGTCGAACCTGT	ENSG00000137970.7	GCATTTTA	1
TCCAAGTCGAACCTGT	ENSG00000137970.7	CAATTCCC	1
TCCAAGTCGAACCTGT	ENSG00000137970.7	ACATTAGG	1
TCCAAGTCGAACCTGT	ENSG00000137970.7	AACTCAAC	1
TCCAAGTCGAACCTGT	ENSG00000065135.12	GGCGGGCA	1
TCCAAGTCGAACCTGT	ENSG00000065135.12	CTATTGTG	2
TCCAAGTCGAACCTGT	ENSG00000065135.12	noUMI	4
TCCAAGTCGAACCTGT	ENSG00000065135.12	CGAGGGCC	1
TCCAAGTCGAACCTGT	ENSG00000065135.12	GATCATGG	1
TCCAAGTCGAACCTGT	ENSG00000065135.12	GACGACCA	1
TCCAAGTCGAACCTGT	ENSG00000213281.5	AAGTGGTG	1
TCCAAGTCGAACCTGT	ENSG00000213281.5	noUMI	3
TCCAAGTCGAACCTGT	ENSG00000213281.5	GCGGGACC	1
TCCAAGTCGAACCTGT	ENSG00000163344.6	GTAAACAA	1
TCCAAGTCGAACCTGT	ENSG00000163344.6	TGTGTTGA	1
TCCAAGTCGAACCTGT	ENSG00000163344.6	noUMI	1
TCCAAGTCGAACCTGT	ENSG00000223356.1	GGAGTCCT	1
TCCAAGTCGAACCTGT	ENSG00000272205.1	AAGGCTGA	1
TCCAAGTCGAACCTGT	ENSG00000224837.1	noUMI	1
TCCAAGTCGAACCTGT	ENSG00000162783.11	TCGAGGCC	1
TCCAAGTCGAACCTGT	ENSG00000183155.5	ACAACAGA	1
TCCAAGTCGAACCTGT	ENSG00000218283.2	GAATAGGG	1
TCCAAGTCGAACCTGT	ENSG00000218283.2	TCGCACAG	1
TCCAAGTCGAACCTGT	ENSG00000218283.2	noUMI	3
TCCAAGTCGAACCTGT	ENSG00000218283.2	AAACAATT	1
TCCAAGTCGAACCTGT	ENSG00000218283.2	AAGTTCGC	1
TCCAAGTCGAACCTGT	ENSG00000218283.2	TTACTACG	1
TCCAAGTCGAACCTGT	ENSG00000181218.5	noUMI	1
TCCAAGTCGAACCTGT	ENSG00000181218.5	ACGACAGA	1
TCCAAGTCGAACCTGT	ENSG00000181218.5	GATCCATA	1
TCCAAGTCGAACCTGT	ENSG00000162851.8	noUMI	4
TCCAAGTCGAACCTGT	ENSG00000259865.1	noUMI	2
AAGCCGTTGAGAAGGA	ENSG00000225630.1	GCACTCGA	1
AAGCCGTTGAGAAGGA	ENSG00000225630.1	CGCCCGGT	1
AAGCCGTTGAGAAGGA	ENSG00000225630.1	ACGACCAG	1
AAGCCGTTGAGAAGGA	ENSG00000225630.1	GTCAGCGG	1
AAGCCGTTGAGAAGGA	ENSG00000225630.1	GTCTACAA	1
AAGCCGTTGAGAAGGA	ENSG00000225630.1	noUMI	2
AAGCCGTTGAGAAGGA	ENSG00000225630.1	CCTTGCCC	1
AAGCCGTTGAGAAGGA	ENSG00000225630.1	CTAGAGCT	1
AAGCCGTTGAGAAGGA	ENSG00000225630.1	CCAAAGCG	1
AAGCCGTTGAGAAGGA	ENSG00000225630.1	CACAGTGA	1
AAGCCGTTGAGAAGGA	ENSG00000225630.1	TCGCTGAA	1
AAGCCGTTGAGAAGGA	ENSG00000225630.1	CGCGAACG	1
AAGCCGTTGAGAAGGA	ENSG00000225630.1	ATGTGCCT	1
AAGCCGTTGAGAAGGA	ENSG00000225630.1	AATAAGGG	1
AAGCCGTTGAGAAGGA	ENSG00000225630.1	GACCAGTG	1
AAGCCGTTGAGAAGGA	ENSG00000225630.1	CAAACGGC	1
AAGCCGTTGAGAAGGA	ENSG00000225630.1	CGAAATGC	1
AAGCCGTTGAGAAGGA	ENSG00000285812.1	ACAGGCTG	2
AAGCCGTTGAGAAGGA	ENSG00000288398.1	noUMI	1
AAGCCGTTGAGAAGGA	ENSG00000261135.1	noUMI	1
AAGCCGTTGAGAAGGA	ENSG00000270605.1	noUMI	1
AAGCCGTTGAGAAGGA	ENSG00000175130.7	noUMI	1
AAGCCGTTGAGAAGGA	ENSG00000259943.1	noUMI	1
AAGCCGTTGAGAAGGA	ENSG00000137970.7	CACAAGGG	1
AAGCCGTTGAGAAGGA	ENSG00000065135.12	CCAGTTTA	1
AAGCCGTTGAGAAGGA	ENSG00000065135.12	noUMI	13
AAGCCGTTGAGAAGGA	ENSG00000213281.5	noUMI	2
AAGCCGTTGAGAAGGA	ENSG00000162783.11	CTTTGGGC	1
AAGCCGTTGAGAAGGA	ENSG00000158615.9	noUMI	1
AAGCCGTTGAGAAGGA	ENSG00000218283.2	CCCAAGTG	1
AAGCCGTTGAGAAGGA	ENSG00000143751.10	noUMI	2
AAGCCGTTGAGAAGGA	ENSG00000143751.10	GCTTAAGT	1
AAGCCGTTGAGAAGGA	ENSG00000143751.10	CTAGAAAC	1
AAGCCGTTGAGAAGGA	ENSG00000143751.10	TTAGATCA	1
AAGCCGTTGAGAAGGA	ENSG00000181218.5	noUMI	1
AAGCCGTTGAGAAGGA	ENSG00000143653.10	noUMI	2
AAGCCGTTGAGAAGGA	ENSG00000259865.1	noUMI	4
GGTCTCAACATGCTTC	ENSG00000279457.4	noUMI	1
GGTCTCAACATGCTTC	ENSG00000225630.1	TGGTAGTT	2
GGTCTCAACATGCTTC	ENSG00000225630.1	AGCATACG	1
GGTCTCAACATGCTTC	ENSG00000225630.1	AAGTTCAA	1
GGTCTCAACATGCTTC	ENSG00000225630.1	TTGCTGTG	1
GGTCTCAACATGCTTC	ENSG00000225630.1	GCCATTCA	1
GGTCTCAACATGCTTC	ENSG00000225630.1	TAACATGG	2
GGTCTCAACATGCTTC	ENSG00000225630.1	CCGGATCC	1
GGTCTCAACATGCTTC	ENSG00000225630.1	GAACCGTC	1
GGTCTCAACATGCTTC	ENSG00000225630.1	GGTGACTG	3
GGTCTCAACATGCTTC	ENSG00000225630.1	GGGTGCTT	1
GGTCTCAACATGCTTC	ENSG00000225630.1	noUMI	12
GGTCTCAACATGCTTC	ENSG00000225630.1	GTAGTAGA	1
GGTCTCAACATGCTTC	ENSG00000225630.1	AGGGTTAT	1
GGTCTCAACATGCTTC	ENSG00000225630.1	GGCTTTTG	1
GGTCTCAACATGCTTC	ENSG00000225630.1	TGGGGACT	1
GGTCTCAACATGCTTC	ENSG00000225630.1	TAGACACA	3
GGTCTCAACATGCTTC	ENSG00000225630.1	AAGCAAGA	1
GGTCTCAACATGCTTC	ENSG00000225630.1	CATAGAAA	1
GGTCTCAACATGCTTC	ENSG00000225630.1	CGAACACG	1
GGTCTCAACATGCTTC	ENSG00000225630.1	GAATCCGA	1
GGTCTCAACATGCTTC	ENSG00000225630.1	ACACAAGT	1
GGTCTCAACATGCTTC	ENSG00000225630.1	ACAGACTA	1
GGTCTCAACATGCTTC	ENSG00000225630.1	TCGAAGTT	1
GGTCTCAACATGCTTC	ENSG00000225630.1	CTAAACGT	2
GGTCTCAACATGCTTC	ENSG00000225630.1	TGGTCTTC	1
GGTCTCAACATGCTTC	ENSG00000225630.1	GCGACCTG	2
GGTCTCAACATGCTTC	ENSG00000225630.1	CTTGCTAT	1
GGTCTCAACATGCTTC	ENSG00000225630.1	TAGGACAC	1
GGTCTCAACATGCTTC	ENSG00000225630.1	TGTGGTCA	1
GGTCTCAACATGCTTC	ENSG00000225630.1	GGCACTTA	1
GGTCTCAACATGCTTC	ENSG00000225630.1	GAGGTGCA	1
GGTCTCAACATGCTTC	ENSG00000225630.1	GTCGTTGT	1
GGTCTCAACATGCTTC	ENSG00000225630.1	TAGATACC	1
GGTCTCAACATGCTTC	ENSG00000225630.1	AACGTGGA	1
GGTCTCAACATGCTTC	ENSG00000225630.1	ACTGGCCC	1
GGTCTCAACATGCTTC	ENSG00000225630.1	GGTAAGTA	2
GGTCTCAACATGCTTC	ENSG00000225630.1	GGATCCGC	1
GGTCTCAACATGCTTC	ENSG00000225630.1	ATCGAAGC	1
GGTCTCAACATGCTTC	ENSG00000225630.1	TTTCGGGT	1
GGTCTCAACATGCTTC	ENSG00000225630.1	TCGACGGA	1
GGTCTCAACATGCTTC	ENSG00000225630.1	TTACGACC	1
GGTCTCAACATGCTTC	ENSG00000225630.1	GAGAACAG	3
GGTCTCAACATGCTTC	ENSG00000225630.1	AAGCACTA	1
GGTCTCAACATGCTTC	ENSG00000225630.1	TAGCAAAC	1
GGTCTCAACATGCTTC	ENSG00000225630.1	GAGTCAGG	1
GGTCTCAACATGCTTC	ENSG00000225630.1	TCCGGGGT	1
GGTCTCAACATGCTTC	ENSG00000225630.1	AATCGATA	1
GGTCTCAACATGCTTC	ENSG00000225630.1	GGTCCGTC	1
GGTCTCAACATGCTTC	ENSG00000225630.1	ACAACAGC	1
GGTCTCAACATGCTTC	ENSG00000225630.1	CACTCACC	1
GGTCTCAACATGCTTC	ENSG00000288398.1	CGGCGTAG	1
GGTCTCAACATGCTTC	ENSG00000288398.1	CTGTGAGT	1
GGTCTCAACATGCTTC	ENSG00000261135.1	noUMI	1
GGTCTCAACATGCTTC	ENSG00000090432.7	noUMI	7
GGTCTCAACATGCTTC	ENSG00000270605.1	GAATCGGG	1
GGTCTCAACATGCTTC	ENSG00000130766.5	TCTGCCCA	1
GGTCTCAACATGCTTC	ENSG00000130766.5	noUMI	2
GGTCTCAACATGCTTC	ENSG00000175130.7	TGAGGGGG	1
GGTCTCAACATGCTTC	ENSG00000273274.2	noUMI	1
GGTCTCAACATGCTTC	ENSG00000243749.1	noUMI	1
GGTCTCAACATGCTTC	ENSG00000243749.1	CTTCGGGA	1
GGTCTCAACATGCTTC	ENSG00000116863.11	noUMI	3
GGTCTCAACATGCTTC	ENSG00000286379.1	ATTCGCGG	1
GGTCTCAACATGCTTC	ENSG00000117000.9	AGACACCG	1
GGTCTCAACATGCTTC	ENSG00000260920.2	ACTATTGG	1
GGTCTCAACATGCTTC	ENSG00000260920.2	noUMI	3
GGTCTCAACATGCTTC	ENSG00000169213.7	noUMI	1
GGTCTCAACATGCTTC	ENSG00000162396.6	noUMI	1
GGTCTCAACATGCTTC	ENSG00000116704.8	noUMI	3
GGTCTCAACATGCTTC	ENSG00000066557.6	noUMI	12
GGTCTCAACATGCTTC	ENSG00000066557.6	TACTAGCC	1
GGTCTCAACATGCTTC	ENSG00000226415.1	noUMI	1
GGTCTCAACATGCTTC	ENSG00000226084.5	AACAAGTC	1
GGTCTCAACATGCTTC	ENSG00000226084.5	GGCACTCT	1
GGTCTCAACATGCTTC	ENSG00000137970.7	noUMI	1
GGTCTCAACATGCTTC	ENSG00000137970.7	TCATAGAG	1
GGTCTCAACATGCTTC	ENSG00000137970.7	GCAGTGTG	1
GGTCTCAACATGCTTC	ENSG00000244716.3	GGGACACT	2
GGTCTCAACATGCTTC	ENSG00000065135.12	ACTATCGT	1
GGTCTCAACATGCTTC	ENSG00000065135.12	noUMI	17
GGTCTCAACATGCTTC	ENSG00000065135.12	ACGGGACC	1
GGTCTCAACATGCTTC	ENSG00000065135.12	GCCAAGGC	1
GGTCTCAACATGCTTC	ENSG00000065135.12	TGCCGTGT	4
GGTCTCAACATGCTTC	ENSG00000213281.5	noUMI	15
GGTCTCAACATGCTTC	ENSG00000213281.5	TGGCCAGC	2
GGTCTCAACATGCTTC	ENSG00000213281.5	TTCAGGAG	1
GGTCTCAACATGCTTC	ENSG00000183508.5	noUMI	2
GGTCTCAACATGCTTC	ENSG00000223612.3	GTAACTCA	1
GGTCTCAACATGCTTC	ENSG00000184260.6	AATGTAAG	1
GGTCTCAACATGCTTC	ENSG00000163344.6	CGAGAGGG	1
GGTCTCAACATGCTTC	ENSG00000213080.3	noUMI	1
GGTCTCAACATGCTTC	ENSG00000183155.5	noUMI	3
GGTCTCAACATGCTTC	ENSG00000158615.9	noUMI	12
GGTCTCAACATGCTTC	ENSG00000174529.7	noUMI	2
GGTCTCAACATGCTTC	ENSG00000218283.2	ACTAGTAG	2
GGTCTCAACATGCTTC	ENSG00000218283.2	noUMI	1
GGTCTCAACATGCTTC	ENSG00000143751.10	noUMI	4
GGTCTCAACATGCTTC	ENSG00000181218.5	AGGGTCCA	1
GGTCTCAACATGCTTC	ENSG00000116574.6	CGTGCGGA	1
GGTCTCAACATGCTTC	ENSG00000116574.6	noUMI	2
GGTCTCAACATGCTTC	ENSG00000116574.6	GTGGGGGA	1
GGTCTCAACATGCTTC	ENSG00000236863.2	noUMI	1
TCCTTGCTCATGCTTC	ENSG00000225630.1	noUMI	42
TCCTTGCTCATGCTTC	ENSG00000225630.1	TACGTCGT	1
TCCTTGCTCATGCTTC	ENSG00000225630.1	GTGACTAT	1
TCCTTGCTCATGCTTC	ENSG00000225630.1	TATCGCGG	2
TCCTTGCTCATGCTTC	ENSG00000225630.1	AGGCACAT	1
TCCTTGCTCATGCTTC	ENSG00000225630.1	ACAGGAAT	2
TCCTTGCTCATGCTTC	ENSG00000225630.1	AAACCAGT	1
TCCTTGCTCATGCTTC	ENSG00000225630.1	AAGGTCCG	1
TCCTTGCTCATGCTTC	ENSG00000225630.1	ACGAGGGA	1
TCCTTGCTCATGCTTC	ENSG00000225630.1	GATTACGA	1
TCCTTGCTCATGCTTC	ENSG00000225630.1	GTGACCGA	2
TCCTTGCTCATGCTTC	ENSG00000225630.1	TGGTCAAC	1
TCCTTGCTCATGCTTC	ENSG00000225630.1	CCCATGAA	1
TCCTTGCTCATGCTTC	ENSG00000225630.1	CCGTAGTA	1
TCCTTGCTCATGCTTC	ENSG00000225630.1	TCCTGCAC	1
TCCTTGCTCATGCTTC	ENSG00000225630.1	CCGGTAGA	1
TCCTTGCTCATGCTTC	ENSG00000225630.1	AATAGCAC	1
TCCTTGCTCATGCTTC	ENSG00000225630.1	AACTCGCG	1
TCCTTGCTCATGCTTC	ENSG00000225630.1	TTATAGAG	1
TCCTTGCTCATGCTTC	ENSG00000225630.1	CTTGTTAC	1
TCCTTGCTCATGCTTC	ENSG00000225630.1	GACAACCT	1
TCCTTGCTCATGCTTC	ENSG00000225630.1	AAGGAGGG	1
TCCTTGCTCATGCTTC	ENSG00000225630.1	TATACCCT	1
TCCTTGCTCATGCTTC	ENSG00000225630.1	GTACAACC	1
TCCTTGCTCATGCTTC	ENSG00000225630.1	CCTTTGAA	1
TCCTTGCTCATGCTTC	ENSG00000225630.1	AGGACTTG	1
TCCTTGCTCATGCTTC	ENSG00000225630.1	ATCCAAGG	1
TCCTTGCTCATGCTTC	ENSG00000225630.1	CGTCTGGT	2
TCCTTGCTCATGCTTC	ENSG00000225630.1	ACAATCAC	1
TCCTTGCTCATGCTTC	ENSG00000225630.1	TCTGGCCC	1
TCCTTGCTCATGCTTC	ENSG00000225630.1	GTGAATCA	2
TCCTTGCTCATGCTTC	ENSG00000225630.1	AGGAATAA	1
TCCTTGCTCATGCTTC	ENSG00000225630.1	GTGGAATA	1
TCCTTGCTCATGCTTC	ENSG00000225630.1	TCACAGAT	1
TCCTTGCTCATGCTTC	ENSG00000225630.1	GAATGCGA	2
TCCTTGCTCATGCTTC	ENSG00000225630.1	ACTGGCTA	1
TCCTTGCTCATGCTTC	ENSG00000225630.1	GCGTGACC	1
TCCTTGCTCATGCTTC	ENSG00000225630.1	GTTGGTGA	1
TCCTTGCTCATGCTTC	ENSG00000225630.1	ATAGGGTA	1
TCCTTGCTCATGCTTC	ENSG00000225630.1	CGATATGA	1
TCCTTGCTCATGCTTC	ENSG00000225630.1	TCAGTGAA	1
TCCTTGCTCATGCTTC	ENSG00000225630.1	CATACGAG	2
TCCTTGCTCATGCTTC	ENSG00000225630.1	GAACGACG	1
TCCTTGCTCATGCTTC	ENSG00000225630.1	AATAAGCC	1
TCCTTGCTCATGCTTC	ENSG00000225630.1	TTACGAGT	1
TCCTTGCTCATGCTTC	ENSG00000225630.1	GAATGAAC	1
TCCTTGCTCATGCTTC	ENSG00000225630.1	TAGAATCT	1
TCCTTGCTCATGCTTC	ENSG00000225630.1	GTCGAGCT	1
TCCTTGCTCATGCTTC	ENSG00000225630.1	TAACGATT	1
TCCTTGCTCATGCTTC	ENSG00000225630.1	GGTTCGCC	1
TCCTTGCTCATGCTTC	ENSG00000225630.1	TCGCTCAA	2
TCCTTGCTCATGCTTC	ENSG00000225630.1	GCAGATGC	2
TCCTTGCTCATGCTTC	ENSG00000225630.1	GGCATCTC	1
TCCTTGCTCATGCTTC	ENSG00000225630.1	GTCCGTCC	1
TCCTTGCTCATGCTTC	ENSG00000225630.1	GGTCACGT	1
TCCTTGCTCATGCTTC	ENSG00000225630.1	GGTTGGTT	1
TCCTTGCTCATGCTTC	ENSG00000225630.1	AGTCACCT	1
TCCTTGCTCATGCTTC	ENSG00000225630.1	TTAACGAA	1
TCCTTGCTCATGCTTC	ENSG00000225630.1	GGTCGTCC	1
TCCTTGCTCATGCTTC	ENSG00000225630.1	AAAACCTG	1
TCCTTGCTCATGCTTC	ENSG00000225630.1	TGGAGATG	1
TCCTTGCTCATGCTTC	ENSG00000225630.1	AAACTAGC	1
TCCTTGCTCATGCTTC	ENSG00000225630.1	TGGTTCGT	1
TCCTTGCTCATGCTTC	ENSG00000272455.1	AGCCGATG	1
TCCTTGCTCATGCTTC	ENSG00000228594.4	noUMI	1
TCCTTGCTCATGCTTC	ENSG00000231050.1	noUMI	1
TCCTTGCTCATGCTTC	ENSG00000241563.4	noUMI	3
TCCTTGCTCATGCTTC	ENSG00000237301.1	noUMI	1
TCCTTGCTCATGCTTC	ENSG00000288398.1	GGTGTGTG	2
TCCTTGCTCATGCTTC	ENSG00000288398.1	noUMI	1
TCCTTGCTCATGCTTC	ENSG00000261135.1	noUMI	2
TCCTTGCTCATGCTTC	ENSG00000090432.7	noUMI	25
TCCTTGCTCATGCTTC	ENSG00000090432.7	AGGACTTG	1
TCCTTGCTCATGCTTC	ENSG00000090432.7	GTGGACTT	1
TCCTTGCTCATGCTTC	ENSG00000090432.7	CGGAACAT	1
TCCTTGCTCATGCTTC	ENSG00000179163.12	noUMI	13
TCCTTGCTCATGCTTC	ENSG00000158246.8	GGACTCAC	1
TCCTTGCTCATGCTTC	ENSG00000228589.3	noUMI	1
TCCTTGCTCATGCTTC	ENSG00000130766.5	noUMI	1
TCCTTGCTCATGCTTC	ENSG00000175130.7	noUMI	4
TCCTTGCTCATGCTTC	ENSG00000175130.7	TAGGGCTA	1
TCCTTGCTCATGCTTC	ENSG00000175130.7	AGGTGGCC	1
TCCTTGCTCATGCTTC	ENSG00000243749.1	noUMI	10
TCCTTGCTCATGCTTC	ENSG00000116863.11	noUMI	24
TCCTTGCTCATGCTTC	ENSG00000116863.11	GTAACAGA	1
TCCTTGCTCATGCTTC	ENSG00000231849.1	ACGACCCG	1
TCCTTGCTCATGCTTC	ENSG00000163909.8	noUMI	1
TACCGATGCAATGGAC	ENSG00000279457.4	TGAGGAGT	2
TACCGATGCAATGGAC	ENSG00000225630.1	TAGGTAAC	1
TACCGATGCAATGGAC	ENSG00000225630.1	AGCATCCC	1
TACCGATGCAATGGAC	ENSG00000225630.1	noUMI	35
TACCGATGCAATGGAC	ENSG00000225630.1	TAGTATGG	1
TACCGATGCAATGGAC	ENSG00000225630.1	CGTCCTAC	1
TACCGATGCAATGGAC	ENSG00000225630.1	GGCTTCTG	1
TACCGATGCAATGGAC	ENSG00000225630.1	ATAGAGGG	1
TACCGATGCAATGGAC	ENSG00000225630.1	AGTCTAGC	1
TACCGATGCAATGGAC	ENSG00000225630.1	TAGACGGG	1
TACCGATGCAATGGAC	ENSG00000225630.1	TACCATAT	1
TACCGATGCAATGGAC	ENSG00000225630.1	GTGACGGC	3
TACCGATGCAATGGAC	ENSG00000225630.1	AGTGAAGA	1
TACCGATGCAATGGAC	ENSG00000225630.1	TAGAGCGT	2
TACCGATGCAATGGAC	ENSG00000225630.1	TGAGGCTG	2
TACCGATGCAATGGAC	ENSG00000225630.1	GATAGATC	1
TACCGATGCAATGGAC	ENSG00000225630.1	GACATCTT	1
TACCGATGCAATGGAC	ENSG00000225630.1	CGACTACA	1
TACCGATGCAATGGAC	ENSG00000225630.1	ATGCGACC	1
TACCGATGCAATGGAC	ENSG00000225630.1	TCAAAAGG	2
TACCGATGCAATGGAC	ENSG00000225630.1	CGGATCCC	1
TACCGATGCAATGGAC	ENSG00000225630.1	CGAAGAAG	1
TACCGATGCAATGGAC	ENSG00000225630.1	AAAGTTCG	1
TACCGATGCAATGGAC	ENSG00000225630.1	TCTCATGA	1
TACCGATGCAATGGAC	ENSG00000225630.1	TTGTGAGA	1
TACCGATGCAATGGAC	ENSG00000225630.1	GTCACGCA	1
TACCGATGCAATGGAC	ENSG00000225630.1	CATACAGA	1
TACCGATGCAATGGAC	ENSG00000225630.1	GTGGCCTT	1
TACCGATGCAATGGAC	ENSG00000225630.1	ACACAAAA	1
TACCGATGCAATGGAC	ENSG00000225630.1	AAAGCAAG	1
TACCGATGCAATGGAC	ENSG00000225630.1	TGACGTTA	1
TACCGATGCAATGGAC	ENSG00000225630.1	TCACATTC	5
TACCGATGCAATGGAC	ENSG00000225630.1	TAAAGGCG	5
TACCGATGCAATGGAC	ENSG00000225630.1	AGGGGCTG	1
TACCGATGCAATGGAC	ENSG00000225630.1	AATATACA	1
TACCGATGCAATGGAC	ENSG00000225630.1	CGACACAA	1
TACCGATGCAATGGAC	ENSG00000225630.1	GAAGCAGT	1
TACCGATGCAATGGAC	ENSG00000225630.1	CAATTGAG	1
TACCGATGCAATGGAC	ENSG00000225630.1	GTCGAACA	3
TACCGATGCAATGGAC	ENSG00000225630.1	GGTGCGGG	1
TACCGATGCAATGGAC	ENSG00000225630.1	GCTGATAG	2
TACCGATGCAATGGAC	ENSG00000225630.1	TAGGTAGG	1
TACCGATGCAATGGAC	ENSG00000225630.1	GAATCTCC	1
TACCGATGCAATGGAC	ENSG00000225630.1	AGGTCTGC	1
TACCGATGCAATGGAC	ENSG00000225630.1	ACGTCATC	1
TACCGATGCAATGGAC	ENSG00000225630.1	AAACATCC	3
TACCGATGCAATGGAC	ENSG00000225630.1	GACAAGCC	2
TACCGATGCAATGGAC	ENSG00000225630.1	GAGGGAAT	1
TACCGATGCAATGGAC	ENSG00000225630.1	ACCGTTGG	2
TACCGATGCAATGGAC	ENSG00000225630.1	AGCTAGCC	2
TACCGATGCAATGGAC	ENSG00000225630.1	GGCACTTA	1
TACCGATGCAATGGAC	ENSG00000225630.1	AGACCGCG	1
TACCGATGCAATGGAC	ENSG00000225630.1	TGGCGCTC	1
TACCGATGCAATGGAC	ENSG00000225630.1	TCGCCATA	1
TACCGATGCAATGGAC	ENSG00000225630.1	AGATTGGC	1
TACCGATGCAATGGAC	ENSG00000225630.1	ACAGTATA	1
TACCGATGCAATGGAC	ENSG00000225630.1	TGTTAGCG	1
TACCGATGCAATGGAC	ENSG00000225630.1	TGCATGGA	2
TACCGATGCAATGGAC	ENSG00000225630.1	CTGAAGGA	2
TACCGATGCAATGGAC	ENSG00000225630.1	GAACCTTG	1
TACCGATGCAATGGAC	ENSG00000225630.1	ACAACTGT	1
TACCGATGCAATGGAC	ENSG00000225630.1	ATGCCACG	1
TACCGATGCAATGGAC	ENSG00000225630.1	TCACATAG	1
TACCGATGCAATGGAC	ENSG00000225630.1	ATGAGAGA	1
TACCGATGCAATGGAC	ENSG00000225630.1	TAATCGTT	1
TACCGATGCAATGGAC	ENSG00000225630.1	GCCGCCTT	1
TACCGATGCAATGGAC	ENSG00000225630.1	ACGCTTAG	1
TACCGATGCAATGGAC	ENSG00000225630.1	ACGATCAC	2
TACCGATGCAATGGAC	ENSG00000225630.1	GCCGCCCT	1
TACCGATGCAATGGAC	ENSG00000225630.1	CGGCACCT	1
TACCGATGCAATGGAC	ENSG00000225630.1	TCTAAGTG	1
TACCGATGCAATGGAC	ENSG00000225630.1	AGCTCTCC	1
TACCGATGCAATGGAC	ENSG00000225630.1	TCGCGGAG	1
TACCGATGCAATGGAC	ENSG00000225630.1	AGCTTACA	1
TACCGATGCAATGGAC	ENSG00000225630.1	GGTGGAAA	2
TACCGATGCAATGGAC	ENSG00000225630.1	TCAGCAAT	2
TACCGATGCAATGGAC	ENSG00000225630.1	GTATAGGC	2
TACCGATGCAATGGAC	ENSG00000225630.1	GGCCGTCG	1
TACCGATGCAATGGAC	ENSG00000225630.1	GATCCGTC	1
TACCGATGCAATGGAC	ENSG00000225630.1	AAATGAGA	1
TACCGATGCAATGGAC	ENSG00000225630.1	GCGCGTTA	1
TACCGATGCAATGGAC	ENSG00000225630.1	TACTGGAG	1
TACCGATGCAATGGAC	ENSG00000225630.1	GAGACATC	1
TACCGATGCAATGGAC	ENSG00000225630.1	TAAGCTGC	1
TACCGATGCAATGGAC	ENSG00000225630.1	CGTATCAT	1
TACCGATGCAATGGAC	ENSG00000225630.1	AAGAGCCG	3
TACCGATGCAATGGAC	ENSG00000225630.1	ACTCATCA	1
TACCGATGCAATGGAC	ENSG00000225630.1	TGACAATA	1
TACCGATGCAATGGAC	ENSG00000225630.1	GTATCCCG	1
TACCGATGCAATGGAC	ENSG00000225630.1	GGCAGGCG	1
TACCGATGCAATGGAC	ENSG00000225630.1	TAATCGGC	1
TACCGATGCAATGGAC	ENSG00000225630.1	ACGTCACA	1
TACCGATGCAATGGAC	ENSG00000225630.1	CAGGTGGC	1
TACCGATGCAATGGAC	ENSG00000225630.1	TGAGCACG	1
TACCGATGCAATGGAC	ENSG00000225630.1	CCGTAAGA	1
TACCGATGCAATGGAC	ENSG00000225630.1	AGACAAGA	1
TACCGATGCAATGGAC	ENSG00000286989.1	CATAGTTG	1
TACCGATGCAATGGAC	ENSG00000288398.1	AATGCCAT	1
TACCGATGCAATGGAC	ENSG00000162482.5	TACGTCGC	1
TACCGATGCAATGGAC	ENSG00000090432.7	noUMI	18
TACCGATGCAATGGAC	ENSG00000090432.7	CCGATGCT	4
TACCGATGCAATGGAC	ENSG00000090432.7	CGTCAGGT	1
TACCGATGCAATGGAC	ENSG00000179163.12	noUMI	6
TACCGATGCAATGGAC	ENSG00000179163.12	CGTGCTCA	1
TACCGATGCAATGGAC	ENSG00000130766.5	noUMI	4
TACCGATGCAATGGAC	ENSG00000130766.5	ATGGGCTA	1
TACCGATGCAATGGAC	ENSG00000175130.7	noUMI	2
TACCGATGCAATGGAC	ENSG00000116863.11	noUMI	14
TACCGATGCAATGGAC	ENSG00000116981.4	noUMI	4
TACCGATGCAATGGAC	ENSG00000259943.1	noUMI	2
TACCGATGCAATGGAC	ENSG00000169213.7	noUMI	1
TACCGATGCAATGGAC	ENSG00000066557.6	noUMI	7
TACCGATGCAATGGAC	ENSG00000226415.1	noUMI	1
TACCGATGCAATGGAC	ENSG00000226084.5	CTGAACTA	1
TACCGATGCAATGGAC	ENSG00000226084.5	ACCAGATA	1
TACCGATGCAATGGAC	ENSG00000223896.2	noUMI	3
TACCGATGCAATGGAC	ENSG00000137970.7	CAACATTA	2
TACCGATGCAATGGAC	ENSG00000137970.7	CATGAAAT	1
TACCGATGCAATGGAC	ENSG00000137970.7	GGTGGATA	1
TACCGATGCAATGGAC	ENSG00000137970.7	AAGATACC	1
TACCGATGCAATGGAC	ENSG00000065135.12	GCGTGTGG	1
TACCGATGCAATGGAC	ENSG00000065135.12	noUMI	17
TACCGATGCAATGGAC	ENSG00000065135.12	AGTAGACC	2
TACCGATGCAATGGAC	ENSG00000201028.1	noUMI	1
TACCGATGCAATGGAC	ENSG00000213281.5	noUMI	10
TACCGATGCAATGGAC	ENSG00000215784.6	noUMI	2
TACCGATGCAATGGAC	ENSG00000177144.8	noUMI	1
TACCGATGCAATGGAC	ENSG00000184260.6	AGGAGGAA	1
TACCGATGCAATGGAC	ENSG00000184260.6	ACTTATCG	1
TACCGATGCAATGGAC	ENSG00000236327.2	noUMI	3
TACCGATGGAGGTTAG	ENSG00000225630.1	CCTAAAGT	1
TACCGATGGAGGTTAG	ENSG00000225630.1	GCATTTAC	2
TACCGATGGAGGTTAG	ENSG00000225630.1	CAATTTGG	1
TACCGATGGAGGTTAG	ENSG00000225630.1	TGGACAAG	1
TACCGATGGAGGTTAG	ENSG00000225630.1	ATTGCTTT	1
TACCGATGGAGGTTAG	ENSG00000225630.1	AAATGTCC	1
TACCGATGGAGGTTAG	ENSG00000225630.1	CGGTAGTA	1
TACCGATGGAGGTTAG	ENSG00000225630.1	TGGCCGCC	1
TACCGATGGAGGTTAG	ENSG00000225630.1	TCAAGGTC	2
TACCGATGGAGGTTAG	ENSG00000225630.1	ATATCCAC	1
TACCGATGGAGGTTAG	ENSG00000225630.1	TACAACAG	1
TACCGATGGAGGTTAG	ENSG00000225630.1	TACACGTG	1
TACCGATGGAGGTTAG	ENSG00000225630.1	AGGGTAAA	1
TACCGATGGAGGTTAG	ENSG00000225630.1	ACTTGGCT	1
TACCGATGGAGGTTAG	ENSG00000225630.1	CTTCGATC	1
TACCGATGGAGGTTAG	ENSG00000225630.1	noUMI	13
TACCGATGGAGGTTAG	ENSG00000225630.1	ACAAGCGT	1
TACCGATGGAGGTTAG	ENSG00000225630.1	TAGACCAC	1
TACCGATGGAGGTTAG	ENSG00000225630.1	GAGGGGTG	1
TACCGATGGAGGTTAG	ENSG00000225630.1	GACTCCAT	1
TACCGATGGAGGTTAG	ENSG00000225630.1	CACACACA	1
TACCGATGGAGGTTAG	ENSG00000225630.1	CCTCAATT	2
TACCGATGGAGGTTAG	ENSG00000225630.1	GCTGTTCT	1
TACCGATGGAGGTTAG	ENSG00000225630.1	AGGACTCC	1
TACCGATGGAGGTTAG	ENSG00000225630.1	CTGCTTGT	1
TACCGATGGAGGTTAG	ENSG00000225630.1	TCTTCAAC	1
TACCGATGGAGGTTAG	ENSG00000225630.1	CATCAGAG	1
TACCGATGGAGGTTAG	ENSG00000225630.1	TCAATGGG	1
TACCGATGGAGGTTAG	ENSG00000225630.1	GTTCTAAC	1
TACCGATGGAGGTTAG	ENSG00000225630.1	GCGGGAGG	1
TACCGATGGAGGTTAG	ENSG00000225630.1	TAGTGGCC	1
TACCGATGGAGGTTAG	ENSG00000225630.1	TGCAACGA	1
TACCGATGGAGGTTAG	ENSG00000225630.1	CCATAGCC	1
TACCGATGGAGGTTAG	ENSG00000225630.1	TATAAGCC	1
TACCGATGGAGGTTAG	ENSG00000225630.1	AGAATTCC	1
TACCGATGGAGGTTAG	ENSG00000225630.1	CGGGGCCC	1
TACCGATGGAGGTTAG	ENSG00000171612.7	CAACGTCA	1
TACCGATGGAGGTTAG	ENSG00000171612.7	noUMI	5
TACCGATGGAGGTTAG	ENSG00000090432.7	GCACCCGG	1
TACCGATGGAGGTTAG	ENSG00000179163.12	noUMI	7
TACCGATGGAGGTTAG	ENSG00000179163.12	CATGACCC	1
TACCGATGGAGGTTAG	ENSG00000179163.12	TGCAGTCG	1
TACCGATGGAGGTTAG	ENSG00000270605.1	noUMI	4
TACCGATGGAGGTTAG	ENSG00000279443.1	noUMI	1
TACCGATGGAGGTTAG	ENSG00000175130.7	AAATGGTG	1
TACCGATGGAGGTTAG	ENSG00000116863.11	noUMI	6
TACCGATGGAGGTTAG	ENSG00000116863.11	GATCGGTA	1
TACCGATGGAGGTTAG	ENSG00000162396.6	noUMI	2
TACCGATGGAGGTTAG	ENSG00000066557.6	noUMI	2
TACCGATGGAGGTTAG	ENSG00000226084.5	GGCATACT	1
TACCGATGGAGGTTAG	ENSG00000271576.1	noUMI	2
TACCGATGGAGGTTAG	ENSG00000143032.8	GGGGGGGA	1
TACCGATGGAGGTTAG	ENSG00000137970.7	CTGTCACG	1
TACCGATGGAGGTTAG	ENSG00000137970.7	noUMI	2
TACCGATGGAGGTTAG	ENSG00000137970.7	ACATCATG	1
TACCGATGGAGGTTAG	ENSG00000244716.3	GGCATACT	1
TACCGATGGAGGTTAG	ENSG00000065135.12	CTAACCTC	1
TACCGATGGAGGTTAG	ENSG00000065135.12	AGCATGCC	1
TACCGATGGAGGTTAG	ENSG00000065135.12	CTACCTCG	1
TACCGATGGAGGTTAG	ENSG00000065135.12	noUMI	18
TACCGATGGAGGTTAG	ENSG00000065135.12	CTCCTTGG	1
TACCGATGGAGGTTAG	ENSG00000065135.12	CGGCAGAG	1
TACCGATGGAGGTTAG	ENSG00000238198.2	TTGTGGCT	2
TACCGATGGAGGTTAG	ENSG00000238198.2	ACGATGAG	1
TACCGATGGAGGTTAG	ENSG00000213281.5	noUMI	10
TACCGATGGAGGTTAG	ENSG00000213281.5	TAAGGGGG	1
TACCGATGGAGGTTAG	ENSG00000213281.5	AAAAGGGG	1
TACCGATGGAGGTTAG	ENSG00000213281.5	ATCAGCTA	1
TACCGATGGAGGTTAG	ENSG00000183508.5	noUMI	1
TACCGATGGAGGTTAG	ENSG00000215784.6	noUMI	5
TACCGATGGAGGTTAG	ENSG00000236327.2	GAAAAAGG	1
TACCGATGGAGGTTAG	ENSG00000163344.6	TATCGTGG	1
TACCGATGGAGGTTAG	ENSG00000163344.6	GATTACTT	1
TACCGATGGAGGTTAG	ENSG00000225711.1	CAGGGGTT	2
TACCGATGGAGGTTAG	ENSG00000162783.11	GTCGGTGT	1
TACCGATGGAGGTTAG	ENSG00000183155.5	noUMI	1
TACCGATGGAGGTTAG	ENSG00000158615.9	noUMI	1
TACCGATGGAGGTTAG	ENSG00000158615.9	CTACGAAA	2
TACCGATGGAGGTTAG	ENSG00000158615.9	CTCGCCCC	1
TACCGATGGAGGTTAG	ENSG00000143751.10	noUMI	5
TACCGATGGAGGTTAG	ENSG00000143751.10	TCGGATGG	1
TACCGATGGAGGTTAG	ENSG00000143653.10	CCGGCTGG	1
TACCGATGGAGGTTAG	ENSG00000143653.10	TGGCTGTG	1
TACCGATGGAGGTTAG	ENSG00000259865.1	noUMI	4
GGAGAGTTCATGCTTC	ENSG00000279457.4	GGGGGCAC	1
GGAGAGTTCATGCTTC	ENSG00000225972.1	AGGGTCAG	2
GGAGAGTTCATGCTTC	ENSG00000225630.1	noUMI	55
GGAGAGTTCATGCTTC	ENSG00000225630.1	ATGCCAAT	1
GGAGAGTTCATGCTTC	ENSG00000225630.1	AGGTTAGT	1
GGAGAGTTCATGCTTC	ENSG00000225630.1	TGCGTTGT	1
GGAGAGTTCATGCTTC	ENSG00000225630.1	GGGAGCGG	1
GGAGAGTTCATGCTTC	ENSG00000225630.1	TAGAAAGC	1
GGAGAGTTCATGCTTC	ENSG00000225630.1	TGATGAAA	1
GGAGAGTTCATGCTTC	ENSG00000225630.1	ATGGACGT	1
GGAGAGTTCATGCTTC	ENSG00000225630.1	GTACTGGG	1
GGAGAGTTCATGCTTC	ENSG00000225630.1	TCAGGATA	1
GGAGAGTTCATGCTTC	ENSG00000225630.1	TCAGAGAG	1
GGAGAGTTCATGCTTC	ENSG00000225630.1	CAGAAACC	2
GGAGAGTTCATGCTTC	ENSG00000225630.1	CTCGGATA	2
GGAGAGTTCATGCTTC	ENSG00000225630.1	GTCTACTG	1
GGAGAGTTCATGCTTC	ENSG00000225630.1	TGGTTCCA	1
GGAGAGTTCATGCTTC	ENSG00000225630.1	GTGCCGTT	1
GGAGAGTTCATGCTTC	ENSG00000225630.1	TCACGTAC	1
GGAGAGTTCATGCTTC	ENSG00000225630.1	TCACAGGA	1
GGAGAGTTCATGCTTC	ENSG00000225630.1	ACGCGGAA	1
GGAGAGTTCATGCTTC	ENSG00000225630.1	TAGGGTAG	3
GGAGAGTTCATGCTTC	ENSG00000225630.1	AGTCACCC	1
GGAGAGTTCATGCTTC	ENSG00000225630.1	ACCTCCGC	2
GGAGAGTTCATGCTTC	ENSG00000225630.1	TGGTGATT	1
GGAGAGTTCATGCTTC	ENSG00000225630.1	GGTATAGT	3
GGAGAGTTCATGCTTC	ENSG00000225630.1	ACCAATCC	1
GGAGAGTTCATGCTTC	ENSG00000225630.1	TCATGGGT	3
GGAGAGTTCATGCTTC	ENSG00000225630.1	ACCAACAA	1
GGAGAGTTCATGCTTC	ENSG00000225630.1	GATACACA	5
GGAGAGTTCATGCTTC	ENSG00000225630.1	CTCCTCGT	3
GGAGAGTTCATGCTTC	ENSG00000225630.1	ATGGGGCT	1
GGAGAGTTCATGCTTC	ENSG00000225630.1	ACTACTCC	1
GGAGAGTTCATGCTTC	ENSG00000225630.1	AGCTATGG	1
GGAGAGTTCATGCTTC	ENSG00000225630.1	CTAGGTGA	1
GGAGAGTTCATGCTTC	ENSG00000225630.1	CTTACACA	2
GGAGAGTTCATGCTTC	ENSG00000225630.1	CCTGGATG	1
GGAGAGTTCATGCTTC	ENSG00000225630.1	TCCAGATT	1
GGAGAGTTCATGCTTC	ENSG00000225630.1	GAGACATT	3
GGAGAGTTCATGCTTC	ENSG00000225630.1	AGAGACAC	1
GGAGAGTTCATGCTTC	ENSG00000225630.1	AGCACGTT	1
GGAGAGTTCATGCTTC	ENSG00000225630.1	ATAGTTCG	1
GGAGAGTTCATGCTTC	ENSG00000225630.1	GATCAACG	1
GGAGAGTTCATGCTTC	ENSG00000225630.1	GACACTAA	1
GGAGAGTTCATGCTTC	ENSG00000225630.1	CATTCGAG	1
GGAGAGTTCATGCTTC	ENSG00000225630.1	GAGTTACT	2
GGAGAGTTCATGCTTC	ENSG00000225630.1	TGAAGATA	1
GGAGAGTTCATGCTTC	ENSG00000225630.1	ACCCTAAG	1
GGAGAGTTCATGCTTC	ENSG00000225630.1	TTGCGGCA	1
GGAGAGTTCATGCTTC	ENSG00000225630.1	AGGATGGT	1
GGAGAGTTCATGCTTC	ENSG00000225630.1	CTTCGTCA	1
GGAGAGTTCATGCTTC	ENSG00000225630.1	CGAGCAGA	2
GGAGAGTTCATGCTTC	ENSG00000225630.1	AGTACGAC	3
GGAGAGTTCATGCTTC	ENSG00000225630.1	CTCGAATG	3
GGAGAGTTCATGCTTC	ENSG00000225630.1	ATGGAAGC	1
GGAGAGTTCATGCTTC	ENSG00000225630.1	ACGGTTCT	1
GGAGAGTTCATGCTTC	ENSG00000225630.1	TACGTTCA	1
GGAGAGTTCATGCTTC	ENSG00000225630.1	TGTAGTGG	1
GGAGAGTTCATGCTTC	ENSG00000225630.1	AGTGGCGG	1
GGAGAGTTCATGCTTC	ENSG00000225630.1	CATGTGAG	1
GGAGAGTTCATGCTTC	ENSG00000225630.1	TGCCGGTC	2
GGAGAGTTCATGCTTC	ENSG00000225630.1	TTGGATAG	1
GGAGAGTTCATGCTTC	ENSG00000225630.1	CATTTACG	1
GGAGAGTTCATGCTTC	ENSG00000225630.1	GCAACGGG	1
GGAGAGTTCATGCTTC	ENSG00000225630.1	AGGATAAT	1
GGAGAGTTCATGCTTC	ENSG00000225630.1	ACGAGAAG	1
GGAGAGTTCATGCTTC	ENSG00000225630.1	GCTCAATA	2
GGAGAGTTCATGCTTC	ENSG00000225630.1	CAAACAAG	1
GGAGAGTTCATGCTTC	ENSG00000225630.1	GAGGTATA	3
GGAGAGTTCATGCTTC	ENSG00000225630.1	AACACGCT	1
GGAGAGTTCATGCTTC	ENSG00000225630.1	CGTCTCAC	1
GGAGAGTTCATGCTTC	ENSG00000225630.1	CCAGAGTA	1
GGAGAGTTCATGCTTC	ENSG00000225630.1	GATCTAAC	1
GGAGAGTTCATGCTTC	ENSG00000225630.1	GAGTCAAA	1
GGAGAGTTCATGCTTC	ENSG00000225630.1	CCTTCGTT	1
GGAGAGTTCATGCTTC	ENSG00000225630.1	GTAATACG	1
GGAGAGTTCATGCTTC	ENSG00000225630.1	GAGATGAC	1
GGAGAGTTCATGCTTC	ENSG00000225630.1	TCGAGTGT	1
GGAGAGTTCATGCTTC	ENSG00000225630.1	CTTAAGTG	1
GGAGAGTTCATGCTTC	ENSG00000225630.1	CATGCTCG	1
GGAGAGTTCATGCTTC	ENSG00000225630.1	AGGGTTTG	2
GGAGAGTTCATGCTTC	ENSG00000225630.1	GCATGAGT	2
GGAGAGTTCATGCTTC	ENSG00000225630.1	TCACCGCC	1
GGAGAGTTCATGCTTC	ENSG00000225630.1	CCACGGCT	1
GGAGAGTTCATGCTTC	ENSG00000225630.1	TCAGCACT	1
GGAGAGTTCATGCTTC	ENSG00000225630.1	TTAAGCGG	1
GGAGAGTTCATGCTTC	ENSG00000225630.1	TGCGTCGG	1
GGAGAGTTCATGCTTC	ENSG00000225630.1	GTGATGTC	2
GGAGAGTTCATGCTTC	ENSG00000225630.1	TTGGATCA	1
GGAGAGTTCATGCTTC	ENSG00000228594.4	noUMI	1
GGAGAGTTCATGCTTC	ENSG00000269978.1	noUMI	1
GGAGAGTTCATGCTTC	ENSG00000171612.7	noUMI	2
GGAGAGTTCATGCTTC	ENSG00000233954.6	CCAGACAT	1
GGAGAGTTCATGCTTC	ENSG00000233954.6	GGTGACAG	1
GGAGAGTTCATGCTTC	ENSG00000227959.1	GGGAAACC	1
GGAGAGTTCATGCTTC	ENSG00000224621.1	noUMI	3
GGAGAGTTCATGCTTC	ENSG00000288398.1	noUMI	7
GGAGAGTTCATGCTTC	ENSG00000090432.7	noUMI	12
GGAGAGTTCATGCTTC	ENSG00000090432.7	GACTCAGG	1
GGAGAGTTCATGCTTC	ENSG00000179163.12	noUMI	11
GGAGAGTTCATGCTTC	ENSG00000284602.1	TCAAAGCC	1
GGAGAGTTCATGCTTC	ENSG00000158246.8	noUMI	2
GGAGAGTTCATGCTTC	ENSG00000228589.3	noUMI	3
GGAGAGTTCATGCTTC	ENSG00000270605.1	noUMI	5
GGAGAGTTCATGCTTC	ENSG00000130766.5	noUMI	1
GGAGAGTTCATGCTTC	ENSG00000175130.7	noUMI	3
GGAGAGTTCATGCTTC	ENSG00000175130.7	TTCGGGAA	2
GGAGAGTTCATGCTTC	ENSG00000175130.7	TGAGGGTC	2
GGAGAGTTCATGCTTC	ENSG00000273274.2	noUMI	5
GGAGAGTTCATGCTTC	ENSG00000273274.2	GATCACAA	1
GGAGAGTTCATGCTTC	ENSG00000273274.2	CTGATCAA	1
GGAGAGTTCATGCTTC	ENSG00000217644.5	noUMI	1
GGAGAGTTCATGCTTC	ENSG00000243749.1	noUMI	4
GGAGAGTTCATGCTTC	ENSG00000243749.1	AGAATAGT	1
GGAGAGTTCATGCTTC	ENSG00000243749.1	TCCTCGGG	1
GGAGAGTTCATGCTTC	ENSG00000243749.1	GACCTAGT	1
GGAGAGTTCATGCTTC	ENSG00000243749.1	ATCAGGAT	1
GGAGAGTTCATGCTTC	ENSG00000116863.11	noUMI	17
GGAGAGTTCATGCTTC	ENSG00000116863.11	TGGGGGTA	1
GGAGAGTTCATGCTTC	ENSG00000163909.8	noUMI	1
GGAGAGTTCATGCTTC	ENSG00000117000.9	noUMI	1
GGAGAGTTCATGCTTC	ENSG00000279667.1	noUMI	3
GGAGAGTTCATGCTTC	ENSG00000237130.1	noUMI	2
GGAGAGTTCATGCTTC	ENSG00000169213.7	noUMI	7
GGAGAGTTCATGCTTC	ENSG00000169213.7	TCCGGGTG	2
GCATGTCTCCATCCAA	ENSG00000225630.1	AACGTACC	1
GCATGTCTCCATCCAA	ENSG00000225630.1	TCCAAGCA	2
GCATGTCTCCATCCAA	ENSG00000225630.1	ATACAGGA	1
GCATGTCTCCATCCAA	ENSG00000225630.1	GCGCTTGC	1
GCATGTCTCCATCCAA	ENSG00000225630.1	TTCGGGTG	1
GCATGTCTCCATCCAA	ENSG00000225630.1	TAAAGCAC	1
GCATGTCTCCATCCAA	ENSG00000225630.1	AGAAAGAT	1
GCATGTCTCCATCCAA	ENSG00000225630.1	AGCTCCGA	1
GCATGTCTCCATCCAA	ENSG00000225630.1	TCACCAAC	2
GCATGTCTCCATCCAA	ENSG00000225630.1	TACTACGC	1
GCATGTCTCCATCCAA	ENSG00000225630.1	noUMI	22
GCATGTCTCCATCCAA	ENSG00000225630.1	AGTACACA	2
GCATGTCTCCATCCAA	ENSG00000225630.1	TCGCCATG	1
GCATGTCTCCATCCAA	ENSG00000225630.1	TTCTCAAT	1
GCATGTCTCCATCCAA	ENSG00000225630.1	GTGACCGC	1
GCATGTCTCCATCCAA	ENSG00000225630.1	CGGACCTT	1
GCATGTCTCCATCCAA	ENSG00000225630.1	AACGGTAA	1
GCATGTCTCCATCCAA	ENSG00000225630.1	CCCGGACA	1
GCATGTCTCCATCCAA	ENSG00000225630.1	AATGTGGG	5
GCATGTCTCCATCCAA	ENSG00000225630.1	CGTGGTCG	1
GCATGTCTCCATCCAA	ENSG00000225630.1	AGGCACCC	1
GCATGTCTCCATCCAA	ENSG00000225630.1	GTCAAAAT	1
GCATGTCTCCATCCAA	ENSG00000225630.1	CATGACGT	1
GCATGTCTCCATCCAA	ENSG00000225630.1	CGCTTCGG	1
GCATGTCTCCATCCAA	ENSG00000225630.1	ATCCTTCG	2
GCATGTCTCCATCCAA	ENSG00000225630.1	AATCGGAC	2
GCATGTCTCCATCCAA	ENSG00000225630.1	GCTCAGGT	1
GCATGTCTCCATCCAA	ENSG00000225630.1	CGACGGAA	1
GCATGTCTCCATCCAA	ENSG00000225630.1	CGGGAGCG	1
GCATGTCTCCATCCAA	ENSG00000225630.1	AACTGTTA	1
GCATGTCTCCATCCAA	ENSG00000225630.1	AATGTTAG	1
GCATGTCTCCATCCAA	ENSG00000225630.1	AGCCCTCC	1
GCATGTCTCCATCCAA	ENSG00000225630.1	TGCGTTGG	1
GCATGTCTCCATCCAA	ENSG00000225630.1	GAGATGTA	1
GCATGTCTCCATCCAA	ENSG00000225630.1	ATGATGAC	1
GCATGTCTCCATCCAA	ENSG00000225630.1	ACGAGGCA	1
GCATGTCTCCATCCAA	ENSG00000225630.1	ATCCAAAA	1
GCATGTCTCCATCCAA	ENSG00000225630.1	ATCGTGCC	1
GCATGTCTCCATCCAA	ENSG00000225630.1	CTCGAACC	1
GCATGTCTCCATCCAA	ENSG00000225630.1	CTGGGCTG	1
GCATGTCTCCATCCAA	ENSG00000225630.1	TATGGTCA	1
GCATGTCTCCATCCAA	ENSG00000225630.1	GGGGCTCA	1
GCATGTCTCCATCCAA	ENSG00000225630.1	GTGGTGTC	1
GCATGTCTCCATCCAA	ENSG00000225630.1	CGTATTGT	1
GCATGTCTCCATCCAA	ENSG00000225630.1	ACGACACT	1
GCATGTCTCCATCCAA	ENSG00000225630.1	CAGACGTA	1
GCATGTCTCCATCCAA	ENSG00000225630.1	AAGCAGAT	1
GCATGTCTCCATCCAA	ENSG00000225630.1	CTTACACA	1
GCATGTCTCCATCCAA	ENSG00000225630.1	CTAAAGAG	1
GCATGTCTCCATCCAA	ENSG00000225630.1	TGGAAAAC	2
GCATGTCTCCATCCAA	ENSG00000225630.1	AAAGAGTA	1
GCATGTCTCCATCCAA	ENSG00000225630.1	CATGTAGA	1
GCATGTCTCCATCCAA	ENSG00000225630.1	TGAAACGC	1
GCATGTCTCCATCCAA	ENSG00000225630.1	CTGAGACA	1
GCATGTCTCCATCCAA	ENSG00000225630.1	AGTGGACG	1
GCATGTCTCCATCCAA	ENSG00000225630.1	GGCACCGA	1
GCATGTCTCCATCCAA	ENSG00000225630.1	AAGGTTGG	1
GCATGTCTCCATCCAA	ENSG00000225630.1	TAGGGTAT	1
GCATGTCTCCATCCAA	ENSG00000225630.1	AACCATCC	1
GCATGTCTCCATCCAA	ENSG00000285812.1	CCGTTCGG	3
GCATGTCTCCATCCAA	ENSG00000171612.7	TCGTTTCG	3
GCATGTCTCCATCCAA	ENSG00000171612.7	AGGGAAGC	1
GCATGTCTCCATCCAA	ENSG00000171612.7	AGGCTACC	1
GCATGTCTCCATCCAA	ENSG00000231789.2	AAGATATA	2
GCATGTCTCCATCCAA	ENSG00000234607.2	ACGCCTAT	1
GCATGTCTCCATCCAA	ENSG00000234607.2	noUMI	2
GCATGTCTCCATCCAA	ENSG00000288398.1	noUMI	1
GCATGTCTCCATCCAA	ENSG00000261135.1	noUMI	1
GCATGTCTCCATCCAA	ENSG00000090432.7	noUMI	2
GCATGTCTCCATCCAA	ENSG00000179163.12	noUMI	1
GCATGTCTCCATCCAA	ENSG00000175130.7	noUMI	1
GCATGTCTCCATCCAA	ENSG00000175130.7	TTTGGGGG	1
GCATGTCTCCATCCAA	ENSG00000175130.7	GTCGTAAG	1
GCATGTCTCCATCCAA	ENSG00000243749.1	noUMI	1
GCATGTCTCCATCCAA	ENSG00000236274.1	noUMI	1
GCATGTCTCCATCCAA	ENSG00000116863.11	CTATCGGA	1
GCATGTCTCCATCCAA	ENSG00000116863.11	noUMI	4
GCATGTCTCCATCCAA	ENSG00000259943.1	noUMI	2
GCATGTCTCCATCCAA	ENSG00000169213.7	noUMI	1
GCATGTCTCCATCCAA	ENSG00000286429.1	noUMI	2
GCATGTCTCCATCCAA	ENSG00000116704.8	noUMI	6
GCATGTCTCCATCCAA	ENSG00000116704.8	GACTGAGT	1
GCATGTCTCCATCCAA	ENSG00000066557.6	noUMI	3
GCATGTCTCCATCCAA	ENSG00000223905.1	TAGTGCCA	1
GCATGTCTCCATCCAA	ENSG00000226415.1	noUMI	2
GCATGTCTCCATCCAA	ENSG00000137970.7	noUMI	8
GCATGTCTCCATCCAA	ENSG00000137970.7	TGAGAGCC	1
GCATGTCTCCATCCAA	ENSG00000137970.7	CTCCCGGT	1
GCATGTCTCCATCCAA	ENSG00000137970.7	AAATCAAG	1
GCATGTCTCCATCCAA	ENSG00000137970.7	GCACTGCA	1
GCATGTCTCCATCCAA	ENSG00000244716.3	GTCGAGCT	1
GCATGTCTCCATCCAA	ENSG00000065135.12	GGGCTGTA	1
GCATGTCTCCATCCAA	ENSG00000065135.12	TATAGGAC	1
GCATGTCTCCATCCAA	ENSG00000065135.12	TTCACAGA	1
GCATGTCTCCATCCAA	ENSG00000065135.12	TTGGCAAC	1
GCATGTCTCCATCCAA	ENSG00000065135.12	noUMI	40
GCATGTCTCCATCCAA	ENSG00000065135.12	CAGATTCG	1
GCATGTCTCCATCCAA	ENSG00000065135.12	CTGGTCCG	1
GCATGTCTCCATCCAA	ENSG00000065135.12	CATCAAGG	1
GCATGTCTCCATCCAA	ENSG00000065135.12	TAACTGGG	1
GCATGTCTCCATCCAA	ENSG00000233337.1	noUMI	1
GCATGTCTCCATCCAA	ENSG00000213281.5	noUMI	29
GCATGTCTCCATCCAA	ENSG00000213281.5	AACCTGCA	1
GCATGTCTCCATCCAA	ENSG00000213281.5	AAACTCCC	1
GCATGTCTCCATCCAA	ENSG00000183508.5	noUMI	4
GCATGTCTCCATCCAA	ENSG00000183508.5	CGGGAGGG	1
GCATGTCTCCATCCAA	ENSG00000274642.1	noUMI	1
AAGCCGTTGGCGTTAA	ENSG00000225630.1	TCTGGGTG	1
AAGCCGTTGGCGTTAA	ENSG00000225630.1	ATAATAAT	2
AAGCCGTTGGCGTTAA	ENSG00000225630.1	noUMI	12
AAGCCGTTGGCGTTAA	ENSG00000225630.1	CGTCCTAA	1
AAGCCGTTGGCGTTAA	ENSG00000225630.1	CAATACAT	1
AAGCCGTTGGCGTTAA	ENSG00000225630.1	CATCAGTG	1
AAGCCGTTGGCGTTAA	ENSG00000225630.1	TTAGCCTG	1
AAGCCGTTGGCGTTAA	ENSG00000225630.1	TGCAACCA	1
AAGCCGTTGGCGTTAA	ENSG00000225630.1	CGAGACTT	1
AAGCCGTTGGCGTTAA	ENSG00000225630.1	TCCGGTTG	1
AAGCCGTTGGCGTTAA	ENSG00000225630.1	CGGGGTAG	1
AAGCCGTTGGCGTTAA	ENSG00000225630.1	TCCGAGTT	1
AAGCCGTTGGCGTTAA	ENSG00000225630.1	TAGAACCC	1
AAGCCGTTGGCGTTAA	ENSG00000225630.1	TTCGTACG	1
AAGCCGTTGGCGTTAA	ENSG00000225630.1	GATTGGGT	1
AAGCCGTTGGCGTTAA	ENSG00000225630.1	TGGCCCAC	1
AAGCCGTTGGCGTTAA	ENSG00000225630.1	CCAGTTAG	1
AAGCCGTTGGCGTTAA	ENSG00000225630.1	TCTCAGGG	1
AAGCCGTTGGCGTTAA	ENSG00000225630.1	TAAGTATG	1
AAGCCGTTGGCGTTAA	ENSG00000225630.1	GGCCGTGT	1
AAGCCGTTGGCGTTAA	ENSG00000225630.1	TCCAAGGC	1
AAGCCGTTGGCGTTAA	ENSG00000225630.1	AATACTGG	1
AAGCCGTTGGCGTTAA	ENSG00000225630.1	TCGAGGGT	1
AAGCCGTTGGCGTTAA	ENSG00000225630.1	AACTTTAC	1
AAGCCGTTGGCGTTAA	ENSG00000225630.1	AATTGGCT	2
AAGCCGTTGGCGTTAA	ENSG00000225630.1	ACGATATC	1
AAGCCGTTGGCGTTAA	ENSG00000225630.1	GGAGGATT	1
AAGCCGTTGGCGTTAA	ENSG00000225630.1	ATGTAGCC	1
AAGCCGTTGGCGTTAA	ENSG00000225630.1	ACGTAACT	1
AAGCCGTTGGCGTTAA	ENSG00000225630.1	AAAATACC	1
AAGCCGTTGGCGTTAA	ENSG00000225630.1	CGTGTTGC	1
AAGCCGTTGGCGTTAA	ENSG00000225630.1	GGTCATCC	1
AAGCCGTTGGCGTTAA	ENSG00000225630.1	CATAGGTG	1
AAGCCGTTGGCGTTAA	ENSG00000225630.1	CCATTGGG	1
AAGCCGTTGGCGTTAA	ENSG00000225630.1	CAACCGGT	3
AAGCCGTTGGCGTTAA	ENSG00000225630.1	GGTTAGAC	1
AAGCCGTTGGCGTTAA	ENSG00000225630.1	GGGGGAAC	1
AAGCCGTTGGCGTTAA	ENSG00000225630.1	TGATTAAG	1
AAGCCGTTGGCGTTAA	ENSG00000225630.1	TGACATAA	1
AAGCCGTTGGCGTTAA	ENSG00000225630.1	TCCGAGGT	1
AAGCCGTTGGCGTTAA	ENSG00000225630.1	AAGAATCG	1
AAGCCGTTGGCGTTAA	ENSG00000225630.1	AAGGTGGG	1
AAGCCGTTGGCGTTAA	ENSG00000225630.1	GGTGGCAA	1
AAGCCGTTGGCGTTAA	ENSG00000225630.1	GGTCCCCA	1
AAGCCGTTGGCGTTAA	ENSG00000225630.1	AAAACCAC	1
AAGCCGTTGGCGTTAA	ENSG00000225630.1	AATAGACG	1
AAGCCGTTGGCGTTAA	ENSG00000225630.1	TTCAGCCA	1
AAGCCGTTGGCGTTAA	ENSG00000225630.1	GCCACTCG	1
AAGCCGTTGGCGTTAA	ENSG00000225630.1	TAGGTATT	1
AAGCCGTTGGCGTTAA	ENSG00000225630.1	GGCACACA	1
AAGCCGTTGGCGTTAA	ENSG00000225630.1	GCTTGGGG	1
AAGCCGTTGGCGTTAA	ENSG00000225630.1	TTACGACA	1
AAGCCGTTGGCGTTAA	ENSG00000225630.1	CGGGGTCT	1
AAGCCGTTGGCGTTAA	ENSG00000225630.1	CATAGGCA	1
AAGCCGTTGGCGTTAA	ENSG00000272455.1	noUMI	1
AAGCCGTTGGCGTTAA	ENSG00000288398.1	noUMI	1
AAGCCGTTGGCGTTAA	ENSG00000186301.8	GGCATGCC	1
AAGCCGTTGGCGTTAA	ENSG00000090432.7	noUMI	7
AAGCCGTTGGCGTTAA	ENSG00000179163.12	noUMI	1
AAGCCGTTGGCGTTAA	ENSG00000270605.1	noUMI	2
AAGCCGTTGGCGTTAA	ENSG00000130766.5	ACTACCGC	1
AAGCCGTTGGCGTTAA	ENSG00000130766.5	noUMI	2
AAGCCGTTGGCGTTAA	ENSG00000175130.7	noUMI	1
AAGCCGTTGGCGTTAA	ENSG00000175130.7	GTATGGTG	1
AAGCCGTTGGCGTTAA	ENSG00000175130.7	CCTAAAGT	1
AAGCCGTTGGCGTTAA	ENSG00000116981.4	noUMI	1
AAGCCGTTGGCGTTAA	ENSG00000117000.9	noUMI	3
AAGCCGTTGGCGTTAA	ENSG00000260920.2	TTCGTGGG	1
AAGCCGTTGGCGTTAA	ENSG00000237950.3	noUMI	3
AAGCCGTTGGCGTTAA	ENSG00000228929.1	noUMI	1
AAGCCGTTGGCGTTAA	ENSG00000116704.8	noUMI	3
AAGCCGTTGGCGTTAA	ENSG00000066557.6	noUMI	4
AAGCCGTTGGCGTTAA	ENSG00000226415.1	noUMI	1
AAGCCGTTGGCGTTAA	ENSG00000226084.5	noUMI	1
AAGCCGTTGGCGTTAA	ENSG00000271576.1	noUMI	1
AAGCCGTTGGCGTTAA	ENSG00000223896.2	noUMI	1
AAGCCGTTGGCGTTAA	ENSG00000137970.7	noUMI	5
AAGCCGTTGGCGTTAA	ENSG00000137970.7	ATCGGGGT	1
AAGCCGTTGGCGTTAA	ENSG00000065135.12	CAAACTCC	1
AAGCCGTTGGCGTTAA	ENSG00000065135.12	TTAACGGG	1
AAGCCGTTGGCGTTAA	ENSG00000065135.12	CGAGATCA	1
AAGCCGTTGGCGTTAA	ENSG00000065135.12	CTAACCCA	3
AAGCCGTTGGCGTTAA	ENSG00000065135.12	noUMI	13
AAGCCGTTGGCGTTAA	ENSG00000065135.12	ACTGTGGG	1
AAGCCGTTGGCGTTAA	ENSG00000065135.12	CAAGGACA	1
AAGCCGTTGGCGTTAA	ENSG00000238198.2	noUMI	1
AAGCCGTTGGCGTTAA	ENSG00000213281.5	noUMI	7
AAGCCGTTGGCGTTAA	ENSG00000277702.1	noUMI	1
AAGCCGTTGGCGTTAA	ENSG00000215784.6	TCCTGTGC	1
AAGCCGTTGGCGTTAA	ENSG00000215784.6	CCTGCTCC	1
AAGCCGTTGGCGTTAA	ENSG00000177144.8	noUMI	1
AAGCCGTTGGCGTTAA	ENSG00000228126.1	GCGCTCAC	1
AAGCCGTTGGCGTTAA	ENSG00000228126.1	noUMI	1
AAGCCGTTGGCGTTAA	ENSG00000163344.6	TGAAGTTA	1
AAGCCGTTGGCGTTAA	ENSG00000163344.6	noUMI	2
AAGCCGTTGGCGTTAA	ENSG00000227673.1	noUMI	1
AAGCCGTTGGCGTTAA	ENSG00000132688.11	noUMI	1
AAGCCGTTGGCGTTAA	ENSG00000224358.1	noUMI	1
AAGCCGTTGGCGTTAA	ENSG00000162783.11	noUMI	3
TGACCAAGCCATCCAA	ENSG00000225630.1	CAAGAAGA	1
TGACCAAGCCATCCAA	ENSG00000225630.1	TCTACCCA	1
TGACCAAGCCATCCAA	ENSG00000225630.1	TGCCGAAT	1
TGACCAAGCCATCCAA	ENSG00000225630.1	GACTCGGG	1
TGACCAAGCCATCCAA	ENSG00000225630.1	GCAATGTA	1
TGACCAAGCCATCCAA	ENSG00000225630.1	GGACGAAC	1
TGACCAAGCCATCCAA	ENSG00000225630.1	noUMI	23
TGACCAAGCCATCCAA	ENSG00000225630.1	GAGCCCGG	1
TGACCAAGCCATCCAA	ENSG00000225630.1	CCCATAAC	1
TGACCAAGCCATCCAA	ENSG00000225630.1	GTACGCTT	1
TGACCAAGCCATCCAA	ENSG00000225630.1	GGTTACCG	1
TGACCAAGCCATCCAA	ENSG00000225630.1	TGGTATAG	1
TGACCAAGCCATCCAA	ENSG00000225630.1	CTATACCA	1
TGACCAAGCCATCCAA	ENSG00000225630.1	ACTCATGT	1
TGACCAAGCCATCCAA	ENSG00000225630.1	ATCTGAAT	1
TGACCAAGCCATCCAA	ENSG00000225630.1	TGTCACGG	1
TGACCAAGCCATCCAA	ENSG00000225630.1	AAATATCG	1
TGACCAAGCCATCCAA	ENSG00000225630.1	GCTAGCCC	1
TGACCAAGCCATCCAA	ENSG00000225630.1	GCCTTCAT	1
TGACCAAGCCATCCAA	ENSG00000225630.1	ACTCTAGA	1
TGACCAAGCCATCCAA	ENSG00000225630.1	CCGTAGTA	1
TGACCAAGCCATCCAA	ENSG00000225630.1	TGTGGGTG	2
TGACCAAGCCATCCAA	ENSG00000225630.1	CGAACAAT	1
TGACCAAGCCATCCAA	ENSG00000225630.1	GGCTTTCA	1
TGACCAAGCCATCCAA	ENSG00000225630.1	CGATTGCT	1
TGACCAAGCCATCCAA	ENSG00000225630.1	TAAACCGC	1
TGACCAAGCCATCCAA	ENSG00000225630.1	ATAGCTAT	1
TGACCAAGCCATCCAA	ENSG00000225630.1	GGGGAACA	1
TGACCAAGCCATCCAA	ENSG00000225630.1	CAGTCCAA	1
TGACCAAGCCATCCAA	ENSG00000225630.1	GGCGCCCT	1
TGACCAAGCCATCCAA	ENSG00000225630.1	GGAACCGG	1
TGACCAAGCCATCCAA	ENSG00000225630.1	GTGCCAAG	1
TGACCAAGCCATCCAA	ENSG00000225630.1	CAAGGGCA	1
TGACCAAGCCATCCAA	ENSG00000225630.1	TAAGGGCC	1
TGACCAAGCCATCCAA	ENSG00000225630.1	CCTCAAGT	1
TGACCAAGCCATCCAA	ENSG00000225630.1	GCTGTGAT	1
TGACCAAGCCATCCAA	ENSG00000225630.1	CAGATCGC	1
TGACCAAGCCATCCAA	ENSG00000225630.1	GGTCAAAC	1
TGACCAAGCCATCCAA	ENSG00000225630.1	TTCGATCA	1
TGACCAAGCCATCCAA	ENSG00000225630.1	CTACCCCG	1
TGACCAAGCCATCCAA	ENSG00000225630.1	CTGGGAGA	1
TGACCAAGCCATCCAA	ENSG00000225630.1	CCAAATGA	1
TGACCAAGCCATCCAA	ENSG00000225630.1	GATAAGGT	2
TGACCAAGCCATCCAA	ENSG00000225630.1	TCTCCAAG	1
TGACCAAGCCATCCAA	ENSG00000225630.1	AAGTTAGG	1
TGACCAAGCCATCCAA	ENSG00000225630.1	GCCCGTGA	1
TGACCAAGCCATCCAA	ENSG00000225630.1	TGGTCCGA	2
TGACCAAGCCATCCAA	ENSG00000225630.1	GCTCGTAA	1
TGACCAAGCCATCCAA	ENSG00000225630.1	ATAAATGA	1
TGACCAAGCCATCCAA	ENSG00000225630.1	TCTACACA	1
TGACCAAGCCATCCAA	ENSG00000225630.1	CTGGGAAC	1
TGACCAAGCCATCCAA	ENSG00000225630.1	AGTCATCA	1
TGACCAAGCCATCCAA	ENSG00000225630.1	GGGATCCT	1
TGACCAAGCCATCCAA	ENSG00000225630.1	GGGCCGCA	1
TGACCAAGCCATCCAA	ENSG00000225630.1	CCAGGTTA	1
TGACCAAGCCATCCAA	ENSG00000225630.1	GGCGGTTG	1
TGACCAAGCCATCCAA	ENSG00000225630.1	CGAATTTG	1
TGACCAAGCCATCCAA	ENSG00000225630.1	GTCGCTGT	2
TGACCAAGCCATCCAA	ENSG00000225630.1	TTACTAGA	1
TGACCAAGCCATCCAA	ENSG00000225630.1	TGTGTCAC	3
TGACCAAGCCATCCAA	ENSG00000225630.1	CAGTAGCA	1
TGACCAAGCCATCCAA	ENSG00000228594.4	noUMI	1
TGACCAAGCCATCCAA	ENSG00000228594.4	CAGTCCAG	1
TGACCAAGCCATCCAA	ENSG00000233954.6	noUMI	1
TGACCAAGCCATCCAA	ENSG00000233954.6	ACAGACGA	1
TGACCAAGCCATCCAA	ENSG00000233954.6	TCGTATGC	1
TGACCAAGCCATCCAA	ENSG00000288398.1	noUMI	1
TGACCAAGCCATCCAA	ENSG00000090432.7	noUMI	6
TGACCAAGCCATCCAA	ENSG00000090432.7	ATACTGCT	1
TGACCAAGCCATCCAA	ENSG00000090432.7	TCCACGGT	1
TGACCAAGCCATCCAA	ENSG00000179163.12	noUMI	11
TGACCAAGCCATCCAA	ENSG00000284657.1	noUMI	1
TGACCAAGCCATCCAA	ENSG00000238084.4	noUMI	1
TGACCAAGCCATCCAA	ENSG00000130766.5	noUMI	2
TGACCAAGCCATCCAA	ENSG00000279443.1	AACGACGG	1
TGACCAAGCCATCCAA	ENSG00000279443.1	noUMI	1
TGACCAAGCCATCCAA	ENSG00000237934.1	noUMI	1
TGACCAAGCCATCCAA	ENSG00000175130.7	GCTAGGTA	1
TGACCAAGCCATCCAA	ENSG00000175130.7	TACAGCGA	2
TGACCAAGCCATCCAA	ENSG00000243749.1	noUMI	11
TGACCAAGCCATCCAA	ENSG00000243749.1	GTCTACGG	1
TGACCAAGCCATCCAA	ENSG00000236274.1	noUMI	1
TGACCAAGCCATCCAA	ENSG00000116863.11	noUMI	10
TGACCAAGCCATCCAA	ENSG00000117000.9	noUMI	5
TGACCAAGCCATCCAA	ENSG00000117000.9	CATAATCG	1
TGACCAAGCCATCCAA	ENSG00000259943.1	noUMI	1
TGACCAAGCCATCCAA	ENSG00000237424.1	noUMI	1
TGACCAAGCCATCCAA	ENSG00000169213.7	noUMI	2
TGACCAAGCCATCCAA	ENSG00000227935.1	noUMI	1
TGACCAAGCCATCCAA	ENSG00000066557.6	noUMI	9
TGACCAAGCCATCCAA	ENSG00000066557.6	TCGCGACG	1
TGACCAAGCCATCCAA	ENSG00000226084.5	noUMI	1
TGACCAAGCCATCCAA	ENSG00000280099.1	noUMI	2
TGACCAAGCCATCCAA	ENSG00000137970.7	TAGACGCT	1
TGACCAAGCCATCCAA	ENSG00000137970.7	noUMI	2
TGACCAAGCCATCCAA	ENSG00000137970.7	GCGCTCCC	1
TGACCAAGCCATCCAA	ENSG00000137970.7	ATTACGGA	1
TGACCAAGCCATCCAA	ENSG00000137970.7	AGGATCCC	1
TGACCAAGCCATCCAA	ENSG00000065135.12	noUMI	20
TGACCAAGCCATCCAA	ENSG00000065135.12	AGGTGAGG	1
TGACCAAGCCATCCAA	ENSG00000065135.12	ACGGACAG	1
TGACCAAGCCATCCAA	ENSG00000065135.12	TCGGACCG	2
TGACCAAGCCATCCAA	ENSG00000065135.12	TAGAACAG	1
TGACCAAGCCATCCAA	ENSG00000065135.12	AAGATCCT	1
TGACCAAGCCATCCAA	ENSG00000065135.12	GAGGGACC	1
TGACCAAGCCATCCAA	ENSG00000065135.12	CAGGGAGG	1
TGACCAAGCCATCCAA	ENSG00000065135.12	GCAGAGAG	1
TGACCAAGCCATCCAA	ENSG00000259834.1	AAGAAGTG	1
TGACCAAGCCATCCAA	ENSG00000201028.1	noUMI	1
TCCAAGTCCCAATCCT	ENSG00000225630.1	TCGAACGT	1
TCCAAGTCCCAATCCT	ENSG00000225630.1	noUMI	11
TCCAAGTCCCAATCCT	ENSG00000225630.1	AAAGCGTC	1
TCCAAGTCCCAATCCT	ENSG00000225630.1	TGGACACG	1
TCCAAGTCCCAATCCT	ENSG00000225630.1	TCGGAATA	1
TCCAAGTCCCAATCCT	ENSG00000225630.1	AAAGCATC	1
TCCAAGTCCCAATCCT	ENSG00000225630.1	TAGTCAGA	1
TCCAAGTCCCAATCCT	ENSG00000225630.1	GTAAGAAT	1
TCCAAGTCCCAATCCT	ENSG00000225630.1	AGTCTTCG	1
TCCAAGTCCCAATCCT	ENSG00000225630.1	CAACACAT	2
TCCAAGTCCCAATCCT	ENSG00000225630.1	GAAGCTCG	1
TCCAAGTCCCAATCCT	ENSG00000225630.1	GTGTTACA	2
TCCAAGTCCCAATCCT	ENSG00000225630.1	AGGACTGG	2
TCCAAGTCCCAATCCT	ENSG00000225630.1	CTCGGTTA	2
TCCAAGTCCCAATCCT	ENSG00000225630.1	AAATAAAA	1
TCCAAGTCCCAATCCT	ENSG00000225630.1	GCTGGTTA	1
TCCAAGTCCCAATCCT	ENSG00000225630.1	AAGGCCGG	1
TCCAAGTCCCAATCCT	ENSG00000225630.1	TGTGTGAA	1
TCCAAGTCCCAATCCT	ENSG00000225630.1	GGGGCATA	1
TCCAAGTCCCAATCCT	ENSG00000225630.1	ACGAAATG	1
TCCAAGTCCCAATCCT	ENSG00000225630.1	TCACAACT	2
TCCAAGTCCCAATCCT	ENSG00000225630.1	TCATACCT	1
TCCAAGTCCCAATCCT	ENSG00000225630.1	CGATGATG	1
TCCAAGTCCCAATCCT	ENSG00000225630.1	GCTAGGTG	2
TCCAAGTCCCAATCCT	ENSG00000225630.1	AAACGCTT	1
TCCAAGTCCCAATCCT	ENSG00000225630.1	GACAACTC	1
TCCAAGTCCCAATCCT	ENSG00000225630.1	TCACGAGC	1
TCCAAGTCCCAATCCT	ENSG00000225630.1	ATGAAGTT	1
TCCAAGTCCCAATCCT	ENSG00000225630.1	GACCATGG	1
TCCAAGTCCCAATCCT	ENSG00000225630.1	AAACTAGC	1
TCCAAGTCCCAATCCT	ENSG00000225630.1	TGTCGAGC	1
TCCAAGTCCCAATCCT	ENSG00000225630.1	TTGCGACC	1
TCCAAGTCCCAATCCT	ENSG00000225630.1	TCTACGGC	1
TCCAAGTCCCAATCCT	ENSG00000225630.1	TCAGAGGG	1
TCCAAGTCCCAATCCT	ENSG00000225630.1	GTTGGCAG	2
TCCAAGTCCCAATCCT	ENSG00000225630.1	GTGAGGCA	1
TCCAAGTCCCAATCCT	ENSG00000225630.1	CTGAAGTA	1
TCCAAGTCCCAATCCT	ENSG00000225630.1	GAAGAACT	1
TCCAAGTCCCAATCCT	ENSG00000225630.1	GAGCTGCG	1
TCCAAGTCCCAATCCT	ENSG00000225630.1	CAGGACTA	1
TCCAAGTCCCAATCCT	ENSG00000225630.1	ATGAGGAT	1
TCCAAGTCCCAATCCT	ENSG00000225630.1	TACAGGGA	1
TCCAAGTCCCAATCCT	ENSG00000225630.1	GTGGGCAC	1
TCCAAGTCCCAATCCT	ENSG00000225630.1	GCGTCCCC	1
TCCAAGTCCCAATCCT	ENSG00000225630.1	AACATGTT	1
TCCAAGTCCCAATCCT	ENSG00000225630.1	GACTCATA	1
TCCAAGTCCCAATCCT	ENSG00000225630.1	TTGCAAGC	1
TCCAAGTCCCAATCCT	ENSG00000225630.1	ACGCGACC	1
TCCAAGTCCCAATCCT	ENSG00000225630.1	GTCGGCGG	1
TCCAAGTCCCAATCCT	ENSG00000225630.1	ATCTCGAA	1
TCCAAGTCCCAATCCT	ENSG00000225630.1	TGTAAGCC	1
TCCAAGTCCCAATCCT	ENSG00000225630.1	AAACTCAC	1
TCCAAGTCCCAATCCT	ENSG00000225630.1	TAGTGCCG	1
TCCAAGTCCCAATCCT	ENSG00000225630.1	GCGTAGAG	1
TCCAAGTCCCAATCCT	ENSG00000225630.1	GAGACTTC	1
TCCAAGTCCCAATCCT	ENSG00000225630.1	CCTGATAT	1
TCCAAGTCCCAATCCT	ENSG00000225630.1	GTGATACC	1
TCCAAGTCCCAATCCT	ENSG00000225630.1	CTGTCAGC	1
TCCAAGTCCCAATCCT	ENSG00000225630.1	TGATCCGA	1
TCCAAGTCCCAATCCT	ENSG00000225630.1	TGTCACAA	1
TCCAAGTCCCAATCCT	ENSG00000225630.1	CGCCCAAT	1
TCCAAGTCCCAATCCT	ENSG00000225630.1	CCGAGAGT	1
TCCAAGTCCCAATCCT	ENSG00000225630.1	TGAATGGT	1
TCCAAGTCCCAATCCT	ENSG00000225630.1	GATGTCTG	1
TCCAAGTCCCAATCCT	ENSG00000225630.1	CATCTAAC	1
TCCAAGTCCCAATCCT	ENSG00000225630.1	AACATGTA	1
TCCAAGTCCCAATCCT	ENSG00000225630.1	CGGTGCCA	1
TCCAAGTCCCAATCCT	ENSG00000225630.1	TACCCCGG	1
TCCAAGTCCCAATCCT	ENSG00000225630.1	CCGATTAT	1
TCCAAGTCCCAATCCT	ENSG00000225630.1	TCTTGACG	1
TCCAAGTCCCAATCCT	ENSG00000225630.1	TCACTCGC	1
TCCAAGTCCCAATCCT	ENSG00000225630.1	GTTTTGGA	1
TCCAAGTCCCAATCCT	ENSG00000225630.1	GGTCTGCT	1
TCCAAGTCCCAATCCT	ENSG00000225630.1	GATCAAAG	1
TCCAAGTCCCAATCCT	ENSG00000225630.1	GTGACAGA	1
TCCAAGTCCCAATCCT	ENSG00000225630.1	GATCAGCG	1
TCCAAGTCCCAATCCT	ENSG00000225630.1	ATAGCCGT	1
TCCAAGTCCCAATCCT	ENSG00000225630.1	GGCTGGAT	1
TCCAAGTCCCAATCCT	ENSG00000225630.1	GGGATGAC	1
TCCAAGTCCCAATCCT	ENSG00000225630.1	ACGAGAAG	1
TCCAAGTCCCAATCCT	ENSG00000225630.1	CGACTAAA	1
TCCAAGTCCCAATCCT	ENSG00000225630.1	GCGGCAGT	1
TCCAAGTCCCAATCCT	ENSG00000225630.1	TAGTGCAC	1
TCCAAGTCCCAATCCT	ENSG00000225630.1	CGCTGCCT	1
TCCAAGTCCCAATCCT	ENSG00000225630.1	ATTACGGC	1
TCCAAGTCCCAATCCT	ENSG00000225630.1	CTTAACGA	2
TCCAAGTCCCAATCCT	ENSG00000225630.1	CCACTACC	1
TCCAAGTCCCAATCCT	ENSG00000225630.1	TCTAACGG	1
TCCAAGTCCCAATCCT	ENSG00000225630.1	CGTCACAC	1
TCCAAGTCCCAATCCT	ENSG00000225630.1	CCAACTGA	1
TCCAAGTCCCAATCCT	ENSG00000225630.1	ACTGTGAG	1
TCCAAGTCCCAATCCT	ENSG00000225630.1	ACAACTCT	5
TCCAAGTCCCAATCCT	ENSG00000225630.1	TGAAGAAA	1
TCCAAGTCCCAATCCT	ENSG00000225630.1	ATCCGAGT	1
TCCAAGTCCCAATCCT	ENSG00000225630.1	CTGTGGGA	1
TCCAAGTCCCAATCCT	ENSG00000225630.1	AGTTGATA	1
TCCAAGTCCCAATCCT	ENSG00000225630.1	TAAGAGAT	1
TCCAAGTCCCAATCCT	ENSG00000225630.1	TAAGTCCA	1
TCCAAGTCCCAATCCT	ENSG00000225630.1	ACACGAGT	1
TCCAAGTCCCAATCCT	ENSG00000225630.1	ATGCTAAA	1
TCCAAGTCCCAATCCT	ENSG00000225630.1	TGACACAG	1
TCCAAGTCCCAATCCT	ENSG00000225630.1	AAATCGAC	1
TCCAAGTCCCAATCCT	ENSG00000225630.1	ATTGTGTA	2
TCCAAGTCCCAATCCT	ENSG00000225630.1	GATATGAT	1
TCCAAGTCCCAATCCT	ENSG00000225630.1	GGGGTAAA	1
TCCAAGTCCCAATCCT	ENSG00000225630.1	ATGAAAGA	1
TCCAAGTCCCAATCCT	ENSG00000225630.1	GCTGATGT	1
TCCAAGTCCCAATCCT	ENSG00000225630.1	CAATCCCC	1
TCCAAGTCCCAATCCT	ENSG00000225630.1	TTCGAGAT	2
TCCAAGTCCCAATCCT	ENSG00000225630.1	ATCTCGTG	1
TCCAAGTCCCAATCCT	ENSG00000225630.1	ATCGAACT	2
TCCAAGTCCCAATCCT	ENSG00000225630.1	ATCGGGAT	1
TCCAAGTCCCAATCCT	ENSG00000225630.1	ATGTGGGC	2
TCCAAGTCCCAATCCT	ENSG00000225630.1	GAATCAAA	2
TCCAAGTCCCAATCCT	ENSG00000225630.1	TAGATCCG	1
TCCAAGTCCCAATCCT	ENSG00000225630.1	TAAGTATC	1
TCCAAGTCCCAATCCT	ENSG00000225630.1	ACGAGTCA	1
TCCAAGTCCCAATCCT	ENSG00000225630.1	GTGACCCT	1
TCCAAGTCCCAATCCT	ENSG00000225630.1	AAAACTGA	1
TCCAAGTCCCAATCCT	ENSG00000225630.1	GGGCGACT	1
TCCAAGTCCCAATCCT	ENSG00000225630.1	GTCATGGG	1
TCCAAGTCCCAATCCT	ENSG00000225630.1	AAGTAAAT	1
TCCAAGTCCCAATCCT	ENSG00000225630.1	CAGTGATA	1
TCCAAGTCCCAATCCT	ENSG00000225630.1	CTAACCTG	1
TCCAAGTCCCAATCCT	ENSG00000225630.1	GTGTGATA	1
TCCAAGTCCCAATCCT	ENSG00000225630.1	CACAGGTA	1
TCCAAGTCCCAATCCT	ENSG00000225630.1	TCATCTAA	1
TCCAAGTCCCAATCCT	ENSG00000225630.1	TGGCTCAC	1
TCCAAGTCCCAATCCT	ENSG00000225630.1	GGCAAGTA	1
TCCAAGTCCCAATCCT	ENSG00000225630.1	CAATACAT	2
TCCAAGTCCCAATCCT	ENSG00000225630.1	CGTGCTAG	1
TCCAAGTCCCAATCCT	ENSG00000225630.1	GTATGGTT	1
TCCAAGTCCCAATCCT	ENSG00000225630.1	TGGGACGC	1
TCCAAGTCCCAATCCT	ENSG00000225630.1	CGTCGACA	1
TCCAAGTCCCAATCCT	ENSG00000225630.1	AACTCCTA	1
TCCAAGTCCCAATCCT	ENSG00000225630.1	ACATAGTA	1
TCCAAGTCCCAATCCT	ENSG00000225630.1	TATGGACA	1
TCCAAGTCCCAATCCT	ENSG00000225630.1	CTAAAAGA	1
TCCAAGTCCCAATCCT	ENSG00000225630.1	TGGTTGGA	1
TCCAAGTCCCAATCCT	ENSG00000225630.1	GACATCGC	1
TCCAAGTCCCAATCCT	ENSG00000225630.1	CGGGTTCA	1
TCCAAGTCCCAATCCT	ENSG00000225630.1	ATGCTACG	1
TCCAAGTCCCAATCCT	ENSG00000225630.1	CTACGTGC	2
TCCAAGTCCCAATCCT	ENSG00000225630.1	ACGAAGGC	1
TCCAAGTCCCAATCCT	ENSG00000225630.1	ACTAGACA	1
TCCAAGTCCCAATCCT	ENSG00000225630.1	CATCCCGT	2
TCCAAGTCCCAATCCT	ENSG00000225630.1	ATCACGCT	1
TCCAAGTCCCAATCCT	ENSG00000225630.1	CGCGGTAC	1
TCCAAGTCCCAATCCT	ENSG00000225630.1	AACTACGG	1
TCCAAGTCCCAATCCT	ENSG00000225630.1	ATATGGTG	2
TCCAAGTCCCAATCCT	ENSG00000225630.1	CGGGATGC	1
TCCAAGTCCCAATCCT	ENSG00000225630.1	TCGTGTCC	1
TCCAAGTCCCAATCCT	ENSG00000225630.1	AATAGCTC	1
TCCAAGTCCCAATCCT	ENSG00000225630.1	AGTCCATA	1
TCCAAGTCCCAATCCT	ENSG00000225630.1	AGAGAAGA	1
TCCAAGTCCCAATCCT	ENSG00000225630.1	GAGGGCTG	1
TCCAAGTCCCAATCCT	ENSG00000225630.1	GGACTGCC	1
TCCAAGTCCCAATCCT	ENSG00000225630.1	ACAACGTT	2
TCCAAGTCCCAATCCT	ENSG00000225630.1	CCGAGCGT	1
TCCAAGTCCCAATCCT	ENSG00000225630.1	CAAAATGC	1
TCCAAGTCCCAATCCT	ENSG00000225630.1	ATCGCACG	1
TCCAAGTCCCAATCCT	ENSG00000225630.1	TATGAACG	1
TCCAAGTCCCAATCCT	ENSG00000225630.1	GCAAACAA	1
TCCAAGTCCCAATCCT	ENSG00000225630.1	GGCTGGTA	1
TCCAAGTCCCAATCCT	ENSG00000225630.1	AATGACCT	1
TCCAAGTCCCAATCCT	ENSG00000225630.1	TGAGCCCG	1
TCCAAGTCCCAATCCT	ENSG00000225630.1	GCGGCTAC	1
TCCAAGTCCCAATCCT	ENSG00000225630.1	ACATCTTT	1
TCCAAGTCCCAATCCT	ENSG00000225630.1	AAACATAT	1
TCCAAGTCCCAATCCT	ENSG00000225630.1	CTGGCGAC	1
TCCAAGTCCCAATCCT	ENSG00000225630.1	TGTTAGAG	2
TCCAAGTCCCAATCCT	ENSG00000225630.1	CACACACA	1
TCCAAGTCCCAATCCT	ENSG00000225630.1	TTGATCGG	1
TCCAAGTCCCAATCCT	ENSG00000225630.1	AGTGGGAA	1
TCCAAGTCCCAATCCT	ENSG00000225630.1	GGGACACT	1
TCCAAGTCCCAATCCT	ENSG00000225630.1	AGAGGGAA	1
TCCAAGTCCCAATCCT	ENSG00000225630.1	TACGATTG	1
TCCAAGTCCCAATCCT	ENSG00000225630.1	CACAGACG	1
TCCAAGTCCCAATCCT	ENSG00000225630.1	CTCTCGGC	1
TCCAAGTCCCAATCCT	ENSG00000225630.1	GCGATAAC	1
TCCAAGTCCCAATCCT	ENSG00000225630.1	GGCTTCTC	1
TCCAAGTCCCAATCCT	ENSG00000225630.1	CAATCTCC	1
TCCAAGTCCCAATCCT	ENSG00000225630.1	ACCTCAGC	1
TCCAAGTCCCAATCCT	ENSG00000225630.1	GCAAGCTC	1
TCCAAGTCCCAATCCT	ENSG00000225630.1	AGAGCGCC	1
TCCAAGTCCCAATCCT	ENSG00000225630.1	GTTCCGCT	1
TCCAAGTCCCAATCCT	ENSG00000225630.1	GTCATACG	1
TCCAAGTCCCAATCCT	ENSG00000225630.1	GAATGCTG	1
TCCAAGTCCCAATCCT	ENSG00000225630.1	CATCTGAA	1
TCCAAGTCCCAATCCT	ENSG00000225630.1	GTCCATTG	1
TCCAAGTCCCAATCCT	ENSG00000225630.1	GAGACTCT	1
TCCAAGTCCCAATCCT	ENSG00000225630.1	CCAATTAG	2
TCCAAGTCCCAATCCT	ENSG00000225630.1	GCAGGAAC	1
TCCAAGTCCCAATCCT	ENSG00000225630.1	ACCATGCA	1
TCCAAGTCCCAATCCT	ENSG00000225630.1	GCATCCTA	1
TCCAAGTCCCAATCCT	ENSG00000225630.1	GCACGCAT	1
TCCAAGTCCCAATCCT	ENSG00000225630.1	TGTGACGC	1
TCCAAGTCCCAATCCT	ENSG00000225630.1	TTAGACTC	1
TCCAAGTCCCAATCCT	ENSG00000225630.1	CGGTGCAA	1
TCCAAGTCCCAATCCT	ENSG00000176022.7	GAGTTTGG	1
TCCAAGTCCCAATCCT	ENSG00000171612.7	GACACAGT	1
TCCAAGTCCCAATCCT	ENSG00000231789.2	CTCGACTC	1
TCCAAGTCCCAATCCT	ENSG00000233954.6	CCAGAACT	1
TCCAAGTCCCAATCCT	ENSG00000233954.6	AGTAGGCA	1
TCCAAGTCCCAATCCT	ENSG00000261135.1	TACTGGTA	1
TCCAAGTCCCAATCCT	ENSG00000090432.7	noUMI	1
TCCAAGTCCCAATCCT	ENSG00000090432.7	CAGTGGCC	1
TCCAAGTCCCAATCCT	ENSG00000090432.7	TGGACAGG	1
TCCAAGTCCCAATCCT	ENSG00000090432.7	CCGAGAGG	1
TCCAAGTCCCAATCCT	ENSG00000090432.7	GGAACTGT	1
TCCAAGTCCCAATCCT	ENSG00000090432.7	TAGGGCCG	1
TCCAAGTCCCAATCCT	ENSG00000090432.7	AAGACAAC	1
TCCAAGTCCCAATCCT	ENSG00000235112.1	ACATCTGT	1
TCCAAGTCCCAATCCT	ENSG00000179163.12	GGACACTG	1
TCCAAGTCCCAATCCT	ENSG00000284602.1	AAGAAGGT	1
TCCAAGTCCCAATCCT	ENSG00000270605.1	GATAGACG	1
TCCAAGTCCCAATCCT	ENSG00000237934.1	TCTGTCTG	1
TCCAAGTCCCAATCCT	ENSG00000237329.2	GCACCAGT	1
TCCAAGTCCCAATCCT	ENSG00000175130.7	CCGGAAGT	2
TCCAAGTCCCAATCCT	ENSG00000175130.7	GCGGCAGC	1
TCCAAGTCCCAATCCT	ENSG00000175130.7	ACGGCAGC	1
TCCAAGTCCCAATCCT	ENSG00000175130.7	TACAACAA	1
TCCAAGTCCCAATCCT	ENSG00000175130.7	GCCAGGAT	2
TCCAAGTCCCAATCCT	ENSG00000243749.1	noUMI	1
TCCAAGTCCCAATCCT	ENSG00000116863.11	GGCAGGGG	1
TCCAAGTCCCAATCCT	ENSG00000116863.11	TAGGTGGG	2
TCCAAGTCCCAATCCT	ENSG00000116863.11	AGCAACCC	2
TCCAAGTCCCAATCCT	ENSG00000117000.9	AAGTGGGC	1
TCCAAGTCCCAATCCT	ENSG00000117000.9	CAGGCTAC	1
TCCAAGTCCCAATCCT	ENSG00000259943.1	GTAACGAA	1
TCCAAGTCCCAATCCT	ENSG00000259943.1	TGTAGGGA	1
TCCAAGTCCCAATCCT	ENSG00000259943.1	AGATCACG	1
TCCAAGTCCCAATCCT	ENSG00000237950.3	GCAGAGAG	1
TCCAAGTCCCAATCCT	ENSG00000238140.1	ACGGCCCG	1
TCCAAGTCCCAATCCT	ENSG00000169213.7	GAGGCCAA	1
TCCAAGTCCCAATCCT	ENSG00000169213.7	CTAAGGCA	1
TCCAAGTCCCAATCCT	ENSG00000169213.7	AACGGCCG	1
TCCAAGTCCCAATCCT	ENSG00000116704.8	noUMI	3
TCCAAGTCCCAATCCT	ENSG00000116704.8	CGGAGGAG	2
TCCAAGTCCCAATCCT	ENSG00000066557.6	CTATTACG	1
TCCAAGTCCCAATCCT	ENSG00000226084.5	GCAGGCGT	1
AAGCCGTTCAAGAGGT	ENSG00000279457.4	noUMI	1
AAGCCGTTCAAGAGGT	ENSG00000225630.1	CTCACGAG	1
AAGCCGTTCAAGAGGT	ENSG00000225630.1	noUMI	102
AAGCCGTTCAAGAGGT	ENSG00000225630.1	CCGGCAGA	1
AAGCCGTTCAAGAGGT	ENSG00000225630.1	GAGCTAAT	1
AAGCCGTTCAAGAGGT	ENSG00000225630.1	CATAAGGC	2
AAGCCGTTCAAGAGGT	ENSG00000225630.1	GCTCATGT	1
AAGCCGTTCAAGAGGT	ENSG00000225630.1	GTATACAA	1
AAGCCGTTCAAGAGGT	ENSG00000225630.1	AGCTCAAA	1
AAGCCGTTCAAGAGGT	ENSG00000225630.1	CGTTGCGT	1
AAGCCGTTCAAGAGGT	ENSG00000225630.1	GCTGGCAC	1
AAGCCGTTCAAGAGGT	ENSG00000225630.1	TGGGGGGG	1
AAGCCGTTCAAGAGGT	ENSG00000225630.1	ACAACCGC	1
AAGCCGTTCAAGAGGT	ENSG00000225630.1	AGTGGTCA	2
AAGCCGTTCAAGAGGT	ENSG00000225630.1	GAACAAGC	1
AAGCCGTTCAAGAGGT	ENSG00000225630.1	AAACAATC	1
AAGCCGTTCAAGAGGT	ENSG00000225630.1	ATAGGAAT	1
AAGCCGTTCAAGAGGT	ENSG00000225630.1	CACAAGAA	1
AAGCCGTTCAAGAGGT	ENSG00000225630.1	GACCGCTG	1
AAGCCGTTCAAGAGGT	ENSG00000225630.1	TAGAAACC	1
AAGCCGTTCAAGAGGT	ENSG00000225630.1	GGCACTCC	1
AAGCCGTTCAAGAGGT	ENSG00000225630.1	GGCATCGT	1
AAGCCGTTCAAGAGGT	ENSG00000225630.1	AGGACACC	1
AAGCCGTTCAAGAGGT	ENSG00000225630.1	ACAGAAGT	1
AAGCCGTTCAAGAGGT	ENSG00000225630.1	CACATCGA	1
AAGCCGTTCAAGAGGT	ENSG00000225630.1	CGCCACCC	2
AAGCCGTTCAAGAGGT	ENSG00000225630.1	ACATGTGG	1
AAGCCGTTCAAGAGGT	ENSG00000225630.1	GAAGTCGT	1
AAGCCGTTCAAGAGGT	ENSG00000225630.1	CGCCAGGG	1
AAGCCGTTCAAGAGGT	ENSG00000225630.1	GGGATATT	1
AAGCCGTTCAAGAGGT	ENSG00000225630.1	ATACGTAT	1
AAGCCGTTCAAGAGGT	ENSG00000225630.1	ATCAGGAT	1
AAGCCGTTCAAGAGGT	ENSG00000225630.1	ACAGGACC	2
AAGCCGTTCAAGAGGT	ENSG00000225630.1	TTTGACTT	1
AAGCCGTTCAAGAGGT	ENSG00000225630.1	CGTCCTGC	2
AAGCCGTTCAAGAGGT	ENSG00000225630.1	CCACTAAG	3
AAGCCGTTCAAGAGGT	ENSG00000225630.1	GGTACTGC	2
AAGCCGTTCAAGAGGT	ENSG00000225630.1	TCCGGGCA	1
AAGCCGTTCAAGAGGT	ENSG00000225630.1	CGTCTAAT	2
AAGCCGTTCAAGAGGT	ENSG00000225630.1	TATAAGGA	1
AAGCCGTTCAAGAGGT	ENSG00000225630.1	CGACTGCG	3
AAGCCGTTCAAGAGGT	ENSG00000225630.1	CCTACAAG	1
AAGCCGTTCAAGAGGT	ENSG00000225630.1	GGGACTCG	1
AAGCCGTTCAAGAGGT	ENSG00000225630.1	CGCAGAAG	1
AAGCCGTTCAAGAGGT	ENSG00000225630.1	CAGTCAAA	1
AAGCCGTTCAAGAGGT	ENSG00000225630.1	CAAGTGTA	1
AAGCCGTTCAAGAGGT	ENSG00000225630.1	TCCGGCCA	1
AAGCCGTTCAAGAGGT	ENSG00000225630.1	AGTCACTC	1
AAGCCGTTCAAGAGGT	ENSG00000225630.1	CATGTTTG	1
AAGCCGTTCAAGAGGT	ENSG00000225630.1	AACTAATG	1
AAGCCGTTCAAGAGGT	ENSG00000225630.1	CCAGTCTT	2
AAGCCGTTCAAGAGGT	ENSG00000225630.1	TAAAGCTC	1
AAGCCGTTCAAGAGGT	ENSG00000225630.1	ACTGGGTG	1
AAGCCGTTCAAGAGGT	ENSG00000225630.1	CTAATTGA	2
AAGCCGTTCAAGAGGT	ENSG00000225630.1	AGGTATCC	1
AAGCCGTTCAAGAGGT	ENSG00000225630.1	AGGCTAGG	1
AAGCCGTTCAAGAGGT	ENSG00000225630.1	ATAAGGCT	1
AAGCCGTTCAAGAGGT	ENSG00000225630.1	GGAAGGGC	1
AAGCCGTTCAAGAGGT	ENSG00000225630.1	GTGGCCCG	1
AAGCCGTTCAAGAGGT	ENSG00000225630.1	GACCATAC	1
AAGCCGTTCAAGAGGT	ENSG00000225630.1	CTGAAGGC	1
AAGCCGTTCAAGAGGT	ENSG00000225630.1	ATTCCGTT	1
AAGCCGTTCAAGAGGT	ENSG00000225630.1	TTACGCCC	1
AAGCCGTTCAAGAGGT	ENSG00000225630.1	AATACTAG	1
AAGCCGTTCAAGAGGT	ENSG00000225630.1	TTCGATTG	1
AAGCCGTTCAAGAGGT	ENSG00000225630.1	CTGAAATG	1
AAGCCGTTCAAGAGGT	ENSG00000225630.1	GGCCAGAT	1
AAGCCGTTCAAGAGGT	ENSG00000225630.1	GTTTAGGC	1
AAGCCGTTCAAGAGGT	ENSG00000225630.1	CCGGAGGG	2
AAGCCGTTCAAGAGGT	ENSG00000225630.1	GTCACTTT	1
AAGCCGTTCAAGAGGT	ENSG00000225630.1	CATGCACA	2
AAGCCGTTCAAGAGGT	ENSG00000225630.1	ACAGGATG	1
AAGCCGTTCAAGAGGT	ENSG00000225630.1	CAGATCGT	1
AAGCCGTTCAAGAGGT	ENSG00000225630.1	CGCTTAGA	1
AAGCCGTTCAAGAGGT	ENSG00000225630.1	AACTATAG	1
AAGCCGTTCAAGAGGT	ENSG00000225630.1	TAGCAAGG	1
AAGCCGTTCAAGAGGT	ENSG00000225630.1	ATCGGTCC	1
AAGCCGTTCAAGAGGT	ENSG00000225630.1	AACGCTTG	1
AAGCCGTTCAAGAGGT	ENSG00000225630.1	CATGACCC	1
AAGCCGTTCAAGAGGT	ENSG00000225630.1	GTCAAGAA	1
AAGCCGTTCAAGAGGT	ENSG00000225630.1	GGACTAGG	2
AAGCCGTTCAAGAGGT	ENSG00000225630.1	AGCAAACC	1
AAGCCGTTCAAGAGGT	ENSG00000225630.1	TAACGGCT	1
AAGCCGTTCAAGAGGT	ENSG00000225630.1	TTACGAAA	1
AAGCCGTTCAAGAGGT	ENSG00000225630.1	ATTCAAAC	1
AAGCCGTTCAAGAGGT	ENSG00000225630.1	GACCAAAC	1
AAGCCGTTCAAGAGGT	ENSG00000225630.1	CCAAAATA	1
AAGCCGTTCAAGAGGT	ENSG00000225630.1	GTACAGCT	1
AAGCCGTTCAAGAGGT	ENSG00000225630.1	CTGCGATG	1
AAGCCGTTCAAGAGGT	ENSG00000225630.1	AAACGCCC	1
AAGCCGTTCAAGAGGT	ENSG00000225630.1	AACATCCC	1
AAGCCGTTCAAGAGGT	ENSG00000225630.1	GCGCGATG	1
AAGCCGTTCAAGAGGT	ENSG00000225630.1	GCTAACGA	1
AAGCCGTTCAAGAGGT	ENSG00000285812.1	noUMI	1
AAGCCGTTCAAGAGGT	ENSG00000176022.7	noUMI	4
AAGCCGTTCAAGAGGT	ENSG00000223663.2	noUMI	3
AAGCCGTTCAAGAGGT	ENSG00000270282.1	noUMI	1
AAGCCGTTCAAGAGGT	ENSG00000171612.7	noUMI	2
AAGCCGTTCAAGAGGT	ENSG00000231789.2	noUMI	2
AAGCCGTTCAAGAGGT	ENSG00000235643.2	noUMI	2
AAGCCGTTCAAGAGGT	ENSG00000233954.6	noUMI	2
AAGCCGTTCAAGAGGT	ENSG00000233954.6	AGCGGCAT	1
AAGCCGTTCAAGAGGT	ENSG00000288398.1	noUMI	13
AAGCCGTTCAAGAGGT	ENSG00000261135.1	CGAGTATA	1
AAGCCGTTCAAGAGGT	ENSG00000261135.1	noUMI	1
AAGCCGTTCAAGAGGT	ENSG00000090432.7	noUMI	52
AAGCCGTTCAAGAGGT	ENSG00000090432.7	ATTGCCCC	1
AAGCCGTTCAAGAGGT	ENSG00000090432.7	TTCCAGGA	1
AAGCCGTTCAAGAGGT	ENSG00000235112.1	noUMI	1
AAGCCGTTCAAGAGGT	ENSG00000235112.1	AGTGAGCA	1
AAGCCGTTCAAGAGGT	ENSG00000235112.1	CGTGAGCA	1
AAGCCGTTCAAGAGGT	ENSG00000179163.12	noUMI	24
AAGCCGTTCAAGAGGT	ENSG00000179163.12	ACTAACCA	1
CAACCTCACGATACTG	ENSG00000279457.4	noUMI	2
CAACCTCACGATACTG	ENSG00000225630.1	noUMI	31
CAACCTCACGATACTG	ENSG00000225630.1	ACTAATGG	1
CAACCTCACGATACTG	ENSG00000225630.1	CGAACTGG	1
CAACCTCACGATACTG	ENSG00000225630.1	TCTGGTAC	1
CAACCTCACGATACTG	ENSG00000225630.1	GCATCGCA	2
CAACCTCACGATACTG	ENSG00000225630.1	CTCACGGA	1
CAACCTCACGATACTG	ENSG00000225630.1	GATGCCGG	1
CAACCTCACGATACTG	ENSG00000225630.1	GCTACAAG	1
CAACCTCACGATACTG	ENSG00000225630.1	CCTGTGTA	1
CAACCTCACGATACTG	ENSG00000225630.1	GCGTAAGG	1
CAACCTCACGATACTG	ENSG00000225630.1	GATAGTCA	1
CAACCTCACGATACTG	ENSG00000225630.1	GTCACGAG	1
CAACCTCACGATACTG	ENSG00000225630.1	CGGTGAGT	1
CAACCTCACGATACTG	ENSG00000225630.1	CGGAAAGT	1
CAACCTCACGATACTG	ENSG00000225630.1	TTGGTGTT	1
CAACCTCACGATACTG	ENSG00000225630.1	CTGGTATG	1
CAACCTCACGATACTG	ENSG00000225630.1	AGAAAGAG	2
CAACCTCACGATACTG	ENSG00000225630.1	TTGAACCA	1
CAACCTCACGATACTG	ENSG00000225630.1	TTACTGGC	1
CAACCTCACGATACTG	ENSG00000225630.1	CCGATCAC	1
CAACCTCACGATACTG	ENSG00000225630.1	AGGGTTAG	2
CAACCTCACGATACTG	ENSG00000225630.1	GGGCAAGG	1
CAACCTCACGATACTG	ENSG00000225630.1	CACAGTTC	1
CAACCTCACGATACTG	ENSG00000225630.1	TCGAGGTT	1
CAACCTCACGATACTG	ENSG00000225630.1	GTAAATAC	1
CAACCTCACGATACTG	ENSG00000225630.1	GATGCCTC	1
CAACCTCACGATACTG	ENSG00000225630.1	GGGGGAGC	1
CAACCTCACGATACTG	ENSG00000225630.1	TCGCCCCA	1
CAACCTCACGATACTG	ENSG00000225630.1	AAGGCCCA	1
CAACCTCACGATACTG	ENSG00000225630.1	TTCCGGAA	1
CAACCTCACGATACTG	ENSG00000225630.1	CGATTGAG	3
CAACCTCACGATACTG	ENSG00000225630.1	GAGTACCC	1
CAACCTCACGATACTG	ENSG00000225630.1	AGCAGCCA	1
CAACCTCACGATACTG	ENSG00000225630.1	TCACACAC	2
CAACCTCACGATACTG	ENSG00000225630.1	GACACGCG	1
CAACCTCACGATACTG	ENSG00000225630.1	TGAAGAAT	1
CAACCTCACGATACTG	ENSG00000225630.1	TCTAATCG	2
CAACCTCACGATACTG	ENSG00000225630.1	CAAACTTT	1
CAACCTCACGATACTG	ENSG00000225630.1	CGGAGAGA	1
CAACCTCACGATACTG	ENSG00000225630.1	TTAAGGCG	1
CAACCTCACGATACTG	ENSG00000225630.1	CCAACACC	1
CAACCTCACGATACTG	ENSG00000225630.1	ACTTGGCT	1
CAACCTCACGATACTG	ENSG00000225630.1	GGAGGTCG	1
CAACCTCACGATACTG	ENSG00000225630.1	CGGATTCA	2
CAACCTCACGATACTG	ENSG00000225630.1	GGGGCCGA	1
CAACCTCACGATACTG	ENSG00000225630.1	GTAAGCGG	1
CAACCTCACGATACTG	ENSG00000225630.1	ATCCGGCA	1
CAACCTCACGATACTG	ENSG00000225630.1	TCACACTA	2
CAACCTCACGATACTG	ENSG00000225630.1	AAGAATAC	1
CAACCTCACGATACTG	ENSG00000225630.1	TATCAATG	1
CAACCTCACGATACTG	ENSG00000225630.1	AACTCATG	1
CAACCTCACGATACTG	ENSG00000225630.1	CTGGGATT	1
CAACCTCACGATACTG	ENSG00000225630.1	CCCTAGGT	1
CAACCTCACGATACTG	ENSG00000225630.1	GGCTTACA	1
CAACCTCACGATACTG	ENSG00000225630.1	GAACGTTT	1
CAACCTCACGATACTG	ENSG00000225630.1	AATGCGTG	1
CAACCTCACGATACTG	ENSG00000225630.1	CCGCCGAT	1
CAACCTCACGATACTG	ENSG00000225630.1	CCCAAGGA	1
CAACCTCACGATACTG	ENSG00000225630.1	TCAGGATA	1
CAACCTCACGATACTG	ENSG00000225630.1	TCTGCAGG	1
CAACCTCACGATACTG	ENSG00000225630.1	GCTCTAGC	1
CAACCTCACGATACTG	ENSG00000225630.1	TATCGGAC	1
CAACCTCACGATACTG	ENSG00000225630.1	TCAATATC	1
CAACCTCACGATACTG	ENSG00000225630.1	TGGGCAAT	1
CAACCTCACGATACTG	ENSG00000225630.1	GTCCAACT	1
CAACCTCACGATACTG	ENSG00000225630.1	AACGGGTA	1
CAACCTCACGATACTG	ENSG00000225630.1	TCAGTGCA	1
CAACCTCACGATACTG	ENSG00000225630.1	TGTGCACC	1
CAACCTCACGATACTG	ENSG00000225630.1	ACTCGGAA	1
CAACCTCACGATACTG	ENSG00000225630.1	ACCTAGGG	1
CAACCTCACGATACTG	ENSG00000285812.1	noUMI	1
CAACCTCACGATACTG	ENSG00000171612.7	noUMI	1
CAACCTCACGATACTG	ENSG00000288398.1	TCCATGGG	1
CAACCTCACGATACTG	ENSG00000288398.1	noUMI	3
CAACCTCACGATACTG	ENSG00000090432.7	noUMI	2
CAACCTCACGATACTG	ENSG00000090432.7	TCGTAAAT	1
CAACCTCACGATACTG	ENSG00000090432.7	CGAACAGT	1
CAACCTCACGATACTG	ENSG00000179163.12	noUMI	6
CAACCTCACGATACTG	ENSG00000225159.1	noUMI	1
CAACCTCACGATACTG	ENSG00000228589.3	noUMI	3
CAACCTCACGATACTG	ENSG00000175130.7	GATATCAG	2
CAACCTCACGATACTG	ENSG00000243749.1	noUMI	9
CAACCTCACGATACTG	ENSG00000243749.1	AACGCCAC	2
CAACCTCACGATACTG	ENSG00000243749.1	TTCGCTAC	1
CAACCTCACGATACTG	ENSG00000243749.1	ACCCGGCA	1
CAACCTCACGATACTG	ENSG00000286899.1	noUMI	1
CAACCTCACGATACTG	ENSG00000286899.1	ATCACGAT	1
CAACCTCACGATACTG	ENSG00000116863.11	noUMI	11
CAACCTCACGATACTG	ENSG00000163909.8	noUMI	4
CAACCTCACGATACTG	ENSG00000117000.9	noUMI	4
CAACCTCACGATACTG	ENSG00000259943.1	noUMI	2
CAACCTCACGATACTG	ENSG00000260920.2	GCTGTTCC	2
CAACCTCACGATACTG	ENSG00000237424.1	GTGTGGCT	1
CAACCTCACGATACTG	ENSG00000169213.7	noUMI	4
CAACCTCACGATACTG	ENSG00000116704.8	noUMI	7
CAACCTCACGATACTG	ENSG00000066557.6	noUMI	7
CAACCTCACGATACTG	ENSG00000066557.6	CTCACCAT	1
CAACCTCACGATACTG	ENSG00000223905.1	TGACGCAA	1
CAACCTCACGATACTG	ENSG00000226415.1	noUMI	1
CAACCTCACGATACTG	ENSG00000280099.1	AGAATAAG	1
TCCAAGTCCGAATTGG	ENSG00000279457.4	noUMI	1
TCCAAGTCCGAATTGG	ENSG00000225630.1	noUMI	59
TCCAAGTCCGAATTGG	ENSG00000225630.1	ACGAACCA	1
TCCAAGTCCGAATTGG	ENSG00000225630.1	GTTTCCGA	2
TCCAAGTCCGAATTGG	ENSG00000225630.1	ACTATGTT	1
TCCAAGTCCGAATTGG	ENSG00000225630.1	GCCAGTTC	1
TCCAAGTCCGAATTGG	ENSG00000225630.1	GGCAAGGG	1
TCCAAGTCCGAATTGG	ENSG00000225630.1	AATGGTCC	2
TCCAAGTCCGAATTGG	ENSG00000225630.1	CAGATGGG	1
TCCAAGTCCGAATTGG	ENSG00000225630.1	ACATCCAT	1
TCCAAGTCCGAATTGG	ENSG00000225630.1	CAAATATA	1
TCCAAGTCCGAATTGG	ENSG00000225630.1	AATGTAGG	2
TCCAAGTCCGAATTGG	ENSG00000225630.1	CCAATGCT	3
TCCAAGTCCGAATTGG	ENSG00000225630.1	TGACGCAT	1
TCCAAGTCCGAATTGG	ENSG00000225630.1	AATCAGAC	1
TCCAAGTCCGAATTGG	ENSG00000225630.1	GTAGGGTA	2
TCCAAGTCCGAATTGG	ENSG00000225630.1	GGGCTCTG	1
TCCAAGTCCGAATTGG	ENSG00000225630.1	TACGGCGT	1
TCCAAGTCCGAATTGG	ENSG00000225630.1	AGGGATAG	4
TCCAAGTCCGAATTGG	ENSG00000225630.1	GTCACGAG	1
TCCAAGTCCGAATTGG	ENSG00000225630.1	CATTCTCC	2
TCCAAGTCCGAATTGG	ENSG00000225630.1	ATAGTTGT	2
TCCAAGTCCGAATTGG	ENSG00000225630.1	AACTCCGG	2
TCCAAGTCCGAATTGG	ENSG00000225630.1	CCTAATGA	1
TCCAAGTCCGAATTGG	ENSG00000225630.1	ACTCTAGG	1
TCCAAGTCCGAATTGG	ENSG00000225630.1	AAACTGGC	1
TCCAAGTCCGAATTGG	ENSG00000225630.1	CATTGCGG	1
TCCAAGTCCGAATTGG	ENSG00000225630.1	TCCAGTCC	2
TCCAAGTCCGAATTGG	ENSG00000225630.1	GAATGTTG	1
TCCAAGTCCGAATTGG	ENSG00000225630.1	GGCTGAAC	1
TCCAAGTCCGAATTGG	ENSG00000225630.1	GACAGGTT	2
TCCAAGTCCGAATTGG	ENSG00000225630.1	CAGCACAG	1
TCCAAGTCCGAATTGG	ENSG00000225630.1	TCACCTAA	1
TCCAAGTCCGAATTGG	ENSG00000225630.1	GTTGGAGA	1
TCCAAGTCCGAATTGG	ENSG00000225630.1	CCGTTGTG	3
TCCAAGTCCGAATTGG	ENSG00000225630.1	GAGCGTGG	1
TCCAAGTCCGAATTGG	ENSG00000225630.1	TTGCAATG	1
TCCAAGTCCGAATTGG	ENSG00000225630.1	TTACGTAC	2
TCCAAGTCCGAATTGG	ENSG00000225630.1	TCGGATTA	1
TCCAAGTCCGAATTGG	ENSG00000225630.1	TCCAAGGA	1
TCCAAGTCCGAATTGG	ENSG00000225630.1	AATCGTAA	3
TCCAAGTCCGAATTGG	ENSG00000225630.1	CTAGAGCC	2
TCCAAGTCCGAATTGG	ENSG00000225630.1	GGGCTGTT	1
TCCAAGTCCGAATTGG	ENSG00000225630.1	CATCGATC	3
TCCAAGTCCGAATTGG	ENSG00000225630.1	CATTCAAA	2
TCCAAGTCCGAATTGG	ENSG00000225630.1	ACTTAAGG	2
TCCAAGTCCGAATTGG	ENSG00000225630.1	AAACCACA	1
TCCAAGTCCGAATTGG	ENSG00000225630.1	ATTCTATG	3
TCCAAGTCCGAATTGG	ENSG00000225630.1	CGCCCTCC	1
TCCAAGTCCGAATTGG	ENSG00000225630.1	ACATTAGG	1
TCCAAGTCCGAATTGG	ENSG00000225630.1	GCAAGTTG	2
TCCAAGTCCGAATTGG	ENSG00000225630.1	CGAGAAAG	3
TCCAAGTCCGAATTGG	ENSG00000225630.1	AGGTGAAA	3
TCCAAGTCCGAATTGG	ENSG00000225630.1	CCCTATCC	1
TCCAAGTCCGAATTGG	ENSG00000225630.1	ATACATGT	1
TCCAAGTCCGAATTGG	ENSG00000225630.1	GGACTTTG	2
TCCAAGTCCGAATTGG	ENSG00000225630.1	ATGTCTTA	2
TCCAAGTCCGAATTGG	ENSG00000225630.1	GTTAACAG	1
TCCAAGTCCGAATTGG	ENSG00000225630.1	GGCATAAG	1
TCCAAGTCCGAATTGG	ENSG00000225630.1	TGTAACGG	2
TCCAAGTCCGAATTGG	ENSG00000225630.1	TCCATCCG	2
TCCAAGTCCGAATTGG	ENSG00000225630.1	TGGACACC	2
TCCAAGTCCGAATTGG	ENSG00000225630.1	AACATCTC	1
TCCAAGTCCGAATTGG	ENSG00000225630.1	TAGTAAGG	1
TCCAAGTCCGAATTGG	ENSG00000225630.1	GCATAACA	1
TCCAAGTCCGAATTGG	ENSG00000225630.1	TCATAGCG	1
TCCAAGTCCGAATTGG	ENSG00000225630.1	AAGTCCCT	1
TCCAAGTCCGAATTGG	ENSG00000225630.1	CCAGTCAC	1
TCCAAGTCCGAATTGG	ENSG00000225630.1	CGTAACTA	1
TCCAAGTCCGAATTGG	ENSG00000225630.1	CCTGAACC	1
TCCAAGTCCGAATTGG	ENSG00000225630.1	GCGTTCAC	1
TCCAAGTCCGAATTGG	ENSG00000225630.1	CCGTAGGT	1
TCCAAGTCCGAATTGG	ENSG00000225630.1	GAGGAGAC	1
TCCAAGTCCGAATTGG	ENSG00000225630.1	CATGACCA	2
TCCAAGTCCGAATTGG	ENSG00000225630.1	ATGCTTAA	1
TCCAAGTCCGAATTGG	ENSG00000225630.1	CTTTATAG	2
TCCAAGTCCGAATTGG	ENSG00000225630.1	ACTGGCCT	1
TCCAAGTCCGAATTGG	ENSG00000225630.1	GCTCATCA	5
TCCAAGTCCGAATTGG	ENSG00000225630.1	CAGAGTAA	1
TCCAAGTCCGAATTGG	ENSG00000225630.1	GTTGGAAT	1
TCCAAGTCCGAATTGG	ENSG00000225630.1	TACATACG	1
TCCAAGTCCGAATTGG	ENSG00000225630.1	AGCAGTCC	1
TCCAAGTCCGAATTGG	ENSG00000225630.1	ACTAGGCC	1
TCCAAGTCCGAATTGG	ENSG00000225630.1	ACTCTAGA	1
TCCAAGTCCGAATTGG	ENSG00000225630.1	TAAAACAG	1
TCCAAGTCCGAATTGG	ENSG00000225630.1	TATAGTCC	1
TCCAAGTCCGAATTGG	ENSG00000225630.1	GAATCTAT	1
TCCAAGTCCGAATTGG	ENSG00000225630.1	GCATTCAA	1
TCCAAGTCCGAATTGG	ENSG00000225630.1	TGCAACGT	1
TCCAAGTCCGAATTGG	ENSG00000225630.1	ACTACCGA	1
TCCAAGTCCGAATTGG	ENSG00000225630.1	AACGCATA	1
TCCAAGTCCGAATTGG	ENSG00000225630.1	CAGAGATT	1
TCCAAGTCCGAATTGG	ENSG00000225630.1	GGGACGCT	1
TCCAAGTCCGAATTGG	ENSG00000225630.1	AACTCGTC	1
TCCAAGTCCGAATTGG	ENSG00000225630.1	CTAGGGTT	1
TCCAAGTCCGAATTGG	ENSG00000225630.1	AAAATGAG	2
TCCAAGTCCGAATTGG	ENSG00000225630.1	AGTTAAGA	1
TCCAAGTCCGAATTGG	ENSG00000225630.1	TCAGCCAC	1
TCCAAGTCCGAATTGG	ENSG00000225630.1	TGGAACTT	2
TCCAAGTCCGAATTGG	ENSG00000225630.1	CTATCGCG	2
TCCAAGTCCGAATTGG	ENSG00000225630.1	ATAGTCCC	1
TCCAAGTCCGAATTGG	ENSG00000225630.1	GTGCCGGC	1
TCCAAGTCCGAATTGG	ENSG00000225630.1	ACGCTTGT	1
TCCAAGTCCGAATTGG	ENSG00000225630.1	TGACAGGC	1
TCCAAGTCCGAATTGG	ENSG00000225630.1	TTGCTTGG	2
TCCAAGTCCGAATTGG	ENSG00000177757.2	noUMI	1
TCCAAGTCCGAATTGG	ENSG00000176022.7	GAGAAACT	1
TCCAAGTCCGAATTGG	ENSG00000176022.7	noUMI	1
TCCAAGTCCGAATTGG	ENSG00000200344.1	noUMI	2
TCCAAGTCCGAATTGG	ENSG00000171612.7	noUMI	1
TCCAAGTCCGAATTGG	ENSG00000171612.7	CACGGTCC	1
TCCAAGTCCGAATTGG	ENSG00000283611.2	CGTTTAGG	1
TCCAAGTCCGAATTGG	ENSG00000233954.6	TCAGACAT	1
TCCAAGTCCGAATTGG	ENSG00000233954.6	CCGTAGAT	1
TCCAAGTCCGAATTGG	ENSG00000233954.6	noUMI	1
TCCAAGTCCGAATTGG	ENSG00000233954.6	TCGTATGC	1
TCCAAGTCCGAATTGG	ENSG00000288398.1	noUMI	16
TCCAAGTCCGAATTGG	ENSG00000179023.9	GACTAGGG	1
TCCAAGTCCGAATTGG	ENSG00000090432.7	noUMI	18
TCCAAGTCCGAATTGG	ENSG00000090432.7	CGTGCCCC	1
TCCAAGTCCGAATTGG	ENSG00000090432.7	GTAACCTA	1
TCCAAGTCCGAATTGG	ENSG00000090432.7	GATATGGG	1
TCCAAGTCCGAATTGG	ENSG00000090432.7	GCATGTAG	1
TCCAAGTCCGAATTGG	ENSG00000179163.12	noUMI	20
TCCAAGTCCGAATTGG	ENSG00000284602.1	noUMI	1
TCCAAGTCCGAATTGG	ENSG00000270605.1	noUMI	8
TCCAAGTCCGAATTGG	ENSG00000130766.5	noUMI	7
TCCAAGTCCGAATTGG	ENSG00000175130.7	noUMI	6
TCCAAGTCCGAATTGG	ENSG00000175130.7	TGACATAT	1
TCCAAGTCCGAATTGG	ENSG00000175130.7	GTCGAGCG	1
TCCAAGTCCGAATTGG	ENSG00000175130.7	TGACGCTC	1
TCCAAGTCCGAATTGG	ENSG00000175130.7	GAAGCCGG	1
TCCAAGTCCGAATTGG	ENSG00000273274.2	noUMI	3
TCCAAGTCCGAATTGG	ENSG00000116863.11	CACTTGGG	1
TCCAAGTCCGAATTGG	ENSG00000116863.11	AGTCTGAT	2
TCCAAGTCCGAATTGG	ENSG00000116863.11	noUMI	11
AAGAGACGCAATGGAC	ENSG00000279457.4	noUMI	2
AAGAGACGCAATGGAC	ENSG00000279457.4	GGATTCAA	1
AAGAGACGCAATGGAC	ENSG00000279457.4	GGAATGAT	1
AAGAGACGCAATGGAC	ENSG00000225630.1	noUMI	43
AAGAGACGCAATGGAC	ENSG00000225630.1	GGTAACGG	1
AAGAGACGCAATGGAC	ENSG00000225630.1	TTGAGTCC	1
AAGAGACGCAATGGAC	ENSG00000225630.1	ATCGTAAA	1
AAGAGACGCAATGGAC	ENSG00000225630.1	GTACAGCT	3
AAGAGACGCAATGGAC	ENSG00000225630.1	CAATAACC	2
AAGAGACGCAATGGAC	ENSG00000225630.1	GTTAGAAT	2
AAGAGACGCAATGGAC	ENSG00000225630.1	TTAAGAAA	1
AAGAGACGCAATGGAC	ENSG00000225630.1	GGCACTTT	1
AAGAGACGCAATGGAC	ENSG00000225630.1	GACTACGC	1
AAGAGACGCAATGGAC	ENSG00000225630.1	GTCGGAGT	1
AAGAGACGCAATGGAC	ENSG00000225630.1	CAAAGTTT	1
AAGAGACGCAATGGAC	ENSG00000225630.1	ATAGGGGG	2
AAGAGACGCAATGGAC	ENSG00000225630.1	CGAACAGT	1
AAGAGACGCAATGGAC	ENSG00000225630.1	ACAGTGCC	1
AAGAGACGCAATGGAC	ENSG00000225630.1	CGACGCTA	2
AAGAGACGCAATGGAC	ENSG00000225630.1	AGCGTACT	1
AAGAGACGCAATGGAC	ENSG00000225630.1	AGCCGGTT	1
AAGAGACGCAATGGAC	ENSG00000225630.1	GAAGCTAA	1
AAGAGACGCAATGGAC	ENSG00000225630.1	GTCGCGAC	1
AAGAGACGCAATGGAC	ENSG00000225630.1	TATGCGTA	1
AAGAGACGCAATGGAC	ENSG00000225630.1	CAATCAGG	1
AAGAGACGCAATGGAC	ENSG00000225630.1	AGCACTTT	1
AAGAGACGCAATGGAC	ENSG00000225630.1	GCAACTAG	2
AAGAGACGCAATGGAC	ENSG00000225630.1	GTAGGCAA	1
AAGAGACGCAATGGAC	ENSG00000225630.1	CAAGGAGG	1
AAGAGACGCAATGGAC	ENSG00000225630.1	GCATCCTA	1
AAGAGACGCAATGGAC	ENSG00000225630.1	CGAGACCT	1
AAGAGACGCAATGGAC	ENSG00000225630.1	ATACAGGT	1
AAGAGACGCAATGGAC	ENSG00000225630.1	TAAGGGCT	1
AAGAGACGCAATGGAC	ENSG00000225630.1	AAGGAATA	1
AAGAGACGCAATGGAC	ENSG00000225630.1	CCATAAAC	2
AAGAGACGCAATGGAC	ENSG00000225630.1	CTAGCTAA	1
AAGAGACGCAATGGAC	ENSG00000225630.1	CGATCGAC	1
AAGAGACGCAATGGAC	ENSG00000225630.1	TTAGGACT	1
AAGAGACGCAATGGAC	ENSG00000225630.1	CCCGCGGG	1
AAGAGACGCAATGGAC	ENSG00000225630.1	AAATATGG	1
AAGAGACGCAATGGAC	ENSG00000225630.1	GAAGCGGA	1
AAGAGACGCAATGGAC	ENSG00000225630.1	GCTGTTAC	2
AAGAGACGCAATGGAC	ENSG00000225630.1	CTCAGGGC	1
AAGAGACGCAATGGAC	ENSG00000225630.1	TACAGGTA	1
AAGAGACGCAATGGAC	ENSG00000225630.1	TCCTTCGC	1
AAGAGACGCAATGGAC	ENSG00000225630.1	AGCATTCT	1
AAGAGACGCAATGGAC	ENSG00000225630.1	GGGGTTTT	1
AAGAGACGCAATGGAC	ENSG00000225630.1	TCGATGTC	1
AAGAGACGCAATGGAC	ENSG00000225630.1	AGATAGTT	1
AAGAGACGCAATGGAC	ENSG00000225630.1	TCTAGTCA	4
AAGAGACGCAATGGAC	ENSG00000225630.1	CATGACCT	1
AAGAGACGCAATGGAC	ENSG00000225630.1	CAAGGGTA	1
AAGAGACGCAATGGAC	ENSG00000225630.1	TGTACATA	1
AAGAGACGCAATGGAC	ENSG00000225630.1	TCGAGCGC	2
AAGAGACGCAATGGAC	ENSG00000225630.1	GCCTACTC	1
AAGAGACGCAATGGAC	ENSG00000225630.1	ATGGGTAT	1
AAGAGACGCAATGGAC	ENSG00000225630.1	GACGCTAC	1
AAGAGACGCAATGGAC	ENSG00000225630.1	GGGTACCA	1
AAGAGACGCAATGGAC	ENSG00000225630.1	GTTCTGAA	1
AAGAGACGCAATGGAC	ENSG00000225630.1	GCGATCGA	2
AAGAGACGCAATGGAC	ENSG00000225630.1	CCGGTGTC	1
AAGAGACGCAATGGAC	ENSG00000225630.1	CATAGCAA	2
AAGAGACGCAATGGAC	ENSG00000225630.1	TAACCCAG	1
AAGAGACGCAATGGAC	ENSG00000225630.1	CGCCCCAA	1
AAGAGACGCAATGGAC	ENSG00000225630.1	AGCCTGTG	1
AAGAGACGCAATGGAC	ENSG00000225630.1	TGTAGACT	1
AAGAGACGCAATGGAC	ENSG00000225630.1	TCATCCAC	1
AAGAGACGCAATGGAC	ENSG00000225630.1	GGAGTGTT	1
AAGAGACGCAATGGAC	ENSG00000225630.1	TCTCAACA	1
AAGAGACGCAATGGAC	ENSG00000225630.1	AGTAAAGG	1
AAGAGACGCAATGGAC	ENSG00000225630.1	TGGACCCC	1
AAGAGACGCAATGGAC	ENSG00000225630.1	TACGGGGG	1
AAGAGACGCAATGGAC	ENSG00000225630.1	CCAGATTC	1
AAGAGACGCAATGGAC	ENSG00000198744.5	noUMI	2
AAGAGACGCAATGGAC	ENSG00000233954.6	CCGGACAT	1
AAGAGACGCAATGGAC	ENSG00000090432.7	noUMI	24
AAGAGACGCAATGGAC	ENSG00000179163.12	noUMI	30
AAGAGACGCAATGGAC	ENSG00000179163.12	GTGCTGAT	2
AAGAGACGCAATGGAC	ENSG00000179163.12	GGTCTGAT	1
AAGAGACGCAATGGAC	ENSG00000175130.7	noUMI	1
AAGAGACGCAATGGAC	ENSG00000243749.1	noUMI	2
AAGAGACGCAATGGAC	ENSG00000116863.11	TGTGAGGT	1
AAGAGACGCAATGGAC	ENSG00000116863.11	noUMI	28
AAGAGACGCAATGGAC	ENSG00000116863.11	TCCGTGGA	1
AAGAGACGCAATGGAC	ENSG00000117000.9	noUMI	18
AAGAGACGCAATGGAC	ENSG00000234694.1	CTAACAGG	1
AAGAGACGGAGGTTAG	ENSG00000279457.4	noUMI	2
AAGAGACGGAGGTTAG	ENSG00000279457.4	ATCGGGGA	1
AAGAGACGGAGGTTAG	ENSG00000225630.1	GATTATGC	1
AAGAGACGGAGGTTAG	ENSG00000225630.1	noUMI	65
AAGAGACGGAGGTTAG	ENSG00000225630.1	TAATGTAA	3
AAGAGACGGAGGTTAG	ENSG00000225630.1	TGCCGGTT	2
AAGAGACGGAGGTTAG	ENSG00000225630.1	ACACCTTA	1
AAGAGACGGAGGTTAG	ENSG00000225630.1	AAACTCAC	1
AAGAGACGGAGGTTAG	ENSG00000225630.1	TGGCAATG	1
AAGAGACGGAGGTTAG	ENSG00000225630.1	TACGATAG	1
AAGAGACGGAGGTTAG	ENSG00000225630.1	CGACATAT	1
AAGAGACGGAGGTTAG	ENSG00000225630.1	AATCGCGG	1
AAGAGACGGAGGTTAG	ENSG00000225630.1	GATGTTTG	2
AAGAGACGGAGGTTAG	ENSG00000225630.1	GTTGCAAT	1
AAGAGACGGAGGTTAG	ENSG00000225630.1	AAGTTAAC	1
AAGAGACGGAGGTTAG	ENSG00000225630.1	GCGGAACA	3
AAGAGACGGAGGTTAG	ENSG00000225630.1	AATACACG	2
AAGAGACGGAGGTTAG	ENSG00000225630.1	GGTATCGA	3
AAGAGACGGAGGTTAG	ENSG00000225630.1	TATGGAGT	1
AAGAGACGGAGGTTAG	ENSG00000225630.1	TAGAGAGT	1
AAGAGACGGAGGTTAG	ENSG00000225630.1	GGCGGTCC	1
AAGAGACGGAGGTTAG	ENSG00000225630.1	CGTTATAC	1
AAGAGACGGAGGTTAG	ENSG00000225630.1	CGACGGAA	2
AAGAGACGGAGGTTAG	ENSG00000225630.1	CGTCTCGG	1
AAGAGACGGAGGTTAG	ENSG00000225630.1	CTTAACTG	2
AAGAGACGGAGGTTAG	ENSG00000225630.1	CCACTAGC	3
AAGAGACGGAGGTTAG	ENSG00000225630.1	TTTGGGGC	1
AAGAGACGGAGGTTAG	ENSG00000225630.1	CACGTAGA	1
AAGAGACGGAGGTTAG	ENSG00000225630.1	AAGGTTCT	1
AAGAGACGGAGGTTAG	ENSG00000225630.1	CAAACATT	2
AAGAGACGGAGGTTAG	ENSG00000225630.1	GAACAATC	1
AAGAGACGGAGGTTAG	ENSG00000225630.1	CCGGACAT	1
AAGAGACGGAGGTTAG	ENSG00000225630.1	TCGTGATA	1
AAGAGACGGAGGTTAG	ENSG00000225630.1	ATGACCAC	1
AAGAGACGGAGGTTAG	ENSG00000225630.1	TGAGGGAA	1
AAGAGACGGAGGTTAG	ENSG00000225630.1	AACTAGCT	1
AAGAGACGGAGGTTAG	ENSG00000225630.1	TCGTGGAT	1
AAGAGACGGAGGTTAG	ENSG00000225630.1	ACTACAGG	1
AAGAGACGGAGGTTAG	ENSG00000225630.1	AACAGGAG	1
AAGAGACGGAGGTTAG	ENSG00000225630.1	ACAGTGAA	2
AAGAGACGGAGGTTAG	ENSG00000225630.1	GATAAGCT	1
AAGAGACGGAGGTTAG	ENSG00000225630.1	AAGATGCA	1
AAGAGACGGAGGTTAG	ENSG00000225630.1	CATACGTG	1
AAGAGACGGAGGTTAG	ENSG00000225630.1	TGTGGGAC	1
AAGAGACGGAGGTTAG	ENSG00000225630.1	CAGGAACA	1
AAGAGACGGAGGTTAG	ENSG00000225630.1	CCTAACTT	2
AAGAGACGGAGGTTAG	ENSG00000225630.1	CGGACGCT	1
AAGAGACGGAGGTTAG	ENSG00000225630.1	ACGTGCAA	1
AAGAGACGGAGGTTAG	ENSG00000225630.1	TCCAAACA	1
AAGAGACGGAGGTTAG	ENSG00000225630.1	GGGACAAG	1
AAGAGACGGAGGTTAG	ENSG00000225630.1	CCTAAACA	1
AAGAGACGGAGGTTAG	ENSG00000225630.1	GGTATCCG	1
AAGAGACGGAGGTTAG	ENSG00000225630.1	TTACAGAG	4
AAGAGACGGAGGTTAG	ENSG00000225630.1	AAAGTTCG	2
AAGAGACGGAGGTTAG	ENSG00000225630.1	ACCGTACT	1
AAGAGACGGAGGTTAG	ENSG00000225630.1	GCTCTCTC	1
AAGAGACGGAGGTTAG	ENSG00000225630.1	ACGATGGG	1
AAGAGACGGAGGTTAG	ENSG00000225630.1	ATGCACTG	1
AAGAGACGGAGGTTAG	ENSG00000225630.1	GGGCATCA	2
AAGAGACGGAGGTTAG	ENSG00000225630.1	GCCAGGTA	1
AAGAGACGGAGGTTAG	ENSG00000225630.1	ACCTCGTT	1
AAGAGACGGAGGTTAG	ENSG00000225630.1	TCCCAGCC	1
AAGAGACGGAGGTTAG	ENSG00000225630.1	TCAACGAT	2
AAGAGACGGAGGTTAG	ENSG00000225630.1	TGAAAGTT	2
AAGAGACGGAGGTTAG	ENSG00000225630.1	GACCCAGG	1
AAGAGACGGAGGTTAG	ENSG00000225630.1	CCGTACCC	1
AAGAGACGGAGGTTAG	ENSG00000225630.1	GGAGTGCA	3
AAGAGACGGAGGTTAG	ENSG00000225630.1	TTCAAGCA	1
AAGAGACGGAGGTTAG	ENSG00000225630.1	ACGTCGAG	1
AAGAGACGGAGGTTAG	ENSG00000225630.1	AGATCCGA	5
AAGAGACGGAGGTTAG	ENSG00000225630.1	GCACGACA	1
AAGAGACGGAGGTTAG	ENSG00000225630.1	TGACGTAC	1
AAGAGACGGAGGTTAG	ENSG00000225630.1	GCAGATTA	1
AAGAGACGGAGGTTAG	ENSG00000225630.1	GCCGAACC	1
AAGAGACGGAGGTTAG	ENSG00000225630.1	CGGATTCC	1
AAGAGACGGAGGTTAG	ENSG00000225630.1	GATTGCAC	1
AAGAGACGGAGGTTAG	ENSG00000225630.1	GCCATTTA	1
AAGAGACGGAGGTTAG	ENSG00000225630.1	GAACTCAT	1
AAGAGACGGAGGTTAG	ENSG00000225630.1	AATTGTAC	1
AAGAGACGGAGGTTAG	ENSG00000225630.1	ACGTACTC	1
AAGAGACGGAGGTTAG	ENSG00000225630.1	GTAACAAC	1
AAGAGACGGAGGTTAG	ENSG00000225630.1	GCGACTAC	1
AAGAGACGGAGGTTAG	ENSG00000225630.1	AAGAACGC	2
AAGAGACGGAGGTTAG	ENSG00000225630.1	AGTACGTT	1
AAGAGACGGAGGTTAG	ENSG00000225630.1	TGGGGGTA	1
AAGAGACGGAGGTTAG	ENSG00000225630.1	CTCGGGGG	1
AAGAGACGGAGGTTAG	ENSG00000225630.1	TGGGGTAG	1
AAGAGACGGAGGTTAG	ENSG00000225630.1	TAATAAAG	2
AAGAGACGGAGGTTAG	ENSG00000225630.1	TCGGGGTT	1
AAGAGACGGAGGTTAG	ENSG00000225630.1	CATGGCAC	1
AAGAGACGGAGGTTAG	ENSG00000225630.1	ATAAGCAT	2
AAGAGACGGAGGTTAG	ENSG00000225630.1	TAGAGCTT	1
AAGAGACGGAGGTTAG	ENSG00000225630.1	TTGCCACT	3
AAGAGACGGAGGTTAG	ENSG00000225630.1	GGAACATA	1
AAGAGACGGAGGTTAG	ENSG00000225630.1	CAAGTGCT	3
AAGAGACGGAGGTTAG	ENSG00000225630.1	CGAGGTAC	1
AAGAGACGGAGGTTAG	ENSG00000225630.1	TAAGATTG	3
AAGAGACGGAGGTTAG	ENSG00000225630.1	CAACCGCG	1
AAGAGACGGAGGTTAG	ENSG00000225630.1	GCATCACA	1
AAGAGACGGAGGTTAG	ENSG00000225630.1	GCCACGGA	2
AAGAGACGGAGGTTAG	ENSG00000225630.1	ACATAACC	1
AAGAGACGGAGGTTAG	ENSG00000225630.1	GCATACAT	1
AAGAGACGGAGGTTAG	ENSG00000225630.1	GTGTCATA	1
AAGAGACGGAGGTTAG	ENSG00000225630.1	AACAATGT	1
AAGAGACGGAGGTTAG	ENSG00000225630.1	AGTATCGT	3
AAGAGACGGAGGTTAG	ENSG00000225630.1	TTAACAGA	2
AAGAGACGGAGGTTAG	ENSG00000225630.1	CAACGCCA	1
AAGAGACGGAGGTTAG	ENSG00000225630.1	GTCATCCC	1
AAGAGACGGAGGTTAG	ENSG00000225630.1	TAAAGAGG	1
AAGAGACGGAGGTTAG	ENSG00000225630.1	TTGCACGG	1
AAGAGACGGAGGTTAG	ENSG00000225630.1	GCTCCATG	1
AAGAGACGGAGGTTAG	ENSG00000225630.1	ATAACAGG	1
AAGAGACGGAGGTTAG	ENSG00000225630.1	ACATAGGA	1
AAGAGACGGAGGTTAG	ENSG00000225630.1	GGAATTAC	1
AAGAGACGGAGGTTAG	ENSG00000225630.1	AAGGGTAA	1
AAGAGACGGAGGTTAG	ENSG00000225630.1	ATGCAGAT	2
AAGAGACGGAGGTTAG	ENSG00000225630.1	ACAAGCCC	1
AAGAGACGGAGGTTAG	ENSG00000225630.1	GAAGGAGT	1
AAGAGACGGAGGTTAG	ENSG00000225630.1	ACGAGTGG	2
AAGAGACGGAGGTTAG	ENSG00000225630.1	TGGAGAAA	3
AAGAGACGGAGGTTAG	ENSG00000225630.1	GTCTCACC	3
AAGAGACGGAGGTTAG	ENSG00000225630.1	CCTAAGCT	1
AAGAGACGGAGGTTAG	ENSG00000225630.1	AGTTACGT	1
AAGAGACGGAGGTTAG	ENSG00000225630.1	AAGCTGAT	2
AAGAGACGGAGGTTAG	ENSG00000225630.1	GACGATGG	2
AAGAGACGGAGGTTAG	ENSG00000225630.1	TAAGATCC	1
AAGAGACGGAGGTTAG	ENSG00000225630.1	ACTTCACT	1
AAGAGACGGAGGTTAG	ENSG00000225630.1	ATAGCGTA	3
AAGAGACGGAGGTTAG	ENSG00000225630.1	GACACCCC	1
AAGAGACGGAGGTTAG	ENSG00000225630.1	GAGGGTTG	1
AAGAGACGGAGGTTAG	ENSG00000225630.1	AGAAGCTC	1
AAGAGACGGAGGTTAG	ENSG00000225630.1	TGGTAAAA	1
AAGAGACGGAGGTTAG	ENSG00000225630.1	AAAAGAAC	1
AAGAGACGGAGGTTAG	ENSG00000225630.1	TATAACGG	1
AAGAGACGGAGGTTAG	ENSG00000225630.1	AGATCCCC	1
AAGAGACGGAGGTTAG	ENSG00000225630.1	CCATGGGT	1
AAGAGACGGAGGTTAG	ENSG00000225630.1	AATGCCCT	1
AAGAGACGGAGGTTAG	ENSG00000225630.1	CGTTCCGT	2
AAGAGACGGAGGTTAG	ENSG00000225630.1	TCCGAGAA	3
AAGAGACGGAGGTTAG	ENSG00000225630.1	CTGATCCC	1
AAGAGACGGAGGTTAG	ENSG00000225630.1	TACGCGGG	1
AAGAGACGGAGGTTAG	ENSG00000225630.1	TACGTGAG	3
AAGAGACGGAGGTTAG	ENSG00000225630.1	TACAAATG	1
AAGAGACGGAGGTTAG	ENSG00000225630.1	CGTATAGC	1
AAGAGACGGAGGTTAG	ENSG00000225630.1	TTCCTAGT	1
AAGAGACGGAGGTTAG	ENSG00000225630.1	CGAATCAA	2
AAGAGACGGAGGTTAG	ENSG00000225630.1	CGTCATCA	1
AAGAGACGGAGGTTAG	ENSG00000225630.1	AAGAACCG	1
AAGAGACGGAGGTTAG	ENSG00000225630.1	CTATTGTG	2
AAGAGACGGAGGTTAG	ENSG00000225630.1	TGTCGGCT	1
AAGAGACGGAGGTTAG	ENSG00000225630.1	ACACTGCG	1
AAGAGACGGAGGTTAG	ENSG00000225630.1	CAAAAAGG	1
AAGAGACGGAGGTTAG	ENSG00000225630.1	GGGGAGTT	1
AAGAGACGGAGGTTAG	ENSG00000225630.1	GTATACAT	1
AAGAGACGGAGGTTAG	ENSG00000225630.1	ATGTGCGG	1
AAGAGACGGAGGTTAG	ENSG00000225630.1	ATGCGTTC	1
AAGAGACGGAGGTTAG	ENSG00000225630.1	CATTCGAC	1
AAGAGACGGAGGTTAG	ENSG00000225630.1	AGGAAGTG	1
AAGAGACGGAGGTTAG	ENSG00000225630.1	ACATTAGC	2
AAGAGACGGAGGTTAG	ENSG00000225630.1	GTCTACCC	1
AAGAGACGGAGGTTAG	ENSG00000225630.1	CGACCAGT	1
AAGAGACGGAGGTTAG	ENSG00000225630.1	TGTAGGGG	1
AAGAGACGGAGGTTAG	ENSG00000225630.1	CGGCGCCC	1
AAGAGACGGAGGTTAG	ENSG00000225630.1	GAGTACTA	1
AAGAGACGGAGGTTAG	ENSG00000225630.1	TGCGTCTT	3
AAGAGACGGAGGTTAG	ENSG00000225630.1	CGTGAGAA	2
AAGAGACGGAGGTTAG	ENSG00000225630.1	GCATCGGT	2
AAGAGACGGAGGTTAG	ENSG00000225630.1	ATAGACAC	1
AAGAGACGGAGGTTAG	ENSG00000225630.1	AGCTACTC	1
AAGAGACGGAGGTTAG	ENSG00000225630.1	GACACATC	1
AAGAGACGGAGGTTAG	ENSG00000225630.1	TTTGCGTG	1
AAGAGACGGAGGTTAG	ENSG00000225630.1	CAAGTATC	1
AAGAGACGGAGGTTAG	ENSG00000225630.1	GACGTCGA	1
AAGAGACGGAGGTTAG	ENSG00000225630.1	ATAAGCGA	1
AAGAGACGGAGGTTAG	ENSG00000225630.1	CGGGAGTA	1
AAGAGACGGAGGTTAG	ENSG00000225630.1	GCTGCCCT	1
AAGAGACGGAGGTTAG	ENSG00000225630.1	GAAGGTTG	1
AAGAGACGGAGGTTAG	ENSG00000225630.1	AAGACATC	1
AAGAGACGGAGGTTAG	ENSG00000225630.1	CTCCTTGG	1
AAGAGACGGAGGTTAG	ENSG00000225630.1	GGAGACCG	1
AAGAGACGGAGGTTAG	ENSG00000225630.1	TCTCCTAC	1
AAGAGACGGAGGTTAG	ENSG00000225630.1	CACTATAG	1
AAGAGACGGAGGTTAG	ENSG00000225630.1	CAGATGCA	1
AAGAGACGGAGGTTAG	ENSG00000225630.1	CTGGGCGC	1
AAGAGACGGAGGTTAG	ENSG00000225630.1	ACAGTTAG	2
AAGAGACGGAGGTTAG	ENSG00000225630.1	TGCTCGCA	1
AAGAGACGGAGGTTAG	ENSG00000225630.1	GGTAGAGA	1
AAGAGACGGAGGTTAG	ENSG00000225630.1	TCCCGGCC	1
AAGAGACGGAGGTTAG	ENSG00000225630.1	TCAATCCC	1
AAGAGACGGAGGTTAG	ENSG00000225630.1	CGAGGCTG	1
AAGAGACGGAGGTTAG	ENSG00000225630.1	CAACGGTA	1
AAGAGACGGAGGTTAG	ENSG00000225630.1	AACAAACT	1
AAGAGACGGAGGTTAG	ENSG00000225630.1	TGCTTGGC	1
AAGAGACGGAGGTTAG	ENSG00000225630.1	TGGAGTGG	1
AAGAGACGGAGGTTAG	ENSG00000225630.1	GCTACCCC	1
AAGAGACGGAGGTTAG	ENSG00000225630.1	AATGTGAT	1
AAGAGACGGAGGTTAG	ENSG00000225630.1	GATACCCT	1
AAGAGACGGAGGTTAG	ENSG00000225630.1	CGCCACGA	1
AAGAGACGGAGGTTAG	ENSG00000225630.1	AGCATTGA	1
AAGAGACGGAGGTTAG	ENSG00000225630.1	CGCTCATA	1
AAGAGACGGAGGTTAG	ENSG00000225630.1	ATAGGAGG	1
AAGAGACGGAGGTTAG	ENSG00000225630.1	CACTCTGT	1
AAGAGACGGAGGTTAG	ENSG00000225630.1	GCGTCCTT	1
AAGAGACGGAGGTTAG	ENSG00000225630.1	AAAGCGTT	1
AAGAGACGGAGGTTAG	ENSG00000225630.1	GTAGAGGT	1
AAGAGACGGAGGTTAG	ENSG00000225630.1	GGTCACAG	1
AAGAGACGGAGGTTAG	ENSG00000225630.1	TCGCACTT	1
AAGAGACGGAGGTTAG	ENSG00000225630.1	GCGGCTTC	3
AAGAGACGGAGGTTAG	ENSG00000225630.1	CGGCGTAT	1
AAGAGACGGAGGTTAG	ENSG00000225630.1	CCAGTCTC	2
AAGAGACGGAGGTTAG	ENSG00000225630.1	ACGATGCT	1
AAGAGACGGAGGTTAG	ENSG00000225630.1	GCTCTAGA	1
AAGAGACGGAGGTTAG	ENSG00000225630.1	GTCACTGG	1
AAGAGACGGAGGTTAG	ENSG00000225630.1	ACGTGGAT	1
AAGAGACGGAGGTTAG	ENSG00000225630.1	TCGTGCTG	1
AAGAGACGGAGGTTAG	ENSG00000225630.1	ACTGGCAG	1
AAGAGACGGAGGTTAG	ENSG00000225630.1	TTGGCTGA	1
AAGAGACGGAGGTTAG	ENSG00000225630.1	CTGAGCAG	1
AAGAGACGGAGGTTAG	ENSG00000225630.1	AGAGGACT	1
AAGAGACGGAGGTTAG	ENSG00000225630.1	GGTAAAGC	1
AAGAGACGGAGGTTAG	ENSG00000225630.1	CCTCAGTG	2
AAGAGACGGAGGTTAG	ENSG00000225630.1	TGAACACC	1
AAGAGACGGAGGTTAG	ENSG00000225630.1	GTCACGGG	1
AAGAGACGGAGGTTAG	ENSG00000225630.1	CCTCCAAC	1
AAGAGACGGAGGTTAG	ENSG00000225630.1	GACTACTA	1
AAGAGACGGAGGTTAG	ENSG00000225630.1	ATCAAGTA	1
AAGAGACGGAGGTTAG	ENSG00000225630.1	ATTGCTGG	1
AAGAGACGGAGGTTAG	ENSG00000225630.1	CAAACCAG	1
AAGAGACGGAGGTTAG	ENSG00000225630.1	CGGGTTAG	1
AAGAGACGGAGGTTAG	ENSG00000225630.1	CATAGCTT	1
AAGAGACGGAGGTTAG	ENSG00000225630.1	CACTCCCC	1
AAGAGACGGAGGTTAG	ENSG00000225630.1	ATGAGGTG	1
AAGAGACGGAGGTTAG	ENSG00000225630.1	GAGATTCG	1
AAGAGACGGAGGTTAG	ENSG00000225630.1	TCTATAGG	1
AAGAGACGGAGGTTAG	ENSG00000225630.1	AACTCTCG	1
AAGAGACGGAGGTTAG	ENSG00000225630.1	CTCAAGAT	1
AAGAGACGGAGGTTAG	ENSG00000288398.1	noUMI	2
AAGAGACGGAGGTTAG	ENSG00000090432.7	noUMI	7
AAGAGACGGAGGTTAG	ENSG00000090432.7	TACTGATG	2
AAGAGACGGAGGTTAG	ENSG00000090432.7	TATGTCGG	1
AAGAGACGGAGGTTAG	ENSG00000090432.7	GGAGAGGC	1
AAGAGACGGAGGTTAG	ENSG00000179163.12	noUMI	7
AAGAGACGGAGGTTAG	ENSG00000179163.12	CTATCCCG	1
AAGAGACGGAGGTTAG	ENSG00000270605.1	CGACGTCC	2
AAGAGACGGAGGTTAG	ENSG00000130766.5	noUMI	1
AAGAGACGGAGGTTAG	ENSG00000175130.7	noUMI	9
AAGAGACGGAGGTTAG	ENSG00000175130.7	ACTGGGAA	3
AAGAGACGGAGGTTAG	ENSG00000243749.1	noUMI	1
AAGAGACGGAGGTTAG	ENSG00000243749.1	TAACGATC	1
AAGAGACGGAGGTTAG	ENSG00000116863.11	AACGGTCT	1
AAGAGACGGAGGTTAG	ENSG00000116863.11	noUMI	4
AAGAGACGGAGGTTAG	ENSG00000116863.11	ACCATGCT	1
AAGAGACGGAGGTTAG	ENSG00000186564.6	AAACAGAG	1
AAGAGACGGAGGTTAG	ENSG00000162396.6	noUMI	2
AAGAGACGGAGGTTAG	ENSG00000116704.8	noUMI	1
AAGAGACGGAGGTTAG	ENSG00000116704.8	GAGTATAA	1
AAGAGACGGAGGTTAG	ENSG00000234264.1	GCATGGAA	1
AAGAGACGGAGGTTAG	ENSG00000234264.1	noUMI	1
AAGAGACGGAGGTTAG	ENSG00000066557.6	noUMI	8
AAGAGACGGAGGTTAG	ENSG00000226084.5	CAACGGTT	1
AAGAGACGGAGGTTAG	ENSG00000137970.7	noUMI	4
AAGAGACGGAGGTTAG	ENSG00000137970.7	TCGTTGGG	1
AAGAGACGGAGGTTAG	ENSG00000137970.7	GCTTCTCC	1
AAGAGACGGAGGTTAG	ENSG00000137970.7	ATCTCCAG	1
AAGAGACGGAGGTTAG	ENSG00000137970.7	CGCGGCAT	1
AAGAGACGGAGGTTAG	ENSG00000137970.7	CGATCCCG	1
AAGAGACGGAGGTTAG	ENSG00000137970.7	AGGGCCAC	2
AAGAGACGGAGGTTAG	ENSG00000251484.3	TGGGGGGG	1
AAGAGACGGAGGTTAG	ENSG00000065135.12	AGGCAACG	2
AAGAGACGGAGGTTAG	ENSG00000065135.12	GGAAACGC	1
AAGAGACGGAGGTTAG	ENSG00000065135.12	GGCATCTC	1
AAGAGACGGAGGTTAG	ENSG00000065135.12	noUMI	31
AAGAGACGGAGGTTAG	ENSG00000065135.12	AAACCTGC	1
AAGAGACGGAGGTTAG	ENSG00000065135.12	CTCAATTG	2
AAGAGACGGAGGTTAG	ENSG00000261654.1	noUMI	3
TCCAAGTCCCACATAG	ENSG00000279457.4	GCAGCAGG	1
TCCAAGTCCCACATAG	ENSG00000279457.4	noUMI	1
TCCAAGTCCCACATAG	ENSG00000279457.4	GCTCGCTT	1
TCCAAGTCCCACATAG	ENSG00000225630.1	noUMI	26
TCCAAGTCCCACATAG	ENSG00000225630.1	AAAGGCTG	2
TCCAAGTCCCACATAG	ENSG00000225630.1	AAGCATCG	1
TCCAAGTCCCACATAG	ENSG00000225630.1	CGGGAACA	1
TCCAAGTCCCACATAG	ENSG00000225630.1	ATCAGCAT	1
TCCAAGTCCCACATAG	ENSG00000225630.1	CAATATAC	1
TCCAAGTCCCACATAG	ENSG00000225630.1	GATTAGGG	2
TCCAAGTCCCACATAG	ENSG00000225630.1	ACTTCCGG	1
TCCAAGTCCCACATAG	ENSG00000225630.1	GCTGGTTG	1
TCCAAGTCCCACATAG	ENSG00000225630.1	CCTCAAAC	2
TCCAAGTCCCACATAG	ENSG00000225630.1	GCTAACGC	1
TCCAAGTCCCACATAG	ENSG00000225630.1	AAGTCTGA	1
TCCAAGTCCCACATAG	ENSG00000225630.1	TCCAGCCG	1
TCCAAGTCCCACATAG	ENSG00000225630.1	AGGGAGCA	1
TCCAAGTCCCACATAG	ENSG00000225630.1	ATGTGTAC	1
TCCAAGTCCCACATAG	ENSG00000225630.1	GCGCACCA	1
TCCAAGTCCCACATAG	ENSG00000225630.1	CAGGCACG	1
TCCAAGTCCCACATAG	ENSG00000225630.1	GACCTCAA	2
TCCAAGTCCCACATAG	ENSG00000225630.1	CCTCACAT	2
TCCAAGTCCCACATAG	ENSG00000225630.1	CAGAGCAC	1
TCCAAGTCCCACATAG	ENSG00000225630.1	CACGGTCC	1
TCCAAGTCCCACATAG	ENSG00000225630.1	TGCTAGAT	1
TCCAAGTCCCACATAG	ENSG00000225630.1	TAGAATTC	2
TCCAAGTCCCACATAG	ENSG00000225630.1	CAGAGAGG	1
TCCAAGTCCCACATAG	ENSG00000225630.1	GACCGCTC	1
TCCAAGTCCCACATAG	ENSG00000225630.1	GATGGATG	1
TCCAAGTCCCACATAG	ENSG00000225630.1	ATTGAGCG	1
TCCAAGTCCCACATAG	ENSG00000225630.1	TTAGCTCG	1
TCCAAGTCCCACATAG	ENSG00000225630.1	GTTAGCTA	1
TCCAAGTCCCACATAG	ENSG00000225630.1	AAAGACGG	1
TCCAAGTCCCACATAG	ENSG00000225630.1	TCGTCTGG	1
TCCAAGTCCCACATAG	ENSG00000225630.1	CATCAGAA	1
TCCAAGTCCCACATAG	ENSG00000225630.1	GCCTACGA	2
TCCAAGTCCCACATAG	ENSG00000225630.1	GTATTAAC	1
TCCAAGTCCCACATAG	ENSG00000225630.1	GTCGTGTT	1
TCCAAGTCCCACATAG	ENSG00000225630.1	GCCGACTT	1
TCCAAGTCCCACATAG	ENSG00000225630.1	AGGGCGCG	2
TCCAAGTCCCACATAG	ENSG00000225630.1	TGGGCTCC	1
TCCAAGTCCCACATAG	ENSG00000225630.1	GGAAGTAG	1
TCCAAGTCCCACATAG	ENSG00000225630.1	ATGTCAGA	1
TCCAAGTCCCACATAG	ENSG00000225630.1	CGTAGGTA	1
TCCAAGTCCCACATAG	ENSG00000225630.1	TGATGCAC	1
TCCAAGTCCCACATAG	ENSG00000225630.1	TGGTACAT	2
TCCAAGTCCCACATAG	ENSG00000225630.1	TGATGAAC	1
TCCAAGTCCCACATAG	ENSG00000225630.1	TTAAAAGA	1
TCCAAGTCCCACATAG	ENSG00000225630.1	GAAGTGCA	1
TCCAAGTCCCACATAG	ENSG00000225630.1	CACGAGGT	1
TCCAAGTCCCACATAG	ENSG00000225630.1	GGGCCCAT	1
TCCAAGTCCCACATAG	ENSG00000225630.1	GTGGGTAT	1
TCCAAGTCCCACATAG	ENSG00000225630.1	GGATAAGT	1
TCCAAGTCCCACATAG	ENSG00000225630.1	GGGAGATA	1
TCCAAGTCCCACATAG	ENSG00000225630.1	AAAGCACT	1
TCCAAGTCCCACATAG	ENSG00000225630.1	GGCGACGC	1
TCCAAGTCCCACATAG	ENSG00000225630.1	CGAGAACC	1
TCCAAGTCCCACATAG	ENSG00000225630.1	AAGCATGC	1
TCCAAGTCCCACATAG	ENSG00000225630.1	GGTAGGTG	1
TCCAAGTCCCACATAG	ENSG00000225630.1	CCTATGAT	1
TCCAAGTCCCACATAG	ENSG00000225630.1	CTGGGGAA	1
TCCAAGTCCCACATAG	ENSG00000225630.1	GCATGAAA	1
TCCAAGTCCCACATAG	ENSG00000225630.1	TGGTAACT	1
TCCAAGTCCCACATAG	ENSG00000225630.1	TGTGGCAG	1
TCCAAGTCCCACATAG	ENSG00000225630.1	TGGAGACC	1
TCCAAGTCCCACATAG	ENSG00000225630.1	CTTGAGCA	1
TCCAAGTCCCACATAG	ENSG00000225630.1	ACGTCGGT	1
TCCAAGTCCCACATAG	ENSG00000225630.1	GCTTGGTG	1
TCCAAGTCCCACATAG	ENSG00000225630.1	GGCGTCAG	1
TCCAAGTCCCACATAG	ENSG00000225630.1	GAACCCAC	1
TCCAAGTCCCACATAG	ENSG00000225630.1	ACCCGGTG	1
TCCAAGTCCCACATAG	ENSG00000225630.1	AAGTTGGT	1
TCCAAGTCCCACATAG	ENSG00000225630.1	TGCTGGAT	1
TCCAAGTCCCACATAG	ENSG00000225630.1	GAACCCCC	1
TCCAAGTCCCACATAG	ENSG00000225630.1	AACTCAGG	1
TCCAAGTCCCACATAG	ENSG00000225630.1	TCCAGATC	1
TCCAAGTCCCACATAG	ENSG00000225630.1	ATGTCGTG	1
TCCAAGTCCCACATAG	ENSG00000225630.1	CGCAGTGT	1
TCCAAGTCCCACATAG	ENSG00000225630.1	TTAGGAGG	1
TCCAAGTCCCACATAG	ENSG00000225630.1	TCAGTGGT	1
TCCAAGTCCCACATAG	ENSG00000225630.1	TTCTAACC	1
TCCAAGTCCCACATAG	ENSG00000225630.1	CATGAGAC	1
TCCAAGTCCCACATAG	ENSG00000225630.1	AGATACCG	1
TCCAAGTCCCACATAG	ENSG00000225630.1	ATCGTGGC	1
TCCAAGTCCCACATAG	ENSG00000225630.1	ACCAACCT	1
TCCAAGTCCCACATAG	ENSG00000225630.1	TGCGACCG	1
TCCAAGTCCCACATAG	ENSG00000225630.1	ACTCAGAG	3
TCCAAGTCCCACATAG	ENSG00000225630.1	GGGACTGT	1
TCCAAGTCCCACATAG	ENSG00000225630.1	GTATAAAT	1
TCCAAGTCCCACATAG	ENSG00000225630.1	TCAGACAG	2
TCCAAGTCCCACATAG	ENSG00000225630.1	GCGTGTAA	1
TCCAAGTCCCACATAG	ENSG00000225630.1	ATGGACAT	1
TCCAAGTCCCACATAG	ENSG00000225630.1	TCAAGCCA	1
TCCAAGTCCCACATAG	ENSG00000225630.1	GCTACAAC	1
TCCAAGTCCCACATAG	ENSG00000225630.1	TTGGCATG	2
TCCAAGTCCCACATAG	ENSG00000225630.1	CAAAGGTT	1
TCCAAGTCCCACATAG	ENSG00000225630.1	GGGTGATT	1
TCCAAGTCCCACATAG	ENSG00000225630.1	TAAAATGA	1
TCCAAGTCCCACATAG	ENSG00000225630.1	GTTTAACG	1
TCCAAGTCCCACATAG	ENSG00000225630.1	CATGTCTA	1
TCCAAGTCCCACATAG	ENSG00000198744.5	noUMI	1
TCCAAGTCCCACATAG	ENSG00000272512.1	noUMI	1
TCCAAGTCCCACATAG	ENSG00000228594.4	noUMI	2
TCCAAGTCCCACATAG	ENSG00000090432.7	noUMI	11
TCCAAGTCCCACATAG	ENSG00000090432.7	GTAATAAC	1
TCCAAGTCCCACATAG	ENSG00000090432.7	GGTGTCGC	1
TCCAAGTCCCACATAG	ENSG00000179163.12	noUMI	6
TCCAAGTCCCACATAG	ENSG00000179163.12	GGTTTAGG	1
TCCAAGTCCCACATAG	ENSG00000179163.12	GGCGTCAT	1
TCCAAGTCCCACATAG	ENSG00000284602.1	TCGCATAC	1
TCCAAGTCCCACATAG	ENSG00000175130.7	noUMI	3
TCCAAGTCCCACATAG	ENSG00000175130.7	TCCCGAGC	2
TCCAAGTCCCACATAG	ENSG00000175130.7	TAGAACGG	4
TCCAAGTCCCACATAG	ENSG00000243749.1	GACGTGGT	1
TCCAAGTCCCACATAG	ENSG00000243749.1	noUMI	1
TCCAAGTCCCACATAG	ENSG00000116863.11	noUMI	14
TCCAAGTCCCACATAG	ENSG00000116863.11	TGTGGCTG	1
TCCAAGTCCCACATAG	ENSG00000117000.9	noUMI	3
TCCAAGTCCCACATAG	ENSG00000066557.6	noUMI	28
TCCAAGTCCCACATAG	ENSG00000066557.6	CTGGTTGT	1
TCCAAGTCCCACATAG	ENSG00000066557.6	TAGGGGAG	1
TCCAAGTCCCACATAG	ENSG00000066557.6	CTAGAGGA	1
TCCAAGTCCCACATAG	ENSG00000066557.6	GTGATGGC	1
TCCAAGTCCCACATAG	ENSG00000226415.1	noUMI	2
TCCAAGTCCCACATAG	ENSG00000226084.5	noUMI	1
TCCAAGTCCCACATAG	ENSG00000225505.1	noUMI	1
TCCAAGTCCCACATAG	ENSG00000137970.7	noUMI	3
TCCAAGTCCCACATAG	ENSG00000137970.7	AGGAGTAT	1
TCCAAGTCCCACATAG	ENSG00000137970.7	CGGTATAG	1
TCCAAGTCCCACATAG	ENSG00000137970.7	CGACTCAC	1
TCCAAGTCCCACATAG	ENSG00000137970.7	GGTCACAC	1
TCCAAGTCCCACATAG	ENSG00000065135.12	CTGTGAAT	1
TCCAAGTCCCACATAG	ENSG00000065135.12	ATATCGGA	2
TCCAAGTCCCACATAG	ENSG00000065135.12	noUMI	31
TCCAAGTCCCACATAG	ENSG00000065135.12	CGCCAGTT	3
TCCAAGTCCCACATAG	ENSG00000065135.12	CGTAATAG	1
TCCAAGTCCCACATAG	ENSG00000065135.12	AGCATTGG	1
TCCAAGTCCCACATAG	ENSG00000065135.12	TGGCTGTA	1
TCCAAGTCCCACATAG	ENSG00000213281.5	noUMI	13
TCCAAGTCCCACATAG	ENSG00000213281.5	TAATGGTG	1
TCCAAGTCCCACATAG	ENSG00000213281.5	TCAAGGGC	1
TCCAAGTCCCACATAG	ENSG00000277702.1	GGAACCGA	1
CAACCTCACAATGGAC	ENSG00000279457.4	noUMI	1
CAACCTCACAATGGAC	ENSG00000279457.4	GCAATAGA	1
CAACCTCACAATGGAC	ENSG00000279457.4	TTGAGATA	1
CAACCTCACAATGGAC	ENSG00000225630.1	GAGTTCAG	2
CAACCTCACAATGGAC	ENSG00000225630.1	GGAACGCC	1
CAACCTCACAATGGAC	ENSG00000225630.1	CGTCGACC	2
CAACCTCACAATGGAC	ENSG00000225630.1	GCAGAATT	1
CAACCTCACAATGGAC	ENSG00000225630.1	CTTGTAGA	1
CAACCTCACAATGGAC	ENSG00000225630.1	noUMI	32
CAACCTCACAATGGAC	ENSG00000225630.1	CGTAGTAT	1
CAACCTCACAATGGAC	ENSG00000225630.1	GGTTACGA	1
CAACCTCACAATGGAC	ENSG00000225630.1	AAACAGAC	1
CAACCTCACAATGGAC	ENSG00000225630.1	GCGTACTC	1
CAACCTCACAATGGAC	ENSG00000225630.1	AGTGACTG	1
CAACCTCACAATGGAC	ENSG00000225630.1	TATGGGTA	1
CAACCTCACAATGGAC	ENSG00000225630.1	ACACCCAC	1
CAACCTCACAATGGAC	ENSG00000225630.1	ACAGCACC	1
CAACCTCACAATGGAC	ENSG00000225630.1	TCACCTGA	1
CAACCTCACAATGGAC	ENSG00000225630.1	TTAGGACG	1
CAACCTCACAATGGAC	ENSG00000225630.1	TGCAGAAC	1
CAACCTCACAATGGAC	ENSG00000225630.1	TCAATTGG	2
CAACCTCACAATGGAC	ENSG00000225630.1	TACCAACA	1
CAACCTCACAATGGAC	ENSG00000225630.1	TGGAAGCA	1
CAACCTCACAATGGAC	ENSG00000225630.1	TGATGAGG	1
CAACCTCACAATGGAC	ENSG00000225630.1	GGTCACAC	1
CAACCTCACAATGGAC	ENSG00000225630.1	AGGGCACT	1
CAACCTCACAATGGAC	ENSG00000225630.1	TGGCTCAT	1
CAACCTCACAATGGAC	ENSG00000225630.1	GGTAGTAA	1
CAACCTCACAATGGAC	ENSG00000225630.1	AGAACACA	1
CAACCTCACAATGGAC	ENSG00000225630.1	GGCAGGTA	2
CAACCTCACAATGGAC	ENSG00000225630.1	CCAGACAC	1
CAACCTCACAATGGAC	ENSG00000225630.1	GCGACAAG	1
CAACCTCACAATGGAC	ENSG00000225630.1	AGATCGAG	1
CAACCTCACAATGGAC	ENSG00000225630.1	ACTAGATC	1
CAACCTCACAATGGAC	ENSG00000225630.1	CTTGTAAG	1
CAACCTCACAATGGAC	ENSG00000225630.1	CTTGTATG	1
CAACCTCACAATGGAC	ENSG00000225630.1	ACAGCTAG	1
CAACCTCACAATGGAC	ENSG00000225630.1	TTCAGCCC	2
CAACCTCACAATGGAC	ENSG00000225630.1	TGTCCACT	1
CAACCTCACAATGGAC	ENSG00000225630.1	GCGTCGGT	1
CAACCTCACAATGGAC	ENSG00000225630.1	GCTCCAAC	1
CAACCTCACAATGGAC	ENSG00000225630.1	CACGAACC	1
CAACCTCACAATGGAC	ENSG00000225630.1	GCTTGACT	1
CAACCTCACAATGGAC	ENSG00000176022.7	noUMI	1
CAACCTCACAATGGAC	ENSG00000288398.1	noUMI	5
CAACCTCACAATGGAC	ENSG00000090432.7	noUMI	4
CAACCTCACAATGGAC	ENSG00000179163.12	noUMI	1
CAACCTCACAATGGAC	ENSG00000228589.3	AGTACGAG	1
CAACCTCACAATGGAC	ENSG00000130766.5	noUMI	2
CAACCTCACAATGGAC	ENSG00000175130.7	TCACCTCA	1
CAACCTCACAATGGAC	ENSG00000243749.1	noUMI	2
CAACCTCACAATGGAC	ENSG00000286899.1	noUMI	1
CAACCTCACAATGGAC	ENSG00000286899.1	ACTATAGG	1
CAACCTCACAATGGAC	ENSG00000116863.11	TTAAGTCG	2
CAACCTCACAATGGAC	ENSG00000116863.11	noUMI	4
CAACCTCACAATGGAC	ENSG00000117000.9	noUMI	4
CAACCTCACAATGGAC	ENSG00000117000.9	CACGGTCA	2
CAACCTCACAATGGAC	ENSG00000260920.2	noUMI	2
CAACCTCACAATGGAC	ENSG00000066557.6	noUMI	27
CAACCTCACAATGGAC	ENSG00000226084.5	GAGCCGCA	1
CAACCTCACAATGGAC	ENSG00000223896.2	noUMI	13
CAACCTCACAATGGAC	ENSG00000137970.7	noUMI	6
CAACCTCACAATGGAC	ENSG00000137970.7	AAGGACCG	1
CAACCTCACAATGGAC	ENSG00000137970.7	TGTAGTCA	1
CAACCTCACAATGGAC	ENSG00000137970.7	ACTGGCCC	1
GGTCTCAACCAATCCT	ENSG00000279457.4	noUMI	1
GGTCTCAACCAATCCT	ENSG00000225630.1	CGAACAAT	1
GGTCTCAACCAATCCT	ENSG00000225630.1	CAAGCACC	1
GGTCTCAACCAATCCT	ENSG00000225630.1	TTCAGCAC	1
GGTCTCAACCAATCCT	ENSG00000225630.1	GCGGTAGT	1
GGTCTCAACCAATCCT	ENSG00000225630.1	noUMI	28
GGTCTCAACCAATCCT	ENSG00000225630.1	GCGAGGCA	1
GGTCTCAACCAATCCT	ENSG00000225630.1	TAGGACGT	3
GGTCTCAACCAATCCT	ENSG00000225630.1	GACGAACA	2
GGTCTCAACCAATCCT	ENSG00000225630.1	AAGCGTAT	1
GGTCTCAACCAATCCT	ENSG00000225630.1	CGGATAAG	1
GGTCTCAACCAATCCT	ENSG00000225630.1	AGTGTAAA	1
GGTCTCAACCAATCCT	ENSG00000225630.1	GTCTCCTG	1
GGTCTCAACCAATCCT	ENSG00000225630.1	AGTCGTCC	1
GGTCTCAACCAATCCT	ENSG00000225630.1	AGGATGCT	1
GGTCTCAACCAATCCT	ENSG00000225630.1	CTCGGTGG	1
GGTCTCAACCAATCCT	ENSG00000225630.1	TGTGAGCC	2
GGTCTCAACCAATCCT	ENSG00000225630.1	GTGACAAG	1
GGTCTCAACCAATCCT	ENSG00000225630.1	GTCAGCAG	2
GGTCTCAACCAATCCT	ENSG00000225630.1	CCGTGCAG	1
GGTCTCAACCAATCCT	ENSG00000225630.1	AACATACG	1
GGTCTCAACCAATCCT	ENSG00000225630.1	CATTGCTT	2
GGTCTCAACCAATCCT	ENSG00000225630.1	ATGCAACG	1
GGTCTCAACCAATCCT	ENSG00000225630.1	GGAGGCAG	1
GGTCTCAACCAATCCT	ENSG00000225630.1	TGTGCGAA	1
GGTCTCAACCAATCCT	ENSG00000225630.1	GCGGCCCA	1
GGTCTCAACCAATCCT	ENSG00000225630.1	GATAGCTC	1
GGTCTCAACCAATCCT	ENSG00000225630.1	AATGGCAC	1
GGTCTCAACCAATCCT	ENSG00000225630.1	TAGCGGGA	1
GGTCTCAACCAATCCT	ENSG00000225630.1	TCATGCGA	1
GGTCTCAACCAATCCT	ENSG00000225630.1	CTGGAGAT	1
GGTCTCAACCAATCCT	ENSG00000225630.1	AGTGGTAG	1
GGTCTCAACCAATCCT	ENSG00000225630.1	GCAGTGGA	1
GGTCTCAACCAATCCT	ENSG00000225630.1	AGCCCGAT	1
GGTCTCAACCAATCCT	ENSG00000225630.1	GGAGAGGG	3
GGTCTCAACCAATCCT	ENSG00000225630.1	TAGTGACA	1
GGTCTCAACCAATCCT	ENSG00000225630.1	GGTCCTCT	1
GGTCTCAACCAATCCT	ENSG00000225630.1	ACCTTGCT	1
GGTCTCAACCAATCCT	ENSG00000225630.1	AATGCTGG	1
GGTCTCAACCAATCCT	ENSG00000225630.1	TATGATGA	2
GGTCTCAACCAATCCT	ENSG00000225630.1	GAAGCGTT	1
GGTCTCAACCAATCCT	ENSG00000225630.1	AGCGCTAC	1
GGTCTCAACCAATCCT	ENSG00000225630.1	GTGAACAG	1
GGTCTCAACCAATCCT	ENSG00000225630.1	TTGGATGG	1
GGTCTCAACCAATCCT	ENSG00000225630.1	CATCCCCC	1
GGTCTCAACCAATCCT	ENSG00000225630.1	AACCGATG	1
GGTCTCAACCAATCCT	ENSG00000225630.1	CATAGGTG	2
GGTCTCAACCAATCCT	ENSG00000225630.1	GGTATTCG	1
GGTCTCAACCAATCCT	ENSG00000225630.1	CTACGGTT	1
GGTCTCAACCAATCCT	ENSG00000225630.1	GATCAGGA	1
GGTCTCAACCAATCCT	ENSG00000225630.1	GAACTAGG	1
GGTCTCAACCAATCCT	ENSG00000225630.1	GTGGGGCG	1
GGTCTCAACCAATCCT	ENSG00000225630.1	AGTGCTAT	1
GGTCTCAACCAATCCT	ENSG00000225630.1	ATCACCGT	1
GGTCTCAACCAATCCT	ENSG00000225630.1	CGGCGAAC	1
GGTCTCAACCAATCCT	ENSG00000225630.1	ACTCTTCG	1
GGTCTCAACCAATCCT	ENSG00000225630.1	CGGTAACC	2
GGTCTCAACCAATCCT	ENSG00000225630.1	TCCATCCC	1
GGTCTCAACCAATCCT	ENSG00000225630.1	TCCGAGCT	2
GGTCTCAACCAATCCT	ENSG00000225630.1	AGTGGTTC	1
GGTCTCAACCAATCCT	ENSG00000225630.1	GCTCGCCG	1
GGTCTCAACCAATCCT	ENSG00000225630.1	GCGACACG	1
GGTCTCAACCAATCCT	ENSG00000225630.1	GGTATCAC	1
GGTCTCAACCAATCCT	ENSG00000272455.1	AAAACGAT	1
GGTCTCAACCAATCCT	ENSG00000286989.1	GGGTCGGC	1
GGTCTCAACCAATCCT	ENSG00000238260.1	noUMI	1
GGTCTCAACCAATCCT	ENSG00000238260.1	ACCATCTA	1
GGTCTCAACCAATCCT	ENSG00000238260.1	GGTGTGTA	2
GGTCTCAACCAATCCT	ENSG00000171612.7	noUMI	3
GGTCTCAACCAATCCT	ENSG00000233954.6	noUMI	1
GGTCTCAACCAATCCT	ENSG00000158748.4	noUMI	1
GGTCTCAACCAATCCT	ENSG00000090432.7	noUMI	3
GGTCTCAACCAATCCT	ENSG00000090432.7	GGCTGGGG	1
GGTCTCAACCAATCCT	ENSG00000179163.12	noUMI	2
GGTCTCAACCAATCCT	ENSG00000270605.1	noUMI	1
GGTCTCAACCAATCCT	ENSG00000175130.7	noUMI	2
GGTCTCAACCAATCCT	ENSG00000243749.1	CATAAGAA	1
GGTCTCAACCAATCCT	ENSG00000243749.1	CAGTCCCG	1
GGTCTCAACCAATCCT	ENSG00000243749.1	TCTGGACC	1
GGTCTCAACCAATCCT	ENSG00000116863.11	noUMI	4
GGTCTCAACCAATCCT	ENSG00000116981.4	noUMI	1
GGTCTCAACCAATCCT	ENSG00000259943.1	noUMI	6
GGTCTCAACCAATCCT	ENSG00000237424.1	noUMI	3
GGTCTCAACCAATCCT	ENSG00000066557.6	noUMI	9
GGTCTCAACCAATCCT	ENSG00000226415.1	GCCCACGT	1
GGTCTCAACCAATCCT	ENSG00000230498.3	noUMI	1
GGTCTCAACCAATCCT	ENSG00000271576.1	noUMI	1
GGTCTCAACCAATCCT	ENSG00000271576.1	CGTACCTC	1
GGTCTCAACCAATCCT	ENSG00000280099.1	AGAAATAA	1
GGTCTCAACCAATCCT	ENSG00000280099.1	noUMI	3
GGTCTCAACCAATCCT	ENSG00000280099.1	GGCCCATG	1
GGTCTCAACCAATCCT	ENSG00000286758.1	noUMI	1
GGTCTCAACCAATCCT	ENSG00000223896.2	TGAGGGGC	1
GGTCTCAACCAATCCT	ENSG00000223896.2	noUMI	2
GGTCTCAACCAATCCT	ENSG00000137970.7	noUMI	4
GGTCTCAACCAATCCT	ENSG00000137970.7	ACGCCTGT	1
GGTCTCAACCAATCCT	ENSG00000137970.7	CTAAACAG	1
GGTCTCAACCAATCCT	ENSG00000065135.12	GGCACGGC	1
GGTCTCAACCAATCCT	ENSG00000065135.12	noUMI	37
GGTCTCAACCAATCCT	ENSG00000065135.12	ACGGGCCA	1
GGTCTCAACCAATCCT	ENSG00000065135.12	CTTGTTAG	1
GGTCTCAACCAATCCT	ENSG00000238198.2	noUMI	1
GGTCTCAACCAATCCT	ENSG00000213281.5	noUMI	11
GGTCTCAACCAATCCT	ENSG00000213281.5	GTGTATCG	1
GGTCTCAACCAATCCT	ENSG00000215784.6	TCTAAACA	1
GGTCTCAACCAATCCT	ENSG00000287978.1	CACACGGG	1
GGTCTCAACCAATCCT	ENSG00000287978.1	noUMI	4
CAACCTCAGAGGTTAG	ENSG00000225630.1	ACGAATCA	1
CAACCTCAGAGGTTAG	ENSG00000225630.1	AGTGCTAA	1
CAACCTCAGAGGTTAG	ENSG00000225630.1	noUMI	10
CAACCTCAGAGGTTAG	ENSG00000225630.1	GCGGCCCA	1
CAACCTCAGAGGTTAG	ENSG00000225630.1	GGATGTCA	1
CAACCTCAGAGGTTAG	ENSG00000225630.1	ACAGGCAA	1
CAACCTCAGAGGTTAG	ENSG00000225630.1	AGACATGA	1
CAACCTCAGAGGTTAG	ENSG00000225630.1	CTGCACAC	2
CAACCTCAGAGGTTAG	ENSG00000225630.1	TAAGGACC	2
CAACCTCAGAGGTTAG	ENSG00000225630.1	GATAAGCA	1
CAACCTCAGAGGTTAG	ENSG00000225630.1	AGACTGTG	2
CAACCTCAGAGGTTAG	ENSG00000225630.1	ACGCTCAA	2
CAACCTCAGAGGTTAG	ENSG00000225630.1	GATGGGCG	1
CAACCTCAGAGGTTAG	ENSG00000225630.1	GCTGGAGC	1
CAACCTCAGAGGTTAG	ENSG00000225630.1	CCCGCGAT	1
CAACCTCAGAGGTTAG	ENSG00000225630.1	AGAGTCCC	1
CAACCTCAGAGGTTAG	ENSG00000225630.1	TAAAGACA	1
CAACCTCAGAGGTTAG	ENSG00000225630.1	GGTGCGGT	2
CAACCTCAGAGGTTAG	ENSG00000225630.1	TTGCTCAC	1
CAACCTCAGAGGTTAG	ENSG00000225630.1	GTAGCTTC	1
CAACCTCAGAGGTTAG	ENSG00000225630.1	CATGGGCT	1
CAACCTCAGAGGTTAG	ENSG00000270035.1	TGGTAGAG	1
CAACCTCAGAGGTTAG	ENSG00000171612.7	noUMI	3
CAACCTCAGAGGTTAG	ENSG00000287756.1	noUMI	3
CAACCTCAGAGGTTAG	ENSG00000206652.1	noUMI	1
CAACCTCAGAGGTTAG	ENSG00000090432.7	noUMI	2
CAACCTCAGAGGTTAG	ENSG00000090432.7	AAACTTAC	1
CAACCTCAGAGGTTAG	ENSG00000090432.7	GCATATGT	1
CAACCTCAGAGGTTAG	ENSG00000179163.12	noUMI	1
CAACCTCAGAGGTTAG	ENSG00000158246.8	noUMI	1
CAACCTCAGAGGTTAG	ENSG00000158246.8	ACACCATG	1
CAACCTCAGAGGTTAG	ENSG00000237329.2	noUMI	1
CAACCTCAGAGGTTAG	ENSG00000175130.7	noUMI	1
CAACCTCAGAGGTTAG	ENSG00000243749.1	GTCATGAT	2
CAACCTCAGAGGTTAG	ENSG00000243749.1	noUMI	4
CAACCTCAGAGGTTAG	ENSG00000286899.1	CAATCGAT	2
CAACCTCAGAGGTTAG	ENSG00000116863.11	noUMI	1
CAACCTCAGAGGTTAG	ENSG00000117000.9	noUMI	2
CAACCTCAGAGGTTAG	ENSG00000237424.1	ACGGGTGG	1
CAACCTCAGAGGTTAG	ENSG00000116704.8	noUMI	3
CAACCTCAGAGGTTAG	ENSG00000066557.6	noUMI	8
CAACCTCAGAGGTTAG	ENSG00000066557.6	TGGGGGTT	1
CAACCTCAGAGGTTAG	ENSG00000219201.4	CATCGACC	3
CAACCTCAGAGGTTAG	ENSG00000137970.7	TCGGGCAG	1
CAACCTCAGAGGTTAG	ENSG00000137970.7	CCATGCCA	1
CAACCTCAGAGGTTAG	ENSG00000137970.7	TAGTCACC	1
CAACCTCAGAGGTTAG	ENSG00000065135.12	CAGACGAT	1
CAACCTCAGAGGTTAG	ENSG00000065135.12	noUMI	11
CAACCTCAGAGGTTAG	ENSG00000065135.12	GGACTTGG	1
CAACCTCAGAGGTTAG	ENSG00000065135.12	AAGCGGGG	1
CAACCTCAGAGGTTAG	ENSG00000065135.12	AGGATGGG	1
CAACCTCAGAGGTTAG	ENSG00000065135.12	TCAGGGGG	1
CAACCTCAGAGGTTAG	ENSG00000213281.5	noUMI	4
CAACCTCAGAGGTTAG	ENSG00000213281.5	TGGAGCGA	1
CAACCTCAGAGGTTAG	ENSG00000213281.5	GGACATCT	1
CAACCTCAGAGGTTAG	ENSG00000143067.5	noUMI	1
CAACCTCAGAGGTTAG	ENSG00000272654.1	noUMI	2
CAACCTCAGAGGTTAG	ENSG00000163344.6	GGAAAATT	1
CAACCTCAGAGGTTAG	ENSG00000143333.7	AAGTAGGC	1
CAACCTCAGAGGTTAG	ENSG00000143333.7	TAGGTCGA	1
CAACCTCAGAGGTTAG	ENSG00000183155.5	TCAGAAGG	1
CAACCTCAGAGGTTAG	ENSG00000158615.9	noUMI	5
CAACCTCAGAGGTTAG	ENSG00000271580.1	noUMI	1
CAACCTCAGAGGTTAG	ENSG00000218283.2	CCAACCAA	1
CAACCTCAGAGGTTAG	ENSG00000218283.2	GATCTGGG	1
CAACCTCAGAGGTTAG	ENSG00000218283.2	noUMI	1
CAACCTCAGAGGTTAG	ENSG00000143751.10	GTCATGCG	1
CAACCTCAGAGGTTAG	ENSG00000143751.10	CCTAGCAA	1
CAACCTCAGAGGTTAG	ENSG00000143751.10	noUMI	2
CAACCTCAGAGGTTAG	ENSG00000143751.10	AGGGAGTT	1
CAACCTCAGAGGTTAG	ENSG00000181218.5	noUMI	1
CAACCTCAGAGGTTAG	ENSG00000162851.8	GGGGGTGA	1
CAACCTCAGAGGTTAG	ENSG00000143653.10	TTGTAGGA	1
CAACCTCAGAGGTTAG	ENSG00000143653.10	noUMI	1
CAACCTCAGAGGTTAG	ENSG00000259865.1	noUMI	2
CAACCTCAGAGGTTAG	ENSG00000259865.1	GGTGGTAC	1
GGAGAGTTCCACATAG	ENSG00000279457.4	noUMI	2
GGAGAGTTCCACATAG	ENSG00000279457.4	GGTCACCC	1
GGAGAGTTCCACATAG	ENSG00000225630.1	CGTCACCA	1
GGAGAGTTCCACATAG	ENSG00000225630.1	TTAAGCAA	1
GGAGAGTTCCACATAG	ENSG00000225630.1	TGGCCCAT	1
GGAGAGTTCCACATAG	ENSG00000225630.1	noUMI	30
GGAGAGTTCCACATAG	ENSG00000225630.1	TCAACGGT	1
GGAGAGTTCCACATAG	ENSG00000225630.1	CTTCGCGA	1
GGAGAGTTCCACATAG	ENSG00000225630.1	TCCATGCA	1
GGAGAGTTCCACATAG	ENSG00000225630.1	CATCTGGA	4
GGAGAGTTCCACATAG	ENSG00000225630.1	GAACCGAG	1
GGAGAGTTCCACATAG	ENSG00000225630.1	CAGTTGCG	1
GGAGAGTTCCACATAG	ENSG00000225630.1	GTCGCGCG	1
GGAGAGTTCCACATAG	ENSG00000225630.1	GAAGGGAT	1
GGAGAGTTCCACATAG	ENSG00000225630.1	TAAAGGTG	1
GGAGAGTTCCACATAG	ENSG00000225630.1	GGCTTACT	1
GGAGAGTTCCACATAG	ENSG00000225630.1	CGCGCACT	1
GGAGAGTTCCACATAG	ENSG00000225630.1	GCTGAGGA	1
GGAGAGTTCCACATAG	ENSG00000225630.1	AAGGGATG	1
GGAGAGTTCCACATAG	ENSG00000225630.1	ATACCCCC	1
GGAGAGTTCCACATAG	ENSG00000225630.1	GTTACAAA	1
GGAGAGTTCCACATAG	ENSG00000225630.1	GAGGCACC	1
GGAGAGTTCCACATAG	ENSG00000225630.1	GGTTGAGT	1
GGAGAGTTCCACATAG	ENSG00000225630.1	AATTCGCC	1
GGAGAGTTCCACATAG	ENSG00000225630.1	TTGGATGT	2
GGAGAGTTCCACATAG	ENSG00000225630.1	TCAGACGG	1
GGAGAGTTCCACATAG	ENSG00000225630.1	ACAATTAC	2
GGAGAGTTCCACATAG	ENSG00000225630.1	CCCAGATT	1
GGAGAGTTCCACATAG	ENSG00000225630.1	CTGAAACA	1
GGAGAGTTCCACATAG	ENSG00000225630.1	TGCATGTT	1
GGAGAGTTCCACATAG	ENSG00000225630.1	AGTCTCAG	1
GGAGAGTTCCACATAG	ENSG00000225630.1	GCACGCAG	1
GGAGAGTTCCACATAG	ENSG00000225630.1	GAATCCCT	1
GGAGAGTTCCACATAG	ENSG00000225630.1	TTTGAGTG	1
GGAGAGTTCCACATAG	ENSG00000225630.1	GCTTAAGC	2
GGAGAGTTCCACATAG	ENSG00000225630.1	GAACACAT	1
GGAGAGTTCCACATAG	ENSG00000225630.1	TAGCAATC	1
GGAGAGTTCCACATAG	ENSG00000225630.1	GATGTGAA	1
GGAGAGTTCCACATAG	ENSG00000225630.1	CGACTGGA	1
GGAGAGTTCCACATAG	ENSG00000225630.1	GAAACACC	1
GGAGAGTTCCACATAG	ENSG00000225630.1	TCGATCAC	1
GGAGAGTTCCACATAG	ENSG00000225630.1	GCAAAGGA	1
GGAGAGTTCCACATAG	ENSG00000225630.1	TGGTACAA	1
GGAGAGTTCCACATAG	ENSG00000225630.1	GCATGGTA	1
GGAGAGTTCCACATAG	ENSG00000225630.1	CACTCGGA	1
GGAGAGTTCCACATAG	ENSG00000225630.1	TCGAAGAG	1
GGAGAGTTCCACATAG	ENSG00000225630.1	CTCCTCTT	1
GGAGAGTTCCACATAG	ENSG00000225630.1	GCATGTCC	1
GGAGAGTTCCACATAG	ENSG00000225630.1	GGCACACG	1
GGAGAGTTCCACATAG	ENSG00000225630.1	AGCTACAT	1
GGAGAGTTCCACATAG	ENSG00000225630.1	AAGTTAAG	2
GGAGAGTTCCACATAG	ENSG00000225630.1	TCACACCG	1
GGAGAGTTCCACATAG	ENSG00000225630.1	GCAGAGGG	1
GGAGAGTTCCACATAG	ENSG00000225630.1	CAGAGCGT	2
GGAGAGTTCCACATAG	ENSG00000225630.1	GTGCACTT	1
GGAGAGTTCCACATAG	ENSG00000225630.1	GGCAGATG	1
GGAGAGTTCCACATAG	ENSG00000225630.1	GGGGCAAT	1
GGAGAGTTCCACATAG	ENSG00000225630.1	TCTACGCA	1
GGAGAGTTCCACATAG	ENSG00000225630.1	CCTGATTA	1
GGAGAGTTCCACATAG	ENSG00000225630.1	CCGCGCGG	1
GGAGAGTTCCACATAG	ENSG00000225630.1	TGGTCGAG	1
GGAGAGTTCCACATAG	ENSG00000225630.1	GTCAGAGT	1
GGAGAGTTCCACATAG	ENSG00000225630.1	CAGTCGCC	1
GGAGAGTTCCACATAG	ENSG00000225630.1	CGGGGCCA	1
GGAGAGTTCCACATAG	ENSG00000225630.1	ATAACCCC	1
GGAGAGTTCCACATAG	ENSG00000225630.1	AAAATCCA	1
GGAGAGTTCCACATAG	ENSG00000225630.1	ATGCGAGT	1
GGAGAGTTCCACATAG	ENSG00000225630.1	CGGTGGGC	1
GGAGAGTTCCACATAG	ENSG00000225630.1	GGGCTCTC	1
GGAGAGTTCCACATAG	ENSG00000225630.1	CAACATAC	1
GGAGAGTTCCACATAG	ENSG00000225630.1	AAGAACGA	1
GGAGAGTTCCACATAG	ENSG00000176022.7	GGACATAT	1
GGAGAGTTCCACATAG	ENSG00000171612.7	TCTTCCCC	1
GGAGAGTTCCACATAG	ENSG00000171612.7	TAATCCCC	1
GGAGAGTTCCACATAG	ENSG00000288398.1	GTGCAAGG	1
GGAGAGTTCCACATAG	ENSG00000090432.7	noUMI	2
GGAGAGTTCCACATAG	ENSG00000179163.12	noUMI	5
GGAGAGTTCCACATAG	ENSG00000270605.1	noUMI	1
GGAGAGTTCCACATAG	ENSG00000279443.1	noUMI	1
GGAGAGTTCCACATAG	ENSG00000175130.7	noUMI	5
GGAGAGTTCCACATAG	ENSG00000175130.7	CTGTCGGG	1
GGAGAGTTCCACATAG	ENSG00000175130.7	CCGTAGGA	1
GGAGAGTTCCACATAG	ENSG00000175130.7	ACAAGCTA	2
GGAGAGTTCCACATAG	ENSG00000243749.1	noUMI	2
GGAGAGTTCCACATAG	ENSG00000116863.11	noUMI	4
GGAGAGTTCCACATAG	ENSG00000116981.4	noUMI	2
GGAGAGTTCCACATAG	ENSG00000117000.9	noUMI	2
GGAGAGTTCCACATAG	ENSG00000226084.5	CCAGGTTG	1
GGAGAGTTCCACATAG	ENSG00000280099.1	noUMI	3
GGAGAGTTCCACATAG	ENSG00000137970.7	noUMI	3
GGAGAGTTCCACATAG	ENSG00000137970.7	AATAACAC	1
GGAGAGTTCCACATAG	ENSG00000137970.7	CTTGGAAA	1
GGAGAGTTCCACATAG	ENSG00000137970.7	CACGATTC	1
GGAGAGTTCCACATAG	ENSG00000065135.12	noUMI	50
GGAGAGTTCCACATAG	ENSG00000065135.12	AGATCACT	2
GGAGAGTTCCACATAG	ENSG00000065135.12	TATGCTGC	1
GGAGAGTTCCACATAG	ENSG00000065135.12	CCGAATGG	1
GGAGAGTTCCACATAG	ENSG00000065135.12	CAGAGTGG	1
GGAGAGTTCCACATAG	ENSG00000213281.5	noUMI	7
GGAGAGTTCCACATAG	ENSG00000213281.5	CAGGCTTG	1
GGAGAGTTCCACATAG	ENSG00000213281.5	CATAGCTA	4
GGAGAGTTCCACATAG	ENSG00000213281.5	TCGTCAGA	1
GGAGAGTTCCACATAG	ENSG00000143067.5	noUMI	2
GGAGAGTTCCACATAG	ENSG00000287190.1	CTCGAGTA	1
GGAGAGTTCCACATAG	ENSG00000177144.8	noUMI	3
GGAGAGTTCCACATAG	ENSG00000163344.6	noUMI	2
GGAGAGTTCCACATAG	ENSG00000163344.6	TAATGCGG	1
TCCTTGCTCCAATCCT	ENSG00000279457.4	GGTAGGCC	1
TCCTTGCTCCAATCCT	ENSG00000279457.4	AAGGTGTT	1
TCCTTGCTCCAATCCT	ENSG00000225630.1	noUMI	37
TCCTTGCTCCAATCCT	ENSG00000225630.1	GCCGGAGT	1
TCCTTGCTCCAATCCT	ENSG00000225630.1	GTGCACTG	1
TCCTTGCTCCAATCCT	ENSG00000225630.1	TGAGCATC	1
TCCTTGCTCCAATCCT	ENSG00000225630.1	CTAACGAA	1
TCCTTGCTCCAATCCT	ENSG00000225630.1	AGTTAACG	1
TCCTTGCTCCAATCCT	ENSG00000225630.1	CTGCCAAT	1
TCCTTGCTCCAATCCT	ENSG00000225630.1	TGACCCAG	1
TCCTTGCTCCAATCCT	ENSG00000225630.1	TCAACTAG	1
TCCTTGCTCCAATCCT	ENSG00000225630.1	TTGAAGGT	1
TCCTTGCTCCAATCCT	ENSG00000225630.1	GAGTATAT	1
TCCTTGCTCCAATCCT	ENSG00000225630.1	TTCAGTTC	1
TCCTTGCTCCAATCCT	ENSG00000225630.1	TCGTAATC	1
TCCTTGCTCCAATCCT	ENSG00000225630.1	GGACGGAA	1
TCCTTGCTCCAATCCT	ENSG00000225630.1	CCAACTCC	2
TCCTTGCTCCAATCCT	ENSG00000225630.1	AGATAGTC	1
TCCTTGCTCCAATCCT	ENSG00000225630.1	TAGGCCTG	1
TCCTTGCTCCAATCCT	ENSG00000225630.1	GGTTTGCA	1
TCCTTGCTCCAATCCT	ENSG00000225630.1	GTACAGTA	1
TCCTTGCTCCAATCCT	ENSG00000225630.1	ATGGGCCG	1
TCCTTGCTCCAATCCT	ENSG00000225630.1	CTGATTAC	1
TCCTTGCTCCAATCCT	ENSG00000225630.1	ACAACATG	1
TCCTTGCTCCAATCCT	ENSG00000225630.1	CAGTCAAC	1
TCCTTGCTCCAATCCT	ENSG00000225630.1	ATCTCCGT	1
TCCTTGCTCCAATCCT	ENSG00000225630.1	ACCGACCT	1
TCCTTGCTCCAATCCT	ENSG00000225630.1	GACTAGAT	1
TCCTTGCTCCAATCCT	ENSG00000225630.1	GTCAATCC	1
TCCTTGCTCCAATCCT	ENSG00000225630.1	GGCGTCCC	1
TCCTTGCTCCAATCCT	ENSG00000225630.1	CAGTAGCA	1
TCCTTGCTCCAATCCT	ENSG00000225630.1	TCGAGTCT	1
TCCTTGCTCCAATCCT	ENSG00000225630.1	GTGTTGAA	1
TCCTTGCTCCAATCCT	ENSG00000225630.1	GGCTCAAA	1
TCCTTGCTCCAATCCT	ENSG00000225630.1	GAATTCAA	1
TCCTTGCTCCAATCCT	ENSG00000225630.1	CAGCTTTG	1
TCCTTGCTCCAATCCT	ENSG00000225630.1	AACTGCGT	1
TCCTTGCTCCAATCCT	ENSG00000225630.1	TAAGGTCT	2
TCCTTGCTCCAATCCT	ENSG00000225630.1	GGTGGAAG	1
TCCTTGCTCCAATCCT	ENSG00000225630.1	TCACAGCC	1
TCCTTGCTCCAATCCT	ENSG00000225630.1	ACTTCCGC	1
TCCTTGCTCCAATCCT	ENSG00000225630.1	TTTAGGCA	1
TCCTTGCTCCAATCCT	ENSG00000225630.1	ATAAACAG	1
TCCTTGCTCCAATCCT	ENSG00000225630.1	CAACCGGA	1
TCCTTGCTCCAATCCT	ENSG00000225630.1	GCTCCTTG	1
TCCTTGCTCCAATCCT	ENSG00000225630.1	CTGAGTAA	1
TCCTTGCTCCAATCCT	ENSG00000225630.1	GCAATAGG	1
TCCTTGCTCCAATCCT	ENSG00000225630.1	AAGTACAT	1
TCCTTGCTCCAATCCT	ENSG00000225630.1	ATACTGCT	1
TCCTTGCTCCAATCCT	ENSG00000225630.1	ATACCGAT	1
TCCTTGCTCCAATCCT	ENSG00000225630.1	TTGCCGTT	1
TCCTTGCTCCAATCCT	ENSG00000225630.1	GTGGCCGG	1
TCCTTGCTCCAATCCT	ENSG00000225630.1	CGAGGTTC	1
TCCTTGCTCCAATCCT	ENSG00000225630.1	GCTGAATT	1
TCCTTGCTCCAATCCT	ENSG00000225630.1	GGGAGTCG	1
TCCTTGCTCCAATCCT	ENSG00000225630.1	CAACACTA	1
TCCTTGCTCCAATCCT	ENSG00000225630.1	GTCCAGGA	1
TCCTTGCTCCAATCCT	ENSG00000225630.1	GAGTGTCA	1
TCCTTGCTCCAATCCT	ENSG00000225630.1	GGCCTATA	3
TCCTTGCTCCAATCCT	ENSG00000225630.1	GACGAGGC	1
TCCTTGCTCCAATCCT	ENSG00000225630.1	CAAAGGTG	1
TCCTTGCTCCAATCCT	ENSG00000225630.1	TAAATACG	1
TCCTTGCTCCAATCCT	ENSG00000225630.1	GGCAGTTT	1
TCCTTGCTCCAATCCT	ENSG00000225630.1	TCGGCTTG	1
TCCTTGCTCCAATCCT	ENSG00000225630.1	TGGTCCGC	1
TCCTTGCTCCAATCCT	ENSG00000225630.1	TCGTTGCA	2
TCCTTGCTCCAATCCT	ENSG00000225630.1	CGGGCTAT	1
TCCTTGCTCCAATCCT	ENSG00000225630.1	GATGGATG	1
TCCTTGCTCCAATCCT	ENSG00000225630.1	ATCGTCTG	3
TCCTTGCTCCAATCCT	ENSG00000225630.1	GTTACAAG	1
TCCTTGCTCCAATCCT	ENSG00000225630.1	GATGTGAC	1
TCCTTGCTCCAATCCT	ENSG00000225630.1	TAAGCAAC	1
TCCTTGCTCCAATCCT	ENSG00000225630.1	GCTCAGAA	1
TCCTTGCTCCAATCCT	ENSG00000225630.1	CTGGATGG	2
TCCTTGCTCCAATCCT	ENSG00000225630.1	TGACATAG	1
TCCTTGCTCCAATCCT	ENSG00000225630.1	CTACCTTG	1
TCCTTGCTCCAATCCT	ENSG00000225630.1	AGGGGGAA	2
TCCTTGCTCCAATCCT	ENSG00000225630.1	ATCAACGG	1
TCCTTGCTCCAATCCT	ENSG00000225630.1	GGAATGAA	1
TCCTTGCTCCAATCCT	ENSG00000225630.1	GGTATCAA	1
TCCTTGCTCCAATCCT	ENSG00000225630.1	AGTCTAAA	1
TCCTTGCTCCAATCCT	ENSG00000225630.1	ATAGCCCT	1
TCCTTGCTCCAATCCT	ENSG00000225630.1	CTCGTCGT	1
TCCTTGCTCCAATCCT	ENSG00000225630.1	AATGCGGG	1
TCCTTGCTCCAATCCT	ENSG00000225630.1	CTCGCTGG	1
TCCTTGCTCCAATCCT	ENSG00000225630.1	AAATGTAA	1
TCCTTGCTCCAATCCT	ENSG00000225630.1	AATAAGCA	1
TCCTTGCTCCAATCCT	ENSG00000171612.7	AAAGGGAG	1
TCCTTGCTCCAATCCT	ENSG00000171612.7	noUMI	4
TCCTTGCTCCAATCCT	ENSG00000171612.7	GACCGCGT	1
TCCTTGCTCCAATCCT	ENSG00000231789.2	GAATACAA	1
TCCTTGCTCCAATCCT	ENSG00000241563.4	ACTGTGCT	1
TCCTTGCTCCAATCCT	ENSG00000288398.1	GTCTGACG	1
TCCTTGCTCCAATCCT	ENSG00000288398.1	noUMI	2
TCCTTGCTCCAATCCT	ENSG00000090432.7	CAGGCCCC	1
TCCTTGCTCCAATCCT	ENSG00000090432.7	GGACTCAG	1
TCCTTGCTCCAATCCT	ENSG00000090432.7	noUMI	5
TCCTTGCTCCAATCCT	ENSG00000090432.7	GTGGTAGG	1
TCCTTGCTCCAATCCT	ENSG00000179163.12	noUMI	9
TCCTTGCTCCAATCCT	ENSG00000179163.12	GTCTGATG	3
TCCTTGCTCCAATCCT	ENSG00000179163.12	CGAAAAGG	1
TCCTTGCTCCAATCCT	ENSG00000271398.1	GCTATACC	1
TCCTTGCTCCAATCCT	ENSG00000237934.1	noUMI	1
TCCTTGCTCCAATCCT	ENSG00000175130.7	noUMI	2
TCCTTGCTCCAATCCT	ENSG00000175130.7	GCCAAGGG	2
TCCTTGCTCCAATCCT	ENSG00000175130.7	GCTACTCA	2
TCCTTGCTCCAATCCT	ENSG00000175130.7	TTTAAGCC	1
TCCTTGCTCCAATCCT	ENSG00000273274.2	TCTCAGGT	2
TCCTTGCTCCAATCCT	ENSG00000243749.1	AGAGTGGT	2
TCCTTGCTCCAATCCT	ENSG00000236274.1	noUMI	1
TCCTTGCTCCAATCCT	ENSG00000116863.11	noUMI	4
TCCTTGCTCCAATCCT	ENSG00000117000.9	noUMI	7
TCCTTGCTCCAATCCT	ENSG00000259943.1	noUMI	3
TCCTTGCTCCAATCCT	ENSG00000142959.5	noUMI	2
TCCTTGCTCCAATCCT	ENSG00000142959.5	TTCGGGGG	1
TCCTTGCTCCAATCCT	ENSG00000228407.2	noUMI	1
TCCTTGCTCCAATCCT	ENSG00000162396.6	noUMI	1
TCCTTGCTCCAATCCT	ENSG00000066557.6	noUMI	7
TCCTTGCTCCAATCCT	ENSG00000066557.6	GACTTAGT	1
TCCTTGCTCCAATCCT	ENSG00000066557.6	GATCGCAG	1
TCCTTGCTCCAATCCT	ENSG00000226084.5	CCGTGTGG	1
TCCTTGCTCCAATCCT	ENSG00000280099.1	noUMI	4
TCCTTGCTCCAATCCT	ENSG00000223896.2	noUMI	1
GGAGAGTTCGAATTGG	ENSG00000279457.4	noUMI	1
GGAGAGTTCGAATTGG	ENSG00000225630.1	AGCAGCTC	1
GGAGAGTTCGAATTGG	ENSG00000225630.1	noUMI	44
GGAGAGTTCGAATTGG	ENSG00000225630.1	TATAACAT	1
GGAGAGTTCGAATTGG	ENSG00000225630.1	ATGGGATA	1
GGAGAGTTCGAATTGG	ENSG00000225630.1	AGATAGTA	2
GGAGAGTTCGAATTGG	ENSG00000225630.1	GACCACAC	1
GGAGAGTTCGAATTGG	ENSG00000225630.1	CCAAGGGA	1
GGAGAGTTCGAATTGG	ENSG00000225630.1	GTACGCCA	1
GGAGAGTTCGAATTGG	ENSG00000225630.1	ATAGCAAG	1
GGAGAGTTCGAATTGG	ENSG00000225630.1	GGCTCCGA	3
GGAGAGTTCGAATTGG	ENSG00000225630.1	TCCGGCCC	1
GGAGAGTTCGAATTGG	ENSG00000225630.1	GGGCGCCG	2
GGAGAGTTCGAATTGG	ENSG00000225630.1	CTGACGAT	1
GGAGAGTTCGAATTGG	ENSG00000225630.1	TATGCTGC	1
GGAGAGTTCGAATTGG	ENSG00000225630.1	GGGGTCAC	1
GGAGAGTTCGAATTGG	ENSG00000225630.1	TGTCCGAC	1
GGAGAGTTCGAATTGG	ENSG00000225630.1	GGGTAGAC	3
GGAGAGTTCGAATTGG	ENSG00000225630.1	TCACAGAT	1
GGAGAGTTCGAATTGG	ENSG00000225630.1	GAATCGTA	1
GGAGAGTTCGAATTGG	ENSG00000225630.1	AGTGATCG	1
GGAGAGTTCGAATTGG	ENSG00000225630.1	GGCACCTC	1
GGAGAGTTCGAATTGG	ENSG00000225630.1	GTCTTACT	1
GGAGAGTTCGAATTGG	ENSG00000225630.1	TATCGTGT	3
GGAGAGTTCGAATTGG	ENSG00000225630.1	CGTCAGTA	1
GGAGAGTTCGAATTGG	ENSG00000225630.1	CCTTCTGC	1
GGAGAGTTCGAATTGG	ENSG00000225630.1	GCGTACGT	2
GGAGAGTTCGAATTGG	ENSG00000225630.1	TCTTGAGA	3
GGAGAGTTCGAATTGG	ENSG00000225630.1	GATAGGCA	1
GGAGAGTTCGAATTGG	ENSG00000225630.1	GGTCTGGA	1
GGAGAGTTCGAATTGG	ENSG00000225630.1	GGACTCGA	1
GGAGAGTTCGAATTGG	ENSG00000225630.1	GGAAATTC	1
GGAGAGTTCGAATTGG	ENSG00000225630.1	ACATGGCT	1
GGAGAGTTCGAATTGG	ENSG00000225630.1	GGAAGGGT	1
GGAGAGTTCGAATTGG	ENSG00000225630.1	AACACAGG	2
GGAGAGTTCGAATTGG	ENSG00000225630.1	ACCACTAG	1
GGAGAGTTCGAATTGG	ENSG00000225630.1	CAAGACGA	1
GGAGAGTTCGAATTGG	ENSG00000225630.1	CGTTACGG	1
GGAGAGTTCGAATTGG	ENSG00000225630.1	TAGTCAGA	1
GGAGAGTTCGAATTGG	ENSG00000225630.1	AAATCCCC	2
GGAGAGTTCGAATTGG	ENSG00000225630.1	GAAAGATT	1
GGAGAGTTCGAATTGG	ENSG00000225630.1	CCCCTATA	1
GGAGAGTTCGAATTGG	ENSG00000225630.1	CTCGGCGG	1
GGAGAGTTCGAATTGG	ENSG00000225630.1	GGTCAACT	1
GGAGAGTTCGAATTGG	ENSG00000225630.1	TGGTTCAG	2
GGAGAGTTCGAATTGG	ENSG00000225630.1	TCTCGGGA	3
GGAGAGTTCGAATTGG	ENSG00000225630.1	AAGGGGCG	2
GGAGAGTTCGAATTGG	ENSG00000225630.1	CGGGACAT	1
GGAGAGTTCGAATTGG	ENSG00000225630.1	ATGCATCT	1
GGAGAGTTCGAATTGG	ENSG00000225630.1	TCCAATAA	1
GGAGAGTTCGAATTGG	ENSG00000225630.1	CAAACGTA	1
GGAGAGTTCGAATTGG	ENSG00000225630.1	TGACGGGT	1
GGAGAGTTCGAATTGG	ENSG00000225630.1	GATCTACA	1
GGAGAGTTCGAATTGG	ENSG00000225630.1	ACCGAGCT	1
GGAGAGTTCGAATTGG	ENSG00000225630.1	GCAGGGTT	1
GGAGAGTTCGAATTGG	ENSG00000225630.1	TTGTACAC	1
GGAGAGTTCGAATTGG	ENSG00000225630.1	ATACGTTA	2
GGAGAGTTCGAATTGG	ENSG00000225630.1	GCACAGTG	1
GGAGAGTTCGAATTGG	ENSG00000225630.1	TAACCAGC	1
GGAGAGTTCGAATTGG	ENSG00000225630.1	TATGGGAG	2
GGAGAGTTCGAATTGG	ENSG00000225630.1	TGAACAGC	1
GGAGAGTTCGAATTGG	ENSG00000225630.1	GAGTGAGG	1
GGAGAGTTCGAATTGG	ENSG00000225630.1	GCAACGAA	1
GGAGAGTTCGAATTGG	ENSG00000225630.1	GCCATTAT	1
GGAGAGTTCGAATTGG	ENSG00000272438.1	noUMI	1
GGAGAGTTCGAATTGG	ENSG00000176022.7	noUMI	1
GGAGAGTTCGAATTGG	ENSG00000269978.1	noUMI	1
GGAGAGTTCGAATTGG	ENSG00000090432.7	noUMI	12
GGAGAGTTCGAATTGG	ENSG00000179163.12	noUMI	20
GGAGAGTTCGAATTGG	ENSG00000179163.12	CACCATGG	1
GGAGAGTTCGAATTGG	ENSG00000179163.12	CTGGCGAG	1
GGAGAGTTCGAATTGG	ENSG00000230228.2	noUMI	3
GGAGAGTTCGAATTGG	ENSG00000228589.3	noUMI	3
GGAGAGTTCGAATTGG	ENSG00000175130.7	noUMI	10
GGAGAGTTCGAATTGG	ENSG00000243749.1	noUMI	5
GGAGAGTTCGAATTGG	ENSG00000116863.11	GATCGTCA	1
GGAGAGTTCGAATTGG	ENSG00000116863.11	noUMI	14
GGAGAGTTCGAATTGG	ENSG00000116863.11	GCACGCCC	1
GGAGAGTTCGAATTGG	ENSG00000116863.11	GGCTCACG	1
GGAGAGTTCGAATTGG	ENSG00000116863.11	GTGAGGCA	1
GGAGAGTTCGAATTGG	ENSG00000116863.11	AGTGCTGG	2
GGAGAGTTCGAATTGG	ENSG00000116981.4	noUMI	17
GGAGAGTTCGAATTGG	ENSG00000117000.9	noUMI	5
GGAGAGTTCGAATTGG	ENSG00000259943.1	noUMI	1
AAGCCGTTGGCCTATA	ENSG00000225630.1	CCGGTAAT	1
AAGCCGTTGGCCTATA	ENSG00000225630.1	noUMI	28
AAGCCGTTGGCCTATA	ENSG00000225630.1	CTTGCAGG	1
AAGCCGTTGGCCTATA	ENSG00000225630.1	TATACAAC	1
AAGCCGTTGGCCTATA	ENSG00000225630.1	AATCGGAA	2
AAGCCGTTGGCCTATA	ENSG00000225630.1	ATACGATC	1
AAGCCGTTGGCCTATA	ENSG00000225630.1	CAGAAGGA	1
AAGCCGTTGGCCTATA	ENSG00000225630.1	TACGAGCC	1
AAGCCGTTGGCCTATA	ENSG00000225630.1	GACTCCCA	1
AAGCCGTTGGCCTATA	ENSG00000225630.1	TGTGCGCG	2
AAGCCGTTGGCCTATA	ENSG00000225630.1	AGAGTTGC	1
AAGCCGTTGGCCTATA	ENSG00000225630.1	GCCTGTTA	1
AAGCCGTTGGCCTATA	ENSG00000225630.1	TTAGAAAT	1
AAGCCGTTGGCCTATA	ENSG00000225630.1	GGTAATCA	1
AAGCCGTTGGCCTATA	ENSG00000225630.1	TGATAAAA	1
AAGCCGTTGGCCTATA	ENSG00000225630.1	CATGCCCA	1
AAGCCGTTGGCCTATA	ENSG00000225630.1	ATCTGGAC	1
AAGCCGTTGGCCTATA	ENSG00000225630.1	ATGGTCAA	1
AAGCCGTTGGCCTATA	ENSG00000225630.1	CGAGCAAA	2
AAGCCGTTGGCCTATA	ENSG00000225630.1	TCCGGCGA	1
AAGCCGTTGGCCTATA	ENSG00000225630.1	GGGTAATT	2
AAGCCGTTGGCCTATA	ENSG00000225630.1	GTTGGAGA	1
AAGCCGTTGGCCTATA	ENSG00000225630.1	GAATCAGG	1
AAGCCGTTGGCCTATA	ENSG00000225630.1	GGTTGCCC	1
AAGCCGTTGGCCTATA	ENSG00000225630.1	GCACTAAA	1
AAGCCGTTGGCCTATA	ENSG00000225630.1	GGATGTAT	1
AAGCCGTTGGCCTATA	ENSG00000225630.1	GCAGTCAA	3
AAGCCGTTGGCCTATA	ENSG00000225630.1	AGGTAGCG	1
AAGCCGTTGGCCTATA	ENSG00000225630.1	CGTTCACA	1
AAGCCGTTGGCCTATA	ENSG00000225630.1	TAACAACG	1
AAGCCGTTGGCCTATA	ENSG00000225630.1	CCACACTC	1
AAGCCGTTGGCCTATA	ENSG00000225630.1	TCGGATGG	1
AAGCCGTTGGCCTATA	ENSG00000225630.1	GACGCTGT	1
AAGCCGTTGGCCTATA	ENSG00000225630.1	GGGCTGTA	1
AAGCCGTTGGCCTATA	ENSG00000225630.1	CGGTCCTA	1
AAGCCGTTGGCCTATA	ENSG00000225630.1	AAGTAACG	3
AAGCCGTTGGCCTATA	ENSG00000225630.1	TTCACGGC	1
AAGCCGTTGGCCTATA	ENSG00000225630.1	CGGGACGT	1
AAGCCGTTGGCCTATA	ENSG00000225630.1	GTGGTAAC	1
AAGCCGTTGGCCTATA	ENSG00000225630.1	GTGTTGTA	1
AAGCCGTTGGCCTATA	ENSG00000225630.1	GTACGGAT	1
AAGCCGTTGGCCTATA	ENSG00000225630.1	TCTAGCAA	1
AAGCCGTTGGCCTATA	ENSG00000225630.1	GCTAGTAA	2
AAGCCGTTGGCCTATA	ENSG00000225630.1	TCAGCCTA	1
AAGCCGTTGGCCTATA	ENSG00000225630.1	AGACGGTG	1
AAGCCGTTGGCCTATA	ENSG00000225630.1	CAGGGCAC	1
AAGCCGTTGGCCTATA	ENSG00000225630.1	ATCGCGAT	1
AAGCCGTTGGCCTATA	ENSG00000225630.1	TGAGCTAC	1
AAGCCGTTGGCCTATA	ENSG00000225630.1	TGGGCTAT	1
AAGCCGTTGGCCTATA	ENSG00000225630.1	GATATGAC	1
AAGCCGTTGGCCTATA	ENSG00000225630.1	TAAGGTTC	2
AAGCCGTTGGCCTATA	ENSG00000225630.1	AACGGTGA	1
AAGCCGTTGGCCTATA	ENSG00000225630.1	GTTAAGAT	1
AAGCCGTTGGCCTATA	ENSG00000225630.1	GGAAGGCT	1
AAGCCGTTGGCCTATA	ENSG00000225630.1	CTTGGTGG	1
AAGCCGTTGGCCTATA	ENSG00000225630.1	GCAACTGA	2
AAGCCGTTGGCCTATA	ENSG00000225630.1	AGAACGCT	1
AAGCCGTTGGCCTATA	ENSG00000225630.1	TAAATCGT	1
AAGCCGTTGGCCTATA	ENSG00000225630.1	GCAAACGT	1
AAGCCGTTGGCCTATA	ENSG00000225630.1	ACACTCAA	2
AAGCCGTTGGCCTATA	ENSG00000225630.1	GTCTACGT	1
AAGCCGTTGGCCTATA	ENSG00000225630.1	GTAAGGTA	2
AAGCCGTTGGCCTATA	ENSG00000225630.1	ACTCGCTC	1
AAGCCGTTGGCCTATA	ENSG00000225630.1	AGGGATCT	3
AAGCCGTTGGCCTATA	ENSG00000225630.1	TGAGGTCT	1
AAGCCGTTGGCCTATA	ENSG00000225630.1	GAATATCG	1
AAGCCGTTGGCCTATA	ENSG00000225630.1	TATCCACC	1
AAGCCGTTGGCCTATA	ENSG00000225630.1	TGGCGGAA	1
AAGCCGTTGGCCTATA	ENSG00000225630.1	GCAGGCCC	1
AAGCCGTTGGCCTATA	ENSG00000225630.1	TGGCGTGC	3
AAGCCGTTGGCCTATA	ENSG00000225630.1	CCTGCTGG	1
AAGCCGTTGGCCTATA	ENSG00000225630.1	ATGAGCTT	1
AAGCCGTTGGCCTATA	ENSG00000225630.1	GTAGATCC	1
AAGCCGTTGGCCTATA	ENSG00000225630.1	CTACACGT	2
AAGCCGTTGGCCTATA	ENSG00000225630.1	GGGCTCCT	1
AAGCCGTTGGCCTATA	ENSG00000225630.1	GCACCCCG	1
AAGCCGTTGGCCTATA	ENSG00000225630.1	GGAAAGTT	1
AAGCCGTTGGCCTATA	ENSG00000225630.1	CTAAACTT	1
AAGCCGTTGGCCTATA	ENSG00000225630.1	GTTGCGGT	1
AAGCCGTTGGCCTATA	ENSG00000225630.1	GGTACATA	1
AAGCCGTTGGCCTATA	ENSG00000225630.1	TAAGCTCT	1
AAGCCGTTGGCCTATA	ENSG00000225630.1	CGGACTTT	1
AAGCCGTTGGCCTATA	ENSG00000225630.1	AGAACGCG	1
AAGCCGTTGGCCTATA	ENSG00000225630.1	CAGGTTGA	1
AAGCCGTTGGCCTATA	ENSG00000225630.1	GTCCAGTT	1
AAGCCGTTGGCCTATA	ENSG00000225630.1	GGTAGTCC	1
AAGCCGTTGGCCTATA	ENSG00000225630.1	GAAAACGT	1
AAGCCGTTGGCCTATA	ENSG00000225630.1	TTGCAAGC	1
AAGCCGTTGGCCTATA	ENSG00000225630.1	AGATCTCC	2
AAGCCGTTGGCCTATA	ENSG00000225630.1	CAGCCTAA	1
AAGCCGTTGGCCTATA	ENSG00000225630.1	ATAAGACA	2
AAGCCGTTGGCCTATA	ENSG00000225630.1	CGGATCCG	1
AAGCCGTTGGCCTATA	ENSG00000225630.1	CGAAGGTC	1
AAGCCGTTGGCCTATA	ENSG00000225630.1	GGCTTCAA	1
AAGCCGTTGGCCTATA	ENSG00000225630.1	ACAAAACC	1
AAGCCGTTGGCCTATA	ENSG00000225630.1	ACCGACTT	1
AAGCCGTTGGCCTATA	ENSG00000225630.1	GCGATACA	1
AAGCCGTTGGCCTATA	ENSG00000225630.1	GAGTTACG	1
AAGCCGTTGGCCTATA	ENSG00000225630.1	TAGTGGCA	1
AAGCCGTTGGCCTATA	ENSG00000225630.1	ACATTAAC	1
AAGCCGTTGGCCTATA	ENSG00000225630.1	TGAGTGTA	1
AAGCCGTTGGCCTATA	ENSG00000225630.1	GATGAGGT	2
AAGCCGTTGGCCTATA	ENSG00000225630.1	TACGAAAC	1
AAGCCGTTGGCCTATA	ENSG00000225630.1	AGCCGAAA	1
AAGCCGTTGGCCTATA	ENSG00000225630.1	AGGGACGG	1
AAGCCGTTGGCCTATA	ENSG00000225630.1	CTGCTCAA	1
AAGCCGTTGGCCTATA	ENSG00000225630.1	GGATGGTA	1
AAGCCGTTGGCCTATA	ENSG00000225630.1	GATAGCCT	1
AAGCCGTTGGCCTATA	ENSG00000225630.1	AACATAGG	1
AAGCCGTTGGCCTATA	ENSG00000225630.1	GTGCCGGG	1
AAGCCGTTGGCCTATA	ENSG00000225630.1	GACACGGG	1
AAGCCGTTGGCCTATA	ENSG00000225630.1	GTTCCCGA	1
AAGCCGTTGGCCTATA	ENSG00000225630.1	TATAAGGA	1
AAGCCGTTGGCCTATA	ENSG00000225630.1	TACGCCTG	2
AAGCCGTTGGCCTATA	ENSG00000225630.1	GACTCGTT	1
AAGCCGTTGGCCTATA	ENSG00000225630.1	CGGCCGAT	1
AAGCCGTTGGCCTATA	ENSG00000228594.4	ATAGGGAG	1
AAGCCGTTGGCCTATA	ENSG00000228594.4	AACTCGGG	1
AAGCCGTTGGCCTATA	ENSG00000171612.7	TCTAGTCC	2
AAGCCGTTGGCCTATA	ENSG00000171612.7	noUMI	1
AAGCCGTTGGCCTATA	ENSG00000233954.6	GTAGACAT	1
AAGCCGTTGGCCTATA	ENSG00000233954.6	GACACCGT	1
AAGCCGTTGGCCTATA	ENSG00000288398.1	noUMI	1
AAGCCGTTGGCCTATA	ENSG00000158748.4	noUMI	1
AAGCCGTTGGCCTATA	ENSG00000090432.7	noUMI	4
AAGCCGTTGGCCTATA	ENSG00000179163.12	noUMI	2
AAGCCGTTGGCCTATA	ENSG00000130766.5	noUMI	2
AAGCCGTTGGCCTATA	ENSG00000175130.7	noUMI	1
AAGCCGTTGGCCTATA	ENSG00000175130.7	AACTACGA	1
AAGCCGTTGGCCTATA	ENSG00000243749.1	noUMI	3
AAGCCGTTGGCCTATA	ENSG00000116863.11	noUMI	4
AAGCCGTTGGCCTATA	ENSG00000163909.8	noUMI	1
AAGCCGTTGGCCTATA	ENSG00000260920.2	noUMI	7
AAGCCGTTGGCCTATA	ENSG00000162396.6	noUMI	1
AAGCCGTTGGCCTATA	ENSG00000233877.2	noUMI	1
AAGCCGTTGGCCTATA	ENSG00000066557.6	noUMI	21
AAGCCGTTGGCCTATA	ENSG00000066557.6	GCACACTC	1
AAGCCGTTGGCCTATA	ENSG00000066557.6	GCGCGAGT	1
AAGCCGTTGGCCTATA	ENSG00000271576.1	AATGTAAG	2
AAGCCGTTGGCCTATA	ENSG00000137970.7	noUMI	1
AAGCCGTTGGCCTATA	ENSG00000137970.7	CCAGTACG	1
AAGCCGTTGGCCTATA	ENSG00000137970.7	CAGAGGCC	1
AAGCCGTTGGCCTATA	ENSG00000137970.7	GTAGCACG	1
AAGCCGTTGGCCTATA	ENSG00000065135.12	noUMI	11
AAGCCGTTGGCCTATA	ENSG00000065135.12	TAGTACGG	1
AAGCCGTTGGCCTATA	ENSG00000213281.5	TGGTTCCG	1
AAGCCGTTGGCCTATA	ENSG00000272755.1	noUMI	1
AAGCCGTTGGCCTATA	ENSG00000272654.1	CAGCGGTC	1
AAGCCGTTGGCCTATA	ENSG00000163344.6	noUMI	2
AAGCCGTTGGCCTATA	ENSG00000163344.6	AAAACAGC	1
AAGCCGTTGGCCTATA	ENSG00000163344.6	GAGCGGTG	1
AAGCCGTTGGCCTATA	ENSG00000132718.9	noUMI	4
AAGCCGTTGGCCTATA	ENSG00000173110.8	noUMI	1
AAGCCGTTGGCCTATA	ENSG00000143333.7	noUMI	2
AAGCCGTTGGCCTATA	ENSG00000143333.7	GCGATTCA	1
AAGCCGTTGGCCTATA	ENSG00000143333.7	CGTACATT	1
AAGCCGTTGGCCTATA	ENSG00000183155.5	noUMI	1
AAGCCGTTGGCCTATA	ENSG00000183155.5	TAACCGAC	1
AAGCCGTTGGCCTATA	ENSG00000183155.5	TCGGAAAG	1
AAGCCGTTGGCCTATA	ENSG00000158615.9	noUMI	2
AAGCCGTTGGCCTATA	ENSG00000218283.2	TCGTTAGT	1
AAGCCGTTGGCCTATA	ENSG00000218283.2	noUMI	1
AAGCCGTTGGCCTATA	ENSG00000162817.7	noUMI	2
GGAGAGTTCCAATCCT	ENSG00000279457.4	noUMI	6
GGAGAGTTCCAATCCT	ENSG00000279457.4	ACATCTAG	1
GGAGAGTTCCAATCCT	ENSG00000279457.4	AGATTCCT	1
GGAGAGTTCCAATCCT	ENSG00000279457.4	ACCTGATT	1
GGAGAGTTCCAATCCT	ENSG00000225630.1	noUMI	25
GGAGAGTTCCAATCCT	ENSG00000225630.1	ATGCGAAT	1
GGAGAGTTCCAATCCT	ENSG00000225630.1	CTAGTGCG	1
GGAGAGTTCCAATCCT	ENSG00000225630.1	ACCACTCA	1
GGAGAGTTCCAATCCT	ENSG00000225630.1	TTCGAATG	1
GGAGAGTTCCAATCCT	ENSG00000225630.1	CGACTGTA	1
GGAGAGTTCCAATCCT	ENSG00000225630.1	AACGCAAG	1
GGAGAGTTCCAATCCT	ENSG00000225630.1	AGGGCGAG	1
GGAGAGTTCCAATCCT	ENSG00000225630.1	TCCGTGGA	1
GGAGAGTTCCAATCCT	ENSG00000225630.1	GGTCAAAC	1
GGAGAGTTCCAATCCT	ENSG00000225630.1	CTCTAGTG	2
GGAGAGTTCCAATCCT	ENSG00000225630.1	GGCCTATG	1
GGAGAGTTCCAATCCT	ENSG00000225630.1	AACATATG	1
GGAGAGTTCCAATCCT	ENSG00000225630.1	ATTGGTGT	3
GGAGAGTTCCAATCCT	ENSG00000225630.1	CTAGAACC	1
GGAGAGTTCCAATCCT	ENSG00000225630.1	CATAACTT	1
GGAGAGTTCCAATCCT	ENSG00000225630.1	TGAGGAGG	1
GGAGAGTTCCAATCCT	ENSG00000225630.1	CAGCTCAA	1
GGAGAGTTCCAATCCT	ENSG00000225630.1	AATGCTCA	1
GGAGAGTTCCAATCCT	ENSG00000225630.1	CAAAACCT	1
GGAGAGTTCCAATCCT	ENSG00000225630.1	GAGCTATG	1
GGAGAGTTCCAATCCT	ENSG00000225630.1	ATTGAAGT	1
GGAGAGTTCCAATCCT	ENSG00000225630.1	ACATTCGT	1
GGAGAGTTCCAATCCT	ENSG00000225630.1	TAGAGTAT	1
GGAGAGTTCCAATCCT	ENSG00000225630.1	ATTAGCGT	1
GGAGAGTTCCAATCCT	ENSG00000225630.1	GTCCGAGT	1
GGAGAGTTCCAATCCT	ENSG00000225630.1	ACAGTGAC	1
GGAGAGTTCCAATCCT	ENSG00000225630.1	GTACGATT	1
GGAGAGTTCCAATCCT	ENSG00000225630.1	ATGTATAC	1
GGAGAGTTCCAATCCT	ENSG00000225630.1	GTGTCGGG	2
GGAGAGTTCCAATCCT	ENSG00000225630.1	GCTCCCTA	1
GGAGAGTTCCAATCCT	ENSG00000225630.1	CAAGTGCA	1
GGAGAGTTCCAATCCT	ENSG00000225630.1	CTGTGCCA	1
GGAGAGTTCCAATCCT	ENSG00000225630.1	TTGCAGCT	1
GGAGAGTTCCAATCCT	ENSG00000225630.1	CGGAGAAC	1
GGAGAGTTCCAATCCT	ENSG00000225630.1	GTCGCTGT	1
GGAGAGTTCCAATCCT	ENSG00000225630.1	CTGGATGG	2
GGAGAGTTCCAATCCT	ENSG00000225630.1	GTGCTGGT	1
GGAGAGTTCCAATCCT	ENSG00000225630.1	TCGATGGG	1
GGAGAGTTCCAATCCT	ENSG00000225630.1	CCGAAGCA	1
GGAGAGTTCCAATCCT	ENSG00000225630.1	CTTGACAC	1
GGAGAGTTCCAATCCT	ENSG00000225630.1	TAGCCATG	1
GGAGAGTTCCAATCCT	ENSG00000225630.1	CGGAAAAC	1
GGAGAGTTCCAATCCT	ENSG00000225630.1	TCAGTCCA	2
GGAGAGTTCCAATCCT	ENSG00000225630.1	GTTGGGAA	1
GGAGAGTTCCAATCCT	ENSG00000198744.5	TCTATGTG	1
GGAGAGTTCCAATCCT	ENSG00000176022.7	ACAGACAC	1
GGAGAGTTCCAATCCT	ENSG00000228594.4	noUMI	2
GGAGAGTTCCAATCCT	ENSG00000171612.7	noUMI	1
GGAGAGTTCCAATCCT	ENSG00000241563.4	noUMI	2
GGAGAGTTCCAATCCT	ENSG00000090432.7	noUMI	10
GGAGAGTTCCAATCCT	ENSG00000090432.7	CAACAGCT	1
GGAGAGTTCCAATCCT	ENSG00000090432.7	GGTAAGGT	1
GGAGAGTTCCAATCCT	ENSG00000179163.12	noUMI	12
GGAGAGTTCCAATCCT	ENSG00000179163.12	GGAAAAGA	1
GGAGAGTTCCAATCCT	ENSG00000228589.3	CGGTACAG	1
GGAGAGTTCCAATCCT	ENSG00000130766.5	noUMI	1
GGAGAGTTCCAATCCT	ENSG00000130766.5	GGTTATGA	1
GGAGAGTTCCAATCCT	ENSG00000175130.7	noUMI	7
GGAGAGTTCCAATCCT	ENSG00000175130.7	GTGAGACT	1
GGAGAGTTCCAATCCT	ENSG00000175130.7	TTGTATGG	1
GGAGAGTTCCAATCCT	ENSG00000273274.2	ACGATGCT	1
GGAGAGTTCCAATCCT	ENSG00000243749.1	TACCACGT	1
GGAGAGTTCCAATCCT	ENSG00000286899.1	noUMI	3
GGAGAGTTCCAATCCT	ENSG00000116863.11	noUMI	12
GGAGAGTTCCAATCCT	ENSG00000116981.4	noUMI	6
GGAGAGTTCCAATCCT	ENSG00000117000.9	noUMI	14
GGAGAGTTCCAATCCT	ENSG00000259943.1	noUMI	2
GGAGAGTTCCAATCCT	ENSG00000142959.5	noUMI	1
GGAGAGTTCCAATCCT	ENSG00000186564.6	noUMI	1
GGAGAGTTCCAATCCT	ENSG00000228407.2	noUMI	1
GGAGAGTTCCAATCCT	ENSG00000225632.1	noUMI	1
GGAGAGTTCCAATCCT	ENSG00000162396.6	AGCGTTGT	1
GGAGAGTTCCAATCCT	ENSG00000116704.8	noUMI	3
GGAGAGTTCCAATCCT	ENSG00000066557.6	noUMI	18
GGAGAGTTCCAATCCT	ENSG00000066557.6	GGGAGTCA	1
GGAGAGTTCCAATCCT	ENSG00000066557.6	GTATACCC	2
GGAGAGTTCCAATCCT	ENSG00000066557.6	TCACCCCG	1
GGTCTCAACCACATAG	ENSG00000225630.1	GGCGCCAC	1
GGTCTCAACCACATAG	ENSG00000225630.1	noUMI	8
GGTCTCAACCACATAG	ENSG00000225630.1	AAACACAC	1
GGTCTCAACCACATAG	ENSG00000225630.1	GACTGGCT	2
GGTCTCAACCACATAG	ENSG00000225630.1	GCAACGTT	1
GGTCTCAACCACATAG	ENSG00000225630.1	GGATGGAG	1
GGTCTCAACCACATAG	ENSG00000225630.1	GCAGTATT	1
GGTCTCAACCACATAG	ENSG00000225630.1	TCAAGGAT	1
GGTCTCAACCACATAG	ENSG00000225630.1	TGCGCATA	1
GGTCTCAACCACATAG	ENSG00000225630.1	TCGCGGGT	1
GGTCTCAACCACATAG	ENSG00000225630.1	TCGTGTGT	1
GGTCTCAACCACATAG	ENSG00000225630.1	GGATCTTG	1
GGTCTCAACCACATAG	ENSG00000225630.1	TACGAACA	1
GGTCTCAACCACATAG	ENSG00000225630.1	ATTAGCAC	1
GGTCTCAACCACATAG	ENSG00000225630.1	TAGCTGTA	1
GGTCTCAACCACATAG	ENSG00000225630.1	AGCACCAC	1
GGTCTCAACCACATAG	ENSG00000225630.1	AACAGCGC	1
GGTCTCAACCACATAG	ENSG00000225630.1	GGCGTACT	1
GGTCTCAACCACATAG	ENSG00000225630.1	GTTGATGC	1
GGTCTCAACCACATAG	ENSG00000225630.1	CCAACCCT	1
GGTCTCAACCACATAG	ENSG00000225630.1	AAACTGGT	1
GGTCTCAACCACATAG	ENSG00000225630.1	CGGTGCTC	2
GGTCTCAACCACATAG	ENSG00000225630.1	CTAAGTCC	1
GGTCTCAACCACATAG	ENSG00000225630.1	AAATTACG	1
GGTCTCAACCACATAG	ENSG00000225630.1	GTGCTACG	2
GGTCTCAACCACATAG	ENSG00000225630.1	CTTCGCGT	1
GGTCTCAACCACATAG	ENSG00000225630.1	TTGACCAA	1
GGTCTCAACCACATAG	ENSG00000225630.1	ATGCAGGA	1
GGTCTCAACCACATAG	ENSG00000225630.1	GTCGGTAA	2
GGTCTCAACCACATAG	ENSG00000171612.7	noUMI	1
GGTCTCAACCACATAG	ENSG00000284602.1	noUMI	1
GGTCTCAACCACATAG	ENSG00000175130.7	noUMI	2
GGTCTCAACCACATAG	ENSG00000116863.11	noUMI	2
GGTCTCAACCACATAG	ENSG00000261798.1	noUMI	2
GGTCTCAACCACATAG	ENSG00000259943.1	TCCGGGCG	1
GGTCTCAACCACATAG	ENSG00000259943.1	CTACGGGC	1
GGTCTCAACCACATAG	ENSG00000116704.8	noUMI	1
GGTCTCAACCACATAG	ENSG00000116704.8	GGTCGGAT	2
GGTCTCAACCACATAG	ENSG00000066557.6	noUMI	4
GGTCTCAACCACATAG	ENSG00000223896.2	noUMI	2
GGTCTCAACCACATAG	ENSG00000137970.7	noUMI	2
GGTCTCAACCACATAG	ENSG00000137970.7	TTACAGGA	1
GGTCTCAACCACATAG	ENSG00000065135.12	ATCGGTTC	1
GGTCTCAACCACATAG	ENSG00000065135.12	noUMI	11
GGTCTCAACCACATAG	ENSG00000213281.5	AAAGCTAT	1
GGTCTCAACCACATAG	ENSG00000213281.5	CGTGCCGG	1
GGTCTCAACCACATAG	ENSG00000163344.6	CGGGGCGG	1
GGTCTCAACCACATAG	ENSG00000236675.1	noUMI	1
GGTCTCAACCACATAG	ENSG00000288670.1	noUMI	1
GGTCTCAACCACATAG	ENSG00000218283.2	noUMI	1
GGTCTCAACCACATAG	ENSG00000143751.10	noUMI	4
GGTCTCAACCACATAG	ENSG00000143751.10	ATATAGCC	1
GGTCTCAACCACATAG	ENSG00000116574.6	GAGGATGT	1
GGTCTCAACCACATAG	ENSG00000162851.8	noUMI	2
TCCTTGCTCGAATTGG	ENSG00000279457.4	noUMI	2
TCCTTGCTCGAATTGG	ENSG00000225630.1	GTAGCATG	1
TCCTTGCTCGAATTGG	ENSG00000225630.1	GTAAAGCT	1
TCCTTGCTCGAATTGG	ENSG00000225630.1	CTTGCTCA	1
TCCTTGCTCGAATTGG	ENSG00000225630.1	TTCCAGCC	2
TCCTTGCTCGAATTGG	ENSG00000225630.1	TTATGCGA	1
TCCTTGCTCGAATTGG	ENSG00000225630.1	CGTAGTTG	3
TCCTTGCTCGAATTGG	ENSG00000225630.1	AGGAGCAC	1
TCCTTGCTCGAATTGG	ENSG00000225630.1	ACAACATC	1
TCCTTGCTCGAATTGG	ENSG00000225630.1	TATAGATC	2
TCCTTGCTCGAATTGG	ENSG00000225630.1	noUMI	67
TCCTTGCTCGAATTGG	ENSG00000225630.1	GAATCTCA	1
TCCTTGCTCGAATTGG	ENSG00000225630.1	ATACGGGA	2
TCCTTGCTCGAATTGG	ENSG00000225630.1	GTCTAGGT	1
TCCTTGCTCGAATTGG	ENSG00000225630.1	ACACAGGA	2
TCCTTGCTCGAATTGG	ENSG00000225630.1	AAAACGCT	2
TCCTTGCTCGAATTGG	ENSG00000225630.1	GATCAAGT	1
TCCTTGCTCGAATTGG	ENSG00000225630.1	ATCAGATA	1
TCCTTGCTCGAATTGG	ENSG00000225630.1	TTTGGGTA	1
TCCTTGCTCGAATTGG	ENSG00000225630.1	GTTAAAGG	2
TCCTTGCTCGAATTGG	ENSG00000225630.1	GCGGGATA	1
TCCTTGCTCGAATTGG	ENSG00000225630.1	CATAGTAA	2
TCCTTGCTCGAATTGG	ENSG00000225630.1	CATGACTG	1
TCCTTGCTCGAATTGG	ENSG00000225630.1	TAGTAGCG	1
TCCTTGCTCGAATTGG	ENSG00000225630.1	TTTGACGT	1
TCCTTGCTCGAATTGG	ENSG00000225630.1	AGTACAGT	1
TCCTTGCTCGAATTGG	ENSG00000225630.1	CAGTGATA	1
TCCTTGCTCGAATTGG	ENSG00000225630.1	CTCTACAA	1
TCCTTGCTCGAATTGG	ENSG00000225630.1	AAAGACTA	4
TCCTTGCTCGAATTGG	ENSG00000225630.1	TTGGTATA	3
TCCTTGCTCGAATTGG	ENSG00000225630.1	GACAGATA	1
TCCTTGCTCGAATTGG	ENSG00000225630.1	TAAATCGC	1
TCCTTGCTCGAATTGG	ENSG00000225630.1	TGATTCGC	1
TCCTTGCTCGAATTGG	ENSG00000225630.1	AAGCACGT	1
TCCTTGCTCGAATTGG	ENSG00000225630.1	CTGTCCCA	1
TCCTTGCTCGAATTGG	ENSG00000225630.1	ATCTTGAG	1
TCCTTGCTCGAATTGG	ENSG00000225630.1	CAATTCAT	1
TCCTTGCTCGAATTGG	ENSG00000225630.1	ACTTAACA	1
TCCTTGCTCGAATTGG	ENSG00000225630.1	CGGATTAG	1
TCCTTGCTCGAATTGG	ENSG00000225630.1	CCAGCATG	1
TCCTTGCTCGAATTGG	ENSG00000225630.1	GGTCGGTT	1
TCCTTGCTCGAATTGG	ENSG00000225630.1	ATGGATTA	2
TCCTTGCTCGAATTGG	ENSG00000225630.1	TATGGGGA	1
TCCTTGCTCGAATTGG	ENSG00000225630.1	AGGTACAA	1
TCCTTGCTCGAATTGG	ENSG00000225630.1	CATGAGTT	1
TCCTTGCTCGAATTGG	ENSG00000225630.1	GAGGATAA	2
TCCTTGCTCGAATTGG	ENSG00000225630.1	GTCCAGGA	1
TCCTTGCTCGAATTGG	ENSG00000225630.1	TGACCTCG	1
TCCTTGCTCGAATTGG	ENSG00000225630.1	CGTTGATG	1
TCCTTGCTCGAATTGG	ENSG00000225630.1	GCACCCCT	1
TCCTTGCTCGAATTGG	ENSG00000225630.1	AAAATACA	1
TCCTTGCTCGAATTGG	ENSG00000225630.1	AGGATATT	1
TCCTTGCTCGAATTGG	ENSG00000225630.1	ATTAGCCC	1
TCCTTGCTCGAATTGG	ENSG00000225630.1	TGCGATTA	1
TCCTTGCTCGAATTGG	ENSG00000225630.1	CAATGCGA	4
TCCTTGCTCGAATTGG	ENSG00000225630.1	ATATACAA	1
TCCTTGCTCGAATTGG	ENSG00000225630.1	TGAAACCG	1
TCCTTGCTCGAATTGG	ENSG00000225630.1	AGCACGAG	3
TCCTTGCTCGAATTGG	ENSG00000225630.1	GCGCCCCT	1
TCCTTGCTCGAATTGG	ENSG00000225630.1	GGCCTCGA	1
TCCTTGCTCGAATTGG	ENSG00000225630.1	ATGGACTT	2
TCCTTGCTCGAATTGG	ENSG00000225630.1	GGGCAACA	1
TCCTTGCTCGAATTGG	ENSG00000225630.1	GATACACC	1
TCCTTGCTCGAATTGG	ENSG00000225630.1	AAGGCGAA	1
TCCTTGCTCGAATTGG	ENSG00000225630.1	GGCAGTGC	1
TCCTTGCTCGAATTGG	ENSG00000225630.1	GAAACCTC	1
TCCTTGCTCGAATTGG	ENSG00000225630.1	ACAATGAG	1
TCCTTGCTCGAATTGG	ENSG00000225630.1	AACTGAAT	1
TCCTTGCTCGAATTGG	ENSG00000225630.1	GTAATATC	1
TCCTTGCTCGAATTGG	ENSG00000225630.1	CGGTATAC	1
TCCTTGCTCGAATTGG	ENSG00000225630.1	CGTGCAAG	2
TCCTTGCTCGAATTGG	ENSG00000225630.1	AAATGACC	1
TCCTTGCTCGAATTGG	ENSG00000225630.1	AGGGAGAT	1
TCCTTGCTCGAATTGG	ENSG00000225630.1	ACGAACAG	1
TCCTTGCTCGAATTGG	ENSG00000225630.1	ACCAACTG	1
TCCTTGCTCGAATTGG	ENSG00000225630.1	GCTTGAAA	1
TCCTTGCTCGAATTGG	ENSG00000225630.1	ATACGTAG	1
TCCTTGCTCGAATTGG	ENSG00000176022.7	CTGGCTCG	1
TCCTTGCTCGAATTGG	ENSG00000176022.7	noUMI	1
TCCTTGCTCGAATTGG	ENSG00000272455.1	ACCATAGC	2
TCCTTGCTCGAATTGG	ENSG00000272455.1	noUMI	4
TCCTTGCTCGAATTGG	ENSG00000228594.4	noUMI	2
TCCTTGCTCGAATTGG	ENSG00000171612.7	GATCAGCT	1
TCCTTGCTCGAATTGG	ENSG00000171612.7	noUMI	3
TCCTTGCTCGAATTGG	ENSG00000171612.7	AAGGGACG	1
TCCTTGCTCGAATTGG	ENSG00000171612.7	AGGGATAG	1
TCCTTGCTCGAATTGG	ENSG00000233954.6	CCAGACAT	1
TCCTTGCTCGAATTGG	ENSG00000233954.6	GCAGACAC	1
TCCTTGCTCGAATTGG	ENSG00000288398.1	ACAGGGGT	1
TCCTTGCTCGAATTGG	ENSG00000288398.1	noUMI	1
TCCTTGCTCGAATTGG	ENSG00000090432.7	noUMI	53
TCCTTGCTCGAATTGG	ENSG00000090432.7	TAGAGGGG	2
TCCTTGCTCGAATTGG	ENSG00000090432.7	TAGAACCC	4
TCCTTGCTCGAATTGG	ENSG00000179163.12	noUMI	6
TCCTTGCTCGAATTGG	ENSG00000130766.5	noUMI	9
TCCTTGCTCGAATTGG	ENSG00000279443.1	noUMI	6
TCCTTGCTCGAATTGG	ENSG00000237934.1	TATAGGTG	2
TCCTTGCTCCACATAG	ENSG00000279457.4	noUMI	3
TCCTTGCTCCACATAG	ENSG00000279457.4	AGCGTTAT	1
TCCTTGCTCCACATAG	ENSG00000225630.1	noUMI	45
TCCTTGCTCCACATAG	ENSG00000225630.1	GACAATAC	1
TCCTTGCTCCACATAG	ENSG00000225630.1	GTAACGGA	1
TCCTTGCTCCACATAG	ENSG00000225630.1	TAACACGT	2
TCCTTGCTCCACATAG	ENSG00000225630.1	TACCACAC	1
TCCTTGCTCCACATAG	ENSG00000225630.1	GCAACGGC	1
TCCTTGCTCCACATAG	ENSG00000225630.1	ATAAGGTC	1
TCCTTGCTCCACATAG	ENSG00000225630.1	GTAGCGGA	1
TCCTTGCTCCACATAG	ENSG00000225630.1	CTGTTCAA	2
TCCTTGCTCCACATAG	ENSG00000225630.1	TGGGATAG	1
TCCTTGCTCCACATAG	ENSG00000225630.1	GATGCTAG	2
TCCTTGCTCCACATAG	ENSG00000225630.1	GTATCACG	1
TCCTTGCTCCACATAG	ENSG00000225630.1	ATGTGGTT	1
TCCTTGCTCCACATAG	ENSG00000225630.1	AATCACGA	1
TCCTTGCTCCACATAG	ENSG00000225630.1	CATATGTA	1
TCCTTGCTCCACATAG	ENSG00000225630.1	GAGCGTAC	1
TCCTTGCTCCACATAG	ENSG00000225630.1	CCACCAGC	1
TCCTTGCTCCACATAG	ENSG00000225630.1	CAGAGTAT	1
TCCTTGCTCCACATAG	ENSG00000225630.1	CGAGCTGG	1
TCCTTGCTCCACATAG	ENSG00000225630.1	ACATCGTG	1
TCCTTGCTCCACATAG	ENSG00000225630.1	CATAGATG	1
TCCTTGCTCCACATAG	ENSG00000225630.1	AAGAGATT	1
TCCTTGCTCCACATAG	ENSG00000225630.1	ACTCTGAG	1
TCCTTGCTCCACATAG	ENSG00000225630.1	TAAGGACT	1
TCCTTGCTCCACATAG	ENSG00000225630.1	ATGACAAA	1
TCCTTGCTCCACATAG	ENSG00000225630.1	CGGCGCAG	1
TCCTTGCTCCACATAG	ENSG00000225630.1	ACCGGCTC	1
TCCTTGCTCCACATAG	ENSG00000225630.1	GATGATGC	1
TCCTTGCTCCACATAG	ENSG00000225630.1	CCATTGGC	1
TCCTTGCTCCACATAG	ENSG00000176022.7	noUMI	1
TCCTTGCTCCACATAG	ENSG00000272455.1	noUMI	1
TCCTTGCTCCACATAG	ENSG00000288398.1	noUMI	2
TCCTTGCTCCACATAG	ENSG00000090432.7	noUMI	1
TCCTTGCTCCACATAG	ENSG00000090432.7	TGTCTTAA	1
TCCTTGCTCCACATAG	ENSG00000235052.1	noUMI	1
TCCTTGCTCCACATAG	ENSG00000179163.12	noUMI	6
TCCTTGCTCCACATAG	ENSG00000188822.8	noUMI	1
TCCTTGCTCCACATAG	ENSG00000175130.7	CGTCGTGT	2
TCCTTGCTCCACATAG	ENSG00000175130.7	noUMI	5
TCCTTGCTCCACATAG	ENSG00000243749.1	noUMI	1
TCCTTGCTCCACATAG	ENSG00000116863.11	noUMI	16
TCCTTGCTCCACATAG	ENSG00000117000.9	CGCGAACA	1
TCCTTGCTCCACATAG	ENSG00000142959.5	noUMI	2
TCCTTGCTCCACATAG	ENSG00000169213.7	noUMI	3
TCCTTGCTCCACATAG	ENSG00000162396.6	noUMI	4
GGTCTCAACGAATTGG	ENSG00000279457.4	noUMI	2
GGTCTCAACGAATTGG	ENSG00000279457.4	TAGACATG	1
GGTCTCAACGAATTGG	ENSG00000279457.4	GGTCCCCG	1
GGTCTCAACGAATTGG	ENSG00000225630.1	noUMI	25
GGTCTCAACGAATTGG	ENSG00000225630.1	TTGGCTGA	1
GGTCTCAACGAATTGG	ENSG00000225630.1	TGATATAG	1
GGTCTCAACGAATTGG	ENSG00000225630.1	TGCGTTCC	1
GGTCTCAACGAATTGG	ENSG00000225630.1	AATGGGAG	1
GGTCTCAACGAATTGG	ENSG00000225630.1	CTTCGGAC	1
GGTCTCAACGAATTGG	ENSG00000225630.1	CAAGTGAG	1
GGTCTCAACGAATTGG	ENSG00000225630.1	ATCGCGTG	1
GGTCTCAACGAATTGG	ENSG00000225630.1	GAGGCACG	1
GGTCTCAACGAATTGG	ENSG00000225630.1	GACAGCAG	2
GGTCTCAACGAATTGG	ENSG00000225630.1	TCATAATA	1
GGTCTCAACGAATTGG	ENSG00000225630.1	TGCACGCG	1
GGTCTCAACGAATTGG	ENSG00000225630.1	ATGGCACG	1
GGTCTCAACGAATTGG	ENSG00000225630.1	CACGTGAG	1
GGTCTCAACGAATTGG	ENSG00000225630.1	CACGACGC	1
GGTCTCAACGAATTGG	ENSG00000225630.1	GTTGACGG	2
GGTCTCAACGAATTGG	ENSG00000225630.1	AGCCATGA	1
GGTCTCAACGAATTGG	ENSG00000225630.1	GCGGACAG	1
GGTCTCAACGAATTGG	ENSG00000225630.1	AAGATCCT	1
GGTCTCAACGAATTGG	ENSG00000225630.1	AAAAATGC	1
GGTCTCAACGAATTGG	ENSG00000225630.1	GGACCCTT	1
GGTCTCAACGAATTGG	ENSG00000225630.1	GTCGCACG	1
GGTCTCAACGAATTGG	ENSG00000225630.1	CACGGGCT	1
GGTCTCAACGAATTGG	ENSG00000225630.1	ACACAATA	1
GGTCTCAACGAATTGG	ENSG00000225630.1	TTGGGTTT	1
GGTCTCAACGAATTGG	ENSG00000225630.1	TTGGCTTA	1
GGTCTCAACGAATTGG	ENSG00000225630.1	TGCCGCAT	1
GGTCTCAACGAATTGG	ENSG00000225630.1	AGCGAGAC	1
GGTCTCAACGAATTGG	ENSG00000225630.1	TGAATCTA	1
GGTCTCAACGAATTGG	ENSG00000225630.1	AAGAGACC	1
GGTCTCAACGAATTGG	ENSG00000225630.1	ACGGCGGA	2
GGTCTCAACGAATTGG	ENSG00000225630.1	ATGTCACA	1
GGTCTCAACGAATTGG	ENSG00000225630.1	GAGGACTA	1
GGTCTCAACGAATTGG	ENSG00000225630.1	GGGATATA	1
GGTCTCAACGAATTGG	ENSG00000225630.1	GGCTGAGC	1
GGTCTCAACGAATTGG	ENSG00000225630.1	GCTCGCTG	1
GGTCTCAACGAATTGG	ENSG00000225630.1	AGCAGGAC	1
GGTCTCAACGAATTGG	ENSG00000225630.1	GTCACCAC	1
GGTCTCAACGAATTGG	ENSG00000225630.1	CAGCCAAC	1
GGTCTCAACGAATTGG	ENSG00000225630.1	ACTTTCAC	2
GGTCTCAACGAATTGG	ENSG00000225630.1	CGATGTCG	1
GGTCTCAACGAATTGG	ENSG00000225630.1	TACAATGA	1
GGTCTCAACGAATTGG	ENSG00000225630.1	GTCACCCT	1
GGTCTCAACGAATTGG	ENSG00000225630.1	CGTCCTAT	1
GGTCTCAACGAATTGG	ENSG00000225630.1	TTCAAGAC	1
GGTCTCAACGAATTGG	ENSG00000225630.1	GTGGGTAT	2
GGTCTCAACGAATTGG	ENSG00000225630.1	GGATGATG	1
GGTCTCAACGAATTGG	ENSG00000225630.1	ACTCGGTC	1
GGTCTCAACGAATTGG	ENSG00000225630.1	TGACGCAT	1
GGTCTCAACGAATTGG	ENSG00000225630.1	CGTTCAGC	1
GGTCTCAACGAATTGG	ENSG00000225630.1	TCGATGCC	1
GGTCTCAACGAATTGG	ENSG00000225630.1	AGTTGCTT	1
GGTCTCAACGAATTGG	ENSG00000225630.1	GGACAGAA	1
GGTCTCAACGAATTGG	ENSG00000225630.1	TTTCAGAG	1
GGTCTCAACGAATTGG	ENSG00000225630.1	ATGTGATA	1
GGTCTCAACGAATTGG	ENSG00000225630.1	TATGCAGG	1
GGTCTCAACGAATTGG	ENSG00000225630.1	GGCCTATG	1
GGTCTCAACGAATTGG	ENSG00000225630.1	AGAGAAAC	2
GGTCTCAACGAATTGG	ENSG00000225630.1	AATAAACT	1
GGTCTCAACGAATTGG	ENSG00000225630.1	GACCCTTC	1
GGTCTCAACGAATTGG	ENSG00000225630.1	AGCTGGAC	1
GGTCTCAACGAATTGG	ENSG00000225630.1	GAAACCCA	2
GGTCTCAACGAATTGG	ENSG00000225630.1	GTTCAACA	1
GGTCTCAACGAATTGG	ENSG00000225630.1	TTGTGCCA	1
GGTCTCAACGAATTGG	ENSG00000225630.1	ATCAGGTA	1
GGTCTCAACGAATTGG	ENSG00000225630.1	GAATCTCC	1
GGTCTCAACGAATTGG	ENSG00000225630.1	ACCCGAGA	1
GGTCTCAACGAATTGG	ENSG00000225630.1	TCCGATTT	1
GGTCTCAACGAATTGG	ENSG00000225630.1	CAGACATA	1
GGTCTCAACGAATTGG	ENSG00000225630.1	CCGAGATA	1
GGTCTCAACGAATTGG	ENSG00000225630.1	TTCTAGTC	1
GGTCTCAACGAATTGG	ENSG00000225630.1	CGGAGCCT	2
GGTCTCAACGAATTGG	ENSG00000225630.1	TTTGGTCC	1
GGTCTCAACGAATTGG	ENSG00000225630.1	AACATACC	1
GGTCTCAACGAATTGG	ENSG00000225630.1	GCGGGACA	1
GGTCTCAACGAATTGG	ENSG00000225630.1	GAAATAAA	1
GGTCTCAACGAATTGG	ENSG00000225630.1	TCGCATTG	1
GGTCTCAACGAATTGG	ENSG00000225630.1	ATTGTACT	1
GGTCTCAACGAATTGG	ENSG00000225630.1	TAAGAGTC	1
GGTCTCAACGAATTGG	ENSG00000225630.1	CAGTTCGG	2
GGTCTCAACGAATTGG	ENSG00000225630.1	CGGGGTCC	1
GGTCTCAACGAATTGG	ENSG00000225630.1	AACATTGG	1
GGTCTCAACGAATTGG	ENSG00000225630.1	GCATAACC	1
GGTCTCAACGAATTGG	ENSG00000176022.7	GGTTTAGG	1
GGTCTCAACGAATTGG	ENSG00000176022.7	noUMI	1
GGTCTCAACGAATTGG	ENSG00000233954.6	ACAGACAT	1
GGTCTCAACGAATTGG	ENSG00000288398.1	CTCGTGGG	1
GGTCTCAACGAATTGG	ENSG00000090432.7	noUMI	8
GGTCTCAACGAATTGG	ENSG00000090432.7	AACCGGGG	1
GGTCTCAACGAATTGG	ENSG00000235112.1	CAGCATGG	1
GGTCTCAACGAATTGG	ENSG00000179163.12	noUMI	13
GGTCTCAACGAATTGG	ENSG00000179163.12	CCAACAGC	1
GGTCTCAACGAATTGG	ENSG00000181773.7	noUMI	2
GGTCTCAACGAATTGG	ENSG00000130766.5	noUMI	2
GGTCTCAACGAATTGG	ENSG00000231468.2	noUMI	2
GGTCTCAACGAATTGG	ENSG00000175130.7	noUMI	4
GGTCTCAACGAATTGG	ENSG00000175130.7	GACGGGTA	1
GGTCTCAACGAATTGG	ENSG00000243749.1	noUMI	1
GGTCTCAACGAATTGG	ENSG00000243749.1	TGCCGCGG	1
GGTCTCAACGAATTGG	ENSG00000243749.1	GGTGCTCA	1
GGTCTCAACGAATTGG	ENSG00000286899.1	noUMI	1
GGTCTCAACGAATTGG	ENSG00000116863.11	noUMI	2
GGTCTCAACGAATTGG	ENSG00000163909.8	noUMI	2
GGTCTCAACGAATTGG	ENSG00000117000.9	noUMI	2
GGTCTCAACGAATTGG	ENSG00000237424.1	noUMI	3
GGTCTCAACGAATTGG	ENSG00000169213.7	noUMI	1
GGTCTCAACGAATTGG	ENSG00000169213.7	GGAGGCCG	1
GGTCTCAACGAATTGG	ENSG00000116704.8	noUMI	1
GGTCTCAACGAATTGG	ENSG00000066557.6	noUMI	1
GGTCTCAACGAATTGG	ENSG00000226415.1	noUMI	2
GGTCTCAACGAATTGG	ENSG00000223896.2	noUMI	6
GGTCTCAACGAATTGG	ENSG00000228502.1	CGTTCTAC	1
GGTCTCAACGAATTGG	ENSG00000137970.7	GGGAATTG	1
GGTCTCAACGAATTGG	ENSG00000137970.7	GGCAGCCC	1
GGTCTCAACGAATTGG	ENSG00000137970.7	ACCAGTAC	1
GGTCTCAACGAATTGG	ENSG00000137970.7	CAAGACTC	1
GGTCTCAACGAATTGG	ENSG00000065135.12	TAGAGCTA	1
GGTCTCAACGAATTGG	ENSG00000065135.12	AAAGCACA	1
GGTCTCAACGAATTGG	ENSG00000065135.12	ACAGGAGC	2
GGTCTCAACGAATTGG	ENSG00000065135.12	noUMI	19
GGTCTCAACGAATTGG	ENSG00000065135.12	CAGTACCA	2
AAGAGACGCGATACTG	ENSG00000279457.4	TGAAAAGG	1
AAGAGACGCGATACTG	ENSG00000225630.1	noUMI	38
AAGAGACGCGATACTG	ENSG00000225630.1	CTTGACAA	1
AAGAGACGCGATACTG	ENSG00000225630.1	GGCTTCCA	1
AAGAGACGCGATACTG	ENSG00000225630.1	GACGAACA	1
AAGAGACGCGATACTG	ENSG00000225630.1	TAGCCGGT	1
AAGAGACGCGATACTG	ENSG00000225630.1	ATCGACAG	2
AAGAGACGCGATACTG	ENSG00000225630.1	ACAAGCCC	1
AAGAGACGCGATACTG	ENSG00000225630.1	CCTACACC	2
AAGAGACGCGATACTG	ENSG00000225630.1	CGGGAAAC	1
AAGAGACGCGATACTG	ENSG00000225630.1	TTCAAGCC	2
AAGAGACGCGATACTG	ENSG00000225630.1	AATCCCAG	1
AAGAGACGCGATACTG	ENSG00000225630.1	TCTCAAAA	1
AAGAGACGCGATACTG	ENSG00000225630.1	GCGTGAGT	1
AAGAGACGCGATACTG	ENSG00000225630.1	AAAAACCC	1
AAGAGACGCGATACTG	ENSG00000225630.1	GCAACTGG	2
AAGAGACGCGATACTG	ENSG00000225630.1	TACAGGCG	1
AAGAGACGCGATACTG	ENSG00000225630.1	TCACCGAC	1
AAGAGACGCGATACTG	ENSG00000225630.1	TTTGGCAC	1
AAGAGACGCGATACTG	ENSG00000225630.1	CGGGCGAT	1
AAGAGACGCGATACTG	ENSG00000225630.1	GGCCCGCG	2
AAGAGACGCGATACTG	ENSG00000225630.1	ATTCGAAA	1
AAGAGACGCGATACTG	ENSG00000225630.1	CATCACTG	2
AAGAGACGCGATACTG	ENSG00000225630.1	GTCCGTTT	1
AAGAGACGCGATACTG	ENSG00000225630.1	TTGACAGC	1
AAGAGACGCGATACTG	ENSG00000225630.1	GCTTATTG	2
AAGAGACGCGATACTG	ENSG00000225630.1	TGGCACGG	1
AAGAGACGCGATACTG	ENSG00000225630.1	CCCCATCA	1
AAGAGACGCGATACTG	ENSG00000225630.1	AAGATCTA	1
AAGAGACGCGATACTG	ENSG00000225630.1	AGGCGGTC	3
AAGAGACGCGATACTG	ENSG00000225630.1	AGCGAGAG	1
AAGAGACGCGATACTG	ENSG00000225630.1	AAGTCCGT	2
AAGAGACGCGATACTG	ENSG00000225630.1	TTCGTACC	2
AAGAGACGCGATACTG	ENSG00000225630.1	ACGGTTAA	1
AAGAGACGCGATACTG	ENSG00000225630.1	GAACTTCA	1
AAGAGACGCGATACTG	ENSG00000225630.1	GGCAAATA	1
AAGAGACGCGATACTG	ENSG00000225630.1	GAGACCTA	1
AAGAGACGCGATACTG	ENSG00000225630.1	ATTACCAG	1
AAGAGACGCGATACTG	ENSG00000225630.1	ATTTGAAG	1
AAGAGACGCGATACTG	ENSG00000225630.1	GTGCGGAG	1
AAGAGACGCGATACTG	ENSG00000225630.1	ATCACAGA	1
AAGAGACGCGATACTG	ENSG00000225630.1	AAGCGTCT	1
AAGAGACGCGATACTG	ENSG00000225630.1	TGAGAGCT	1
AAGAGACGCGATACTG	ENSG00000225630.1	GGAACCCG	1
AAGAGACGCGATACTG	ENSG00000225630.1	AATCAAGG	1
AAGAGACGCGATACTG	ENSG00000225630.1	GAGCCGCT	2
AAGAGACGCGATACTG	ENSG00000225630.1	ACGAACTA	2
AAGAGACGCGATACTG	ENSG00000225630.1	CAGCACCC	1
AAGAGACGCGATACTG	ENSG00000225630.1	GTTTGGCG	1
AAGAGACGCGATACTG	ENSG00000225630.1	TGGCTGAG	1
AAGAGACGCGATACTG	ENSG00000225630.1	GTCTGCTC	1
AAGAGACGCGATACTG	ENSG00000225630.1	ATGGAGCG	1
AAGAGACGCGATACTG	ENSG00000225630.1	GGGGGAAT	1
AAGAGACGCGATACTG	ENSG00000225630.1	TTGGGTTT	1
AAGAGACGCGATACTG	ENSG00000225630.1	CTGTACCG	2
AAGAGACGCGATACTG	ENSG00000225630.1	AGGCTATC	1
AAGAGACGCGATACTG	ENSG00000225630.1	ATTGCGGA	2
AAGAGACGCGATACTG	ENSG00000225630.1	GCGTTCGT	1
AAGAGACGCGATACTG	ENSG00000225630.1	GAATCCGG	1
AAGAGACGCGATACTG	ENSG00000225630.1	AACACTCT	1
AAGAGACGCGATACTG	ENSG00000225630.1	CTTCACAC	1
AAGAGACGCGATACTG	ENSG00000225630.1	GAATGATC	1
AAGAGACGCGATACTG	ENSG00000225630.1	CTTGTAGC	1
AAGAGACGCGATACTG	ENSG00000225630.1	TAATGAAG	2
AAGAGACGCGATACTG	ENSG00000225630.1	TATAGGTG	1
AAGAGACGCGATACTG	ENSG00000225630.1	GTCCTACA	1
AAGAGACGCGATACTG	ENSG00000225630.1	TGGTCCGT	1
AAGAGACGCGATACTG	ENSG00000225630.1	TTCAGACC	1
AAGAGACGCGATACTG	ENSG00000225630.1	ATTGGAAG	1
AAGAGACGCGATACTG	ENSG00000225630.1	ATCCGAGT	1
AAGAGACGCGATACTG	ENSG00000225630.1	CTTGGTAT	1
AAGAGACGCGATACTG	ENSG00000225630.1	AGGGCAAG	1
AAGAGACGCGATACTG	ENSG00000225630.1	CAACTCCA	2
AAGAGACGCGATACTG	ENSG00000225630.1	TCGAAACC	1
AAGAGACGCGATACTG	ENSG00000198744.5	noUMI	1
AAGAGACGCGATACTG	ENSG00000228594.4	TCCAGGGG	1
AAGAGACGCGATACTG	ENSG00000228594.4	CGATTAGG	1
AAGAGACGCGATACTG	ENSG00000287756.1	GTCGGTCA	1
AAGAGACGCGATACTG	ENSG00000233954.6	ACTGACAT	1
AAGAGACGCGATACTG	ENSG00000233954.6	TCAGACAT	1
AAGAGACGCGATACTG	ENSG00000158748.4	noUMI	4
AAGAGACGCGATACTG	ENSG00000090432.7	noUMI	17
AAGAGACGCGATACTG	ENSG00000179163.12	noUMI	1
AAGAGACGCGATACTG	ENSG00000271398.1	CGGTACCG	1
AAGAGACGCGATACTG	ENSG00000130766.5	CCGGGCTA	2
AAGAGACGCGATACTG	ENSG00000175130.7	noUMI	7
AAGAGACGCGATACTG	ENSG00000175130.7	TCTTGTAG	3
AAGAGACGCGATACTG	ENSG00000273274.2	noUMI	1
AAGAGACGCGATACTG	ENSG00000243749.1	noUMI	3
AAGAGACGCGATACTG	ENSG00000116863.11	noUMI	11
AAGAGACGCGATACTG	ENSG00000116863.11	GGTGACCT	1
AAGAGACGCGATACTG	ENSG00000116981.4	noUMI	3
AAGAGACGCGATACTG	ENSG00000116981.4	AGTGGACA	1
AAGAGACGCGATACTG	ENSG00000117000.9	noUMI	2
AAGAGACGCGATACTG	ENSG00000259943.1	noUMI	1
AAGAGACGCGATACTG	ENSG00000233514.1	noUMI	1
AAGAGACGCGATACTG	ENSG00000169213.7	noUMI	3
AAGAGACGCGATACTG	ENSG00000116704.8	noUMI	3
AAGAGACGCGATACTG	ENSG00000066557.6	noUMI	10
AAGAGACGCGATACTG	ENSG00000066557.6	ACGGGTAT	1
AAGAGACGCGATACTG	ENSG00000226084.5	GGGTAGCA	2
AAGAGACGCGATACTG	ENSG00000226084.5	TAATAAGT	1
AAGAGACGCGATACTG	ENSG00000226084.5	TCAGCTAA	1
AAGAGACGCGATACTG	ENSG00000271576.1	ACATTCAA	1
AAGAGACGCGATACTG	ENSG00000228175.3	noUMI	1
AAGAGACGCCATCCAA	ENSG00000225630.1	GAATACAA	3
AAGAGACGCCATCCAA	ENSG00000225630.1	GTAAGGGT	1
AAGAGACGCCATCCAA	ENSG00000225630.1	GTACATAA	1
AAGAGACGCCATCCAA	ENSG00000225630.1	TCTAGGCT	1
AAGAGACGCCATCCAA	ENSG00000225630.1	TTCTGTGA	1
AAGAGACGCCATCCAA	ENSG00000225630.1	AGCATGAG	2
AAGAGACGCCATCCAA	ENSG00000225630.1	TGTACCAG	1
AAGAGACGCCATCCAA	ENSG00000225630.1	GAAGAGTA	1
AAGAGACGCCATCCAA	ENSG00000225630.1	TTTAAGGG	1
AAGAGACGCCATCCAA	ENSG00000225630.1	TAGACGAG	1
AAGAGACGCCATCCAA	ENSG00000225630.1	ATTGTTAG	1
AAGAGACGCCATCCAA	ENSG00000225630.1	noUMI	8
AAGAGACGCCATCCAA	ENSG00000225630.1	CAACACAA	1
AAGAGACGCCATCCAA	ENSG00000225630.1	GGCACACC	1
AAGAGACGCCATCCAA	ENSG00000225630.1	ATCCAACC	1
AAGAGACGCCATCCAA	ENSG00000225630.1	AGTGGGTT	1
AAGAGACGCCATCCAA	ENSG00000225630.1	GTGCTCTG	2
AAGAGACGCCATCCAA	ENSG00000225630.1	CGAGACTT	1
AAGAGACGCCATCCAA	ENSG00000225630.1	ACTCACCT	1
AAGAGACGCCATCCAA	ENSG00000225630.1	TGAAGCGA	1
AAGAGACGCCATCCAA	ENSG00000225630.1	CTCGGAAG	1
AAGAGACGCCATCCAA	ENSG00000225630.1	CAAACGCT	1
AAGAGACGCCATCCAA	ENSG00000225630.1	GATTAACT	1
AAGAGACGCCATCCAA	ENSG00000225630.1	AAGTTCCC	2
AAGAGACGCCATCCAA	ENSG00000225630.1	GCGGGACA	2
AAGAGACGCCATCCAA	ENSG00000225630.1	AACAACTG	1
AAGAGACGCCATCCAA	ENSG00000225630.1	ATCGGGAA	1
AAGAGACGCCATCCAA	ENSG00000225630.1	GACCCGCC	1
AAGAGACGCCATCCAA	ENSG00000225630.1	CACACTCG	1
AAGAGACGCCATCCAA	ENSG00000225630.1	AGGAAAAG	1
AAGAGACGCCATCCAA	ENSG00000225630.1	GCTATGCC	1
AAGAGACGCCATCCAA	ENSG00000225630.1	GGACACAG	1
AAGAGACGCCATCCAA	ENSG00000225630.1	ATGGGACA	1
AAGAGACGCCATCCAA	ENSG00000225630.1	AGGCTTGA	1
AAGAGACGCCATCCAA	ENSG00000225630.1	GGTTGGGG	1
AAGAGACGCCATCCAA	ENSG00000225630.1	GCATCAGG	2
AAGAGACGCCATCCAA	ENSG00000225630.1	TGCAAAAC	1
AAGAGACGCCATCCAA	ENSG00000225630.1	TCCTAGGG	1
AAGAGACGCCATCCAA	ENSG00000225630.1	TATGGTGA	1
AAGAGACGCCATCCAA	ENSG00000225630.1	GGTGAGTT	1
AAGAGACGCCATCCAA	ENSG00000225630.1	TGCTCCTC	1
AAGAGACGCCATCCAA	ENSG00000225630.1	ATAGAAGA	1
AAGAGACGCCATCCAA	ENSG00000225630.1	GAGATAAG	1
AAGAGACGCCATCCAA	ENSG00000225630.1	TCTCCCGC	1
AAGAGACGCCATCCAA	ENSG00000225630.1	TTGCAAAG	1
AAGAGACGCCATCCAA	ENSG00000225630.1	GATAACAA	1
AAGAGACGCCATCCAA	ENSG00000225630.1	CAAATAGT	1
AAGAGACGCCATCCAA	ENSG00000225630.1	CCTTCGTG	1
AAGAGACGCCATCCAA	ENSG00000225630.1	GCGTCCCA	3
AAGAGACGCCATCCAA	ENSG00000225630.1	GGAAGGAG	1
AAGAGACGCCATCCAA	ENSG00000225630.1	GGTGCAAG	1
AAGAGACGCCATCCAA	ENSG00000225630.1	GCCGGTAT	1
AAGAGACGCCATCCAA	ENSG00000176022.7	noUMI	1
AAGAGACGCCATCCAA	ENSG00000171612.7	AGGCTACC	1
AAGAGACGCCATCCAA	ENSG00000171612.7	ACATGACT	1
AAGAGACGCCATCCAA	ENSG00000090432.7	TATCGGGG	1
AAGAGACGCCATCCAA	ENSG00000090432.7	noUMI	2
AAGAGACGCCATCCAA	ENSG00000179546.5	noUMI	2
AAGAGACGCCATCCAA	ENSG00000179163.12	noUMI	8
AAGAGACGCCATCCAA	ENSG00000179163.12	GCCGGGCG	1
AAGAGACGCCATCCAA	ENSG00000270605.1	noUMI	2
AAGAGACGCCATCCAA	ENSG00000130766.5	GGGATGAG	1
AAGAGACGCCATCCAA	ENSG00000175130.7	noUMI	1
AAGAGACGCCATCCAA	ENSG00000175130.7	ACGGCCGT	1
AAGAGACGCCATCCAA	ENSG00000286899.1	noUMI	1
AAGAGACGCCATCCAA	ENSG00000117000.9	noUMI	12
AAGAGACGCCATCCAA	ENSG00000117000.9	TCCACGGT	1
AAGAGACGCCATCCAA	ENSG00000169213.7	noUMI	2
AAGAGACGCCATCCAA	ENSG00000235545.1	noUMI	1
AAGAGACGCCATCCAA	ENSG00000116704.8	TCCGAGGC	1
AAGAGACGCCATCCAA	ENSG00000066557.6	noUMI	9
AAGAGACGCCATCCAA	ENSG00000066557.6	CTACAAGG	2
AAGAGACGCCATCCAA	ENSG00000271576.1	noUMI	6
AAGAGACGCCATCCAA	ENSG00000280099.1	noUMI	1
AAGAGACGCCATCCAA	ENSG00000137970.7	AGGTATCA	1
AAGAGACGCCATCCAA	ENSG00000137970.7	CTCACGCC	1
AAGAGACGCCATCCAA	ENSG00000137970.7	noUMI	1
AAGAGACGCCATCCAA	ENSG00000137970.7	CTACCCCC	1
AAGAGACGCCATCCAA	ENSG00000137970.7	CCCCCATC	1
AAGAGACGCCATCCAA	ENSG00000137970.7	CGGTGCTC	1
AAGAGACGCCATCCAA	ENSG00000065135.12	GTGGCGAA	2
AAGAGACGCCATCCAA	ENSG00000065135.12	ATCTTGCT	1
AAGAGACGCCATCCAA	ENSG00000065135.12	noUMI	31
AAGAGACGCCATCCAA	ENSG00000065135.12	TGTAACCG	2
AAGAGACGCCATCCAA	ENSG00000065135.12	CGAGTTGG	1
AAGAGACGCCATCCAA	ENSG00000213281.5	noUMI	2
AAGAGACGCCATCCAA	ENSG00000213281.5	CGGAAATG	1
AAGAGACGCCATCCAA	ENSG00000213281.5	ACCATTCC	1
AAGAGACGCCATCCAA	ENSG00000143067.5	noUMI	1
AAGAGACGCCATCCAA	ENSG00000215784.6	GCCAAAGG	1
AAGAGACGCCATCCAA	ENSG00000184678.10	noUMI	1
AAGAGACGCCATCCAA	ENSG00000236675.1	noUMI	1
GGAGAGTTGGCGTTAA	ENSG00000225630.1	TCATTCGG	1
GGAGAGTTGGCGTTAA	ENSG00000225630.1	AGAGTGCA	1
GGAGAGTTGGCGTTAA	ENSG00000225630.1	noUMI	2
GGAGAGTTGGCGTTAA	ENSG00000225630.1	GACACCCT	1
GGAGAGTTGGCGTTAA	ENSG00000225630.1	ATCGAATC	1
GGAGAGTTGGCGTTAA	ENSG00000225630.1	GCGACTAC	1
GGAGAGTTGGCGTTAA	ENSG00000225630.1	CTTTGGGT	1
GGAGAGTTGGCGTTAA	ENSG00000225630.1	GAAACTCC	1
GGAGAGTTGGCGTTAA	ENSG00000225630.1	ACTGAGAT	1
GGAGAGTTGGCGTTAA	ENSG00000225630.1	TCAGGTGT	1
GGAGAGTTGGCGTTAA	ENSG00000225630.1	CTGGTCCG	1
GGAGAGTTGGCGTTAA	ENSG00000171612.7	noUMI	1
GGAGAGTTGGCGTTAA	ENSG00000233954.6	ATGCAACA	1
GGAGAGTTGGCGTTAA	ENSG00000226084.5	noUMI	1
GGAGAGTTGGCGTTAA	ENSG00000137970.7	ACACAGGG	1
GGAGAGTTGGCGTTAA	ENSG00000137970.7	GTATGGTT	1
GGAGAGTTGGCGTTAA	ENSG00000137970.7	CCTAACGA	1
GGAGAGTTGGCGTTAA	ENSG00000213281.5	noUMI	1
GGAGAGTTGGCGTTAA	ENSG00000163344.6	CTACACCC	1
GGAGAGTTGGCGTTAA	ENSG00000143653.10	noUMI	1
GGAGAGTTGGCGTTAA	ENSG00000162722.9	noUMI	2
GGAGAGTTCAAGAGGT	ENSG00000279457.4	CCAGGTGT	1
GGAGAGTTCAAGAGGT	ENSG00000225630.1	AATGAGTG	1
GGAGAGTTCAAGAGGT	ENSG00000225630.1	noUMI	66
GGAGAGTTCAAGAGGT	ENSG00000225630.1	GTAGAGGC	1
GGAGAGTTCAAGAGGT	ENSG00000225630.1	GCCTTCGT	1
GGAGAGTTCAAGAGGT	ENSG00000225630.1	TACAGCTG	1
GGAGAGTTCAAGAGGT	ENSG00000225630.1	CGCACGTT	1
GGAGAGTTCAAGAGGT	ENSG00000225630.1	TGCTGGTA	1
GGAGAGTTCAAGAGGT	ENSG00000225630.1	AAATCTAG	1
GGAGAGTTCAAGAGGT	ENSG00000225630.1	CCCGGACG	1
GGAGAGTTCAAGAGGT	ENSG00000225630.1	ACACCACC	1
GGAGAGTTCAAGAGGT	ENSG00000225630.1	TAGATGGT	1
GGAGAGTTCAAGAGGT	ENSG00000225630.1	TCGGGAGG	1
GGAGAGTTCAAGAGGT	ENSG00000225630.1	TCCTTCTA	1
GGAGAGTTCAAGAGGT	ENSG00000225630.1	TGCAAGTG	2
GGAGAGTTCAAGAGGT	ENSG00000225630.1	TAACAAGC	1
GGAGAGTTCAAGAGGT	ENSG00000225630.1	TCGTGAGT	1
GGAGAGTTCAAGAGGT	ENSG00000225630.1	AAACGGTT	1
GGAGAGTTCAAGAGGT	ENSG00000225630.1	TCTGACGA	1
GGAGAGTTCAAGAGGT	ENSG00000225630.1	GATAAGAC	1
GGAGAGTTCAAGAGGT	ENSG00000225630.1	GGCACTAT	3
GGAGAGTTCAAGAGGT	ENSG00000225630.1	CTCCTGCT	1
GGAGAGTTCAAGAGGT	ENSG00000225630.1	TGTTGGTG	1
GGAGAGTTCAAGAGGT	ENSG00000225630.1	GCGAGGTT	1
GGAGAGTTCAAGAGGT	ENSG00000225630.1	ATCGATAC	1
GGAGAGTTCAAGAGGT	ENSG00000225630.1	AATTGTCC	1
GGAGAGTTCAAGAGGT	ENSG00000225630.1	AATGGCGG	1
GGAGAGTTCAAGAGGT	ENSG00000225630.1	CGGTTGGG	1
GGAGAGTTCAAGAGGT	ENSG00000225630.1	ATGGAGCT	1
GGAGAGTTCAAGAGGT	ENSG00000225630.1	GTCTTACC	1
GGAGAGTTCAAGAGGT	ENSG00000225630.1	GCAGCTGT	1
GGAGAGTTCAAGAGGT	ENSG00000225630.1	TCCAATAC	1
GGAGAGTTCAAGAGGT	ENSG00000225630.1	TTTGAATG	1
GGAGAGTTCAAGAGGT	ENSG00000225630.1	ATAGCTCT	2
GGAGAGTTCAAGAGGT	ENSG00000225630.1	CGCACCTA	1
GGAGAGTTCAAGAGGT	ENSG00000225630.1	CAACACCA	1
GGAGAGTTCAAGAGGT	ENSG00000225630.1	AAAGACAC	1
GGAGAGTTCAAGAGGT	ENSG00000225630.1	AGAAGCCA	1
GGAGAGTTCAAGAGGT	ENSG00000225630.1	AAGAACCC	1
GGAGAGTTCAAGAGGT	ENSG00000225630.1	TACTCATC	2
GGAGAGTTCAAGAGGT	ENSG00000225630.1	GTCGTCCT	1
GGAGAGTTCAAGAGGT	ENSG00000225630.1	GATGCAGT	1
GGAGAGTTCAAGAGGT	ENSG00000225630.1	CAGCTAAG	1
GGAGAGTTCAAGAGGT	ENSG00000225630.1	CAGTTCGG	1
GGAGAGTTCAAGAGGT	ENSG00000225630.1	GCTCATCT	1
GGAGAGTTCAAGAGGT	ENSG00000225630.1	GACATTGA	1
GGAGAGTTCAAGAGGT	ENSG00000225630.1	GGTATCTA	1
GGAGAGTTCAAGAGGT	ENSG00000225630.1	ATGGCACT	1
GGAGAGTTCAAGAGGT	ENSG00000225630.1	GTTAAGGT	1
GGAGAGTTCAAGAGGT	ENSG00000225630.1	TCACTCCA	2
GGAGAGTTCAAGAGGT	ENSG00000225630.1	GGGCTTAA	1
GGAGAGTTCAAGAGGT	ENSG00000225630.1	GGACTACT	1
GGAGAGTTCAAGAGGT	ENSG00000225630.1	ATCTCAGG	1
GGAGAGTTCAAGAGGT	ENSG00000225630.1	CATACAGC	2
GGAGAGTTCAAGAGGT	ENSG00000225630.1	CGCATGAG	1
GGAGAGTTCAAGAGGT	ENSG00000225630.1	ACGAACTC	1
GGAGAGTTCAAGAGGT	ENSG00000225630.1	TTGACAAG	1
GGAGAGTTCAAGAGGT	ENSG00000225630.1	TCTGAGGA	1
GGAGAGTTCAAGAGGT	ENSG00000225630.1	CAACCGCC	1
GGAGAGTTCAAGAGGT	ENSG00000225630.1	AATACCCA	1
GGAGAGTTCAAGAGGT	ENSG00000225630.1	TTGAATGC	1
GGAGAGTTCAAGAGGT	ENSG00000225630.1	AAAGCAGT	2
GGAGAGTTCAAGAGGT	ENSG00000225630.1	GTAAAGCC	2
GGAGAGTTCAAGAGGT	ENSG00000225630.1	TAATGCTA	1
GGAGAGTTCAAGAGGT	ENSG00000225630.1	GTTGGCAA	1
GGAGAGTTCAAGAGGT	ENSG00000225630.1	AATCGTTA	1
GGAGAGTTCAAGAGGT	ENSG00000225630.1	GTTGTCAA	1
GGAGAGTTCAAGAGGT	ENSG00000225630.1	TCGTCTCC	1
GGAGAGTTCAAGAGGT	ENSG00000225630.1	CGCTCCAC	1
GGAGAGTTCAAGAGGT	ENSG00000225630.1	CCCCAACT	1
GGAGAGTTCAAGAGGT	ENSG00000225630.1	CCCAGTGT	1
GGAGAGTTCAAGAGGT	ENSG00000225630.1	GGAGTAAG	1
GGAGAGTTCAAGAGGT	ENSG00000225630.1	CAGTTTCC	2
GGAGAGTTCAAGAGGT	ENSG00000225630.1	GGCAGGTA	1
GGAGAGTTCAAGAGGT	ENSG00000225630.1	CCCATCAC	1
GGAGAGTTCAAGAGGT	ENSG00000225630.1	CTGCTGAT	1
GGAGAGTTCAAGAGGT	ENSG00000225630.1	CTTCATGC	1
GGAGAGTTCAAGAGGT	ENSG00000225630.1	GGTTGTGT	1
GGAGAGTTCAAGAGGT	ENSG00000225630.1	ATAAGCTT	2
GGAGAGTTCAAGAGGT	ENSG00000225630.1	TCTGTGGA	1
GGAGAGTTCAAGAGGT	ENSG00000225630.1	AAGTTGCA	1
GGAGAGTTCAAGAGGT	ENSG00000176022.7	CTCGCGAT	1
GGAGAGTTCAAGAGGT	ENSG00000176022.7	noUMI	2
GGAGAGTTCAAGAGGT	ENSG00000272455.1	GTCAGGTG	1
GGAGAGTTCAAGAGGT	ENSG00000241563.4	noUMI	1
GGAGAGTTCAAGAGGT	ENSG00000233954.6	GCAGGCAT	1
GGAGAGTTCAAGAGGT	ENSG00000288398.1	noUMI	7
GGAGAGTTCAAGAGGT	ENSG00000090432.7	noUMI	7
GGAGAGTTCAAGAGGT	ENSG00000090432.7	GGAAAGTC	1
GGAGAGTTCAAGAGGT	ENSG00000179163.12	noUMI	2
GGAGAGTTCAAGAGGT	ENSG00000130766.5	noUMI	2
GGAGAGTTCAAGAGGT	ENSG00000175130.7	ATTGTGCC	1
GGAGAGTTCAAGAGGT	ENSG00000175130.7	noUMI	8
GGAGAGTTCAAGAGGT	ENSG00000175130.7	CTCAGGAA	1
GGAGAGTTCAAGAGGT	ENSG00000273274.2	GGTTGCAT	1
GGAGAGTTCAAGAGGT	ENSG00000217644.5	GAACAAGT	1
GGAGAGTTCAAGAGGT	ENSG00000243749.1	noUMI	1
GGAGAGTTCAAGAGGT	ENSG00000243749.1	CGGATACT	1
GGAGAGTTCAAGAGGT	ENSG00000237424.1	TTGGGGCT	1
GGAGAGTTCAAGAGGT	ENSG00000236290.1	noUMI	1
GGAGAGTTCAAGAGGT	ENSG00000225632.1	noUMI	1
GGAGAGTTCAAGAGGT	ENSG00000116704.8	noUMI	5
GGTCTCAACAAGAGGT	ENSG00000225630.1	AACAAGCA	1
GGTCTCAACAAGAGGT	ENSG00000225630.1	GGATAAAC	1
GGTCTCAACAAGAGGT	ENSG00000225630.1	CCGCGATC	1
GGTCTCAACAAGAGGT	ENSG00000225630.1	noUMI	26
GGTCTCAACAAGAGGT	ENSG00000225630.1	TCACAGGC	1
GGTCTCAACAAGAGGT	ENSG00000225630.1	ATTCGGTG	1
GGTCTCAACAAGAGGT	ENSG00000225630.1	TCTAACGT	2
GGTCTCAACAAGAGGT	ENSG00000225630.1	GTGTCCTG	1
GGTCTCAACAAGAGGT	ENSG00000225630.1	GATCCATA	1
GGTCTCAACAAGAGGT	ENSG00000225630.1	TGTGTAGT	1
GGTCTCAACAAGAGGT	ENSG00000225630.1	CGGTCGAG	1
GGTCTCAACAAGAGGT	ENSG00000225630.1	TCTAAGGG	1
GGTCTCAACAAGAGGT	ENSG00000225630.1	CTAGGGCT	2
GGTCTCAACAAGAGGT	ENSG00000225630.1	ACGGCTGG	1
GGTCTCAACAAGAGGT	ENSG00000225630.1	GGGCGTAC	1
GGTCTCAACAAGAGGT	ENSG00000225630.1	GCGGTACG	1
GGTCTCAACAAGAGGT	ENSG00000225630.1	TGGTACTA	1
GGTCTCAACAAGAGGT	ENSG00000225630.1	ACAGAGAA	1
GGTCTCAACAAGAGGT	ENSG00000225630.1	ATCCGAGT	1
GGTCTCAACAAGAGGT	ENSG00000225630.1	TCGTCGAA	1
GGTCTCAACAAGAGGT	ENSG00000225630.1	TAACCAGG	1
GGTCTCAACAAGAGGT	ENSG00000225630.1	GGGCGATA	1
GGTCTCAACAAGAGGT	ENSG00000225630.1	CGGACTTA	1
GGTCTCAACAAGAGGT	ENSG00000225630.1	ACAACAAG	1
GGTCTCAACAAGAGGT	ENSG00000225630.1	ATGCAAGA	3
GGTCTCAACAAGAGGT	ENSG00000225630.1	GTGCTTGG	1
GGTCTCAACAAGAGGT	ENSG00000225630.1	CATACCAC	1
GGTCTCAACAAGAGGT	ENSG00000225630.1	CCTGGCCT	1
GGTCTCAACAAGAGGT	ENSG00000225630.1	AGTAACAT	1
GGTCTCAACAAGAGGT	ENSG00000225630.1	CCATAAAA	2
GGTCTCAACAAGAGGT	ENSG00000225630.1	CACCCGTT	1
GGTCTCAACAAGAGGT	ENSG00000225630.1	GCTCTGAT	1
GGTCTCAACAAGAGGT	ENSG00000225630.1	TGAACAAC	1
GGTCTCAACAAGAGGT	ENSG00000225630.1	GTAGCTCT	1
GGTCTCAACAAGAGGT	ENSG00000225630.1	CCTACGTG	1
GGTCTCAACAAGAGGT	ENSG00000225630.1	TAGCGTCC	1
GGTCTCAACAAGAGGT	ENSG00000225630.1	ACCGACTG	1
GGTCTCAACAAGAGGT	ENSG00000225630.1	ATGCAGCC	1
GGTCTCAACAAGAGGT	ENSG00000225630.1	TAACGGTC	1
GGTCTCAACAAGAGGT	ENSG00000225630.1	TCGTCCTG	1
GGTCTCAACAAGAGGT	ENSG00000225630.1	TGTAGGGT	1
GGTCTCAACAAGAGGT	ENSG00000225630.1	CTCGCCCT	1
GGTCTCAACAAGAGGT	ENSG00000225630.1	GCGGAGTC	1
GGTCTCAACAAGAGGT	ENSG00000225630.1	CAAAGGGA	1
GGTCTCAACAAGAGGT	ENSG00000225630.1	GTCGCGGC	1
GGTCTCAACAAGAGGT	ENSG00000225630.1	TGGGCGTG	2
GGTCTCAACAAGAGGT	ENSG00000225630.1	CCGATACA	1
GGTCTCAACAAGAGGT	ENSG00000225630.1	TCACTAGA	1
GGTCTCAACAAGAGGT	ENSG00000225630.1	TCGACGGT	1
GGTCTCAACAAGAGGT	ENSG00000225630.1	CATAGTAA	2
GGTCTCAACAAGAGGT	ENSG00000225630.1	ACTTAGCG	1
GGTCTCAACAAGAGGT	ENSG00000225630.1	CGGACCAA	1
GGTCTCAACAAGAGGT	ENSG00000225630.1	GGCAAGGA	1
GGTCTCAACAAGAGGT	ENSG00000225630.1	ACCTGGGT	3
GGTCTCAACAAGAGGT	ENSG00000225630.1	CACTCTCA	1
GGTCTCAACAAGAGGT	ENSG00000225630.1	AACAGTTG	1
GGTCTCAACAAGAGGT	ENSG00000225630.1	CCAAGATA	1
GGTCTCAACAAGAGGT	ENSG00000225630.1	CATAGGTA	1
GGTCTCAACAAGAGGT	ENSG00000225630.1	TCGCCATC	1
GGTCTCAACAAGAGGT	ENSG00000225630.1	GGGGCCGG	1
GGTCTCAACAAGAGGT	ENSG00000225630.1	ACGTCCAG	1
GGTCTCAACAAGAGGT	ENSG00000225630.1	TAAGCATG	3
GGTCTCAACAAGAGGT	ENSG00000225630.1	TCAACGTC	1
GGTCTCAACAAGAGGT	ENSG00000225630.1	CGACTGCA	1
GGTCTCAACAAGAGGT	ENSG00000225630.1	TTACATTG	1
GGTCTCAACAAGAGGT	ENSG00000225630.1	TCCAGAGT	1
GGTCTCAACAAGAGGT	ENSG00000225630.1	ATGTATTA	2
GGTCTCAACAAGAGGT	ENSG00000225630.1	GATTTGGT	1
GGTCTCAACAAGAGGT	ENSG00000225630.1	ATAGCCCC	1
GGTCTCAACAAGAGGT	ENSG00000225630.1	GCATTGAT	1
GGTCTCAACAAGAGGT	ENSG00000225630.1	CTCTCAGT	1
GGTCTCAACAAGAGGT	ENSG00000158292.7	noUMI	1
GGTCTCAACAAGAGGT	ENSG00000090432.7	GGATGGTG	1
GGTCTCAACAAGAGGT	ENSG00000090432.7	noUMI	8
GGTCTCAACAAGAGGT	ENSG00000090432.7	CAGGCTAT	1
GGTCTCAACAAGAGGT	ENSG00000179163.12	noUMI	4
GGTCTCAACAAGAGGT	ENSG00000130766.5	AAGGGCTA	1
GGTCTCAACAAGAGGT	ENSG00000175130.7	noUMI	3
GGTCTCAACAAGAGGT	ENSG00000175130.7	GGGCAGGT	1
GGTCTCAACAAGAGGT	ENSG00000175130.7	CTCAGGAA	2
GGTCTCAACAAGAGGT	ENSG00000116863.11	ATGACACT	1
GGTCTCAACAAGAGGT	ENSG00000116863.11	noUMI	6
GGTCTCAACAAGAGGT	ENSG00000162396.6	noUMI	2
GGTCTCAACAAGAGGT	ENSG00000066557.6	noUMI	4
GGTCTCAACAAGAGGT	ENSG00000066557.6	GCATTGAA	1
GGTCTCAACAAGAGGT	ENSG00000137970.7	TGGTACCC	1
GGTCTCAACAAGAGGT	ENSG00000065135.12	noUMI	10
GGTCTCAACAAGAGGT	ENSG00000065135.12	TGAGAGCA	1
GGTCTCAACAAGAGGT	ENSG00000065135.12	GCCACACT	2
GGTCTCAACAAGAGGT	ENSG00000213281.5	noUMI	5
GGTCTCAACAAGAGGT	ENSG00000213281.5	GGTGTGCT	3
GGTCTCAACAAGAGGT	ENSG00000143067.5	CGATGCTA	2
GGTCTCAACAAGAGGT	ENSG00000277702.1	AGCTGCAC	1
GGTCTCAACAAGAGGT	ENSG00000234367.1	AATAAGGT	1
GGTCTCAACAAGAGGT	ENSG00000286019.1	noUMI	2
GGTCTCAACAAGAGGT	ENSG00000177144.8	noUMI	1
GGTCTCAACAAGAGGT	ENSG00000163344.6	noUMI	1
GGTCTCAACAAGAGGT	ENSG00000162783.11	TGGGAAAT	1
GGTCTCAACAAGAGGT	ENSG00000158615.9	noUMI	5
GGTCTCAACAAGAGGT	ENSG00000174529.7	noUMI	4
GGTCTCAACAAGAGGT	ENSG00000220749.4	ACGATAGT	1
GGTCTCAACAAGAGGT	ENSG00000287445.1	TGGACCAC	1
GGTCTCAACAAGAGGT	ENSG00000277007.1	noUMI	4
GGTCTCAACAAGAGGT	ENSG00000218283.2	TTAAGTCA	1
GGTCTCAACAAGAGGT	ENSG00000218283.2	AGGACTCT	1
GGTCTCAACAAGAGGT	ENSG00000218283.2	GACTACAC	1
GGTCTCAACAAGAGGT	ENSG00000218283.2	noUMI	1
GGTCTCAACAAGAGGT	ENSG00000218283.2	TGAATAGC	1
GGTCTCAACAAGAGGT	ENSG00000143751.10	TCATTACG	1
GGTCTCAACAAGAGGT	ENSG00000162851.8	noUMI	1
GGTCTCAACAAGAGGT	ENSG00000162851.8	TCTAAGGT	1
GGTCTCAACAAGAGGT	ENSG00000259865.1	noUMI	7
TCCTTGCTCAAGAGGT	ENSG00000225630.1	noUMI	95
TCCTTGCTCAAGAGGT	ENSG00000225630.1	CGATCTTG	1
TCCTTGCTCAAGAGGT	ENSG00000225630.1	TGGCGTAA	1
TCCTTGCTCAAGAGGT	ENSG00000225630.1	TTGACAAT	1
TCCTTGCTCAAGAGGT	ENSG00000225630.1	GTCTCGAC	1
TCCTTGCTCAAGAGGT	ENSG00000225630.1	TTAGGACC	2
TCCTTGCTCAAGAGGT	ENSG00000225630.1	CATTCAAG	1
TCCTTGCTCAAGAGGT	ENSG00000225630.1	AGGGTCGA	3
TCCTTGCTCAAGAGGT	ENSG00000225630.1	CGACTTCG	1
TCCTTGCTCAAGAGGT	ENSG00000225630.1	GGTCTGTA	1
TCCTTGCTCAAGAGGT	ENSG00000225630.1	ATAGCTCG	1
TCCTTGCTCAAGAGGT	ENSG00000225630.1	TTACAACG	1
TCCTTGCTCAAGAGGT	ENSG00000225630.1	CACTCTAC	1
TCCTTGCTCAAGAGGT	ENSG00000225630.1	AATGGTAC	1
TCCTTGCTCAAGAGGT	ENSG00000225630.1	TAGACTCC	1
TCCTTGCTCAAGAGGT	ENSG00000225630.1	ACGAAACA	1
TCCTTGCTCAAGAGGT	ENSG00000225630.1	TCCGGGAC	1
TCCTTGCTCAAGAGGT	ENSG00000225630.1	CATGGAAC	3
TCCTTGCTCAAGAGGT	ENSG00000225630.1	GCGGACGG	1
TCCTTGCTCAAGAGGT	ENSG00000225630.1	ATATGACT	2
TCCTTGCTCAAGAGGT	ENSG00000225630.1	AGATGCCG	1
TCCTTGCTCAAGAGGT	ENSG00000225630.1	TTGCAGTT	1
TCCTTGCTCAAGAGGT	ENSG00000225630.1	TCCTAACG	1
TCCTTGCTCAAGAGGT	ENSG00000225630.1	CTGCTCAG	1
TCCTTGCTCAAGAGGT	ENSG00000225630.1	GGAAGGTC	2
TCCTTGCTCAAGAGGT	ENSG00000225630.1	GCAACGTT	1
TCCTTGCTCAAGAGGT	ENSG00000225630.1	GTCTCCGC	1
TCCTTGCTCAAGAGGT	ENSG00000225630.1	TGGGATGC	1
TCCTTGCTCAAGAGGT	ENSG00000225630.1	TAAGATAC	1
TCCTTGCTCAAGAGGT	ENSG00000225630.1	CAGCATCC	2
TCCTTGCTCAAGAGGT	ENSG00000225630.1	CCTGCTGA	1
TCCTTGCTCAAGAGGT	ENSG00000225630.1	CTTCACGA	1
TCCTTGCTCAAGAGGT	ENSG00000225630.1	GGGACGTC	1
TCCTTGCTCAAGAGGT	ENSG00000225630.1	TAGACGTG	1
TCCTTGCTCAAGAGGT	ENSG00000225630.1	ACCCGGTC	1
TCCTTGCTCAAGAGGT	ENSG00000225630.1	GGAGCGAT	2
TCCTTGCTCAAGAGGT	ENSG00000225630.1	ACGTAGCA	1
TCCTTGCTCAAGAGGT	ENSG00000225630.1	TGTCACCC	1
TCCTTGCTCAAGAGGT	ENSG00000225630.1	CACGTCGA	2
TCCTTGCTCAAGAGGT	ENSG00000225630.1	CATCAGTG	2
TCCTTGCTCAAGAGGT	ENSG00000225630.1	GGGTAAAC	1
TCCTTGCTCAAGAGGT	ENSG00000225630.1	ACCGTAAC	1
TCCTTGCTCAAGAGGT	ENSG00000225630.1	GGGCCTTG	1
TCCTTGCTCAAGAGGT	ENSG00000225630.1	GAACATAT	1
TCCTTGCTCAAGAGGT	ENSG00000225630.1	GTACCTGG	1
TCCTTGCTCAAGAGGT	ENSG00000225630.1	GATGGTAC	1
TCCTTGCTCAAGAGGT	ENSG00000225630.1	CGGGGTTT	1
TCCTTGCTCAAGAGGT	ENSG00000225630.1	TAAGGGAA	1
TCCTTGCTCAAGAGGT	ENSG00000225630.1	CAACGATT	1
TCCTTGCTCAAGAGGT	ENSG00000225630.1	ACCACGGC	1
TCCTTGCTCAAGAGGT	ENSG00000225630.1	ACTCATTC	1
TCCTTGCTCAAGAGGT	ENSG00000225630.1	GCGACGGC	1
TCCTTGCTCAAGAGGT	ENSG00000225630.1	TGGCGGAG	1
TCCTTGCTCAAGAGGT	ENSG00000225630.1	GAAAACCT	1
TCCTTGCTCAAGAGGT	ENSG00000225630.1	TTCGGTTG	2
TCCTTGCTCAAGAGGT	ENSG00000225630.1	CGGGTATG	1
TCCTTGCTCAAGAGGT	ENSG00000225630.1	GCTTAAAC	3
TCCTTGCTCAAGAGGT	ENSG00000225630.1	AAGGGCAC	1
TCCTTGCTCAAGAGGT	ENSG00000225630.1	TAATCTGG	1
TCCTTGCTCAAGAGGT	ENSG00000225630.1	CTGATCAG	1
TCCTTGCTCAAGAGGT	ENSG00000225630.1	GGCTATTG	1
TCCTTGCTCAAGAGGT	ENSG00000225630.1	TCTATGGA	1
TCCTTGCTCAAGAGGT	ENSG00000225630.1	GCAATATA	1
TCCTTGCTCAAGAGGT	ENSG00000225630.1	CGTGACGA	3
TCCTTGCTCAAGAGGT	ENSG00000225630.1	CTTCAGTA	3
TCCTTGCTCAAGAGGT	ENSG00000225630.1	TCAGGCTT	1
TCCTTGCTCAAGAGGT	ENSG00000225630.1	AAACGCGT	1
TCCTTGCTCAAGAGGT	ENSG00000225630.1	ATACAAGG	1
TCCTTGCTCAAGAGGT	ENSG00000225630.1	ACTAACTC	2
TCCTTGCTCAAGAGGT	ENSG00000225630.1	GGTTCAAC	1
TCCTTGCTCAAGAGGT	ENSG00000225630.1	AAGGACAG	1
TCCTTGCTCAAGAGGT	ENSG00000225630.1	ATACTAGA	1
TCCTTGCTCAAGAGGT	ENSG00000225630.1	AAGAGTCG	1
TCCTTGCTCAAGAGGT	ENSG00000225630.1	CAAGGCTC	2
TCCTTGCTCAAGAGGT	ENSG00000225630.1	ATGAGCTC	1
TCCTTGCTCAAGAGGT	ENSG00000225630.1	CTAGTAAG	1
TCCTTGCTCAAGAGGT	ENSG00000225630.1	GACAAGGT	1
TCCTTGCTCAAGAGGT	ENSG00000225630.1	CAGGTGGA	1
TCCTTGCTCAAGAGGT	ENSG00000225630.1	GCATCTAA	1
TCCTTGCTCAAGAGGT	ENSG00000176022.7	TGCACGAG	1
TCCTTGCTCAAGAGGT	ENSG00000238260.1	noUMI	1
TCCTTGCTCAAGAGGT	ENSG00000231789.2	TGGTGAGC	1
TCCTTGCTCAAGAGGT	ENSG00000288398.1	noUMI	11
TCCTTGCTCAAGAGGT	ENSG00000090432.7	noUMI	42
TCCTTGCTCAAGAGGT	ENSG00000235112.1	noUMI	2
TCCTTGCTCAAGAGGT	ENSG00000179163.12	noUMI	6
TCCTTGCTCAAGAGGT	ENSG00000279443.1	noUMI	2
TCCTTGCTCAAGAGGT	ENSG00000175130.7	noUMI	5
TCCTTGCTCAAGAGGT	ENSG00000175130.7	AATCTCAG	1
TCCTTGCTCAAGAGGT	ENSG00000243749.1	noUMI	1
TCCTTGCTCAAGAGGT	ENSG00000243749.1	GTTAAGCA	1
TCCTTGCTCAAGAGGT	ENSG00000116863.11	CAGGTAGG	2
TCCTTGCTCAAGAGGT	ENSG00000116863.11	noUMI	28
TCCTTGCTGGCGTTAA	ENSG00000279457.4	noUMI	2
TCCTTGCTGGCGTTAA	ENSG00000225630.1	noUMI	14
TCCTTGCTGGCGTTAA	ENSG00000225630.1	CGTGAATT	1
TCCTTGCTGGCGTTAA	ENSG00000225630.1	TCGAGTCC	1
TCCTTGCTGGCGTTAA	ENSG00000225630.1	GCCCCTCA	1
TCCTTGCTGGCGTTAA	ENSG00000225630.1	CTAAGGCT	1
TCCTTGCTGGCGTTAA	ENSG00000225630.1	GCGCAGGT	1
TCCTTGCTGGCGTTAA	ENSG00000225630.1	GACCTTAA	1
TCCTTGCTGGCGTTAA	ENSG00000225630.1	CGGAGTCA	1
TCCTTGCTGGCGTTAA	ENSG00000225630.1	TCTAGGAA	1
TCCTTGCTGGCGTTAA	ENSG00000225630.1	TGAACTGT	1
TCCTTGCTGGCGTTAA	ENSG00000225630.1	GCGTCTTA	1
TCCTTGCTGGCGTTAA	ENSG00000225630.1	CACTCAAA	1
TCCTTGCTGGCGTTAA	ENSG00000225630.1	GGCGCCTT	2
TCCTTGCTGGCGTTAA	ENSG00000225630.1	CAACGGAG	1
TCCTTGCTGGCGTTAA	ENSG00000171612.7	noUMI	2
TCCTTGCTGGCGTTAA	ENSG00000233954.6	TCAGACAT	1
TCCTTGCTGGCGTTAA	ENSG00000090432.7	noUMI	11
TCCTTGCTGGCGTTAA	ENSG00000235112.1	noUMI	2
TCCTTGCTGGCGTTAA	ENSG00000179163.12	noUMI	6
TCCTTGCTGGCGTTAA	ENSG00000228589.3	noUMI	1
TCCTTGCTGGCGTTAA	ENSG00000243749.1	noUMI	1
TCCTTGCTGGCGTTAA	ENSG00000117000.9	noUMI	1
TCCTTGCTGGCGTTAA	ENSG00000259943.1	noUMI	2
TCCTTGCTGGCGTTAA	ENSG00000066557.6	noUMI	7
TCCTTGCTGGCGTTAA	ENSG00000226084.5	noUMI	1
TCCTTGCTGGCGTTAA	ENSG00000137970.7	GGCACTCA	1
TCCTTGCTGGCGTTAA	ENSG00000065135.12	noUMI	20
TCCTTGCTGGCGTTAA	ENSG00000213281.5	noUMI	4
TCCTTGCTGGCGTTAA	ENSG00000270872.2	noUMI	1
TCCTTGCTGGCGTTAA	ENSG00000215784.6	noUMI	1
TCCTTGCTGGCGTTAA	ENSG00000287978.1	noUMI	1
TCCTTGCTGGCGTTAA	ENSG00000225080.1	noUMI	1
TCCTTGCTGGCGTTAA	ENSG00000184260.6	CTGGCCCA	1
TCCTTGCTGGCGTTAA	ENSG00000272654.1	noUMI	1
TCCTTGCTGGCGTTAA	ENSG00000234937.1	noUMI	1
TCCTTGCTGGCGTTAA	ENSG00000162783.11	noUMI	2
TCCTTGCTGGCGTTAA	ENSG00000183155.5	noUMI	1
TCCTTGCTGGCGTTAA	ENSG00000158615.9	noUMI	1
TCCTTGCTGGCGTTAA	ENSG00000218283.2	noUMI	1
TCCTTGCTGGCGTTAA	ENSG00000162817.7	noUMI	1
TCCTTGCTGGCGTTAA	ENSG00000143751.10	noUMI	16
TCCTTGCTGGCGTTAA	ENSG00000228729.1	noUMI	2
TCCTTGCTGGCGTTAA	ENSG00000181218.5	noUMI	1
TCCTTGCTGGCGTTAA	ENSG00000212237.1	noUMI	1
TCCTTGCTGGCGTTAA	ENSG00000116574.6	noUMI	1
TCCTTGCTGGCGTTAA	ENSG00000162851.8	noUMI	1
TCCTTGCTGGCGTTAA	ENSG00000259865.1	noUMI	2
TCCTTGCTGGCGTTAA	ENSG00000162722.9	noUMI	1
TCCAAGTCGGCCTATA	ENSG00000279457.4	AGCCCGAC	1
TCCAAGTCGGCCTATA	ENSG00000279457.4	noUMI	1
TCCAAGTCGGCCTATA	ENSG00000225630.1	GGTGTTCG	1
TCCAAGTCGGCCTATA	ENSG00000225630.1	GGTATCCG	1
TCCAAGTCGGCCTATA	ENSG00000225630.1	CGACATTT	1
TCCAAGTCGGCCTATA	ENSG00000225630.1	GCCATAAA	1
TCCAAGTCGGCCTATA	ENSG00000225630.1	TGAGTCTT	1
TCCAAGTCGGCCTATA	ENSG00000225630.1	GAGACTTC	1
TCCAAGTCGGCCTATA	ENSG00000225630.1	TCAGGTAA	1
TCCAAGTCGGCCTATA	ENSG00000225630.1	TAAGCCAA	1
TCCAAGTCGGCCTATA	ENSG00000225630.1	TTCAGCAC	1
TCCAAGTCGGCCTATA	ENSG00000225630.1	GGTCCACT	1
TCCAAGTCGGCCTATA	ENSG00000225630.1	CCGAGATG	1
TCCAAGTCGGCCTATA	ENSG00000225630.1	GTCGCCAA	2
TCCAAGTCGGCCTATA	ENSG00000225630.1	TAACCGAC	1
TCCAAGTCGGCCTATA	ENSG00000225630.1	ACACTGCC	1
TCCAAGTCGGCCTATA	ENSG00000225630.1	GGAGAGGT	1
TCCAAGTCGGCCTATA	ENSG00000225630.1	GGAAACAT	3
TCCAAGTCGGCCTATA	ENSG00000225630.1	AGAGTTCA	1
TCCAAGTCGGCCTATA	ENSG00000225630.1	ATCGTGAA	1
TCCAAGTCGGCCTATA	ENSG00000225630.1	noUMI	10
TCCAAGTCGGCCTATA	ENSG00000225630.1	GTTCACGA	1
TCCAAGTCGGCCTATA	ENSG00000225630.1	TAAAGCCT	1
TCCAAGTCGGCCTATA	ENSG00000225630.1	ACATAAAA	1
TCCAAGTCGGCCTATA	ENSG00000225630.1	TAGAATGG	1
TCCAAGTCGGCCTATA	ENSG00000225630.1	GAAAATCG	1
TCCAAGTCGGCCTATA	ENSG00000225630.1	GTGCCAGC	1
TCCAAGTCGGCCTATA	ENSG00000225630.1	GACAACGT	1
TCCAAGTCGGCCTATA	ENSG00000225630.1	TATAAGAG	1
TCCAAGTCGGCCTATA	ENSG00000225630.1	CGTTAAAG	2
TCCAAGTCGGCCTATA	ENSG00000225630.1	TAGGGCCG	1
TCCAAGTCGGCCTATA	ENSG00000225630.1	TCGGACAA	1
TCCAAGTCGGCCTATA	ENSG00000225630.1	CAGATAAC	1
TCCAAGTCGGCCTATA	ENSG00000225630.1	TTGTACAG	1
TCCAAGTCGGCCTATA	ENSG00000225630.1	CTGCTGAT	1
TCCAAGTCGGCCTATA	ENSG00000225630.1	CTTCGATA	1
TCCAAGTCGGCCTATA	ENSG00000225630.1	CGAGAGTT	1
TCCAAGTCGGCCTATA	ENSG00000225630.1	TGTGTGCA	1
TCCAAGTCGGCCTATA	ENSG00000225630.1	GGGAAAAT	1
TCCAAGTCGGCCTATA	ENSG00000225630.1	ATATCAGA	1
TCCAAGTCGGCCTATA	ENSG00000225630.1	GGCGAACG	1
TCCAAGTCGGCCTATA	ENSG00000225630.1	GGCGGTAG	1
TCCAAGTCGGCCTATA	ENSG00000225630.1	CAGAAGGG	1
TCCAAGTCGGCCTATA	ENSG00000225630.1	TGTCCACT	1
TCCAAGTCGGCCTATA	ENSG00000225630.1	TGCATAGT	1
TCCAAGTCGGCCTATA	ENSG00000225630.1	GAGTTAGA	1
TCCAAGTCGGCCTATA	ENSG00000225630.1	GCAAATCG	1
TCCAAGTCGGCCTATA	ENSG00000225630.1	CAGTGCCA	1
TCCAAGTCGGCCTATA	ENSG00000225630.1	GTCTAGGC	2
TCCAAGTCGGCCTATA	ENSG00000225630.1	GCTAGGGG	1
TCCAAGTCGGCCTATA	ENSG00000225630.1	GATAACCG	1
TCCAAGTCGGCCTATA	ENSG00000233954.6	TCGAGGTT	2
TCCAAGTCGGCCTATA	ENSG00000288398.1	noUMI	1
TCCAAGTCGGCCTATA	ENSG00000288398.1	CGGCTATT	1
TCCAAGTCGGCCTATA	ENSG00000090432.7	noUMI	2
TCCAAGTCGGCCTATA	ENSG00000179163.12	noUMI	3
TCCAAGTCGGCCTATA	ENSG00000228589.3	noUMI	2
TCCAAGTCGGCCTATA	ENSG00000270605.1	noUMI	1
TCCAAGTCGGCCTATA	ENSG00000175130.7	noUMI	1
TCCAAGTCGGCCTATA	ENSG00000273274.2	noUMI	1
TCCAAGTCGGCCTATA	ENSG00000116863.11	noUMI	3
TCCAAGTCGGCCTATA	ENSG00000116863.11	TATTGGGA	1
TCCAAGTCGGCCTATA	ENSG00000117000.9	noUMI	4
TCCAAGTCGGCCTATA	ENSG00000260920.2	GAATGTGG	2
TCCAAGTCGGCCTATA	ENSG00000116704.8	noUMI	2
TCCAAGTCGGCCTATA	ENSG00000066557.6	noUMI	2
TCCAAGTCGGCCTATA	ENSG00000226084.5	GCTCATGG	1
TCCAAGTCGGCCTATA	ENSG00000137970.7	GCAATTAC	1
TCCAAGTCGGCCTATA	ENSG00000065135.12	AAAAGGCC	1
TCCAAGTCGGCCTATA	ENSG00000065135.12	ATTGTGAG	1
TCCAAGTCGGCCTATA	ENSG00000065135.12	noUMI	17
TCCAAGTCGGCCTATA	ENSG00000065135.12	CATGTCCA	1
TCCAAGTCGGCCTATA	ENSG00000065135.12	AATGGGAC	1
TCCAAGTCGGCCTATA	ENSG00000213281.5	noUMI	4
TCCAAGTCGGCCTATA	ENSG00000213281.5	GCGATCTA	3
TCCAAGTCGGCCTATA	ENSG00000183508.5	CGGTGAGT	2
TCCAAGTCGGCCTATA	ENSG00000184260.6	GTTTCTTG	2
TCCAAGTCGGCCTATA	ENSG00000184260.6	ATCACGAG	1
TCCAAGTCGGCCTATA	ENSG00000272654.1	noUMI	1
TCCAAGTCGGCCTATA	ENSG00000163344.6	noUMI	6
TCCAAGTCGGCCTATA	ENSG00000224358.1	CAAGGTGG	2
TCCAAGTCGGCCTATA	ENSG00000183155.5	GGATGTAA	1
TCCAAGTCGGCCTATA	ENSG00000235363.1	ATGAACTG	1
TCCAAGTCGGCCTATA	ENSG00000170385.10	GTGCTGGG	1
TCCAAGTCGGCCTATA	ENSG00000218283.2	TGCGTCAC	1
TCCAAGTCGGCCTATA	ENSG00000143751.10	AGGAATAG	1
TCCAAGTCGGCCTATA	ENSG00000143751.10	AAATCAAA	1
TCCAAGTCGGCCTATA	ENSG00000143653.10	TGGGCCAG	1
TCCAAGTCGGCCTATA	ENSG00000143653.10	noUMI	1
TCCAAGTCGGCCTATA	ENSG00000259865.1	noUMI	14
TGACCAAGCAATGGAC	ENSG00000225630.1	GCGCGGCA	1
TGACCAAGCAATGGAC	ENSG00000225630.1	GCTGGACT	1
TGACCAAGCAATGGAC	ENSG00000225630.1	noUMI	36
TGACCAAGCAATGGAC	ENSG00000225630.1	AGATCCCA	1
TGACCAAGCAATGGAC	ENSG00000225630.1	TCGTAAGG	2
TGACCAAGCAATGGAC	ENSG00000225630.1	AGGTCCTG	1
TGACCAAGCAATGGAC	ENSG00000225630.1	GACATGTA	1
TGACCAAGCAATGGAC	ENSG00000225630.1	CACACGCC	1
TGACCAAGCAATGGAC	ENSG00000225630.1	ATGGTGTA	1
TGACCAAGCAATGGAC	ENSG00000225630.1	GCATATAG	1
TGACCAAGCAATGGAC	ENSG00000225630.1	GACGTCGA	2
TGACCAAGCAATGGAC	ENSG00000225630.1	CTGGCCAT	1
TGACCAAGCAATGGAC	ENSG00000225630.1	GACGCGAT	1
TGACCAAGCAATGGAC	ENSG00000225630.1	TTACCCCT	1
TGACCAAGCAATGGAC	ENSG00000225630.1	AATTAGTT	2
TGACCAAGCAATGGAC	ENSG00000225630.1	CTCAGCAC	1
TGACCAAGCAATGGAC	ENSG00000225630.1	TAGGCAAA	1
TGACCAAGCAATGGAC	ENSG00000225630.1	ATGACATC	1
TGACCAAGCAATGGAC	ENSG00000225630.1	TGAGTCAA	1
TGACCAAGCAATGGAC	ENSG00000225630.1	GGGCGGAT	1
TGACCAAGCAATGGAC	ENSG00000225630.1	CAAGCAGT	1
TGACCAAGCAATGGAC	ENSG00000225630.1	GTTGAAAG	1
TGACCAAGCAATGGAC	ENSG00000225630.1	GGCCACTT	1
TGACCAAGCAATGGAC	ENSG00000225630.1	AATACCGC	1
TGACCAAGCAATGGAC	ENSG00000225630.1	CGATGGGG	1
TGACCAAGCAATGGAC	ENSG00000225630.1	GCTTAACA	1
TGACCAAGCAATGGAC	ENSG00000225630.1	TAAGTCTG	1
TGACCAAGCAATGGAC	ENSG00000225630.1	TTGGATAT	1
TGACCAAGCAATGGAC	ENSG00000225630.1	CGAGACAC	1
TGACCAAGCAATGGAC	ENSG00000225630.1	GGCGTATA	1
TGACCAAGCAATGGAC	ENSG00000272455.1	TTACCGCT	1
TGACCAAGCAATGGAC	ENSG00000171612.7	CGTAACAT	3
TGACCAAGCAATGGAC	ENSG00000171612.7	noUMI	2
TGACCAAGCAATGGAC	ENSG00000231789.2	TGCTGAGG	1
TGACCAAGCAATGGAC	ENSG00000287756.1	noUMI	8
TGACCAAGCAATGGAC	ENSG00000233954.6	CAGGACAT	2
TGACCAAGCAATGGAC	ENSG00000288398.1	noUMI	1
TGACCAAGCAATGGAC	ENSG00000261135.1	AAGAACCA	1
TGACCAAGCAATGGAC	ENSG00000142619.4	noUMI	1
TGACCAAGCAATGGAC	ENSG00000090432.7	noUMI	8
TGACCAAGCAATGGAC	ENSG00000179163.12	noUMI	12
TGACCAAGCAATGGAC	ENSG00000179163.12	AGGCCCAT	1
TGACCAAGCAATGGAC	ENSG00000270605.1	noUMI	3
TGACCAAGCAATGGAC	ENSG00000270605.1	TTACCACC	2
TGACCAAGCAATGGAC	ENSG00000175130.7	noUMI	1
TGACCAAGCAATGGAC	ENSG00000273274.2	noUMI	6
TGACCAAGCAATGGAC	ENSG00000243749.1	noUMI	3
TGACCAAGCAATGGAC	ENSG00000243749.1	CACGGATG	1
TGACCAAGCAATGGAC	ENSG00000116863.11	noUMI	2
TGACCAAGCAATGGAC	ENSG00000116981.4	noUMI	3
TGACCAAGCAATGGAC	ENSG00000117000.9	noUMI	2
TGACCAAGCAATGGAC	ENSG00000259943.1	noUMI	1
TGACCAAGCAATGGAC	ENSG00000237424.1	noUMI	7
TGACCAAGCAATGGAC	ENSG00000169213.7	CCAGTATG	2
TGACCAAGCAATGGAC	ENSG00000066557.6	noUMI	32
TGACCAAGCAATGGAC	ENSG00000066557.6	ACATCCAT	1
TGACCAAGCAATGGAC	ENSG00000066557.6	TACACGCG	1
TGACCAAGCAATGGAC	ENSG00000066557.6	TGACACAC	1
TGACCAAGCAATGGAC	ENSG00000137970.7	noUMI	2
TGACCAAGCAATGGAC	ENSG00000137970.7	CAGGTTCC	1
TGACCAAGCAATGGAC	ENSG00000137970.7	TTATGCAC	1
TGACCAAGCAATGGAC	ENSG00000137970.7	GCTCGCGC	1
TGACCAAGCAATGGAC	ENSG00000137970.7	ACAGAAGT	1
TGACCAAGCAATGGAC	ENSG00000244716.3	noUMI	1
TGACCAAGCAATGGAC	ENSG00000065135.12	noUMI	41
TGACCAAGCAATGGAC	ENSG00000065135.12	CGTGGGGA	1
TGACCAAGCAATGGAC	ENSG00000065135.12	CATGGGGA	1
TGACCAAGCAATGGAC	ENSG00000065135.12	CTCTCGGG	1
TGACCAAGCAATGGAC	ENSG00000213281.5	noUMI	4
TGACCAAGGAGGTTAG	ENSG00000279457.4	noUMI	2
TGACCAAGGAGGTTAG	ENSG00000225630.1	GTCTGCCC	1
TGACCAAGGAGGTTAG	ENSG00000225630.1	TCAGGGGG	1
TGACCAAGGAGGTTAG	ENSG00000225630.1	GGCGTAAG	1
TGACCAAGGAGGTTAG	ENSG00000225630.1	CGGCGCCA	1
TGACCAAGGAGGTTAG	ENSG00000225630.1	TTCAGGAG	1
TGACCAAGGAGGTTAG	ENSG00000225630.1	GGCAGCTC	1
TGACCAAGGAGGTTAG	ENSG00000225630.1	TTATGGGG	1
TGACCAAGGAGGTTAG	ENSG00000225630.1	noUMI	6
TGACCAAGGAGGTTAG	ENSG00000225630.1	AGTTGCTT	1
TGACCAAGGAGGTTAG	ENSG00000225630.1	CCGAAGAC	2
TGACCAAGGAGGTTAG	ENSG00000225630.1	GCGCAACC	1
TGACCAAGGAGGTTAG	ENSG00000225630.1	CTGCTTAG	1
TGACCAAGGAGGTTAG	ENSG00000225630.1	CCTCTACT	1
TGACCAAGGAGGTTAG	ENSG00000225630.1	GATTAGAC	1
TGACCAAGGAGGTTAG	ENSG00000225630.1	GTCGCAGT	3
TGACCAAGGAGGTTAG	ENSG00000225630.1	CAACGTGT	1
TGACCAAGGAGGTTAG	ENSG00000225630.1	CATACAAC	1
TGACCAAGGAGGTTAG	ENSG00000225630.1	GTCGTCCA	1
TGACCAAGGAGGTTAG	ENSG00000225630.1	CATGATCC	1
TGACCAAGGAGGTTAG	ENSG00000225630.1	GCCGATTG	1
TGACCAAGGAGGTTAG	ENSG00000225630.1	ATGGGGAT	1
TGACCAAGGAGGTTAG	ENSG00000225630.1	GCACTTCG	1
TGACCAAGGAGGTTAG	ENSG00000225630.1	TCAGGCTG	2
TGACCAAGGAGGTTAG	ENSG00000225630.1	TCGTAACA	1
TGACCAAGGAGGTTAG	ENSG00000225630.1	CAGGCAGT	1
TGACCAAGGAGGTTAG	ENSG00000225630.1	ACGCATGG	1
TGACCAAGGAGGTTAG	ENSG00000225630.1	GATCCTGC	1
TGACCAAGGAGGTTAG	ENSG00000225630.1	TTGTATGC	1
TGACCAAGGAGGTTAG	ENSG00000225630.1	TGGAGCTG	1
TGACCAAGGAGGTTAG	ENSG00000225630.1	GTGACAGC	1
TGACCAAGGAGGTTAG	ENSG00000225630.1	CGTACATA	1
TGACCAAGGAGGTTAG	ENSG00000225630.1	GGGGTAGT	1
TGACCAAGGAGGTTAG	ENSG00000225630.1	CAACGGCA	1
TGACCAAGGAGGTTAG	ENSG00000225630.1	GTCGCGGG	1
TGACCAAGGAGGTTAG	ENSG00000225630.1	GGGGGGTG	1
TGACCAAGGAGGTTAG	ENSG00000231789.2	AAGAAGAA	1
TGACCAAGGAGGTTAG	ENSG00000233954.6	noUMI	1
TGACCAAGGAGGTTAG	ENSG00000090432.7	noUMI	5
TGACCAAGGAGGTTAG	ENSG00000090432.7	ACTTCAGC	1
TGACCAAGGAGGTTAG	ENSG00000179163.12	noUMI	2
TGACCAAGGAGGTTAG	ENSG00000175130.7	noUMI	2
TGACCAAGGAGGTTAG	ENSG00000175130.7	TGGAACAC	1
TGACCAAGGAGGTTAG	ENSG00000243749.1	noUMI	3
TGACCAAGGAGGTTAG	ENSG00000169213.7	noUMI	4
TGACCAAGGAGGTTAG	ENSG00000234264.1	noUMI	1
TGACCAAGGAGGTTAG	ENSG00000066557.6	noUMI	6
TGACCAAGGAGGTTAG	ENSG00000066557.6	GATCCCCC	1
TGACCAAGGAGGTTAG	ENSG00000226084.5	CACTCGGA	1
TGACCAAGGAGGTTAG	ENSG00000280099.1	noUMI	1
TGACCAAGGAGGTTAG	ENSG00000065135.12	noUMI	13
TGACCAAGGAGGTTAG	ENSG00000259834.1	noUMI	1
TGACCAAGGAGGTTAG	ENSG00000213281.5	noUMI	1
TGACCAAGGAGGTTAG	ENSG00000213281.5	GTAGTGGG	1
TGACCAAGGAGGTTAG	ENSG00000184260.6	AAAGAGTA	1
TGACCAAGGAGGTTAG	ENSG00000163344.6	GTTAGGGG	1
TGACCAAGGAGGTTAG	ENSG00000170385.10	noUMI	1
TGACCAAGGAGGTTAG	ENSG00000220749.4	TCCAAAAG	1
TGACCAAGGAGGTTAG	ENSG00000143653.10	noUMI	1
GGTCTCAAGGCGTTAA	ENSG00000225630.1	TTGTGCAC	1
GGTCTCAAGGCGTTAA	ENSG00000225630.1	noUMI	2
GGTCTCAAGGCGTTAA	ENSG00000225630.1	CGCCACCC	1
GGTCTCAAGGCGTTAA	ENSG00000225630.1	GACTTGGT	1
GGTCTCAAGGCGTTAA	ENSG00000225630.1	ACACTCTG	1
GGTCTCAAGGCGTTAA	ENSG00000225630.1	TACATAGA	1
GGTCTCAAGGCGTTAA	ENSG00000225630.1	ACTATGGG	1
GGTCTCAAGGCGTTAA	ENSG00000225630.1	CAAGTAAC	1
GGTCTCAAGGCGTTAA	ENSG00000225630.1	ATAACTCC	1
GGTCTCAAGGCGTTAA	ENSG00000225630.1	CGCTCTCG	2
GGTCTCAAGGCGTTAA	ENSG00000225630.1	ACGGCAGC	1
GGTCTCAAGGCGTTAA	ENSG00000225630.1	ACTAATAA	1
GGTCTCAAGGCGTTAA	ENSG00000225630.1	GCGTCGGC	1
GGTCTCAAGGCGTTAA	ENSG00000179546.5	noUMI	1
GGTCTCAAGGCGTTAA	ENSG00000162396.6	noUMI	3
GGTCTCAAGGCGTTAA	ENSG00000066557.6	noUMI	3
GGTCTCAAGGCGTTAA	ENSG00000137970.7	TGAACTAC	1
GGTCTCAAGGCGTTAA	ENSG00000065135.12	GCTTTAAT	1
GGTCTCAAGGCGTTAA	ENSG00000065135.12	noUMI	3
GGTCTCAAGGCGTTAA	ENSG00000213281.5	noUMI	1
GGTCTCAAGGCGTTAA	ENSG00000163344.6	CCTCGGAT	1
GGTCTCAAGGCGTTAA	ENSG00000218283.2	GATGCTGA	1
GGTCTCAAGGCGTTAA	ENSG00000143751.10	noUMI	1
GGTCTCAAGGCGTTAA	ENSG00000259865.1	noUMI	3
AAGCCGTTCCACATAG	ENSG00000279457.4	TTCCAGAC	1
AAGCCGTTCCACATAG	ENSG00000225630.1	noUMI	6
AAGCCGTTCCACATAG	ENSG00000225630.1	TGGTCCCG	1
AAGCCGTTCCACATAG	ENSG00000225630.1	ATAAAGGG	2
AAGCCGTTCCACATAG	ENSG00000225630.1	AGCTGGTT	1
AAGCCGTTCCACATAG	ENSG00000225630.1	GCATCCCC	1
AAGCCGTTCCACATAG	ENSG00000225630.1	TAAGAGAG	1
AAGCCGTTCCACATAG	ENSG00000225630.1	CTCACAAC	1
AAGCCGTTCCACATAG	ENSG00000225630.1	GCTACCAA	1
AAGCCGTTCCACATAG	ENSG00000225630.1	CCGGAAGG	1
AAGCCGTTCCACATAG	ENSG00000225630.1	GTAAAGGT	1
AAGCCGTTCCACATAG	ENSG00000225630.1	TCAAGATG	2
AAGCCGTTCCACATAG	ENSG00000225630.1	GAAATCGT	1
AAGCCGTTCCACATAG	ENSG00000225630.1	ACCTTAGC	1
AAGCCGTTCCACATAG	ENSG00000225630.1	TTCGCACT	1
AAGCCGTTCCACATAG	ENSG00000225630.1	TCTTCAGC	1
AAGCCGTTCCACATAG	ENSG00000225630.1	TCAAACAA	1
AAGCCGTTCCACATAG	ENSG00000225630.1	ATTTGGTC	1
AAGCCGTTCCACATAG	ENSG00000225630.1	AGGCGGAC	1
AAGCCGTTCCACATAG	ENSG00000225630.1	CCTCACCC	1
AAGCCGTTCCACATAG	ENSG00000225630.1	GATGACAA	2
AAGCCGTTCCACATAG	ENSG00000225630.1	TACGTGCA	1
AAGCCGTTCCACATAG	ENSG00000225630.1	GCCTGGTT	1
AAGCCGTTCCACATAG	ENSG00000225630.1	CTTAGGAA	1
AAGCCGTTCCACATAG	ENSG00000225630.1	GGGGGTGG	1
AAGCCGTTCCACATAG	ENSG00000225630.1	AGCTGGGG	1
AAGCCGTTCCACATAG	ENSG00000225630.1	CGTCACGG	1
AAGCCGTTCCACATAG	ENSG00000225630.1	CAGAACAA	1
AAGCCGTTCCACATAG	ENSG00000225630.1	ATTGCGGT	1
AAGCCGTTCCACATAG	ENSG00000225630.1	CAATTAGG	2
AAGCCGTTCCACATAG	ENSG00000225630.1	AGTGGTCC	1
AAGCCGTTCCACATAG	ENSG00000225630.1	ATTTCTAA	1
AAGCCGTTCCACATAG	ENSG00000225630.1	ATGGGCGG	1
AAGCCGTTCCACATAG	ENSG00000225630.1	GAGGCACC	1
AAGCCGTTCCACATAG	ENSG00000225630.1	TTAAGGAG	1
AAGCCGTTCCACATAG	ENSG00000225630.1	GAGAGAGG	1
AAGCCGTTCCACATAG	ENSG00000225630.1	ATTGTCGG	1
AAGCCGTTCCACATAG	ENSG00000225630.1	GTGAGGCG	1
AAGCCGTTCCACATAG	ENSG00000225630.1	CAAGGCCT	1
AAGCCGTTCCACATAG	ENSG00000225630.1	ACGGGGAA	1
AAGCCGTTCCACATAG	ENSG00000225630.1	CTCTGGTT	1
AAGCCGTTCCACATAG	ENSG00000225630.1	CTGTGTTA	1
AAGCCGTTCCACATAG	ENSG00000225630.1	ACACGGCT	1
AAGCCGTTCCACATAG	ENSG00000225630.1	ATCTTGCC	1
AAGCCGTTCCACATAG	ENSG00000225630.1	GCTCTCTC	1
AAGCCGTTCCACATAG	ENSG00000225630.1	TCACCATC	1
AAGCCGTTCCACATAG	ENSG00000225630.1	CGACAATG	1
AAGCCGTTCCACATAG	ENSG00000225630.1	CCCGTACA	1
AAGCCGTTCCACATAG	ENSG00000225630.1	ATTGCGAT	1
AAGCCGTTCCACATAG	ENSG00000225630.1	CAGTAGTT	1
AAGCCGTTCCACATAG	ENSG00000225630.1	TCAACGTA	1
AAGCCGTTCCACATAG	ENSG00000225630.1	CTAGACAT	2
AAGCCGTTCCACATAG	ENSG00000225630.1	GTTCCAGC	1
AAGCCGTTCCACATAG	ENSG00000225630.1	GTGTGCGA	1
AAGCCGTTCCACATAG	ENSG00000225630.1	ACACATGC	2
AAGCCGTTCCACATAG	ENSG00000225630.1	GATCAAGT	1
AAGCCGTTCCACATAG	ENSG00000225630.1	AGCGGATA	1
AAGCCGTTCCACATAG	ENSG00000225630.1	TAACCGCA	2
AAGCCGTTCCACATAG	ENSG00000225630.1	AGGTCACC	1
AAGCCGTTCCACATAG	ENSG00000225630.1	AGACAACG	1
AAGCCGTTCCACATAG	ENSG00000225630.1	TTAGCACT	1
AAGCCGTTCCACATAG	ENSG00000225630.1	AACATAAC	1
AAGCCGTTCCACATAG	ENSG00000225630.1	GATCAAAC	1
AAGCCGTTCCACATAG	ENSG00000225630.1	CCAATCAT	1
AAGCCGTTCCACATAG	ENSG00000225630.1	ATCAGTGG	2
AAGCCGTTCCACATAG	ENSG00000225630.1	TCCGCTCG	1
AAGCCGTTCCACATAG	ENSG00000225630.1	AACTTGTT	1
AAGCCGTTCCACATAG	ENSG00000225630.1	TAAACGTA	1
AAGCCGTTCCACATAG	ENSG00000225630.1	ACACTCGA	1
AAGCCGTTCCACATAG	ENSG00000225630.1	AGACAGTC	1
AAGCCGTTCCACATAG	ENSG00000225630.1	GACATAGA	1
AAGCCGTTCCACATAG	ENSG00000225630.1	AGAAGCAG	1
AAGCCGTTCCACATAG	ENSG00000225630.1	TAGGGTGG	1
AAGCCGTTCCACATAG	ENSG00000225630.1	TCTCTTGG	2
AAGCCGTTCCACATAG	ENSG00000225630.1	TTGATAGT	1
AAGCCGTTCCACATAG	ENSG00000225630.1	TTCGAAGA	1
AAGCCGTTCCACATAG	ENSG00000225630.1	AATTGGCG	1
AAGCCGTTCCACATAG	ENSG00000225630.1	CTAGCTAA	1
AAGCCGTTCCACATAG	ENSG00000225630.1	CCGAATCA	1
AAGCCGTTCCACATAG	ENSG00000225630.1	AATATAGT	1
AAGCCGTTCCACATAG	ENSG00000225630.1	CGAAGAGG	1
AAGCCGTTCCACATAG	ENSG00000225630.1	CCTGCCCA	1
AAGCCGTTCCACATAG	ENSG00000225630.1	TCTTACGT	1
AAGCCGTTCCACATAG	ENSG00000225630.1	CTCGGAAA	2
AAGCCGTTCCACATAG	ENSG00000225630.1	TTGAACCC	1
AAGCCGTTCCACATAG	ENSG00000225630.1	CACGGAGC	3
AAGCCGTTCCACATAG	ENSG00000225630.1	CAAGTAGT	1
AAGCCGTTCCACATAG	ENSG00000225630.1	TTCTATAG	1
AAGCCGTTCCACATAG	ENSG00000225630.1	GGAGAATG	1
AAGCCGTTCCACATAG	ENSG00000225630.1	GGGACTGT	1
AAGCCGTTCCACATAG	ENSG00000225630.1	TACGAAAA	1
AAGCCGTTCCACATAG	ENSG00000225630.1	AGTATAGA	2
AAGCCGTTCCACATAG	ENSG00000225630.1	ACGGAGAT	1
AAGCCGTTCCACATAG	ENSG00000225630.1	GTTCTACC	1
AAGCCGTTCCACATAG	ENSG00000225630.1	GCTACATA	1
AAGCCGTTCCACATAG	ENSG00000225630.1	GCAACTAG	1
AAGCCGTTCCACATAG	ENSG00000225630.1	AGGTTGTG	1
AAGCCGTTCCACATAG	ENSG00000225630.1	TCCACGGC	1
AAGCCGTTCCACATAG	ENSG00000225630.1	ACCGTTTC	1
AAGCCGTTCCACATAG	ENSG00000225630.1	GCATGGTA	1
AAGCCGTTCCACATAG	ENSG00000225630.1	GACCACAC	1
AAGCCGTTCCACATAG	ENSG00000225630.1	AAAATGTA	1
AAGCCGTTCCACATAG	ENSG00000225630.1	AATACCTC	1
AAGCCGTTCCACATAG	ENSG00000225630.1	AGACTACT	1
AAGCCGTTCCACATAG	ENSG00000225630.1	ATACAAGC	1
AAGCCGTTCCACATAG	ENSG00000225630.1	GGTCTTAT	1
AAGCCGTTCCACATAG	ENSG00000225630.1	AACAGGTA	1
AAGCCGTTCCACATAG	ENSG00000225630.1	TGGAGGAT	1
AAGCCGTTCCACATAG	ENSG00000225630.1	ACCATTGT	1
AAGCCGTTCCACATAG	ENSG00000225630.1	AGATAAAT	1
AAGCCGTTCCACATAG	ENSG00000225630.1	AGTGATAT	1
AAGCCGTTCCACATAG	ENSG00000225630.1	CAACGACA	1
AAGCCGTTCCACATAG	ENSG00000225630.1	CAGGGGTA	1
AAGCCGTTCCACATAG	ENSG00000225630.1	AGAGACTC	1
AAGCCGTTCCACATAG	ENSG00000225630.1	ATCCGCAG	1
AAGCCGTTCCACATAG	ENSG00000225630.1	CCATGTCC	1
AAGCCGTTCCACATAG	ENSG00000225630.1	AACACCCC	1
AAGCCGTTCCACATAG	ENSG00000225630.1	TGCCTGGC	1
AAGCCGTTCCACATAG	ENSG00000238249.2	AGAAGGAG	1
AAGCCGTTCCACATAG	ENSG00000171612.7	GTGTTCAC	2
AAGCCGTTCCACATAG	ENSG00000233954.6	CCAGACAT	2
AAGCCGTTCCACATAG	ENSG00000233954.6	AGGTACAT	1
AAGCCGTTCCACATAG	ENSG00000233954.6	GGTCTAAG	1
AAGCCGTTCCACATAG	ENSG00000090432.7	TGTGTCTG	1
AAGCCGTTCCACATAG	ENSG00000179163.12	TATGCTGC	1
AAGCCGTTCCACATAG	ENSG00000270605.1	noUMI	1
AAGCCGTTCCACATAG	ENSG00000270605.1	CGAGTAAT	1
AAGCCGTTCCACATAG	ENSG00000175130.7	ATAAGCGG	1
AAGCCGTTCCACATAG	ENSG00000175130.7	CAACGACA	1
AAGCCGTTCCACATAG	ENSG00000116863.11	noUMI	1
AAGCCGTTCCACATAG	ENSG00000117000.9	ACACGCTG	1
AAGCCGTTCCACATAG	ENSG00000117000.9	noUMI	1
AAGCCGTTCCACATAG	ENSG00000237950.3	TACGGGGA	1
AAGCCGTTCCACATAG	ENSG00000169213.7	CTAGGACC	1
AAGCCGTTCCACATAG	ENSG00000116704.8	ATAACTAC	1
AAGCCGTTCCACATAG	ENSG00000066557.6	CCAGGCAT	1
AAGCCGTTCCACATAG	ENSG00000066557.6	TCATTAGT	1
AAGCCGTTCCACATAG	ENSG00000066557.6	noUMI	1
AAGCCGTTCCACATAG	ENSG00000226088.1	GGGGCTGA	1
AAGCCGTTCCACATAG	ENSG00000226084.5	GTAGTCTG	1
AAGCCGTTCCACATAG	ENSG00000180869.4	ACCGAAAG	2
AAGCCGTTCCACATAG	ENSG00000223896.2	noUMI	1
AAGCCGTTCCACATAG	ENSG00000137970.7	GCTCTCCA	1
AAGCCGTTCCACATAG	ENSG00000137970.7	TAGATACA	1
AAGCCGTTCCACATAG	ENSG00000137970.7	TTTGTCCC	1
AAGCCGTTCCACATAG	ENSG00000065135.12	GGTTCTGA	1
AAGCCGTTCCACATAG	ENSG00000065135.12	AAGTGTCA	1
AAGCCGTTCCACATAG	ENSG00000065135.12	TTATGGAC	1
AAGCCGTTCCACATAG	ENSG00000065135.12	CACATACG	1
AAGCCGTTCCACATAG	ENSG00000065135.12	CGGCATGC	1
AAGCCGTTCCACATAG	ENSG00000065135.12	CGTACACA	1
AAGCCGTTCCACATAG	ENSG00000065135.12	TGCAGGCA	1
AAGCCGTTCCACATAG	ENSG00000065135.12	AGGCACAC	1
AAGCCGTTCCACATAG	ENSG00000065135.12	CACATCTG	2
AAGCCGTTCCACATAG	ENSG00000065135.12	GAGATCTA	1
AAGCCGTTCCACATAG	ENSG00000065135.12	CAGATGGT	2
AAGCCGTTCCACATAG	ENSG00000065135.12	TAGATTGT	1
AAGCCGTTCCACATAG	ENSG00000065135.12	noUMI	5
AAGCCGTTCCACATAG	ENSG00000065135.12	TGGAACCT	1
AAGCCGTTCCACATAG	ENSG00000065135.12	CAACAAAC	1
AAGCCGTTCCACATAG	ENSG00000065135.12	GTTTAGGG	1
AAGCCGTTCCACATAG	ENSG00000213281.5	GCAGTTCG	2
AAGCCGTTCCACATAG	ENSG00000213281.5	GACTCTGC	1
AAGCCGTTCCACATAG	ENSG00000213281.5	TCGGATAG	1
AAGCCGTTCCACATAG	ENSG00000213281.5	noUMI	4
AAGCCGTTCCACATAG	ENSG00000213281.5	TCGAGAAG	2
AAGCCGTTCCACATAG	ENSG00000213281.5	AGGCGTAG	1
AAGCCGTTCCACATAG	ENSG00000213281.5	CCTACGTA	1
AAGCCGTTCCACATAG	ENSG00000277702.1	AGTGCATA	1
AAGCCGTTCCACATAG	ENSG00000287978.1	CTATTGTG	1
AAGCCGTTCCACATAG	ENSG00000286019.1	noUMI	1
AAGCCGTTCCACATAG	ENSG00000272196.2	CTCGAGCA	1
AAGCCGTTCCACATAG	ENSG00000236675.1	noUMI	1
AAGCCGTTCCACATAG	ENSG00000283696.1	TGACTAGA	1
AAGCCGTTCCACATAG	ENSG00000287336.1	TAGAACTA	1
AAGCCGTTCCACATAG	ENSG00000225711.1	GGTTATAC	1
AAGCCGTTCCACATAG	ENSG00000143333.7	GCCGAGTG	1
AAGCCGTTCCACATAG	ENSG00000183155.5	CAGGAGGT	1
AAGCCGTTCCACATAG	ENSG00000183155.5	TCACCTCG	1
AAGCCGTTCCACATAG	ENSG00000158615.9	GGGCAGTT	3
AAGCCGTTCCACATAG	ENSG00000158615.9	TCGGTGTT	1
AAGCCGTTCCACATAG	ENSG00000235363.1	noUMI	1
AAGCCGTTCCACATAG	ENSG00000277007.1	GCCTCTCA	1
AAGCCGTTCCACATAG	ENSG00000218283.2	TCATACGA	1
AAGCCGTTCCACATAG	ENSG00000218283.2	GATATTAC	1
AAGCCGTTCCACATAG	ENSG00000218283.2	TGGGTAAA	1
AAGCCGTTCCACATAG	ENSG00000218283.2	TACGAGTA	1
AAGCCGTTCCACATAG	ENSG00000218283.2	ATGCCTAG	1
AAGCCGTTCCACATAG	ENSG00000218283.2	AGTAACAG	1
AAGCCGTTCCACATAG	ENSG00000162817.7	GGCGGAAG	1
GGAGAGTTGGCCTATA	ENSG00000279457.4	noUMI	1
GGAGAGTTGGCCTATA	ENSG00000225630.1	CTCTCACA	1
GGAGAGTTGGCCTATA	ENSG00000225630.1	noUMI	21
GGAGAGTTGGCCTATA	ENSG00000225630.1	GTACGGGA	1
GGAGAGTTGGCCTATA	ENSG00000225630.1	GTAGCGCA	1
GGAGAGTTGGCCTATA	ENSG00000225630.1	AACTCGAG	1
GGAGAGTTGGCCTATA	ENSG00000225630.1	GGGTTTGG	2
GGAGAGTTGGCCTATA	ENSG00000225630.1	GGCAGCCC	1
GGAGAGTTGGCCTATA	ENSG00000225630.1	CATAAGCG	1
GGAGAGTTGGCCTATA	ENSG00000225630.1	CCGGGATA	1
GGAGAGTTGGCCTATA	ENSG00000225630.1	GGGCTCCC	2
GGAGAGTTGGCCTATA	ENSG00000225630.1	AAAAGACC	1
GGAGAGTTGGCCTATA	ENSG00000225630.1	TGCTGAAC	2
GGAGAGTTGGCCTATA	ENSG00000225630.1	AGGGCCGT	1
GGAGAGTTGGCCTATA	ENSG00000225630.1	TGGACAAG	1
GGAGAGTTGGCCTATA	ENSG00000225630.1	TGGCCCAG	1
GGAGAGTTGGCCTATA	ENSG00000225630.1	GCTTGAAG	1
GGAGAGTTGGCCTATA	ENSG00000225630.1	CCACTTAC	1
GGAGAGTTGGCCTATA	ENSG00000225630.1	CGTCATGT	1
GGAGAGTTGGCCTATA	ENSG00000225630.1	CGCTGTAC	2
GGAGAGTTGGCCTATA	ENSG00000225630.1	AGATGGTG	1
GGAGAGTTGGCCTATA	ENSG00000225630.1	CGGTAAAA	1
GGAGAGTTGGCCTATA	ENSG00000225630.1	GACAGCGA	1
GGAGAGTTGGCCTATA	ENSG00000225630.1	TACAAATG	1
GGAGAGTTGGCCTATA	ENSG00000225630.1	CTAAGCTG	2
GGAGAGTTGGCCTATA	ENSG00000225630.1	TAACGGGC	1
GGAGAGTTGGCCTATA	ENSG00000225630.1	CACATTGA	1
GGAGAGTTGGCCTATA	ENSG00000225630.1	CCTGGTTC	1
GGAGAGTTGGCCTATA	ENSG00000225630.1	TTAGTGAG	1
GGAGAGTTGGCCTATA	ENSG00000225630.1	CAAAGTGT	2
GGAGAGTTGGCCTATA	ENSG00000225630.1	TAGCGTTG	1
GGAGAGTTGGCCTATA	ENSG00000225630.1	CTGGGACG	1
GGAGAGTTGGCCTATA	ENSG00000225630.1	AGATGCCC	2
GGAGAGTTGGCCTATA	ENSG00000225630.1	TTGAACGA	1
GGAGAGTTGGCCTATA	ENSG00000225630.1	GGAGTGGT	1
GGAGAGTTGGCCTATA	ENSG00000225630.1	AGTGTCTA	2
GGAGAGTTGGCCTATA	ENSG00000225630.1	GTACTATG	1
GGAGAGTTGGCCTATA	ENSG00000225630.1	AATAAGAC	1
GGAGAGTTGGCCTATA	ENSG00000225630.1	ATAGTCGG	1
GGAGAGTTGGCCTATA	ENSG00000225630.1	AAACCGGG	1
GGAGAGTTGGCCTATA	ENSG00000225630.1	TAAGGGGA	1
GGAGAGTTGGCCTATA	ENSG00000225630.1	GAGTACAC	1
GGAGAGTTGGCCTATA	ENSG00000225630.1	CTTTGCCA	1
GGAGAGTTGGCCTATA	ENSG00000225630.1	CTTTCCGT	1
GGAGAGTTGGCCTATA	ENSG00000171612.7	GGAGTTCC	1
GGAGAGTTGGCCTATA	ENSG00000090432.7	noUMI	2
GGAGAGTTGGCCTATA	ENSG00000090432.7	AGCACGGA	1
GGAGAGTTGGCCTATA	ENSG00000179163.12	noUMI	3
GGAGAGTTGGCCTATA	ENSG00000238084.4	noUMI	1
GGAGAGTTGGCCTATA	ENSG00000175130.7	noUMI	1
GGAGAGTTGGCCTATA	ENSG00000243749.1	ACAAACCC	1
GGAGAGTTGGCCTATA	ENSG00000116863.11	noUMI	5
GGAGAGTTGGCCTATA	ENSG00000206654.1	GGGTGCTA	1
GGAGAGTTGGCCTATA	ENSG00000117000.9	noUMI	3
GGAGAGTTGGCCTATA	ENSG00000117000.9	CTCAATAC	1
GGAGAGTTGGCCTATA	ENSG00000237950.3	CGCCCATT	1
GGAGAGTTGGCCTATA	ENSG00000162396.6	noUMI	4
GGAGAGTTGGCCTATA	ENSG00000066557.6	noUMI	2
GGAGAGTTGGCCTATA	ENSG00000234518.2	noUMI	1
GGAGAGTTGGCCTATA	ENSG00000137970.7	noUMI	2
GGAGAGTTGGCCTATA	ENSG00000065135.12	noUMI	11
GGAGAGTTGGCCTATA	ENSG00000213281.5	noUMI	1
GGAGAGTTGGCCTATA	ENSG00000183508.5	noUMI	1
GGAGAGTTGGCCTATA	ENSG00000244371.2	noUMI	2
GGAGAGTTGGCCTATA	ENSG00000286019.1	noUMI	2
GGAGAGTTGGCCTATA	ENSG00000177144.8	noUMI	1
GGAGAGTTGGCCTATA	ENSG00000272654.1	noUMI	1
GGAGAGTTGGCCTATA	ENSG00000163344.6	noUMI	1
GGAGAGTTGGCCTATA	ENSG00000132688.11	TGCGGGGA	1
GGAGAGTTGGCCTATA	ENSG00000283696.1	GATGCGTC	1
GGAGAGTTGGCCTATA	ENSG00000283696.1	noUMI	2
GGAGAGTTGGCCTATA	ENSG00000287336.1	noUMI	11
GGAGAGTTGGCCTATA	ENSG00000162783.11	AAACGGCT	1
GGAGAGTTGGCCTATA	ENSG00000143333.7	noUMI	47
GGAGAGTTGGCCTATA	ENSG00000143333.7	CTTAGCTG	1
GGAGAGTTGGCCTATA	ENSG00000143333.7	CATAGATG	1
GGAGAGTTGGCCTATA	ENSG00000143333.7	GTGCTAGG	1
GGAGAGTTGGCCTATA	ENSG00000143333.7	GCCACCCG	1
GGAGAGTTGGCCTATA	ENSG00000143333.7	GGTGCCCT	1
GGAGAGTTGGCCTATA	ENSG00000143333.7	TGAGGGGC	1
GGAGAGTTGGCCTATA	ENSG00000143333.7	AGATCCAC	1
GGAGAGTTGGCCTATA	ENSG00000143333.7	AGGGTCTT	1
GGAGAGTTGGCCTATA	ENSG00000158615.9	noUMI	7
GGAGAGTTGGCCTATA	ENSG00000174529.7	ATGTACGT	1
AAGCCGTTCGAATTGG	ENSG00000279457.4	noUMI	1
AAGCCGTTCGAATTGG	ENSG00000279457.4	CGATCATA	1
AAGCCGTTCGAATTGG	ENSG00000225972.1	ACCCGAAG	3
AAGCCGTTCGAATTGG	ENSG00000225630.1	GAAAGGAA	1
AAGCCGTTCGAATTGG	ENSG00000225630.1	TCGTCTAG	1
AAGCCGTTCGAATTGG	ENSG00000225630.1	TCCACCAC	1
AAGCCGTTCGAATTGG	ENSG00000225630.1	CAGACTGG	1
AAGCCGTTCGAATTGG	ENSG00000225630.1	noUMI	36
AAGCCGTTCGAATTGG	ENSG00000225630.1	GAACCGCG	1
AAGCCGTTCGAATTGG	ENSG00000225630.1	GACTCGCA	1
AAGCCGTTCGAATTGG	ENSG00000225630.1	GGACGAAC	1
AAGCCGTTCGAATTGG	ENSG00000225630.1	CAATGTTC	2
AAGCCGTTCGAATTGG	ENSG00000225630.1	CGTCACCG	2
AAGCCGTTCGAATTGG	ENSG00000225630.1	CGATGATC	1
AAGCCGTTCGAATTGG	ENSG00000225630.1	AATCCTAC	1
AAGCCGTTCGAATTGG	ENSG00000225630.1	ATCTGGAG	1
AAGCCGTTCGAATTGG	ENSG00000225630.1	GCAATCCC	3
AAGCCGTTCGAATTGG	ENSG00000225630.1	GGGATTAG	1
AAGCCGTTCGAATTGG	ENSG00000225630.1	CCGTCCTG	3
AAGCCGTTCGAATTGG	ENSG00000225630.1	CGTCCCGG	2
AAGCCGTTCGAATTGG	ENSG00000225630.1	TTAAGACG	1
AAGCCGTTCGAATTGG	ENSG00000225630.1	AGTACCGC	1
AAGCCGTTCGAATTGG	ENSG00000225630.1	TCCAGACT	4
AAGCCGTTCGAATTGG	ENSG00000225630.1	CTCGTCGC	1
AAGCCGTTCGAATTGG	ENSG00000225630.1	GTCTAAGT	1
AAGCCGTTCGAATTGG	ENSG00000225630.1	CAGAGGTG	1
AAGCCGTTCGAATTGG	ENSG00000225630.1	ACCAGCGT	2
AAGCCGTTCGAATTGG	ENSG00000225630.1	GGACTGGC	1
AAGCCGTTCGAATTGG	ENSG00000225630.1	GTGGGAAA	1
AAGCCGTTCGAATTGG	ENSG00000225630.1	CCTAACGT	1
AAGCCGTTCGAATTGG	ENSG00000225630.1	GTGTTGTG	1
AAGCCGTTCGAATTGG	ENSG00000225630.1	AAACTTGG	1
AAGCCGTTCGAATTGG	ENSG00000225630.1	GCTTCTCG	1
AAGCCGTTCGAATTGG	ENSG00000225630.1	AATGAGGC	1
AAGCCGTTCGAATTGG	ENSG00000225630.1	CCTAAAGA	4
AAGCCGTTCGAATTGG	ENSG00000225630.1	CGTGTGAA	1
AAGCCGTTCGAATTGG	ENSG00000225630.1	TCAGAACA	1
AAGCCGTTCGAATTGG	ENSG00000225630.1	GAGCTTAC	1
AAGCCGTTCGAATTGG	ENSG00000225630.1	GTCTAGGG	1
AAGCCGTTCGAATTGG	ENSG00000225630.1	TCAGTGTG	1
AAGCCGTTCGAATTGG	ENSG00000225630.1	AGACGGCT	1
AAGCCGTTCGAATTGG	ENSG00000225630.1	ACCAGGTA	1
AAGCCGTTCGAATTGG	ENSG00000225630.1	ATGTCACA	1
AAGCCGTTCGAATTGG	ENSG00000225630.1	AACCGGGT	2
AAGCCGTTCGAATTGG	ENSG00000225630.1	GGAACTAC	1
AAGCCGTTCGAATTGG	ENSG00000225630.1	TGATACCG	1
AAGCCGTTCGAATTGG	ENSG00000225630.1	ATAGATCT	1
AAGCCGTTCGAATTGG	ENSG00000225630.1	GCGGCTGG	1
AAGCCGTTCGAATTGG	ENSG00000225630.1	GAATACAC	1
AAGCCGTTCGAATTGG	ENSG00000225630.1	TAAGTGGT	1
AAGCCGTTCGAATTGG	ENSG00000225630.1	GTGCTTCC	1
AAGCCGTTCGAATTGG	ENSG00000225630.1	AGAGACAC	2
AAGCCGTTCGAATTGG	ENSG00000225630.1	CTCGGACA	2
AAGCCGTTCGAATTGG	ENSG00000225630.1	GGGAGTCG	1
AAGCCGTTCGAATTGG	ENSG00000225630.1	GTTGACAT	1
AAGCCGTTCGAATTGG	ENSG00000225630.1	AGGGCGTT	1
AAGCCGTTCGAATTGG	ENSG00000225630.1	AAAACTCA	2
AAGCCGTTCGAATTGG	ENSG00000225630.1	TGGGACGT	1
AAGCCGTTCGAATTGG	ENSG00000225630.1	CGCTACTC	2
AAGCCGTTCGAATTGG	ENSG00000225630.1	ATAGTGTT	2
AAGCCGTTCGAATTGG	ENSG00000225630.1	CTTGTAAA	2
AAGCCGTTCGAATTGG	ENSG00000225630.1	ATCGGCAC	1
AAGCCGTTCGAATTGG	ENSG00000225630.1	GGTACCTC	1
AAGCCGTTCGAATTGG	ENSG00000225630.1	GAATGATT	1
AAGCCGTTCGAATTGG	ENSG00000225630.1	TCTCAATT	1
AAGCCGTTCGAATTGG	ENSG00000225630.1	CAGATGTC	1
AAGCCGTTCGAATTGG	ENSG00000225630.1	TCCGGTGA	1
AAGCCGTTCGAATTGG	ENSG00000225630.1	TGATTCAG	1
AAGCCGTTCGAATTGG	ENSG00000225630.1	AAACGTAC	3
AAGCCGTTCGAATTGG	ENSG00000225630.1	ACAACTTA	1
AAGCCGTTCGAATTGG	ENSG00000225630.1	ATAAGGCC	2
AAGCCGTTCGAATTGG	ENSG00000225630.1	TACTAGCG	1
AAGCCGTTCGAATTGG	ENSG00000225630.1	CCGGGTAT	1
AAGCCGTTCGAATTGG	ENSG00000225630.1	GTATGGTG	1
AAGCCGTTCGAATTGG	ENSG00000225630.1	GAGCTTGA	1
AAGCCGTTCGAATTGG	ENSG00000225630.1	GAGAGACT	3
AAGCCGTTCGAATTGG	ENSG00000225630.1	TCGCACTG	1
AAGCCGTTCGAATTGG	ENSG00000225630.1	GGTCGGAG	1
AAGCCGTTCGAATTGG	ENSG00000225630.1	CAACGCAC	1
AAGCCGTTCGAATTGG	ENSG00000225630.1	TGTGGTGT	1
AAGCCGTTCGAATTGG	ENSG00000225630.1	ACTTCGCA	1
AAGCCGTTCGAATTGG	ENSG00000225630.1	TAAAGGGG	1
AAGCCGTTCGAATTGG	ENSG00000225630.1	CAAATAAA	1
AAGCCGTTCGAATTGG	ENSG00000225630.1	ACAACTCC	1
AAGCCGTTCGAATTGG	ENSG00000225630.1	GGTCGTGG	2
AAGCCGTTCGAATTGG	ENSG00000225630.1	GTATCACA	3
AAGCCGTTCGAATTGG	ENSG00000225630.1	AGTACATC	1
AAGCCGTTCGAATTGG	ENSG00000225630.1	TTACTGGG	1
AAGCCGTTCGAATTGG	ENSG00000225630.1	CATACCGG	1
AAGCCGTTCGAATTGG	ENSG00000225630.1	CCCACGCC	1
AAGCCGTTCGAATTGG	ENSG00000225630.1	ACCATCCG	1
AAGCCGTTCGAATTGG	ENSG00000225630.1	ATAGCACC	1
AAGCCGTTCGAATTGG	ENSG00000225630.1	GTATCCTA	1
AAGCCGTTCGAATTGG	ENSG00000225630.1	GGATTGGG	1
AAGCCGTTCGAATTGG	ENSG00000225630.1	GAATGTTC	2
AAGCCGTTCGAATTGG	ENSG00000225630.1	CGAATCCC	1
AAGCCGTTCGAATTGG	ENSG00000225630.1	TCGTGAGG	1
AAGCCGTTCGAATTGG	ENSG00000198744.5	noUMI	2
AAGCCGTTCGAATTGG	ENSG00000176022.7	noUMI	1
AAGCCGTTCGAATTGG	ENSG00000176022.7	CGGGGGGC	1
AAGCCGTTCGAATTGG	ENSG00000228594.4	GGTTATCG	1
AAGCCGTTCGAATTGG	ENSG00000158292.7	noUMI	1
AAGCCGTTCGAATTGG	ENSG00000241563.4	noUMI	6
AAGCCGTTCGAATTGG	ENSG00000233954.6	CCGGACAT	1
AAGCCGTTCGAATTGG	ENSG00000233954.6	GCGTATGC	1
AAGCCGTTCGAATTGG	ENSG00000288398.1	CCAATTGT	1
AAGCCGTTCGAATTGG	ENSG00000261135.1	AGGGGTCA	1
AAGCCGTTCGAATTGG	ENSG00000233421.5	noUMI	1
AAGCCGTTCGAATTGG	ENSG00000090432.7	noUMI	13
AAGCCGTTCGAATTGG	ENSG00000090432.7	ATAAAACC	1
AAGCCGTTCGAATTGG	ENSG00000090432.7	AGTGAACC	3
AAGCCGTTCGAATTGG	ENSG00000090432.7	GGGGGGTG	1
AAGCCGTTCGAATTGG	ENSG00000179163.12	GACACTGA	1
AAGCCGTTCGAATTGG	ENSG00000179163.12	noUMI	2
AAGCCGTTCGAATTGG	ENSG00000179163.12	AAAGGGTG	2
AAGCCGTTCGAATTGG	ENSG00000179163.12	GTAAGGGT	1
AAGCCGTTCGAATTGG	ENSG00000284657.1	GGGGGAGA	2
AAGCCGTTCGAATTGG	ENSG00000228589.3	CTAGCAGC	1
AAGCCGTTCGAATTGG	ENSG00000231468.2	noUMI	1
AAGCCGTTCGAATTGG	ENSG00000237934.1	noUMI	1
AAGCCGTTCGAATTGG	ENSG00000175130.7	noUMI	4
AAGCCGTTCGAATTGG	ENSG00000240374.3	noUMI	1
AAGCCGTTCGAATTGG	ENSG00000116863.11	AATGATTA	3
AAGCCGTTCGAATTGG	ENSG00000116863.11	noUMI	6
AAGCCGTTCGAATTGG	ENSG00000116863.11	GTGAGGCC	1
AAGCCGTTCGAATTGG	ENSG00000163909.8	noUMI	2
AAGCCGTTCGAATTGG	ENSG00000117000.9	noUMI	1
AAGCCGTTCGAATTGG	ENSG00000117000.9	CGGTTAAG	2
AAGCCGTTCGAATTGG	ENSG00000169213.7	noUMI	4
AAGCCGTTCGAATTGG	ENSG00000116704.8	TTGAGAAG	1
AAGCCGTTCGAATTGG	ENSG00000066557.6	noUMI	9
TCCTTGCTGGCCTATA	ENSG00000279457.4	noUMI	1
TCCTTGCTGGCCTATA	ENSG00000225630.1	noUMI	16
TCCTTGCTGGCCTATA	ENSG00000225630.1	CCAAAACC	1
TCCTTGCTGGCCTATA	ENSG00000225630.1	GCGGTATA	1
TCCTTGCTGGCCTATA	ENSG00000225630.1	AACGCAGG	1
TCCTTGCTGGCCTATA	ENSG00000225630.1	CATGCATT	1
TCCTTGCTGGCCTATA	ENSG00000225630.1	GACGTGAA	1
TCCTTGCTGGCCTATA	ENSG00000225630.1	GAGCCATA	1
TCCTTGCTGGCCTATA	ENSG00000225630.1	CATGTCAG	2
TCCTTGCTGGCCTATA	ENSG00000225630.1	AGCGCCAG	1
TCCTTGCTGGCCTATA	ENSG00000225630.1	CTTAGTCC	1
TCCTTGCTGGCCTATA	ENSG00000225630.1	TAACGTCT	1
TCCTTGCTGGCCTATA	ENSG00000225630.1	AGCCACCA	1
TCCTTGCTGGCCTATA	ENSG00000225630.1	CTACCCTG	2
TCCTTGCTGGCCTATA	ENSG00000225630.1	AACATCCG	1
TCCTTGCTGGCCTATA	ENSG00000225630.1	TGTTGCTT	1
TCCTTGCTGGCCTATA	ENSG00000225630.1	ATGTAACA	1
TCCTTGCTGGCCTATA	ENSG00000225630.1	AGGAATGC	1
TCCTTGCTGGCCTATA	ENSG00000225630.1	ATGTACTA	1
TCCTTGCTGGCCTATA	ENSG00000225630.1	AGGCATTT	1
TCCTTGCTGGCCTATA	ENSG00000225630.1	CGGCGTCA	1
TCCTTGCTGGCCTATA	ENSG00000225630.1	GCGATTGT	1
TCCTTGCTGGCCTATA	ENSG00000225630.1	AACTCGTC	1
TCCTTGCTGGCCTATA	ENSG00000225630.1	CGTCTCCA	1
TCCTTGCTGGCCTATA	ENSG00000225630.1	GAACTCCC	1
TCCTTGCTGGCCTATA	ENSG00000225630.1	ACAAGACA	1
TCCTTGCTGGCCTATA	ENSG00000225630.1	GCGCGTGA	1
TCCTTGCTGGCCTATA	ENSG00000225630.1	TCGCTAAG	2
TCCTTGCTGGCCTATA	ENSG00000225630.1	TCGGCATA	1
TCCTTGCTGGCCTATA	ENSG00000225630.1	TAAAGCGA	1
TCCTTGCTGGCCTATA	ENSG00000225630.1	GCGGACAT	1
TCCTTGCTGGCCTATA	ENSG00000225630.1	CATGGATA	2
TCCTTGCTGGCCTATA	ENSG00000225630.1	TTCAGCAA	1
TCCTTGCTGGCCTATA	ENSG00000176022.7	TCAGGCTC	1
TCCTTGCTGGCCTATA	ENSG00000176022.7	noUMI	1
TCCTTGCTGGCCTATA	ENSG00000231789.2	noUMI	1
TCCTTGCTGGCCTATA	ENSG00000288398.1	noUMI	3
TCCTTGCTGGCCTATA	ENSG00000090432.7	noUMI	2
TCCTTGCTGGCCTATA	ENSG00000179163.12	noUMI	1
TCCTTGCTGGCCTATA	ENSG00000181773.7	noUMI	1
TCCTTGCTGGCCTATA	ENSG00000270605.1	noUMI	1
TCCTTGCTGGCCTATA	ENSG00000175130.7	noUMI	1
TCCTTGCTGGCCTATA	ENSG00000175130.7	TAGGGCAG	1
TCCTTGCTGGCCTATA	ENSG00000243749.1	noUMI	7
TCCTTGCTGGCCTATA	ENSG00000286899.1	noUMI	2
TCCTTGCTGGCCTATA	ENSG00000116863.11	noUMI	1
TCCTTGCTGGCCTATA	ENSG00000117000.9	noUMI	2
TCCTTGCTGGCCTATA	ENSG00000259943.1	noUMI	10
TCCTTGCTGGCCTATA	ENSG00000279667.1	noUMI	1
TCCTTGCTGGCCTATA	ENSG00000162396.6	noUMI	2
TCCTTGCTGGCCTATA	ENSG00000235545.1	noUMI	2
TCCTTGCTGGCCTATA	ENSG00000116704.8	noUMI	2
TCCTTGCTGGCCTATA	ENSG00000066557.6	noUMI	4
TCCTTGCTGGCCTATA	ENSG00000066557.6	TTTAACGG	1
TCCTTGCTGGCCTATA	ENSG00000226415.1	noUMI	1
TCCTTGCTGGCCTATA	ENSG00000226084.5	GAGTCAAT	1
TCCTTGCTGGCCTATA	ENSG00000226084.5	CAAACCTG	1
TCCTTGCTGGCCTATA	ENSG00000243437.3	noUMI	1
TCCTTGCTGGCCTATA	ENSG00000223896.2	noUMI	2
TCCTTGCTGGCCTATA	ENSG00000137970.7	noUMI	4
TCCTTGCTGGCCTATA	ENSG00000137970.7	GCCGCGGC	1
TCCTTGCTGGCCTATA	ENSG00000065135.12	CATGTGAA	2
TCCTTGCTGGCCTATA	ENSG00000065135.12	noUMI	30
TCCTTGCTGGCCTATA	ENSG00000065135.12	GACAAAAG	1
TCCTTGCTGGCCTATA	ENSG00000213281.5	noUMI	15
TCCTTGCTGGCCTATA	ENSG00000213281.5	GAATACAT	1
TCCTTGCTGGCCTATA	ENSG00000277702.1	noUMI	1
TCCTTGCTGGCCTATA	ENSG00000234367.1	noUMI	1
TCCTTGCTGGCCTATA	ENSG00000272196.2	noUMI	1
TCCTTGCTGGCCTATA	ENSG00000163344.6	noUMI	2
TCCTTGCTGGCCTATA	ENSG00000163344.6	CGGACTAC	2
TCCTTGCTGGCCTATA	ENSG00000163344.6	CCCCAGTC	1
TCCAAGTCGGCGTTAA	ENSG00000225630.1	GGCATAAA	1
TCCAAGTCGGCGTTAA	ENSG00000225630.1	ACTCATAA	1
TCCAAGTCGGCGTTAA	ENSG00000225630.1	noUMI	27
TCCAAGTCGGCGTTAA	ENSG00000225630.1	CGTAAAGA	1
TCCAAGTCGGCGTTAA	ENSG00000225630.1	ACTACAGT	1
TCCAAGTCGGCGTTAA	ENSG00000225630.1	GTGGAAGG	5
TCCAAGTCGGCGTTAA	ENSG00000225630.1	CGGCTCTT	1
TCCAAGTCGGCGTTAA	ENSG00000225630.1	CCTCCTAT	1
TCCAAGTCGGCGTTAA	ENSG00000225630.1	GGGGATGA	1
TCCAAGTCGGCGTTAA	ENSG00000225630.1	GCCAAGTC	1
TCCAAGTCGGCGTTAA	ENSG00000225630.1	TAGGTCAC	1
TCCAAGTCGGCGTTAA	ENSG00000225630.1	TGTTCGAC	1
TCCAAGTCGGCGTTAA	ENSG00000225630.1	CTTCTCTG	1
TCCAAGTCGGCGTTAA	ENSG00000225630.1	CGTCGGCC	2
TCCAAGTCGGCGTTAA	ENSG00000225630.1	TAGCTGAA	1
TCCAAGTCGGCGTTAA	ENSG00000225630.1	TAAGATCC	1
TCCAAGTCGGCGTTAA	ENSG00000225630.1	CGGATCTA	1
TCCAAGTCGGCGTTAA	ENSG00000225630.1	CATGATCC	1
TCCAAGTCGGCGTTAA	ENSG00000225630.1	CGACCATT	1
TCCAAGTCGGCGTTAA	ENSG00000225630.1	GTTGACAC	1
TCCAAGTCGGCGTTAA	ENSG00000225630.1	GTGTCAAC	1
TCCAAGTCGGCGTTAA	ENSG00000225630.1	ACTCCCGA	1
TCCAAGTCGGCGTTAA	ENSG00000225630.1	AGGAGAAT	1
TCCAAGTCGGCGTTAA	ENSG00000225630.1	GCTGCACA	3
TCCAAGTCGGCGTTAA	ENSG00000225630.1	CCTCACTC	1
TCCAAGTCGGCGTTAA	ENSG00000225630.1	GCTCGACA	1
TCCAAGTCGGCGTTAA	ENSG00000225630.1	CATCTTGG	2
TCCAAGTCGGCGTTAA	ENSG00000225630.1	GAATGGCC	1
TCCAAGTCGGCGTTAA	ENSG00000225630.1	TTGGTCGA	1
TCCAAGTCGGCGTTAA	ENSG00000225630.1	ACTCAAGC	2
TCCAAGTCGGCGTTAA	ENSG00000225630.1	GAGAAAGT	1
TCCAAGTCGGCGTTAA	ENSG00000225630.1	ATGATCCT	2
TCCAAGTCGGCGTTAA	ENSG00000225630.1	ATCCTAAC	1
TCCAAGTCGGCGTTAA	ENSG00000225630.1	GTGCCCAG	1
TCCAAGTCGGCGTTAA	ENSG00000225630.1	TCTGCCAC	2
TCCAAGTCGGCGTTAA	ENSG00000225630.1	ATACGACG	1
TCCAAGTCGGCGTTAA	ENSG00000225630.1	ATGTACAC	1
TCCAAGTCGGCGTTAA	ENSG00000225630.1	GTACACTA	1
TCCAAGTCGGCGTTAA	ENSG00000225630.1	ACCAAGCT	1
TCCAAGTCGGCGTTAA	ENSG00000225630.1	TCATGTCG	1
TCCAAGTCGGCGTTAA	ENSG00000225630.1	AGTAACTT	1
TCCAAGTCGGCGTTAA	ENSG00000225630.1	GAACGCCT	1
TCCAAGTCGGCGTTAA	ENSG00000225630.1	GCGAACAG	1
TCCAAGTCGGCGTTAA	ENSG00000225630.1	GGGATCTT	1
TCCAAGTCGGCGTTAA	ENSG00000225630.1	ACATGTGA	1
TCCAAGTCGGCGTTAA	ENSG00000225630.1	GTAAGTTT	1
TCCAAGTCGGCGTTAA	ENSG00000225630.1	ATTACCAC	1
TCCAAGTCGGCGTTAA	ENSG00000225630.1	CGTAGTAT	2
TCCAAGTCGGCGTTAA	ENSG00000225630.1	GTATCATA	1
TCCAAGTCGGCGTTAA	ENSG00000225630.1	AGGATCGC	1
TCCAAGTCGGCGTTAA	ENSG00000225630.1	ATCTGGTG	1
TCCAAGTCGGCGTTAA	ENSG00000225630.1	TCTTGATG	1
TCCAAGTCGGCGTTAA	ENSG00000225630.1	GTCCATGT	1
TCCAAGTCGGCGTTAA	ENSG00000225630.1	GGTTAGCA	1
TCCAAGTCGGCGTTAA	ENSG00000225630.1	GCTGCTCC	3
TCCAAGTCGGCGTTAA	ENSG00000225630.1	CACGGAAA	1
TCCAAGTCGGCGTTAA	ENSG00000225630.1	GGTCGGCA	1
TCCAAGTCGGCGTTAA	ENSG00000225630.1	AGGGGACG	1
TCCAAGTCGGCGTTAA	ENSG00000225630.1	GGATGGCC	1
TCCAAGTCGGCGTTAA	ENSG00000225630.1	CACTAAAC	1
TCCAAGTCGGCGTTAA	ENSG00000225630.1	AAGTAGGG	1
TCCAAGTCGGCGTTAA	ENSG00000225630.1	AGAACAAG	1
TCCAAGTCGGCGTTAA	ENSG00000225630.1	TGCAAACA	1
TCCAAGTCGGCGTTAA	ENSG00000176022.7	noUMI	1
TCCAAGTCGGCGTTAA	ENSG00000272455.1	noUMI	3
TCCAAGTCGGCGTTAA	ENSG00000171612.7	noUMI	2
TCCAAGTCGGCGTTAA	ENSG00000288398.1	noUMI	2
TCCAAGTCGGCGTTAA	ENSG00000090432.7	noUMI	3
TCCAAGTCGGCGTTAA	ENSG00000090432.7	ACTTAGAG	1
TCCAAGTCGGCGTTAA	ENSG00000090432.7	AAATCGCT	1
TCCAAGTCGGCGTTAA	ENSG00000090432.7	GTAACACC	1
TCCAAGTCGGCGTTAA	ENSG00000179163.12	noUMI	7
TCCAAGTCGGCGTTAA	ENSG00000284602.1	noUMI	2
TCCAAGTCGGCGTTAA	ENSG00000233478.1	noUMI	1
TCCAAGTCGGCGTTAA	ENSG00000228589.3	noUMI	1
TCCAAGTCGGCGTTAA	ENSG00000130766.5	noUMI	9
TCCAAGTCGGCGTTAA	ENSG00000175130.7	noUMI	1
TCCAAGTCGGCGTTAA	ENSG00000273274.2	noUMI	3
TCCAAGTCGGCGTTAA	ENSG00000243749.1	noUMI	4
TCCAAGTCGGCGTTAA	ENSG00000116863.11	noUMI	4
TCCAAGTCGGCGTTAA	ENSG00000116704.8	noUMI	3
TCCAAGTCGGCGTTAA	ENSG00000116704.8	ATCCAGGG	1
TCCAAGTCGGCGTTAA	ENSG00000066557.6	noUMI	3
TCCAAGTCGGCGTTAA	ENSG00000066557.6	CTTGAACC	1
TCCAAGTCGGCGTTAA	ENSG00000137970.7	noUMI	3
TCCAAGTCGGCGTTAA	ENSG00000065135.12	CATGCACC	2
TCCAAGTCGGCGTTAA	ENSG00000065135.12	TGAAAACC	1
TCCAAGTCGGCGTTAA	ENSG00000065135.12	noUMI	14
TCCAAGTCGGCGTTAA	ENSG00000065135.12	TTGCCGCC	1
TCCAAGTCGGCGTTAA	ENSG00000213281.5	CAGACCGA	1
TCCAAGTCGGCGTTAA	ENSG00000203812.2	noUMI	2
TCCAAGTCGGCGTTAA	ENSG00000272654.1	GCACGAGC	1
TCCAAGTCGGCGTTAA	ENSG00000272654.1	AATCGGCG	1
TCCAAGTCGGCGTTAA	ENSG00000272654.1	noUMI	1
TCCAAGTCGGCGTTAA	ENSG00000163344.6	TACGGCGT	1
TCCAAGTCGGCGTTAA	ENSG00000236675.1	noUMI	1
TCCAAGTCGGCGTTAA	ENSG00000224520.2	noUMI	1
TCCAAGTCGGCGTTAA	ENSG00000183155.5	noUMI	2
TCCAAGTCGGCGTTAA	ENSG00000183155.5	GTTGTGGT	1
TCCAAGTCGGCGTTAA	ENSG00000158615.9	noUMI	1
TCCAAGTCGGCGTTAA	ENSG00000218283.2	noUMI	1
TCCAAGTCGGCGTTAA	ENSG00000143751.10	noUMI	6
TCCAAGTCGGCGTTAA	ENSG00000181218.5	GACATCCG	1
TCCAAGTCGGCGTTAA	ENSG00000181218.5	noUMI	1
TCCAAGTCGGCGTTAA	ENSG00000181218.5	CGCCGAAA	1
TCCAAGTCGGCGTTAA	ENSG00000181218.5	AAGGCGAC	2
TCCAAGTCGGCGTTAA	ENSG00000197769.6	noUMI	2
TCCAAGTCGGCGTTAA	ENSG00000162851.8	noUMI	3
TCCAAGTCGGCGTTAA	ENSG00000143653.10	noUMI	1
TCCAAGTCGGCGTTAA	ENSG00000260855.1	GTAGACGG	1
TCCAAGTCGGCGTTAA	ENSG00000277462.2	noUMI	4
TCCAAGTCGGCGTTAA	ENSG00000259865.1	AGTCCCGT	1
TCCAAGTCGGCGTTAA	ENSG00000259865.1	noUMI	1
AAGCCGTTCCAATCCT	ENSG00000279457.4	AAGAATGA	1
AAGCCGTTCCAATCCT	ENSG00000279457.4	noUMI	1
AAGCCGTTCCAATCCT	ENSG00000225630.1	TAGAGCCT	1
AAGCCGTTCCAATCCT	ENSG00000225630.1	TAACGTCG	1
AAGCCGTTCCAATCCT	ENSG00000225630.1	GTATGTGG	1
AAGCCGTTCCAATCCT	ENSG00000225630.1	ACGCGGCC	1
AAGCCGTTCCAATCCT	ENSG00000225630.1	TCGACACG	1
AAGCCGTTCCAATCCT	ENSG00000225630.1	ATAGACCC	1
AAGCCGTTCCAATCCT	ENSG00000225630.1	CCGAATGG	2
AAGCCGTTCCAATCCT	ENSG00000225630.1	CTCAGGGT	1
AAGCCGTTCCAATCCT	ENSG00000225630.1	CAGCTTAC	1
AAGCCGTTCCAATCCT	ENSG00000225630.1	GCGCTCAT	1
AAGCCGTTCCAATCCT	ENSG00000225630.1	CAGTAAGT	1
AAGCCGTTCCAATCCT	ENSG00000225630.1	GAACCATG	1
AAGCCGTTCCAATCCT	ENSG00000225630.1	noUMI	41
AAGCCGTTCCAATCCT	ENSG00000225630.1	CGGACTTT	1
AAGCCGTTCCAATCCT	ENSG00000225630.1	GATCACCG	1
AAGCCGTTCCAATCCT	ENSG00000225630.1	CGTATGGA	2
AAGCCGTTCCAATCCT	ENSG00000225630.1	ACATAAGG	1
AAGCCGTTCCAATCCT	ENSG00000225630.1	GTAATGCG	1
AAGCCGTTCCAATCCT	ENSG00000225630.1	GTGAGTCT	1
AAGCCGTTCCAATCCT	ENSG00000225630.1	AGACGACT	1
AAGCCGTTCCAATCCT	ENSG00000225630.1	TGTCATAC	1
AAGCCGTTCCAATCCT	ENSG00000225630.1	TCCAGGTA	1
AAGCCGTTCCAATCCT	ENSG00000225630.1	ACAACCGT	1
AAGCCGTTCCAATCCT	ENSG00000225630.1	ACCGATAA	1
AAGCCGTTCCAATCCT	ENSG00000225630.1	AGGTCCAT	1
AAGCCGTTCCAATCCT	ENSG00000225630.1	CACCAGGG	1
AAGCCGTTCCAATCCT	ENSG00000225630.1	TGGCCGCG	1
AAGCCGTTCCAATCCT	ENSG00000225630.1	ATATTGGT	2
AAGCCGTTCCAATCCT	ENSG00000225630.1	TGACGAGT	1
AAGCCGTTCCAATCCT	ENSG00000225630.1	GATCCAAT	1
AAGCCGTTCCAATCCT	ENSG00000225630.1	GTTTACCC	1
AAGCCGTTCCAATCCT	ENSG00000225630.1	GCAACTTC	1
AAGCCGTTCCAATCCT	ENSG00000225630.1	CCCATAAT	1
AAGCCGTTCCAATCCT	ENSG00000225630.1	GGTGGATC	2
AAGCCGTTCCAATCCT	ENSG00000225630.1	TTCGGAGC	2
AAGCCGTTCCAATCCT	ENSG00000225630.1	GCGTAGTG	1
AAGCCGTTCCAATCCT	ENSG00000225630.1	TGGCGTCA	1
AAGCCGTTCCAATCCT	ENSG00000225630.1	TGGAATCA	1
AAGCCGTTCCAATCCT	ENSG00000225630.1	GTCTGGCT	1
AAGCCGTTCCAATCCT	ENSG00000225630.1	CGACGTCA	1
AAGCCGTTCCAATCCT	ENSG00000225630.1	TCTCTCGC	2
AAGCCGTTCCAATCCT	ENSG00000225630.1	TACTACGA	2
AAGCCGTTCCAATCCT	ENSG00000225630.1	ATCGGCCC	1
AAGCCGTTCCAATCCT	ENSG00000225630.1	GGTCGAAC	1
AAGCCGTTCCAATCCT	ENSG00000225630.1	ATCCTGGG	1
AAGCCGTTCCAATCCT	ENSG00000225630.1	AACTGGCA	2
AAGCCGTTCCAATCCT	ENSG00000225630.1	TTCGATCG	1
AAGCCGTTCCAATCCT	ENSG00000225630.1	GAGGCTCT	1
AAGCCGTTCCAATCCT	ENSG00000225630.1	GGCACCCT	1
AAGCCGTTCCAATCCT	ENSG00000225630.1	CTGTACGA	2
AAGCCGTTCCAATCCT	ENSG00000225630.1	AAGATAGG	1
AAGCCGTTCCAATCCT	ENSG00000225630.1	AAGGCCGG	1
AAGCCGTTCCAATCCT	ENSG00000225630.1	ATCTTAAC	1
AAGCCGTTCCAATCCT	ENSG00000225630.1	CATTACAC	1
AAGCCGTTCCAATCCT	ENSG00000225630.1	TATTAGGG	1
AAGCCGTTCCAATCCT	ENSG00000225630.1	CCGAGTAG	1
AAGCCGTTCCAATCCT	ENSG00000225630.1	CACCCGGT	2
AAGCCGTTCCAATCCT	ENSG00000225630.1	CACAGCAA	1
AAGCCGTTCCAATCCT	ENSG00000225630.1	GACTATCG	2
AAGCCGTTCCAATCCT	ENSG00000225630.1	AACACTGA	2
AAGCCGTTCCAATCCT	ENSG00000225630.1	AGGGGGTT	1
AAGCCGTTCCAATCCT	ENSG00000225630.1	GCTAGCAA	1
AAGCCGTTCCAATCCT	ENSG00000225630.1	TACTCTAC	1
AAGCCGTTCCAATCCT	ENSG00000225630.1	ACTAACAC	1
AAGCCGTTCCAATCCT	ENSG00000225630.1	AGAACGGT	1
AAGCCGTTCCAATCCT	ENSG00000225630.1	GGTCCATG	1
AAGCCGTTCCAATCCT	ENSG00000225630.1	CAGACCAG	1
AAGCCGTTCCAATCCT	ENSG00000225630.1	CGATTGAA	2
AAGCCGTTCCAATCCT	ENSG00000225630.1	TCAGGTGC	1
AAGCCGTTCCAATCCT	ENSG00000225630.1	TACGAAAG	1
AAGCCGTTCCAATCCT	ENSG00000225630.1	GGTCAGGA	1
AAGCCGTTCCAATCCT	ENSG00000225630.1	TAGCACGG	1
AAGCCGTTCCAATCCT	ENSG00000225630.1	CATAGAAG	1
AAGCCGTTCCAATCCT	ENSG00000225630.1	CGTTGGGA	2
AAGCCGTTCCAATCCT	ENSG00000225630.1	GGGAAGTG	1
AAGCCGTTCCAATCCT	ENSG00000225630.1	GTGAATGA	1
AAGCCGTTCCAATCCT	ENSG00000225630.1	GGATTCCA	2
AAGCCGTTCCAATCCT	ENSG00000225630.1	CTGACAGT	1
AAGCCGTTCCAATCCT	ENSG00000225630.1	AACGCCGA	2
AAGCCGTTCCAATCCT	ENSG00000225630.1	ATAGTCGA	1
AAGCCGTTCCAATCCT	ENSG00000225630.1	TACCGGCC	1
AAGCCGTTCCAATCCT	ENSG00000225630.1	GGCGCGAG	1
AAGCCGTTCCAATCCT	ENSG00000225630.1	AAAGGAGA	1
AAGCCGTTCCAATCCT	ENSG00000225630.1	ATGCATAC	1
AAGCCGTTCCAATCCT	ENSG00000225630.1	CGTTTAGC	1
AAGCCGTTCCAATCCT	ENSG00000225630.1	GAGGCGTA	1
AAGCCGTTCCAATCCT	ENSG00000225630.1	GGACGCCA	1
AAGCCGTTCCAATCCT	ENSG00000225630.1	GGTGGAAA	1
AAGCCGTTCCAATCCT	ENSG00000225630.1	ATCTGCCA	1
AAGCCGTTCCAATCCT	ENSG00000225630.1	ACGCACGT	3
AAGCCGTTCCAATCCT	ENSG00000225630.1	CAAAACGA	1
AAGCCGTTCCAATCCT	ENSG00000225630.1	GTTTCGAA	1
AAGCCGTTCCAATCCT	ENSG00000225630.1	TAGTGGAT	1
AAGCCGTTCCAATCCT	ENSG00000225630.1	GTTATGGG	1
AAGCCGTTCCAATCCT	ENSG00000225630.1	GCCTGTTC	1
AAGCCGTTCCAATCCT	ENSG00000225630.1	GTAACGAC	2
AAGCCGTTCCAATCCT	ENSG00000225630.1	CGTTGATA	1
AAGCCGTTCCAATCCT	ENSG00000225630.1	CTGAAACA	1
AAGCCGTTCCAATCCT	ENSG00000225630.1	TTGAAAGC	1
AAGCCGTTCCAATCCT	ENSG00000225630.1	CAGGCCGT	1
AAGCCGTTCCAATCCT	ENSG00000225630.1	CTGGTTGT	3
AAGCCGTTCCAATCCT	ENSG00000225630.1	AATTGTAC	1
AAGCCGTTCCAATCCT	ENSG00000225630.1	GTCACCTT	1
AAGCCGTTCCAATCCT	ENSG00000225630.1	CCTGTCGC	1
AAGCCGTTCCAATCCT	ENSG00000225630.1	CGAGGATA	1
AAGCCGTTCCAATCCT	ENSG00000225630.1	GACACATG	1
AAGCCGTTCCAATCCT	ENSG00000225630.1	TACTCGGG	1
AAGCCGTTCCAATCCT	ENSG00000225630.1	AAACATTC	1
AAGCCGTTCCAATCCT	ENSG00000176022.7	GAAGGGGC	1
AAGCCGTTCCAATCCT	ENSG00000171612.7	noUMI	2
AAGCCGTTCCAATCCT	ENSG00000162490.7	noUMI	1
AAGCCGTTCCAATCCT	ENSG00000090432.7	noUMI	17
AAGCCGTTCCAATCCT	ENSG00000090432.7	AACATTAA	3
AAGCCGTTCCAATCCT	ENSG00000090432.7	TAAGGCCC	1
AAGCCGTTCCAATCCT	ENSG00000090432.7	ATAAAGCG	1
AAGCCGTTCCAATCCT	ENSG00000179163.12	GTGATACG	1
AAGCCGTTCCAATCCT	ENSG00000179163.12	noUMI	6
AAGCCGTTCCAATCCT	ENSG00000179163.12	CGTATGCT	1
AAGCCGTTCCAATCCT	ENSG00000179163.12	GTGGAGTG	1
AAGCCGTTCCAATCCT	ENSG00000179163.12	GTGGATGC	3
AAGCCGTTCCAATCCT	ENSG00000175130.7	ACCGCTTA	1
AAGCCGTTCCAATCCT	ENSG00000175130.7	noUMI	6
AAGCCGTTCCAATCCT	ENSG00000175130.7	TATGGAAC	2
AAGCCGTTCCAATCCT	ENSG00000175130.7	CCAACACC	1
AAGCCGTTCCAATCCT	ENSG00000175130.7	GGAACACG	1
AAGCCGTTCCAATCCT	ENSG00000175130.7	GGAGTCAC	1
AAGCCGTTCCAATCCT	ENSG00000175130.7	CGGGGCAC	1
AAGCCGTTCCAATCCT	ENSG00000273274.2	noUMI	7
AAGCCGTTCCAATCCT	ENSG00000273274.2	CTTTGGCA	2
AAGCCGTTCCAATCCT	ENSG00000243749.1	noUMI	1
AAGCCGTTCCAATCCT	ENSG00000243749.1	GGCGGAGG	1
AAGCCGTTCCAATCCT	ENSG00000116863.11	noUMI	16
AAGCCGTTCCAATCCT	ENSG00000116863.11	GGTGTAAT	1
AAGCCGTTCCAATCCT	ENSG00000116981.4	noUMI	3
AAGCCGTTCCAATCCT	ENSG00000116981.4	AGAGCGTA	1
AAGCCGTTCCAATCCT	ENSG00000116981.4	ACAGCGGA	1
AAGCCGTTCCAATCCT	ENSG00000117000.9	noUMI	5
AAGCCGTTCCAATCCT	ENSG00000117000.9	ATCCGGCG	1
AAGCCGTTCCAATCCT	ENSG00000223429.1	TGCCAGAC	1
AAGCCGTTCCAATCCT	ENSG00000162396.6	AAGTCACA	1
AAGCCGTTCCAATCCT	ENSG00000162396.6	noUMI	1
AAGCCGTTCCAATCCT	ENSG00000286429.1	noUMI	4
AAGCCGTTCCAATCCT	ENSG00000116704.8	noUMI	1
AAGCCGTTCCAATCCT	ENSG00000066557.6	noUMI	18
AAGCCGTTCCAATCCT	ENSG00000066557.6	CGGTGGCG	1
AAGCCGTTCCAATCCT	ENSG00000066557.6	GTCGGCGA	1
AAGCCGTTCCAATCCT	ENSG00000066557.6	TATGCGTT	1
GGTCTCAAGGCCTATA	ENSG00000225630.1	TGGTCCGG	1
GGTCTCAAGGCCTATA	ENSG00000225630.1	AACCATTG	1
GGTCTCAAGGCCTATA	ENSG00000225630.1	ATACACTG	1
GGTCTCAAGGCCTATA	ENSG00000225630.1	CTTCGGAG	1
GGTCTCAAGGCCTATA	ENSG00000225630.1	GTTGCACT	1
GGTCTCAAGGCCTATA	ENSG00000225630.1	TTGAACGA	1
GGTCTCAAGGCCTATA	ENSG00000225630.1	CCTACACG	3
GGTCTCAAGGCCTATA	ENSG00000225630.1	noUMI	2
GGTCTCAAGGCCTATA	ENSG00000225630.1	CTTCATGC	1
GGTCTCAAGGCCTATA	ENSG00000225630.1	AGAAAACG	1
GGTCTCAAGGCCTATA	ENSG00000225630.1	GGATTGGA	2
GGTCTCAAGGCCTATA	ENSG00000225630.1	ACAGGTAG	1
GGTCTCAAGGCCTATA	ENSG00000225630.1	GAGCGTTC	1
GGTCTCAAGGCCTATA	ENSG00000225630.1	CACGTTAC	1
GGTCTCAAGGCCTATA	ENSG00000225630.1	AGCTACCA	1
GGTCTCAAGGCCTATA	ENSG00000225630.1	CATTATCC	1
GGTCTCAAGGCCTATA	ENSG00000225630.1	CGGGAGGT	1
GGTCTCAAGGCCTATA	ENSG00000225630.1	GTGTTTAA	1
GGTCTCAAGGCCTATA	ENSG00000225630.1	GTCACTGA	1
GGTCTCAAGGCCTATA	ENSG00000225630.1	TGTGTCAC	1
GGTCTCAAGGCCTATA	ENSG00000225630.1	AAAAAGCT	1
GGTCTCAAGGCCTATA	ENSG00000225630.1	TCCGCAGA	1
GGTCTCAAGGCCTATA	ENSG00000225630.1	GTGGTAGA	1
GGTCTCAAGGCCTATA	ENSG00000225630.1	CTGATGTA	1
GGTCTCAAGGCCTATA	ENSG00000284652.1	GGGGTAGG	1
GGTCTCAAGGCCTATA	ENSG00000261135.1	noUMI	1
GGTCTCAAGGCCTATA	ENSG00000090432.7	noUMI	3
GGTCTCAAGGCCTATA	ENSG00000090432.7	ATCAAAGT	2
GGTCTCAAGGCCTATA	ENSG00000179163.12	GTTGCTAA	1
GGTCTCAAGGCCTATA	ENSG00000179163.12	noUMI	1
GGTCTCAAGGCCTATA	ENSG00000225159.1	noUMI	1
GGTCTCAAGGCCTATA	ENSG00000175130.7	noUMI	1
GGTCTCAAGGCCTATA	ENSG00000243749.1	noUMI	2
GGTCTCAAGGCCTATA	ENSG00000116863.11	noUMI	1
GGTCTCAAGGCCTATA	ENSG00000116981.4	noUMI	1
GGTCTCAAGGCCTATA	ENSG00000066557.6	GATCCCCG	1
GGTCTCAAGGCCTATA	ENSG00000280099.1	noUMI	1
GGTCTCAAGGCCTATA	ENSG00000223896.2	noUMI	1
GGTCTCAAGGCCTATA	ENSG00000137970.7	CGTTGTTG	1
GGTCTCAAGGCCTATA	ENSG00000065135.12	TGTGGGAT	2
GGTCTCAAGGCCTATA	ENSG00000065135.12	TTGCAGAC	1
GGTCTCAAGGCCTATA	ENSG00000065135.12	CTTCTGGG	1
GGTCTCAAGGCCTATA	ENSG00000065135.12	TATGCTGC	1
GGTCTCAAGGCCTATA	ENSG00000065135.12	noUMI	4
GGTCTCAAGGCCTATA	ENSG00000065135.12	AAAGCGGG	1
GGTCTCAAGGCCTATA	ENSG00000213281.5	noUMI	5
GGTCTCAAGGCCTATA	ENSG00000234367.1	CTGAAGTG	1
GGTCTCAAGGCCTATA	ENSG00000203812.2	noUMI	1
GGTCTCAAGGCCTATA	ENSG00000184260.6	TAAGCCAG	1
GGTCTCAAGGCCTATA	ENSG00000285651.1	noUMI	1
GGTCTCAAGGCCTATA	ENSG00000163344.6	TCGAAATC	1
GGTCTCAAGGCCTATA	ENSG00000236675.1	noUMI	1
GGTCTCAAGGCCTATA	ENSG00000183155.5	TGACTCAA	1
GGTCTCAAGGCCTATA	ENSG00000158615.9	CGTTGAAC	1
GGTCTCAAGGCCTATA	ENSG00000158615.9	noUMI	1
GGTCTCAAGGCCTATA	ENSG00000158615.9	GTGCTGGG	1
GGTCTCAAGGCCTATA	ENSG00000218283.2	TACAAACG	1
GGTCTCAAGGCCTATA	ENSG00000143751.10	noUMI	2
GGTCTCAAGGCCTATA	ENSG00000143751.10	GTGTCGAG	1
GGTCTCAAGGCCTATA	ENSG00000143751.10	GTAGAGGG	1
GGTCTCAAGGCCTATA	ENSG00000181218.5	CTGTTCGT	1
GGTCTCAAGGCCTATA	ENSG00000162851.8	noUMI	1
GGTCTCAAGGCCTATA	ENSG00000143653.10	CTGTGTAC	1
GGTCTCAAGGCCTATA	ENSG00000143653.10	noUMI	1
GGTCTCAAGGCCTATA	ENSG00000259865.1	noUMI	2
CAACCTCACCATCCAA	ENSG00000279457.4	noUMI	2
CAACCTCACCATCCAA	ENSG00000225630.1	TTGACCGC	2
CAACCTCACCATCCAA	ENSG00000225630.1	noUMI	25
CAACCTCACCATCCAA	ENSG00000225630.1	CATGGTAA	1
CAACCTCACCATCCAA	ENSG00000225630.1	CAGTCGTA	1
CAACCTCACCATCCAA	ENSG00000225630.1	CTGTAGAA	2
CAACCTCACCATCCAA	ENSG00000225630.1	TGGAAGCC	1
CAACCTCACCATCCAA	ENSG00000225630.1	GAAGCCGC	1
CAACCTCACCATCCAA	ENSG00000225630.1	TACACGTC	1
CAACCTCACCATCCAA	ENSG00000225630.1	AAGCTACA	1
CAACCTCACCATCCAA	ENSG00000225630.1	GTCTAGCC	1
CAACCTCACCATCCAA	ENSG00000225630.1	GGCTCGCA	1
CAACCTCACCATCCAA	ENSG00000225630.1	GTAGTCCA	1
CAACCTCACCATCCAA	ENSG00000225630.1	GGACGTTC	1
CAACCTCACCATCCAA	ENSG00000225630.1	CACTGATC	1
CAACCTCACCATCCAA	ENSG00000225630.1	AAACATCC	1
CAACCTCACCATCCAA	ENSG00000225630.1	GTAGGCAA	1
CAACCTCACCATCCAA	ENSG00000225630.1	ACCACCAC	1
CAACCTCACCATCCAA	ENSG00000225630.1	AGACTCGG	1
CAACCTCACCATCCAA	ENSG00000225630.1	CACATGTT	1
CAACCTCACCATCCAA	ENSG00000225630.1	AAACGTCA	2
CAACCTCACCATCCAA	ENSG00000225630.1	TTCCGGAC	1
CAACCTCACCATCCAA	ENSG00000225630.1	AACAACCA	1
CAACCTCACCATCCAA	ENSG00000225630.1	GCTAAGAT	1
CAACCTCACCATCCAA	ENSG00000225630.1	TAAACAGA	1
CAACCTCACCATCCAA	ENSG00000225630.1	AGGAACAC	1
CAACCTCACCATCCAA	ENSG00000225630.1	GATATAGC	1
CAACCTCACCATCCAA	ENSG00000225630.1	CGATACGC	1
CAACCTCACCATCCAA	ENSG00000225630.1	TGCGGTTA	1
CAACCTCACCATCCAA	ENSG00000225630.1	AATTAGGG	2
CAACCTCACCATCCAA	ENSG00000225630.1	AAGGTTAT	1
CAACCTCACCATCCAA	ENSG00000225630.1	ACGAAAGC	1
CAACCTCACCATCCAA	ENSG00000225630.1	GCGGCTTA	1
CAACCTCACCATCCAA	ENSG00000225630.1	CCTGTATA	1
CAACCTCACCATCCAA	ENSG00000225630.1	TCACACGC	2
CAACCTCACCATCCAA	ENSG00000225630.1	GACCTTTG	1
CAACCTCACCATCCAA	ENSG00000225630.1	TTCTGCGA	3
CAACCTCACCATCCAA	ENSG00000225630.1	GAGCACGT	1
CAACCTCACCATCCAA	ENSG00000225630.1	GCTTAAGT	1
CAACCTCACCATCCAA	ENSG00000225630.1	GAATAACT	1
CAACCTCACCATCCAA	ENSG00000225630.1	TTACCGCC	2
CAACCTCACCATCCAA	ENSG00000225630.1	TCACCGAT	1
CAACCTCACCATCCAA	ENSG00000225630.1	CATGTCGG	1
CAACCTCACCATCCAA	ENSG00000225630.1	TTGGGCAC	1
CAACCTCACCATCCAA	ENSG00000225630.1	ACTGGACG	1
CAACCTCACCATCCAA	ENSG00000225630.1	TAGCCACA	1
CAACCTCACCATCCAA	ENSG00000225630.1	TGGCTGTT	1
CAACCTCACCATCCAA	ENSG00000225630.1	GTTCCGTC	1
CAACCTCACCATCCAA	ENSG00000225630.1	GTACCTTC	1
CAACCTCACCATCCAA	ENSG00000225630.1	ACACTCCA	2
CAACCTCACCATCCAA	ENSG00000225630.1	CATGGAAA	1
CAACCTCACCATCCAA	ENSG00000225630.1	AATCGTCC	2
CAACCTCACCATCCAA	ENSG00000225630.1	TTACTCGG	1
CAACCTCACCATCCAA	ENSG00000225630.1	CCTGATGC	1
CAACCTCACCATCCAA	ENSG00000225630.1	GCGCTTTA	1
CAACCTCACCATCCAA	ENSG00000225630.1	ATGGATCG	1
CAACCTCACCATCCAA	ENSG00000225630.1	CTGCCTCT	1
CAACCTCACCATCCAA	ENSG00000225630.1	GAAGATCC	2
CAACCTCACCATCCAA	ENSG00000225630.1	CGACCTGT	1
CAACCTCACCATCCAA	ENSG00000225630.1	GCCGATCT	1
CAACCTCACCATCCAA	ENSG00000225630.1	AAAAAGAT	1
CAACCTCACCATCCAA	ENSG00000225630.1	GGGTCCAA	1
CAACCTCACCATCCAA	ENSG00000225630.1	GAGCTCTA	3
CAACCTCACCATCCAA	ENSG00000176022.7	noUMI	1
CAACCTCACCATCCAA	ENSG00000176022.7	CGGGCGGC	1
CAACCTCACCATCCAA	ENSG00000228594.4	GTACAGGG	2
CAACCTCACCATCCAA	ENSG00000186301.8	ACGGAGCA	1
CAACCTCACCATCCAA	ENSG00000090432.7	noUMI	4
CAACCTCACCATCCAA	ENSG00000090432.7	CGACTCCT	2
CAACCTCACCATCCAA	ENSG00000090432.7	AATGCATT	1
CAACCTCACCATCCAA	ENSG00000235112.1	noUMI	1
CAACCTCACCATCCAA	ENSG00000179163.12	noUMI	1
CAACCTCACCATCCAA	ENSG00000225159.1	noUMI	1
CAACCTCACCATCCAA	ENSG00000279443.1	noUMI	1
CAACCTCACCATCCAA	ENSG00000175130.7	noUMI	1
CAACCTCACCATCCAA	ENSG00000273274.2	noUMI	2
CAACCTCACCATCCAA	ENSG00000243749.1	AGACTCGT	1
CAACCTCACCATCCAA	ENSG00000243749.1	noUMI	1
CAACCTCACCATCCAA	ENSG00000286899.1	noUMI	1
CAACCTCACCATCCAA	ENSG00000116863.11	noUMI	8
CAACCTCACCATCCAA	ENSG00000163909.8	noUMI	1
CAACCTCACCATCCAA	ENSG00000117000.9	noUMI	12
CAACCTCACCATCCAA	ENSG00000259943.1	noUMI	4
CAACCTCACCATCCAA	ENSG00000237424.1	noUMI	2
CAACCTCACCATCCAA	ENSG00000185839.3	noUMI	1
CAACCTCACCATCCAA	ENSG00000116704.8	noUMI	1
CAACCTCACCATCCAA	ENSG00000066557.6	noUMI	7
CAACCTCACCATCCAA	ENSG00000066557.6	GATAAACA	1
CAACCTCACCATCCAA	ENSG00000066557.6	GGCAACAA	2
CAACCTCACCATCCAA	ENSG00000066557.6	TTGGCTAC	1
CAACCTCACCATCCAA	ENSG00000226084.5	GAAGTAAT	1
CAACCTCACCATCCAA	ENSG00000271576.1	ACGGGCGG	1
CAACCTCACCATCCAA	ENSG00000271576.1	noUMI	1
CAACCTCACCATCCAA	ENSG00000271576.1	CACATCGG	1
TCCAAGTCCAAGAGGT	ENSG00000279457.4	noUMI	4
TCCAAGTCCAAGAGGT	ENSG00000279457.4	GCGTTGGC	1
TCCAAGTCCAAGAGGT	ENSG00000225630.1	TATCCGGG	1
TCCAAGTCCAAGAGGT	ENSG00000225630.1	noUMI	80
TCCAAGTCCAAGAGGT	ENSG00000225630.1	GCTACGCC	1
TCCAAGTCCAAGAGGT	ENSG00000225630.1	AACATTCC	1
TCCAAGTCCAAGAGGT	ENSG00000225630.1	GGAGTACT	2
TCCAAGTCCAAGAGGT	ENSG00000225630.1	TTGCGACT	1
TCCAAGTCCAAGAGGT	ENSG00000225630.1	ATACACAA	1
TCCAAGTCCAAGAGGT	ENSG00000225630.1	CACACAAT	1
TCCAAGTCCAAGAGGT	ENSG00000225630.1	CCTTGACA	1
TCCAAGTCCAAGAGGT	ENSG00000225630.1	GACAAGCG	1
TCCAAGTCCAAGAGGT	ENSG00000225630.1	ATGTTAAG	5
TCCAAGTCCAAGAGGT	ENSG00000225630.1	TGGGGTGT	1
TCCAAGTCCAAGAGGT	ENSG00000225630.1	GCCTTATC	1
TCCAAGTCCAAGAGGT	ENSG00000225630.1	GATAAGAT	1
TCCAAGTCCAAGAGGT	ENSG00000225630.1	TATAGGAT	1
TCCAAGTCCAAGAGGT	ENSG00000225630.1	TGACAGTA	1
TCCAAGTCCAAGAGGT	ENSG00000225630.1	AGTATAAG	3
TCCAAGTCCAAGAGGT	ENSG00000225630.1	TTGAAGAG	1
TCCAAGTCCAAGAGGT	ENSG00000225630.1	AGGAACTC	1
TCCAAGTCCAAGAGGT	ENSG00000225630.1	CAGTGACT	1
TCCAAGTCCAAGAGGT	ENSG00000225630.1	GAGCGACC	2
TCCAAGTCCAAGAGGT	ENSG00000225630.1	ACATACAA	1
TCCAAGTCCAAGAGGT	ENSG00000225630.1	ACACGCTC	1
TCCAAGTCCAAGAGGT	ENSG00000225630.1	GCTATGAT	1
TCCAAGTCCAAGAGGT	ENSG00000225630.1	GAACCGGT	1
TCCAAGTCCAAGAGGT	ENSG00000225630.1	CCGACAAT	1
TCCAAGTCCAAGAGGT	ENSG00000225630.1	TCGGAAAT	1
TCCAAGTCCAAGAGGT	ENSG00000225630.1	ATGCGGTA	1
TCCAAGTCCAAGAGGT	ENSG00000225630.1	GGTGCCCC	1
TCCAAGTCCAAGAGGT	ENSG00000225630.1	AGGTTCGA	2
TCCAAGTCCAAGAGGT	ENSG00000225630.1	GAAACTTA	1
TCCAAGTCCAAGAGGT	ENSG00000225630.1	GAAGAGGG	1
TCCAAGTCCAAGAGGT	ENSG00000225630.1	TGCTTAGA	1
TCCAAGTCCAAGAGGT	ENSG00000225630.1	GGATTCCT	1
TCCAAGTCCAAGAGGT	ENSG00000225630.1	CTAGGTAC	2
TCCAAGTCCAAGAGGT	ENSG00000225630.1	ATGTACAA	1
TCCAAGTCCAAGAGGT	ENSG00000225630.1	GGTTCACA	1
TCCAAGTCCAAGAGGT	ENSG00000225630.1	CTCGGAGG	1
TCCAAGTCCAAGAGGT	ENSG00000225630.1	GGCCTCAA	1
TCCAAGTCCAAGAGGT	ENSG00000225630.1	GTCAGGCT	1
TCCAAGTCCAAGAGGT	ENSG00000225630.1	ACTTCATG	1
TCCAAGTCCAAGAGGT	ENSG00000225630.1	GAAACTAT	2
TCCAAGTCCAAGAGGT	ENSG00000225630.1	ACAGGATG	1
TCCAAGTCCAAGAGGT	ENSG00000225630.1	ATCAGCAG	1
TCCAAGTCCAAGAGGT	ENSG00000225630.1	AAGCTCCG	1
TCCAAGTCCAAGAGGT	ENSG00000225630.1	CTTACAGG	1
TCCAAGTCCAAGAGGT	ENSG00000225630.1	CTTACGCG	1
TCCAAGTCCAAGAGGT	ENSG00000225630.1	GGGTACAG	2
TCCAAGTCCAAGAGGT	ENSG00000225630.1	CCGACTCC	1
TCCAAGTCCAAGAGGT	ENSG00000225630.1	TGTTACCC	1
TCCAAGTCCAAGAGGT	ENSG00000198744.5	noUMI	1
TCCAAGTCCAAGAGGT	ENSG00000176022.7	CTGGCGAC	1
TCCAAGTCCAAGAGGT	ENSG00000176022.7	noUMI	8
TCCAAGTCCAAGAGGT	ENSG00000176022.7	CATTAGAG	1
TCCAAGTCCAAGAGGT	ENSG00000272455.1	noUMI	8
TCCAAGTCCAAGAGGT	ENSG00000272455.1	GTATGATC	2
TCCAAGTCCAAGAGGT	ENSG00000224387.1	noUMI	1
TCCAAGTCCAAGAGGT	ENSG00000270282.1	ATGCTGGT	1
TCCAAGTCCAAGAGGT	ENSG00000171612.7	noUMI	1
TCCAAGTCCAAGAGGT	ENSG00000186301.8	noUMI	3
TCCAAGTCCAAGAGGT	ENSG00000090432.7	noUMI	27
TCCAAGTCCAAGAGGT	ENSG00000090432.7	AACGCGAT	1
TGACCAAGCGATACTG	ENSG00000279457.4	noUMI	2
TGACCAAGCGATACTG	ENSG00000225630.1	noUMI	32
TGACCAAGCGATACTG	ENSG00000225630.1	CAGGAAAG	1
TGACCAAGCGATACTG	ENSG00000225630.1	ATCCACGG	2
TGACCAAGCGATACTG	ENSG00000225630.1	TTAAGGAA	1
TGACCAAGCGATACTG	ENSG00000225630.1	CTATCTGG	3
TGACCAAGCGATACTG	ENSG00000225630.1	CCTAAACG	2
TGACCAAGCGATACTG	ENSG00000225630.1	CGATGGGT	1
TGACCAAGCGATACTG	ENSG00000225630.1	AACAGCCG	1
TGACCAAGCGATACTG	ENSG00000225630.1	ATTCCCCC	1
TGACCAAGCGATACTG	ENSG00000225630.1	CGAAGTAC	1
TGACCAAGCGATACTG	ENSG00000225630.1	CGGCCAGC	1
TGACCAAGCGATACTG	ENSG00000225630.1	TACAGCGA	1
TGACCAAGCGATACTG	ENSG00000225630.1	CCATACGT	1
TGACCAAGCGATACTG	ENSG00000225630.1	AAGCACTG	1
TGACCAAGCGATACTG	ENSG00000225630.1	AGGCCATC	1
TGACCAAGCGATACTG	ENSG00000225630.1	CGAGTAAT	1
TGACCAAGCGATACTG	ENSG00000225630.1	AGTTCTGG	2
TGACCAAGCGATACTG	ENSG00000225630.1	TGACGTAG	1
TGACCAAGCGATACTG	ENSG00000225630.1	TAAGCCTT	1
TGACCAAGCGATACTG	ENSG00000225630.1	CCGTATCC	1
TGACCAAGCGATACTG	ENSG00000225630.1	AGGGGTTA	1
TGACCAAGCGATACTG	ENSG00000225630.1	ATCGTTCA	1
TGACCAAGCGATACTG	ENSG00000225630.1	TAGTCCCA	1
TGACCAAGCGATACTG	ENSG00000225630.1	ACCCCACT	1
TGACCAAGCGATACTG	ENSG00000225630.1	CATCCTCT	1
TGACCAAGCGATACTG	ENSG00000225630.1	GTGCACAG	1
TGACCAAGCGATACTG	ENSG00000225630.1	TAGGGAGC	1
TGACCAAGCGATACTG	ENSG00000225630.1	TACACTAT	1
TGACCAAGCGATACTG	ENSG00000225630.1	TCTTGAGG	2
TGACCAAGCGATACTG	ENSG00000225630.1	AATTAGTG	1
TGACCAAGCGATACTG	ENSG00000225630.1	ACATGTTG	1
TGACCAAGCGATACTG	ENSG00000225630.1	AGATATGG	1
TGACCAAGCGATACTG	ENSG00000225630.1	TGCCTAGA	1
TGACCAAGCGATACTG	ENSG00000225630.1	CAGCCAGA	1
TGACCAAGCGATACTG	ENSG00000225630.1	CAGATTCC	1
TGACCAAGCGATACTG	ENSG00000225630.1	CCTATAAA	1
TGACCAAGCGATACTG	ENSG00000225630.1	TGTAAACC	1
TGACCAAGCGATACTG	ENSG00000225630.1	CATGGGTG	1
TGACCAAGCGATACTG	ENSG00000225630.1	TTCACCGA	1
TGACCAAGCGATACTG	ENSG00000225630.1	GATATTGA	1
TGACCAAGCGATACTG	ENSG00000198744.5	noUMI	1
TGACCAAGCGATACTG	ENSG00000224387.1	noUMI	1
TGACCAAGCGATACTG	ENSG00000270282.1	noUMI	5
TGACCAAGCGATACTG	ENSG00000171612.7	noUMI	1
TGACCAAGCGATACTG	ENSG00000231789.2	noUMI	1
TGACCAAGCGATACTG	ENSG00000231789.2	GGTGAGGA	1
TGACCAAGCGATACTG	ENSG00000287756.1	noUMI	2
TGACCAAGCGATACTG	ENSG00000233954.6	CGTATGCT	1
TGACCAAGCGATACTG	ENSG00000233954.6	noUMI	1
TGACCAAGCGATACTG	ENSG00000233954.6	TTGTGATC	1
TGACCAAGCGATACTG	ENSG00000288398.1	noUMI	7
TGACCAAGCGATACTG	ENSG00000261135.1	noUMI	3
TGACCAAGCGATACTG	ENSG00000272426.1	noUMI	2
TGACCAAGCGATACTG	ENSG00000270728.1	noUMI	2
TGACCAAGCGATACTG	ENSG00000090432.7	noUMI	16
TGACCAAGCGATACTG	ENSG00000179163.12	noUMI	17
TGACCAAGCGATACTG	ENSG00000179163.12	AAGATGGG	1
TGACCAAGCGATACTG	ENSG00000279443.1	AGCGAGGG	1
TGACCAAGCGATACTG	ENSG00000175130.7	noUMI	4
TGACCAAGCGATACTG	ENSG00000243749.1	noUMI	5
TGACCAAGCGATACTG	ENSG00000243749.1	CAGTCAGC	1
TGACCAAGCGATACTG	ENSG00000243749.1	TGCACTTG	1
TGACCAAGCGATACTG	ENSG00000236274.1	noUMI	3
TGACCAAGCGATACTG	ENSG00000116863.11	noUMI	9
TGACCAAGCGATACTG	ENSG00000116863.11	CCTGACAG	1
TGACCAAGCGATACTG	ENSG00000163909.8	noUMI	3
TGACCAAGCGATACTG	ENSG00000117000.9	noUMI	9
TGACCAAGCGATACTG	ENSG00000259943.1	CCATTTCT	1
TGACCAAGCGATACTG	ENSG00000142959.5	noUMI	3
TGACCAAGCGATACTG	ENSG00000186564.6	AAAGCTAG	2
TGACCAAGCGATACTG	ENSG00000186564.6	noUMI	1
TGACCAAGCGATACTG	ENSG00000169213.7	CTACTGCT	1
TGACCAAGCGATACTG	ENSG00000169213.7	GCTCGGCT	1
TGACCAAGCGATACTG	ENSG00000169213.7	noUMI	1
GGAGAGTTCGGTTGTT	ENSG00000225630.1	ACCGGATT	2
GGAGAGTTCGGTTGTT	ENSG00000225630.1	TTGCGGCG	1
GGAGAGTTCGGTTGTT	ENSG00000225630.1	GGGGTCGC	2
GGAGAGTTCGGTTGTT	ENSG00000225630.1	GTCGTGGT	1
GGAGAGTTCGGTTGTT	ENSG00000225630.1	noUMI	35
GGAGAGTTCGGTTGTT	ENSG00000225630.1	TTAGTAGG	2
GGAGAGTTCGGTTGTT	ENSG00000225630.1	TAGAGTGG	2
GGAGAGTTCGGTTGTT	ENSG00000225630.1	CCGTGAAA	4
GGAGAGTTCGGTTGTT	ENSG00000225630.1	GCTCAGTT	2
GGAGAGTTCGGTTGTT	ENSG00000225630.1	CTGGAAAA	1
GGAGAGTTCGGTTGTT	ENSG00000225630.1	GGCAATTA	1
GGAGAGTTCGGTTGTT	ENSG00000225630.1	TGGGAGGG	1
GGAGAGTTCGGTTGTT	ENSG00000225630.1	GCACTTAC	2
GGAGAGTTCGGTTGTT	ENSG00000225630.1	CTCCAGGC	1
GGAGAGTTCGGTTGTT	ENSG00000225630.1	AATCACGC	1
GGAGAGTTCGGTTGTT	ENSG00000225630.1	CATGTGAT	3
GGAGAGTTCGGTTGTT	ENSG00000225630.1	TTTGGACG	1
GGAGAGTTCGGTTGTT	ENSG00000225630.1	ACCTACGT	2
GGAGAGTTCGGTTGTT	ENSG00000225630.1	CAACCGCT	1
GGAGAGTTCGGTTGTT	ENSG00000225630.1	CTGTCTGC	3
GGAGAGTTCGGTTGTT	ENSG00000225630.1	GCGGCTGA	1
GGAGAGTTCGGTTGTT	ENSG00000225630.1	TATAGGTT	1
GGAGAGTTCGGTTGTT	ENSG00000225630.1	GTAGTCTG	1
GGAGAGTTCGGTTGTT	ENSG00000225630.1	AACGCACG	1
GGAGAGTTCGGTTGTT	ENSG00000225630.1	CGTTCCCG	3
GGAGAGTTCGGTTGTT	ENSG00000225630.1	GAGCATAC	2
GGAGAGTTCGGTTGTT	ENSG00000225630.1	ACCCGCAG	1
GGAGAGTTCGGTTGTT	ENSG00000225630.1	CCATCAAC	1
GGAGAGTTCGGTTGTT	ENSG00000225630.1	GTGTGGAT	1
GGAGAGTTCGGTTGTT	ENSG00000225630.1	CATCCGTG	1
GGAGAGTTCGGTTGTT	ENSG00000225630.1	ACCTATTT	2
GGAGAGTTCGGTTGTT	ENSG00000225630.1	TGGGTACT	2
GGAGAGTTCGGTTGTT	ENSG00000225630.1	GCCCTTAG	1
GGAGAGTTCGGTTGTT	ENSG00000225630.1	AAGTAAAC	2
GGAGAGTTCGGTTGTT	ENSG00000225630.1	GGCTTCCA	1
GGAGAGTTCGGTTGTT	ENSG00000225630.1	CTAAACCG	1
GGAGAGTTCGGTTGTT	ENSG00000225630.1	AGAATTCG	1
GGAGAGTTCGGTTGTT	ENSG00000225630.1	TTCGGAAG	2
GGAGAGTTCGGTTGTT	ENSG00000225630.1	ATACGCCT	4
GGAGAGTTCGGTTGTT	ENSG00000225630.1	GACGTTTT	1
GGAGAGTTCGGTTGTT	ENSG00000225630.1	GGCGCCAG	1
GGAGAGTTCGGTTGTT	ENSG00000225630.1	AACTGCCG	1
GGAGAGTTCGGTTGTT	ENSG00000225630.1	CAAGGGCC	1
GGAGAGTTCGGTTGTT	ENSG00000225630.1	TGGTTCGA	1
GGAGAGTTCGGTTGTT	ENSG00000225630.1	TCCTGAGC	1
GGAGAGTTCGGTTGTT	ENSG00000225630.1	AGTTCTGG	1
GGAGAGTTCGGTTGTT	ENSG00000225630.1	GGGGTCAT	1
GGAGAGTTCGGTTGTT	ENSG00000225630.1	GAGTAAGT	1
GGAGAGTTCGGTTGTT	ENSG00000225630.1	CTCGAGGC	1
GGAGAGTTCGGTTGTT	ENSG00000225630.1	CTGAGGCT	1
GGAGAGTTCGGTTGTT	ENSG00000225630.1	TTTTGCGG	1
GGAGAGTTCGGTTGTT	ENSG00000225630.1	AAAGATGG	1
GGAGAGTTCGGTTGTT	ENSG00000225630.1	AACGACCG	1
GGAGAGTTCGGTTGTT	ENSG00000225630.1	ACTAATCC	1
GGAGAGTTCGGTTGTT	ENSG00000225630.1	TCGGCAAA	1
GGAGAGTTCGGTTGTT	ENSG00000225630.1	ACCTATAC	1
GGAGAGTTCGGTTGTT	ENSG00000225630.1	TAGGGCTC	2
GGAGAGTTCGGTTGTT	ENSG00000225630.1	ATAAGGAA	2
GGAGAGTTCGGTTGTT	ENSG00000225630.1	TGGTATGC	1
GGAGAGTTCGGTTGTT	ENSG00000225630.1	ATGGTCAA	2
GGAGAGTTCGGTTGTT	ENSG00000225630.1	GATGGATA	1
GGAGAGTTCGGTTGTT	ENSG00000225630.1	GACCCTAG	1
GGAGAGTTCGGTTGTT	ENSG00000225630.1	CTATAGGA	1
GGAGAGTTCGGTTGTT	ENSG00000225630.1	TATGACCG	1
GGAGAGTTCGGTTGTT	ENSG00000225630.1	CAAATCGA	1
GGAGAGTTCGGTTGTT	ENSG00000225630.1	AGGCGCCC	2
GGAGAGTTCGGTTGTT	ENSG00000225630.1	ACAAGTCT	1
GGAGAGTTCGGTTGTT	ENSG00000225630.1	CCGGATAT	2
GGAGAGTTCGGTTGTT	ENSG00000225630.1	AGCTCCAT	3
GGAGAGTTCGGTTGTT	ENSG00000225630.1	ATCAACAT	2
GGAGAGTTCGGTTGTT	ENSG00000225630.1	TAGGAGCA	1
GGAGAGTTCGGTTGTT	ENSG00000225630.1	CGTACTAT	1
GGAGAGTTCGGTTGTT	ENSG00000225630.1	ATATCATG	1
GGAGAGTTCGGTTGTT	ENSG00000225630.1	GGACAGGC	1
GGAGAGTTCGGTTGTT	ENSG00000225630.1	ATATCGAG	1
GGAGAGTTCGGTTGTT	ENSG00000225630.1	GAATAAGG	2
GGAGAGTTCGGTTGTT	ENSG00000272512.1	noUMI	3
GGAGAGTTCGGTTGTT	ENSG00000176022.7	noUMI	2
GGAGAGTTCGGTTGTT	ENSG00000171612.7	AGGCTACC	1
GGAGAGTTCGGTTGTT	ENSG00000171612.7	noUMI	2
GGAGAGTTCGGTTGTT	ENSG00000171612.7	GACGTACG	1
GGAGAGTTCGGTTGTT	ENSG00000233954.6	ACGGACAT	1
GGAGAGTTCGGTTGTT	ENSG00000288398.1	noUMI	1
GGAGAGTTCGGTTGTT	ENSG00000261135.1	noUMI	2
GGAGAGTTCGGTTGTT	ENSG00000090432.7	noUMI	19
GGAGAGTTCGGTTGTT	ENSG00000090432.7	GACGAGAG	1
GGAGAGTTCGGTTGTT	ENSG00000090432.7	ATGGAACC	1
GGAGAGTTCGGTTGTT	ENSG00000179163.12	noUMI	18
GGAGAGTTCGGTTGTT	ENSG00000179163.12	GGAAGCGG	1
GGAGAGTTCGGTTGTT	ENSG00000179163.12	GAACGTGG	1
GGAGAGTTCGGTTGTT	ENSG00000243749.1	noUMI	2
GGAGAGTTCGGTTGTT	ENSG00000116863.11	noUMI	25
GGAGAGTTCGGTTGTT	ENSG00000116863.11	CCACGTCG	1
GGAGAGTTCGGTTGTT	ENSG00000116863.11	TGCTCACC	1
GGAGAGTTCGGTTGTT	ENSG00000116863.11	TTGTCAAC	1
GGAGAGTTCGGTTGTT	ENSG00000117000.9	noUMI	3
GGAGAGTTCGGTTGTT	ENSG00000259943.1	noUMI	13
GGAGAGTTCGGTTGTT	ENSG00000259943.1	TGTGCATG	1
GGAGAGTTCGGTTGTT	ENSG00000259943.1	CGTGCCTC	1
TTGGAACCCAATGGAC	ENSG00000279457.4	AAATCTCG	1
TTGGAACCCAATGGAC	ENSG00000279457.4	noUMI	2
TTGGAACCCAATGGAC	ENSG00000225630.1	TTATGGGG	1
TTGGAACCCAATGGAC	ENSG00000225630.1	noUMI	27
TTGGAACCCAATGGAC	ENSG00000225630.1	GGTGAGAG	1
TTGGAACCCAATGGAC	ENSG00000225630.1	AACTGAGC	1
TTGGAACCCAATGGAC	ENSG00000225630.1	TGCTGCGT	1
TTGGAACCCAATGGAC	ENSG00000225630.1	AGCGTTTC	1
TTGGAACCCAATGGAC	ENSG00000225630.1	TTACAGCA	1
TTGGAACCCAATGGAC	ENSG00000225630.1	AGGCACTG	1
TTGGAACCCAATGGAC	ENSG00000225630.1	TTGCAGTT	1
TTGGAACCCAATGGAC	ENSG00000225630.1	CCTTTGGT	1
TTGGAACCCAATGGAC	ENSG00000225630.1	GTTGGAAA	1
TTGGAACCCAATGGAC	ENSG00000225630.1	TCTAAGTA	1
TTGGAACCCAATGGAC	ENSG00000225630.1	TAAATCAA	1
TTGGAACCCAATGGAC	ENSG00000225630.1	AGAACGCA	1
TTGGAACCCAATGGAC	ENSG00000225630.1	GTGTGGTC	1
TTGGAACCCAATGGAC	ENSG00000225630.1	ACGTAACA	1
TTGGAACCCAATGGAC	ENSG00000225630.1	ATATAGTT	1
TTGGAACCCAATGGAC	ENSG00000225630.1	GACAATAC	1
TTGGAACCCAATGGAC	ENSG00000225630.1	CCGGAGGT	1
TTGGAACCCAATGGAC	ENSG00000225630.1	ACAAACCA	1
TTGGAACCCAATGGAC	ENSG00000225630.1	GGTAAGGT	1
TTGGAACCCAATGGAC	ENSG00000225630.1	TATGGACC	2
TTGGAACCCAATGGAC	ENSG00000225630.1	GGGTCCAC	1
TTGGAACCCAATGGAC	ENSG00000225630.1	GGTGCACG	1
TTGGAACCCAATGGAC	ENSG00000225630.1	GACCTTAA	1
TTGGAACCCAATGGAC	ENSG00000225630.1	ATTGCCGT	1
TTGGAACCCAATGGAC	ENSG00000225630.1	GCTTAAGT	1
TTGGAACCCAATGGAC	ENSG00000225630.1	TACGTTGG	1
TTGGAACCCAATGGAC	ENSG00000225630.1	AATAATGG	1
TTGGAACCCAATGGAC	ENSG00000225630.1	TGACGACT	1
TTGGAACCCAATGGAC	ENSG00000225630.1	GGGCCCTG	1
TTGGAACCCAATGGAC	ENSG00000225630.1	CTAAGACG	1
TTGGAACCCAATGGAC	ENSG00000225630.1	GCCAATAT	1
TTGGAACCCAATGGAC	ENSG00000225630.1	ATGCATAG	1
TTGGAACCCAATGGAC	ENSG00000198744.5	noUMI	1
TTGGAACCCAATGGAC	ENSG00000272512.1	CCAACCCC	1
TTGGAACCCAATGGAC	ENSG00000176022.7	TCACTACC	1
TTGGAACCCAATGGAC	ENSG00000171612.7	noUMI	2
TTGGAACCCAATGGAC	ENSG00000171612.7	ACACGAAA	1
TTGGAACCCAATGGAC	ENSG00000233954.6	GGTATGCT	1
TTGGAACCCAATGGAC	ENSG00000233954.6	AGTATGCT	1
TTGGAACCCAATGGAC	ENSG00000233954.6	noUMI	1
TTGGAACCCAATGGAC	ENSG00000288398.1	noUMI	4
TTGGAACCCAATGGAC	ENSG00000090432.7	noUMI	11
TTGGAACCCAATGGAC	ENSG00000179163.12	noUMI	7
TTGGAACCCAATGGAC	ENSG00000228634.1	noUMI	1
TTGGAACCCAATGGAC	ENSG00000175130.7	CAGTGACC	2
TTGGAACCCAATGGAC	ENSG00000175130.7	TCACAATT	2
TTGGAACCCAATGGAC	ENSG00000175130.7	ATATGTGT	1
TTGGAACCCAATGGAC	ENSG00000243749.1	noUMI	1
TTGGAACCCAATGGAC	ENSG00000116863.11	noUMI	16
TTGGAACCCAATGGAC	ENSG00000223589.2	noUMI	1
TTGGAACCCAATGGAC	ENSG00000259943.1	noUMI	1
TTGGAACCCAATGGAC	ENSG00000259943.1	GTATGATA	1
TTGGAACCCAATGGAC	ENSG00000260920.2	TGAGGGGA	4
TTGGAACCCAATGGAC	ENSG00000260920.2	noUMI	1
TTGGAACCCAATGGAC	ENSG00000225779.1	noUMI	1
TTGGAACCCAATGGAC	ENSG00000228929.1	noUMI	1
TTGGAACCCAATGGAC	ENSG00000116704.8	noUMI	3
TTGGAACCCAATGGAC	ENSG00000066557.6	noUMI	10
TTGGAACCCAATGGAC	ENSG00000226084.5	GGTCGTCT	1
TTGGAACCCAATGGAC	ENSG00000143032.8	noUMI	1
GGTCTCAACAGATTCG	ENSG00000279457.4	GGTTTCCA	1
GGTCTCAACAGATTCG	ENSG00000225630.1	CAGCGTGG	1
GGTCTCAACAGATTCG	ENSG00000225630.1	ATTCATAA	2
GGTCTCAACAGATTCG	ENSG00000225630.1	GGTACAAC	1
GGTCTCAACAGATTCG	ENSG00000225630.1	TACACTCC	1
GGTCTCAACAGATTCG	ENSG00000225630.1	TGCACGGT	1
GGTCTCAACAGATTCG	ENSG00000225630.1	GCATGCTA	1
GGTCTCAACAGATTCG	ENSG00000225630.1	GATAGCAC	1
GGTCTCAACAGATTCG	ENSG00000225630.1	TCTCAGGA	1
GGTCTCAACAGATTCG	ENSG00000225630.1	ATACAAAT	1
GGTCTCAACAGATTCG	ENSG00000225630.1	ACGGACCA	1
GGTCTCAACAGATTCG	ENSG00000225630.1	noUMI	28
GGTCTCAACAGATTCG	ENSG00000225630.1	AAAGATAT	3
GGTCTCAACAGATTCG	ENSG00000225630.1	CTCACCAA	1
GGTCTCAACAGATTCG	ENSG00000225630.1	TCCACTAG	1
GGTCTCAACAGATTCG	ENSG00000225630.1	CCCAGAAC	1
GGTCTCAACAGATTCG	ENSG00000225630.1	GCAGCTCC	1
GGTCTCAACAGATTCG	ENSG00000225630.1	GGTCCCAA	1
GGTCTCAACAGATTCG	ENSG00000225630.1	CACAACGC	1
GGTCTCAACAGATTCG	ENSG00000225630.1	CTAATATG	1
GGTCTCAACAGATTCG	ENSG00000225630.1	CGAGCAGT	1
GGTCTCAACAGATTCG	ENSG00000225630.1	CGGACTTG	1
GGTCTCAACAGATTCG	ENSG00000225630.1	CATGCTAT	1
GGTCTCAACAGATTCG	ENSG00000225630.1	CCATAAGT	1
GGTCTCAACAGATTCG	ENSG00000225630.1	GAGGCTTG	1
GGTCTCAACAGATTCG	ENSG00000225630.1	AAAGTCGT	1
GGTCTCAACAGATTCG	ENSG00000225630.1	CTACACGT	1
GGTCTCAACAGATTCG	ENSG00000225630.1	CATAATAT	2
GGTCTCAACAGATTCG	ENSG00000225630.1	AGTGGAGG	1
GGTCTCAACAGATTCG	ENSG00000225630.1	ACTAAGAA	1
GGTCTCAACAGATTCG	ENSG00000225630.1	CTAGCATC	1
GGTCTCAACAGATTCG	ENSG00000225630.1	TCTCCAAT	1
GGTCTCAACAGATTCG	ENSG00000225630.1	ACGTCCGA	1
GGTCTCAACAGATTCG	ENSG00000225630.1	GGAGACTC	1
GGTCTCAACAGATTCG	ENSG00000225630.1	TATGCGTC	1
GGTCTCAACAGATTCG	ENSG00000225630.1	GCTACTCG	1
GGTCTCAACAGATTCG	ENSG00000225630.1	TGGGTGGT	1
GGTCTCAACAGATTCG	ENSG00000225630.1	GCTCGTGT	1
GGTCTCAACAGATTCG	ENSG00000225630.1	GAAGAAGG	1
GGTCTCAACAGATTCG	ENSG00000225630.1	AACCTGAT	2
GGTCTCAACAGATTCG	ENSG00000225630.1	TGCTACTA	1
GGTCTCAACAGATTCG	ENSG00000225630.1	CATCCTGA	2
GGTCTCAACAGATTCG	ENSG00000225630.1	ACAATAAT	1
GGTCTCAACAGATTCG	ENSG00000225630.1	CTCACGGT	1
GGTCTCAACAGATTCG	ENSG00000225630.1	TCAACGCA	1
GGTCTCAACAGATTCG	ENSG00000225630.1	GTAGTCAG	1
GGTCTCAACAGATTCG	ENSG00000225630.1	GCATCCTA	1
GGTCTCAACAGATTCG	ENSG00000225630.1	GGCTCCGG	2
GGTCTCAACAGATTCG	ENSG00000225630.1	CATGCCGG	1
GGTCTCAACAGATTCG	ENSG00000225630.1	ACAATGGA	4
GGTCTCAACAGATTCG	ENSG00000225630.1	ATTTCGAT	2
GGTCTCAACAGATTCG	ENSG00000225630.1	CTTCCAAT	1
GGTCTCAACAGATTCG	ENSG00000225630.1	CCTTGTGT	1
GGTCTCAACAGATTCG	ENSG00000225630.1	GGTACCTC	1
GGTCTCAACAGATTCG	ENSG00000225630.1	GCTACTGA	1
GGTCTCAACAGATTCG	ENSG00000225630.1	TGAGCGCA	1
GGTCTCAACAGATTCG	ENSG00000225630.1	CATCGGAT	1
GGTCTCAACAGATTCG	ENSG00000225630.1	GGGAACTC	1
GGTCTCAACAGATTCG	ENSG00000225630.1	TCGACCTA	1
GGTCTCAACAGATTCG	ENSG00000225630.1	AAACACCC	1
GGTCTCAACAGATTCG	ENSG00000225630.1	TAATACGA	1
GGTCTCAACAGATTCG	ENSG00000225630.1	CGGATCGG	1
GGTCTCAACAGATTCG	ENSG00000225630.1	GAGCTCGT	1
GGTCTCAACAGATTCG	ENSG00000225630.1	TAAAAGCG	1
GGTCTCAACAGATTCG	ENSG00000225630.1	GAGTTGAC	1
GGTCTCAACAGATTCG	ENSG00000225630.1	ACCAGTCC	1
GGTCTCAACAGATTCG	ENSG00000225630.1	GGGGCTCC	1
GGTCTCAACAGATTCG	ENSG00000225630.1	CGGATAAG	1
GGTCTCAACAGATTCG	ENSG00000225630.1	GCATCGCA	2
GGTCTCAACAGATTCG	ENSG00000225630.1	TCAGGAAA	1
GGTCTCAACAGATTCG	ENSG00000225630.1	GATCGTAA	1
GGTCTCAACAGATTCG	ENSG00000225630.1	AAAGGGAT	4
GGTCTCAACAGATTCG	ENSG00000225630.1	TTTCGGGA	1
GGTCTCAACAGATTCG	ENSG00000225630.1	TTCGCAAG	1
GGTCTCAACAGATTCG	ENSG00000225630.1	GCGGGCCT	1
GGTCTCAACAGATTCG	ENSG00000225630.1	TTCGGGAT	1
GGTCTCAACAGATTCG	ENSG00000225630.1	ATGCTAGT	1
GGTCTCAACAGATTCG	ENSG00000225630.1	ACATACGC	1
GGTCTCAACAGATTCG	ENSG00000225630.1	CTAGGCCT	2
GGTCTCAACAGATTCG	ENSG00000225630.1	AACGTAGA	1
GGTCTCAACAGATTCG	ENSG00000225630.1	CTGTCATT	1
GGTCTCAACAGATTCG	ENSG00000225630.1	TGTGTGGG	1
GGTCTCAACAGATTCG	ENSG00000225630.1	ATTACCGC	1
GGTCTCAACAGATTCG	ENSG00000225630.1	AAATAATT	1
GGTCTCAACAGATTCG	ENSG00000225630.1	GAAGTCTC	1
GGTCTCAACAGATTCG	ENSG00000225630.1	TTTGGAAG	1
GGTCTCAACAGATTCG	ENSG00000225630.1	ATACGACC	1
GGTCTCAACAGATTCG	ENSG00000225630.1	GATGTTGC	1
GGTCTCAACAGATTCG	ENSG00000225630.1	GACTTGGG	1
GGTCTCAACAGATTCG	ENSG00000225630.1	GTGTGACA	1
GGTCTCAACAGATTCG	ENSG00000225630.1	GTCGCACC	1
GGTCTCAACAGATTCG	ENSG00000225630.1	TGATACAG	1
GGTCTCAACAGATTCG	ENSG00000225630.1	GACTGTCT	1
GGTCTCAACAGATTCG	ENSG00000225630.1	CTAAGCGC	1
GGTCTCAACAGATTCG	ENSG00000225630.1	GCACGTAT	1
GGTCTCAACAGATTCG	ENSG00000225630.1	AGGACTTC	1
GGTCTCAACAGATTCG	ENSG00000225630.1	TGACGTGT	2
GGTCTCAACAGATTCG	ENSG00000225630.1	AAGCGTTC	1
GGTCTCAACAGATTCG	ENSG00000225630.1	GTGCTGTT	1
GGTCTCAACAGATTCG	ENSG00000225630.1	AGCGACGT	1
GGTCTCAACAGATTCG	ENSG00000225630.1	TTGTGAAG	1
GGTCTCAACAGATTCG	ENSG00000225630.1	CTTGGAGA	1
GGTCTCAACAGATTCG	ENSG00000225630.1	AGACGCCG	1
GGTCTCAACAGATTCG	ENSG00000225630.1	AATACTAG	1
GGTCTCAACAGATTCG	ENSG00000225630.1	TGCCACTT	1
GGTCTCAACAGATTCG	ENSG00000225630.1	GGGCACGT	1
GGTCTCAACAGATTCG	ENSG00000176022.7	noUMI	1
GGTCTCAACAGATTCG	ENSG00000231789.2	noUMI	1
GGTCTCAACAGATTCG	ENSG00000233954.6	noUMI	1
GGTCTCAACAGATTCG	ENSG00000233954.6	CAAGACTT	2
GGTCTCAACAGATTCG	ENSG00000233954.6	CCAGCCGT	1
GGTCTCAACAGATTCG	ENSG00000233954.6	TCGTATGC	2
GGTCTCAACAGATTCG	ENSG00000288398.1	noUMI	1
GGTCTCAACAGATTCG	ENSG00000261135.1	noUMI	1
GGTCTCAACAGATTCG	ENSG00000270728.1	noUMI	1
GGTCTCAACAGATTCG	ENSG00000090432.7	noUMI	5
GGTCTCAACAGATTCG	ENSG00000179163.12	noUMI	3
GGTCTCAACAGATTCG	ENSG00000175130.7	noUMI	1
GGTCTCAACAGATTCG	ENSG00000175130.7	ACATACCC	1
GGTCTCAACAGATTCG	ENSG00000175130.7	GTCACAAG	1
GGTCTCAACAGATTCG	ENSG00000243749.1	noUMI	2
GGTCTCAACAGATTCG	ENSG00000243749.1	AGGCGGGG	1
GGTCTCAACAGATTCG	ENSG00000243749.1	CAGGAAAG	1
GGTCTCAACAGATTCG	ENSG00000243749.1	GTCGTTAT	1
GGTCTCAACAGATTCG	ENSG00000116863.11	CGTCGATC	1
GGTCTCAACAGATTCG	ENSG00000116863.11	noUMI	2
GGTCTCAACAGATTCG	ENSG00000117000.9	noUMI	1
GGTCTCAACAGATTCG	ENSG00000259943.1	AAACTGAC	1
GGTCTCAACAGATTCG	ENSG00000186603.7	noUMI	4
GGTCTCAACAGATTCG	ENSG00000237424.1	noUMI	3
GGTCTCAACAGATTCG	ENSG00000237424.1	CTAGCCCT	2
GGTCTCAACAGATTCG	ENSG00000186564.6	noUMI	1
GGTCTCAACAGATTCG	ENSG00000162396.6	noUMI	4
GGTCTCAACAGATTCG	ENSG00000066557.6	noUMI	7
GGTCTCAACAGATTCG	ENSG00000226415.1	noUMI	1
GGTCTCAACAGATTCG	ENSG00000226084.5	AACTGGTC	1
GGTCTCAACAGATTCG	ENSG00000267734.1	noUMI	1
GGTCTCAAGGAGTAAC	ENSG00000225630.1	AAAATGTA	1
GGTCTCAAGGAGTAAC	ENSG00000225630.1	TCCGAGGA	1
GGTCTCAAGGAGTAAC	ENSG00000225630.1	GGCCAGCA	1
GGTCTCAAGGAGTAAC	ENSG00000225630.1	TCGAACCT	3
GGTCTCAAGGAGTAAC	ENSG00000225630.1	TTCGCCTA	1
GGTCTCAAGGAGTAAC	ENSG00000225630.1	AGCGGGCC	1
GGTCTCAAGGAGTAAC	ENSG00000225630.1	AGAGGGAA	1
GGTCTCAAGGAGTAAC	ENSG00000225630.1	CCTCAGTT	1
GGTCTCAAGGAGTAAC	ENSG00000225630.1	GATCCAAT	1
GGTCTCAAGGAGTAAC	ENSG00000225630.1	AGAAGCCG	1
GGTCTCAAGGAGTAAC	ENSG00000225630.1	TGGCCTTT	1
GGTCTCAAGGAGTAAC	ENSG00000225630.1	noUMI	5
GGTCTCAAGGAGTAAC	ENSG00000225630.1	CACACCTT	1
GGTCTCAAGGAGTAAC	ENSG00000225630.1	GTAGCTAA	2
GGTCTCAAGGAGTAAC	ENSG00000225630.1	GAAGTTCC	1
GGTCTCAAGGAGTAAC	ENSG00000225630.1	AATTAGGG	1
GGTCTCAAGGAGTAAC	ENSG00000225630.1	CAGATGAA	1
GGTCTCAAGGAGTAAC	ENSG00000225630.1	TATCGGGC	1
GGTCTCAAGGAGTAAC	ENSG00000225630.1	TGACTACC	1
GGTCTCAAGGAGTAAC	ENSG00000225630.1	GAGGGGAT	1
GGTCTCAAGGAGTAAC	ENSG00000225630.1	GAGTATAG	1
GGTCTCAAGGAGTAAC	ENSG00000171612.7	noUMI	1
GGTCTCAAGGAGTAAC	ENSG00000090432.7	noUMI	3
GGTCTCAAGGAGTAAC	ENSG00000090432.7	GTCGCAAA	1
GGTCTCAAGGAGTAAC	ENSG00000235112.1	noUMI	2
GGTCTCAAGGAGTAAC	ENSG00000179163.12	noUMI	2
GGTCTCAAGGAGTAAC	ENSG00000175130.7	GTTCAGCC	1
GGTCTCAAGGAGTAAC	ENSG00000163909.8	GCGGCGTC	2
GGTCTCAAGGAGTAAC	ENSG00000116981.4	GACCGATG	3
GGTCTCAAGGAGTAAC	ENSG00000117000.9	noUMI	1
GGTCTCAAGGAGTAAC	ENSG00000233877.2	noUMI	2
GGTCTCAAGGAGTAAC	ENSG00000233877.2	CGAAAGGG	2
GGTCTCAAGGAGTAAC	ENSG00000066557.6	noUMI	1
GGTCTCAAGGAGTAAC	ENSG00000226084.5	TGGTGTAC	1
GGTCTCAAGGAGTAAC	ENSG00000226084.5	CAACGGCC	1
GGTCTCAAGGAGTAAC	ENSG00000065135.12	ACGTAACG	1
GGTCTCAAGGAGTAAC	ENSG00000065135.12	noUMI	9
GGTCTCAAGGAGTAAC	ENSG00000184260.6	CAAGGAAG	1
GGTCTCAAGGAGTAAC	ENSG00000184260.6	AACACTCT	3
GGTCTCAAGGAGTAAC	ENSG00000158615.9	noUMI	1
GGTCTCAAGGAGTAAC	ENSG00000170385.10	noUMI	1
GGTCTCAAGGAGTAAC	ENSG00000143751.10	noUMI	4
GGTCTCAAGGAGTAAC	ENSG00000143751.10	ACCAGCCT	1
GGTCTCAAGGAGTAAC	ENSG00000143653.10	noUMI	1
GGTCTCAAGGAGTAAC	ENSG00000259865.1	noUMI	2
TTGGAACCGAGGTTAG	ENSG00000225972.1	GGGTTTCC	1
TTGGAACCGAGGTTAG	ENSG00000225630.1	TGGTCGGT	1
TTGGAACCGAGGTTAG	ENSG00000225630.1	CGAGTAGG	1
TTGGAACCGAGGTTAG	ENSG00000225630.1	AAAAACGC	2
TTGGAACCGAGGTTAG	ENSG00000225630.1	TCAGGGAA	1
TTGGAACCGAGGTTAG	ENSG00000225630.1	noUMI	7
TTGGAACCGAGGTTAG	ENSG00000225630.1	GATACAGA	1
TTGGAACCGAGGTTAG	ENSG00000225630.1	CGAACAGA	1
TTGGAACCGAGGTTAG	ENSG00000225630.1	CCTTGAAC	1
TTGGAACCGAGGTTAG	ENSG00000225630.1	GATCTGGC	1
TTGGAACCGAGGTTAG	ENSG00000225630.1	CAGTAGAA	1
TTGGAACCGAGGTTAG	ENSG00000225630.1	TGCGACAA	1
TTGGAACCGAGGTTAG	ENSG00000225630.1	TGCGATGT	2
TTGGAACCGAGGTTAG	ENSG00000225630.1	GGCCCCGT	1
TTGGAACCGAGGTTAG	ENSG00000225630.1	GGCTCAGC	1
TTGGAACCGAGGTTAG	ENSG00000225630.1	TCACTCTG	1
TTGGAACCGAGGTTAG	ENSG00000225630.1	GCGCTTAG	1
TTGGAACCGAGGTTAG	ENSG00000225630.1	ACAAGCAG	1
TTGGAACCGAGGTTAG	ENSG00000225630.1	AGACTCGC	1
TTGGAACCGAGGTTAG	ENSG00000225630.1	TCTCAGGT	1
TTGGAACCGAGGTTAG	ENSG00000225630.1	CTCTATGC	1
TTGGAACCGAGGTTAG	ENSG00000225630.1	CATAGTCC	1
TTGGAACCGAGGTTAG	ENSG00000090432.7	noUMI	1
TTGGAACCGAGGTTAG	ENSG00000179163.12	noUMI	3
TTGGAACCGAGGTTAG	ENSG00000175130.7	noUMI	1
TTGGAACCGAGGTTAG	ENSG00000116863.11	noUMI	8
TTGGAACCGAGGTTAG	ENSG00000287422.1	noUMI	1
TTGGAACCGAGGTTAG	ENSG00000163909.8	noUMI	1
TTGGAACCGAGGTTAG	ENSG00000117000.9	noUMI	1
TTGGAACCGAGGTTAG	ENSG00000117000.9	CACACATG	1
TTGGAACCGAGGTTAG	ENSG00000236004.2	GGGACTTT	1
TTGGAACCGAGGTTAG	ENSG00000116704.8	noUMI	3
TTGGAACCGAGGTTAG	ENSG00000066557.6	noUMI	4
TTGGAACCGAGGTTAG	ENSG00000137970.7	noUMI	1
TTGGAACCGAGGTTAG	ENSG00000065135.12	TAGTTCAG	1
TTGGAACCGAGGTTAG	ENSG00000065135.12	CGAAAGTG	1
TTGGAACCGAGGTTAG	ENSG00000065135.12	noUMI	18
TTGGAACCGAGGTTAG	ENSG00000065135.12	AATGGGCC	2
TTGGAACCGAGGTTAG	ENSG00000065135.12	AGCCATTG	1
TTGGAACCGAGGTTAG	ENSG00000233337.1	noUMI	1
TTGGAACCGAGGTTAG	ENSG00000238198.2	noUMI	1
TTGGAACCGAGGTTAG	ENSG00000213281.5	noUMI	1
TTGGAACCGAGGTTAG	ENSG00000287978.1	GCACTGGG	1
TTGGAACCGAGGTTAG	ENSG00000235082.2	noUMI	1
TTGGAACCGAGGTTAG	ENSG00000143333.7	noUMI	1
TTGGAACCGAGGTTAG	ENSG00000143333.7	AACTCACG	1
TTGGAACCGAGGTTAG	ENSG00000143333.7	GAGTTGTG	1
TTGGAACCGAGGTTAG	ENSG00000218283.2	ATTAACTG	2
TTGGAACCGAGGTTAG	ENSG00000218283.2	CACTTATG	1
TTGGAACCGAGGTTAG	ENSG00000218283.2	noUMI	1
TTGGAACCGAGGTTAG	ENSG00000143751.10	noUMI	1
TTGGAACCGAGGTTAG	ENSG00000143653.10	noUMI	1
TTGGAACCGAGGTTAG	ENSG00000259865.1	noUMI	7
TTGGAACCGAGGTTAG	ENSG00000162722.9	noUMI	1
TCCTTGCTCAGATTCG	ENSG00000279457.4	noUMI	4
TCCTTGCTCAGATTCG	ENSG00000225630.1	TAGAGTAG	1
TCCTTGCTCAGATTCG	ENSG00000225630.1	CTATAAAA	1
TCCTTGCTCAGATTCG	ENSG00000225630.1	GTACCTAA	1
TCCTTGCTCAGATTCG	ENSG00000225630.1	AACAGTCT	2
TCCTTGCTCAGATTCG	ENSG00000225630.1	CGTTCGAG	1
TCCTTGCTCAGATTCG	ENSG00000225630.1	GGCTTCTT	1
TCCTTGCTCAGATTCG	ENSG00000225630.1	GAACTTGT	1
TCCTTGCTCAGATTCG	ENSG00000225630.1	GAGTGTAT	2
TCCTTGCTCAGATTCG	ENSG00000225630.1	TTGCCTAT	1
TCCTTGCTCAGATTCG	ENSG00000225630.1	GGATCATC	1
TCCTTGCTCAGATTCG	ENSG00000225630.1	noUMI	40
TCCTTGCTCAGATTCG	ENSG00000225630.1	TTCAGACA	1
TCCTTGCTCAGATTCG	ENSG00000225630.1	ATTCCCCG	1
TCCTTGCTCAGATTCG	ENSG00000225630.1	AGTCAGGT	1
TCCTTGCTCAGATTCG	ENSG00000225630.1	TTCACGAC	2
TCCTTGCTCAGATTCG	ENSG00000225630.1	GTTCTTAT	1
TCCTTGCTCAGATTCG	ENSG00000225630.1	ACCTGCGT	1
TCCTTGCTCAGATTCG	ENSG00000225630.1	TGAGGGGA	3
TCCTTGCTCAGATTCG	ENSG00000225630.1	AATGTGTC	2
TCCTTGCTCAGATTCG	ENSG00000225630.1	TGTTGTTA	1
TCCTTGCTCAGATTCG	ENSG00000225630.1	AATACCCC	1
TCCTTGCTCAGATTCG	ENSG00000225630.1	TAAAGAGA	2
TCCTTGCTCAGATTCG	ENSG00000225630.1	ACGTAAAA	1
TCCTTGCTCAGATTCG	ENSG00000225630.1	AGAATACT	3
TCCTTGCTCAGATTCG	ENSG00000225630.1	TTTATCGG	1
TCCTTGCTCAGATTCG	ENSG00000225630.1	ACGTGGTG	1
TCCTTGCTCAGATTCG	ENSG00000225630.1	GAATTAGT	1
TCCTTGCTCAGATTCG	ENSG00000225630.1	TCCTAAGT	1
TCCTTGCTCAGATTCG	ENSG00000225630.1	CATAGCGA	1
TCCTTGCTCAGATTCG	ENSG00000225630.1	GACACACC	1
TCCTTGCTCAGATTCG	ENSG00000225630.1	GAATTCTC	1
TCCTTGCTCAGATTCG	ENSG00000225630.1	CCAGGTCT	2
TCCTTGCTCAGATTCG	ENSG00000225630.1	TGTCATGG	1
TCCTTGCTCAGATTCG	ENSG00000225630.1	TCACCAGT	3
TCCTTGCTCAGATTCG	ENSG00000225630.1	ATCGGATG	1
TCCTTGCTCAGATTCG	ENSG00000225630.1	CTCGAAAA	1
TCCTTGCTCAGATTCG	ENSG00000225630.1	CGTTCCTG	1
TCCTTGCTCAGATTCG	ENSG00000225630.1	CGTTGCTC	1
TCCTTGCTCAGATTCG	ENSG00000225630.1	CATACTAC	1
TCCTTGCTCAGATTCG	ENSG00000225630.1	GGTCATTA	1
TCCTTGCTCAGATTCG	ENSG00000225630.1	GGGTTACG	1
TCCTTGCTCAGATTCG	ENSG00000225630.1	CGGTATAC	1
TCCTTGCTCAGATTCG	ENSG00000225630.1	TACCTCCA	1
TCCTTGCTCAGATTCG	ENSG00000225630.1	GCTACACT	2
TCCTTGCTCAGATTCG	ENSG00000225630.1	ACCCTTTT	1
TCCTTGCTCAGATTCG	ENSG00000225630.1	CGGGTTCC	1
TCCTTGCTCAGATTCG	ENSG00000225630.1	TCAGTCAA	1
TCCTTGCTCAGATTCG	ENSG00000225630.1	TCGCGGCA	1
TCCTTGCTCAGATTCG	ENSG00000225630.1	TCCAGCTA	2
TCCTTGCTCAGATTCG	ENSG00000225630.1	GAACCAGG	1
TCCTTGCTCAGATTCG	ENSG00000225630.1	GTCGTATC	1
TCCTTGCTCAGATTCG	ENSG00000225630.1	TGCTAAGT	1
TCCTTGCTCAGATTCG	ENSG00000225630.1	CGGACGAT	1
TCCTTGCTCAGATTCG	ENSG00000225630.1	CACTCGAT	1
TCCTTGCTCAGATTCG	ENSG00000225630.1	GTTTCAGT	1
TCCTTGCTCAGATTCG	ENSG00000225630.1	GGCACTGG	3
TCCTTGCTCAGATTCG	ENSG00000225630.1	AATAGCGC	1
TCCTTGCTCAGATTCG	ENSG00000225630.1	ATCGAATG	1
TCCTTGCTCAGATTCG	ENSG00000225630.1	TTCGCACC	1
TCCTTGCTCAGATTCG	ENSG00000225630.1	ATACAGAT	1
TCCTTGCTCAGATTCG	ENSG00000225630.1	GGATGAAG	1
TCCTTGCTCAGATTCG	ENSG00000225630.1	AATAACGC	1
TCCTTGCTCAGATTCG	ENSG00000225630.1	GTAGACGA	1
TCCTTGCTCAGATTCG	ENSG00000225630.1	ATCAAGGG	1
TCCTTGCTCAGATTCG	ENSG00000225630.1	AAGACAGG	1
TCCTTGCTCAGATTCG	ENSG00000225630.1	CGACAAGA	1
TCCTTGCTCAGATTCG	ENSG00000231789.2	CTGACCAC	3
TCCTTGCTCAGATTCG	ENSG00000237301.1	AGGGTTTA	2
TCCTTGCTCAGATTCG	ENSG00000233954.6	GCAGACAT	1
TCCTTGCTCAGATTCG	ENSG00000233954.6	TCCTGTTG	1
TCCTTGCTCAGATTCG	ENSG00000288398.1	noUMI	4
TCCTTGCTCAGATTCG	ENSG00000288398.1	CTCGACAC	1
TCCTTGCTCAGATTCG	ENSG00000186301.8	noUMI	3
TCCTTGCTCAGATTCG	ENSG00000186301.8	TACGGAGA	2
TCCTTGCTCAGATTCG	ENSG00000270728.1	noUMI	2
TCCTTGCTCAGATTCG	ENSG00000090432.7	noUMI	6
TCCTTGCTCAGATTCG	ENSG00000090432.7	CGGTTAAT	1
TCCTTGCTCAGATTCG	ENSG00000090432.7	TAAGGGTC	1
TCCTTGCTCAGATTCG	ENSG00000090432.7	GAGAAGGG	1
TCCTTGCTCAGATTCG	ENSG00000179163.12	CAGAACTA	1
TCCTTGCTCAGATTCG	ENSG00000179163.12	noUMI	2
TCCTTGCTCAGATTCG	ENSG00000179163.12	AGGGGAGT	1
TCCTTGCTCAGATTCG	ENSG00000179163.12	TAACCCGG	1
TCCTTGCTCAGATTCG	ENSG00000284657.1	noUMI	3
TCCTTGCTCAGATTCG	ENSG00000130766.5	noUMI	1
TCCTTGCTCAGATTCG	ENSG00000279443.1	noUMI	1
TCCTTGCTCAGATTCG	ENSG00000175130.7	noUMI	1
TCCTTGCTCAGATTCG	ENSG00000243749.1	noUMI	18
TCCTTGCTCAGATTCG	ENSG00000243749.1	TTAGAAGG	1
TCCTTGCTCAGATTCG	ENSG00000116863.11	noUMI	10
TCCTTGCTCAGATTCG	ENSG00000116981.4	noUMI	1
TCCTTGCTCAGATTCG	ENSG00000117000.9	AATAAGCT	2
TCCTTGCTCAGATTCG	ENSG00000259943.1	noUMI	4
TCCTTGCTCAGATTCG	ENSG00000186603.7	TACGAGGT	1
TCCTTGCTGGAGTAAC	ENSG00000225630.1	AGGCATGA	1
TCCTTGCTGGAGTAAC	ENSG00000225630.1	GAGCAGCA	1
TCCTTGCTGGAGTAAC	ENSG00000225630.1	AACTAATC	2
TCCTTGCTGGAGTAAC	ENSG00000225630.1	TGTATCTA	1
TCCTTGCTGGAGTAAC	ENSG00000225630.1	GGAGGAGA	2
TCCTTGCTGGAGTAAC	ENSG00000225630.1	GTATTACA	1
TCCTTGCTGGAGTAAC	ENSG00000225630.1	GAACCTTA	1
TCCTTGCTGGAGTAAC	ENSG00000225630.1	noUMI	20
TCCTTGCTGGAGTAAC	ENSG00000225630.1	GCGATATG	1
TCCTTGCTGGAGTAAC	ENSG00000225630.1	GAGGTCAG	1
TCCTTGCTGGAGTAAC	ENSG00000225630.1	GCGACGGT	1
TCCTTGCTGGAGTAAC	ENSG00000225630.1	ACCACTCG	1
TCCTTGCTGGAGTAAC	ENSG00000225630.1	GCGGTCCC	2
TCCTTGCTGGAGTAAC	ENSG00000225630.1	ACTGCGAT	1
TCCTTGCTGGAGTAAC	ENSG00000225630.1	CAAACTAT	1
TCCTTGCTGGAGTAAC	ENSG00000225630.1	TCCTTGTC	1
TCCTTGCTGGAGTAAC	ENSG00000225630.1	ACTAGCAG	1
TCCTTGCTGGAGTAAC	ENSG00000225630.1	ACAAAGGC	1
TCCTTGCTGGAGTAAC	ENSG00000225630.1	ATTAGAGC	2
TCCTTGCTGGAGTAAC	ENSG00000225630.1	GACGTTGG	1
TCCTTGCTGGAGTAAC	ENSG00000225630.1	GTTTCGTA	1
TCCTTGCTGGAGTAAC	ENSG00000225630.1	CTCGAGTA	1
TCCTTGCTGGAGTAAC	ENSG00000225630.1	GTAAGGAG	1
TCCTTGCTGGAGTAAC	ENSG00000225630.1	AGGTACAT	1
TCCTTGCTGGAGTAAC	ENSG00000225630.1	ACGTAATC	1
TCCTTGCTGGAGTAAC	ENSG00000225630.1	CAGGGGCC	1
TCCTTGCTGGAGTAAC	ENSG00000225630.1	CGCAGTAC	2
TCCTTGCTGGAGTAAC	ENSG00000225630.1	GTTAATAA	1
TCCTTGCTGGAGTAAC	ENSG00000225630.1	AAACAACA	1
TCCTTGCTGGAGTAAC	ENSG00000225630.1	GCCAGCAC	1
TCCTTGCTGGAGTAAC	ENSG00000225630.1	CATAAACG	1
TCCTTGCTGGAGTAAC	ENSG00000225630.1	AGGGCATG	2
TCCTTGCTGGAGTAAC	ENSG00000225630.1	CGGATAGG	1
TCCTTGCTGGAGTAAC	ENSG00000225630.1	TCTGCGGT	1
TCCTTGCTGGAGTAAC	ENSG00000225630.1	GCACGAAA	1
TCCTTGCTGGAGTAAC	ENSG00000225630.1	AGGACGCG	1
TCCTTGCTGGAGTAAC	ENSG00000225630.1	GAAGGCAA	1
TCCTTGCTGGAGTAAC	ENSG00000225630.1	GGGAAGGT	1
TCCTTGCTGGAGTAAC	ENSG00000225630.1	CAGAGTCC	2
TCCTTGCTGGAGTAAC	ENSG00000225630.1	GCTATACA	1
TCCTTGCTGGAGTAAC	ENSG00000225630.1	AAAAGTGA	2
TCCTTGCTGGAGTAAC	ENSG00000225630.1	AGGGCAGA	2
TCCTTGCTGGAGTAAC	ENSG00000225630.1	AGAACTCT	1
TCCTTGCTGGAGTAAC	ENSG00000225630.1	AGTGAACC	1
TCCTTGCTGGAGTAAC	ENSG00000225630.1	CTGCTGAT	1
TCCTTGCTGGAGTAAC	ENSG00000171612.7	noUMI	1
TCCTTGCTGGAGTAAC	ENSG00000171612.7	ACGGGATA	1
TCCTTGCTGGAGTAAC	ENSG00000171612.7	TTGGGGCC	2
TCCTTGCTGGAGTAAC	ENSG00000233954.6	noUMI	2
TCCTTGCTGGAGTAAC	ENSG00000233954.6	ATGTAGAC	1
TCCTTGCTGGAGTAAC	ENSG00000288398.1	noUMI	1
TCCTTGCTGGAGTAAC	ENSG00000243749.1	CGGCGAAC	1
TCCTTGCTGGAGTAAC	ENSG00000286899.1	TCGAGGTG	1
TCCTTGCTGGAGTAAC	ENSG00000116863.11	noUMI	3
TCCTTGCTGGAGTAAC	ENSG00000117000.9	noUMI	2
TCCTTGCTGGAGTAAC	ENSG00000259943.1	noUMI	5
TCCTTGCTGGAGTAAC	ENSG00000066557.6	ATCAGCTT	3
TCCTTGCTGGAGTAAC	ENSG00000066557.6	CGTTGGGC	1
TCCTTGCTGGAGTAAC	ENSG00000066557.6	noUMI	4
TCCTTGCTGGAGTAAC	ENSG00000066557.6	CGATAGGG	1
TCCTTGCTGGAGTAAC	ENSG00000226084.5	noUMI	1
TCCTTGCTGGAGTAAC	ENSG00000280099.1	noUMI	1
TCCTTGCTGGAGTAAC	ENSG00000137970.7	noUMI	1
TCCTTGCTGGAGTAAC	ENSG00000137970.7	ACAACCTG	1
TCCTTGCTGGAGTAAC	ENSG00000065135.12	GTCTCGAA	1
TCCTTGCTGGAGTAAC	ENSG00000065135.12	TAGTTGGG	1
TCCTTGCTGGAGTAAC	ENSG00000065135.12	noUMI	9
TCCTTGCTGGAGTAAC	ENSG00000065135.12	AAACCAGG	1
TCCTTGCTGGAGTAAC	ENSG00000213281.5	noUMI	12
TCCTTGCTGGAGTAAC	ENSG00000213281.5	GAGGATGC	1
TCCTTGCTGGAGTAAC	ENSG00000272196.2	ATGACGGG	1
TCCTTGCTGGAGTAAC	ENSG00000272196.2	TAGACCGG	1
TCCTTGCTGGAGTAAC	ENSG00000285651.1	noUMI	1
TCCTTGCTGGAGTAAC	ENSG00000272654.1	GAGAGAGC	1
TCCTTGCTGGAGTAAC	ENSG00000163344.6	noUMI	2
TCCTTGCTGGAGTAAC	ENSG00000163344.6	CTTAACAA	1
TCCTTGCTGGAGTAAC	ENSG00000163344.6	GCGGGAGG	1
TCCTTGCTGGAGTAAC	ENSG00000158615.9	noUMI	1
TCCTTGCTGGAGTAAC	ENSG00000170385.10	ATGCTGGC	1
TCCTTGCTGGAGTAAC	ENSG00000287445.1	ACGGGGGG	1
TCCTTGCTGGAGTAAC	ENSG00000218283.2	CGAGAACG	1
TCCTTGCTGGAGTAAC	ENSG00000218283.2	GTCAGACG	1
TCCTTGCTGGAGTAAC	ENSG00000218283.2	noUMI	2
TCCTTGCTGGAGTAAC	ENSG00000162817.7	noUMI	3
TCCTTGCTGGAGTAAC	ENSG00000143751.10	noUMI	13
TCCTTGCTGGAGTAAC	ENSG00000143751.10	AAATGGGT	1
TCCTTGCTGGAGTAAC	ENSG00000228729.1	noUMI	1
TCCTTGCTGGAGTAAC	ENSG00000280157.1	ACTTCAGC	1
TCCTTGCTGGAGTAAC	ENSG00000280157.1	noUMI	1
TCCTTGCTGGAGTAAC	ENSG00000181218.5	AGGTGGCC	1
TCCTTGCTGGAGTAAC	ENSG00000162851.8	noUMI	2
GCATGTCTCGATACTG	ENSG00000279457.4	noUMI	2
GCATGTCTCGATACTG	ENSG00000225630.1	CTTCCGAT	1
GCATGTCTCGATACTG	ENSG00000225630.1	GGAGTAGT	2
GCATGTCTCGATACTG	ENSG00000225630.1	ACATCCGA	1
GCATGTCTCGATACTG	ENSG00000225630.1	TAATCTAT	1
GCATGTCTCGATACTG	ENSG00000225630.1	GGCCTCAA	1
GCATGTCTCGATACTG	ENSG00000225630.1	TTGACCGG	1
GCATGTCTCGATACTG	ENSG00000225630.1	ATAGTCCG	3
GCATGTCTCGATACTG	ENSG00000225630.1	TAACGTGT	1
GCATGTCTCGATACTG	ENSG00000225630.1	AATAGATT	1
GCATGTCTCGATACTG	ENSG00000225630.1	ACAACTTT	2
GCATGTCTCGATACTG	ENSG00000225630.1	noUMI	44
GCATGTCTCGATACTG	ENSG00000225630.1	CCAAGAAT	1
GCATGTCTCGATACTG	ENSG00000225630.1	ACCACCCG	1
GCATGTCTCGATACTG	ENSG00000225630.1	GATAACGT	1
GCATGTCTCGATACTG	ENSG00000225630.1	TCAACGGG	1
GCATGTCTCGATACTG	ENSG00000225630.1	TCAGCTGG	1
GCATGTCTCGATACTG	ENSG00000225630.1	AAGAATCG	1
GCATGTCTCGATACTG	ENSG00000225630.1	TTACATGA	1
GCATGTCTCGATACTG	ENSG00000225630.1	GTAAAATG	1
GCATGTCTCGATACTG	ENSG00000225630.1	ATGAAGAA	1
GCATGTCTCGATACTG	ENSG00000225630.1	TCGTACTG	2
GCATGTCTCGATACTG	ENSG00000225630.1	TCAAATAC	1
GCATGTCTCGATACTG	ENSG00000225630.1	TCAGTTGG	1
GCATGTCTCGATACTG	ENSG00000225630.1	CATCAGTG	1
GCATGTCTCGATACTG	ENSG00000225630.1	GAAGGTTG	1
GCATGTCTCGATACTG	ENSG00000225630.1	AGAATGTC	1
GCATGTCTCGATACTG	ENSG00000225630.1	TACAGACC	1
GCATGTCTCGATACTG	ENSG00000225630.1	GGTGCATG	2
GCATGTCTCGATACTG	ENSG00000225630.1	TCGGCCTG	1
GCATGTCTCGATACTG	ENSG00000225630.1	CGCGGGTT	1
GCATGTCTCGATACTG	ENSG00000225630.1	GCGTAAGC	1
GCATGTCTCGATACTG	ENSG00000225630.1	CGCTTGGT	1
GCATGTCTCGATACTG	ENSG00000225630.1	TTGCGTAC	4
GCATGTCTCGATACTG	ENSG00000225630.1	GTACTCAT	1
GCATGTCTCGATACTG	ENSG00000225630.1	CTACCCTA	2
GCATGTCTCGATACTG	ENSG00000225630.1	TGGTCCAA	1
GCATGTCTCGATACTG	ENSG00000225630.1	GTTAAGAA	3
GCATGTCTCGATACTG	ENSG00000225630.1	GCGGACGC	1
GCATGTCTCGATACTG	ENSG00000225630.1	GCGGCCGC	1
GCATGTCTCGATACTG	ENSG00000225630.1	CAACGTCG	1
GCATGTCTCGATACTG	ENSG00000225630.1	GAAGATGG	1
GCATGTCTCGATACTG	ENSG00000225630.1	CATTCGCC	1
GCATGTCTCGATACTG	ENSG00000225630.1	AGATCATA	1
GCATGTCTCGATACTG	ENSG00000225630.1	GCTAAACT	1
GCATGTCTCGATACTG	ENSG00000225630.1	GTTAGGGT	1
GCATGTCTCGATACTG	ENSG00000225630.1	ATAAAGTC	1
GCATGTCTCGATACTG	ENSG00000225630.1	AGGTGTAT	1
GCATGTCTCGATACTG	ENSG00000225630.1	TAGAAGCG	1
GCATGTCTCGATACTG	ENSG00000225630.1	TATAGAGA	1
GCATGTCTCGATACTG	ENSG00000225630.1	TTGAAATG	1
GCATGTCTCGATACTG	ENSG00000225630.1	GTGCCAGT	1
GCATGTCTCGATACTG	ENSG00000225630.1	ACTACCAA	3
GCATGTCTCGATACTG	ENSG00000225630.1	GCTGTGTT	2
GCATGTCTCGATACTG	ENSG00000225630.1	AGAGGGCG	1
GCATGTCTCGATACTG	ENSG00000225630.1	CAAACCCG	1
GCATGTCTCGATACTG	ENSG00000225630.1	GATGTCAA	1
GCATGTCTCGATACTG	ENSG00000225630.1	GGGAAGTA	1
GCATGTCTCGATACTG	ENSG00000225630.1	GAGACAGA	1
GCATGTCTCGATACTG	ENSG00000225630.1	GAATGTCT	1
GCATGTCTCGATACTG	ENSG00000225630.1	GATTTTCG	3
GCATGTCTCGATACTG	ENSG00000225630.1	TGCTCGCC	1
GCATGTCTCGATACTG	ENSG00000225630.1	CATGACTC	3
GCATGTCTCGATACTG	ENSG00000225630.1	CAGTAACT	1
GCATGTCTCGATACTG	ENSG00000225630.1	GGTCGTAT	1
GCATGTCTCGATACTG	ENSG00000225630.1	AGGAAGGG	1
GCATGTCTCGATACTG	ENSG00000225630.1	AGACGTTA	1
GCATGTCTCGATACTG	ENSG00000225630.1	AGTGATCC	3
GCATGTCTCGATACTG	ENSG00000225630.1	AAAATAAC	1
GCATGTCTCGATACTG	ENSG00000225630.1	TAAGGTGA	1
GCATGTCTCGATACTG	ENSG00000225630.1	GGAATTAA	1
GCATGTCTCGATACTG	ENSG00000225630.1	ATCAGACT	1
GCATGTCTCGATACTG	ENSG00000225630.1	AACCTTTC	1
GCATGTCTCGATACTG	ENSG00000225630.1	GAAGATCC	1
GCATGTCTCGATACTG	ENSG00000225630.1	ACGAATCG	1
GCATGTCTCGATACTG	ENSG00000225630.1	GTACAAAC	1
GCATGTCTCGATACTG	ENSG00000225630.1	GATCAAAA	1
GCATGTCTCGATACTG	ENSG00000225630.1	AAGCGTCG	1
GCATGTCTCGATACTG	ENSG00000225630.1	CACTGTTA	3
GCATGTCTCGATACTG	ENSG00000225630.1	TGATAGGG	2
GCATGTCTCGATACTG	ENSG00000225630.1	CCACATCA	1
GCATGTCTCGATACTG	ENSG00000225630.1	CATAAGGT	1
GCATGTCTCGATACTG	ENSG00000225630.1	CCGGTCAC	1
GCATGTCTCGATACTG	ENSG00000225630.1	AAAACGTT	1
GCATGTCTCGATACTG	ENSG00000225630.1	TCCGACAT	1
GCATGTCTCGATACTG	ENSG00000225630.1	TGAATGCT	1
GCATGTCTCGATACTG	ENSG00000225630.1	GTGCTAAA	2
GCATGTCTCGATACTG	ENSG00000225630.1	AATAGTAT	1
GCATGTCTCGATACTG	ENSG00000225630.1	TAATGGCA	1
GCATGTCTCGATACTG	ENSG00000225630.1	CGGCCATG	1
GCATGTCTCGATACTG	ENSG00000225630.1	GACGGGTT	1
GCATGTCTCGATACTG	ENSG00000225630.1	TTGCTAGC	1
GCATGTCTCGATACTG	ENSG00000225630.1	CAAAGAAT	1
GCATGTCTCGATACTG	ENSG00000225630.1	GTATATGT	1
GCATGTCTCGATACTG	ENSG00000176022.7	noUMI	1
GCATGTCTCGATACTG	ENSG00000176022.7	TTCTCACC	1
GCATGTCTCGATACTG	ENSG00000171612.7	GGTGAGCC	1
GCATGTCTCGATACTG	ENSG00000231789.2	noUMI	3
GCATGTCTCGATACTG	ENSG00000233954.6	CAGGACAT	1
GCATGTCTCGATACTG	ENSG00000288398.1	noUMI	3
GCATGTCTCGATACTG	ENSG00000270728.1	noUMI	1
GCATGTCTCGATACTG	ENSG00000090432.7	GTGGACCC	1
GCATGTCTCGATACTG	ENSG00000090432.7	noUMI	11
GCATGTCTCGATACTG	ENSG00000179163.12	noUMI	24
GCATGTCTCGATACTG	ENSG00000179163.12	AGACCGAT	2
GCATGTCTCGATACTG	ENSG00000179163.12	ATAACTAT	1
GCATGTCTCGATACTG	ENSG00000175130.7	noUMI	5
GCATGTCTCGATACTG	ENSG00000243749.1	noUMI	4
GCATGTCTCGATACTG	ENSG00000243749.1	GCCGGACC	1
GCATGTCTCGATACTG	ENSG00000116863.11	noUMI	10
GCATGTCTCGATACTG	ENSG00000116981.4	noUMI	8
GCATGTCTCGATACTG	ENSG00000117000.9	noUMI	4
GCATGTCTCGATACTG	ENSG00000259943.1	noUMI	4
CTCAACAGGAGGTTAG	ENSG00000225630.1	noUMI	5
CTCAACAGGAGGTTAG	ENSG00000225630.1	TCAAGTCG	1
CTCAACAGGAGGTTAG	ENSG00000225630.1	ATGTCGTA	1
CTCAACAGGAGGTTAG	ENSG00000225630.1	GTGCACAC	1
CTCAACAGGAGGTTAG	ENSG00000225630.1	CAGGGCAT	1
CTCAACAGGAGGTTAG	ENSG00000225630.1	TCCCTGAC	1
CTCAACAGGAGGTTAG	ENSG00000225630.1	AACAAGCC	1
CTCAACAGGAGGTTAG	ENSG00000225630.1	GAGTTAAT	1
CTCAACAGGAGGTTAG	ENSG00000225630.1	GCGTCATC	1
CTCAACAGGAGGTTAG	ENSG00000272512.1	noUMI	1
CTCAACAGGAGGTTAG	ENSG00000176022.7	GGGTTTGG	1
CTCAACAGGAGGTTAG	ENSG00000090432.7	noUMI	2
CTCAACAGGAGGTTAG	ENSG00000179163.12	noUMI	3
CTCAACAGGAGGTTAG	ENSG00000169213.7	noUMI	4
CTCAACAGGAGGTTAG	ENSG00000066557.6	noUMI	1
CTCAACAGGAGGTTAG	ENSG00000065135.12	AACTCGAC	1
CTCAACAGGAGGTTAG	ENSG00000065135.12	TGTGGTTA	1
CTCAACAGGAGGTTAG	ENSG00000065135.12	GCATCTGC	1
CTCAACAGGAGGTTAG	ENSG00000065135.12	TTTCGGGT	1
CTCAACAGGAGGTTAG	ENSG00000065135.12	noUMI	6
CTCAACAGGAGGTTAG	ENSG00000065135.12	TTGCTAAG	1
CTCAACAGGAGGTTAG	ENSG00000213281.5	TGTCCTAA	1
CTCAACAGGAGGTTAG	ENSG00000184678.10	ACATTCAG	1
CTCAACAGGAGGTTAG	ENSG00000132688.11	noUMI	3
CTCAACAGGAGGTTAG	ENSG00000171786.6	noUMI	1
CTCAACAGGAGGTTAG	ENSG00000183155.5	noUMI	1
CTCAACAGGAGGTTAG	ENSG00000158615.9	GATCGAGT	1
CTCAACAGGAGGTTAG	ENSG00000174529.7	noUMI	2
CTCAACAGGAGGTTAG	ENSG00000218283.2	noUMI	2
CTCAACAGGAGGTTAG	ENSG00000143751.10	noUMI	6
CTCAACAGGAGGTTAG	ENSG00000143751.10	GCGTGGAA	1
CTCAACAGGAGGTTAG	ENSG00000143751.10	GGAGGGCC	1
CTCAACAGCAATGGAC	ENSG00000225630.1	noUMI	30
CTCAACAGCAATGGAC	ENSG00000225630.1	TTTCAGAG	2
CTCAACAGCAATGGAC	ENSG00000225630.1	CTAGTGGG	2
CTCAACAGCAATGGAC	ENSG00000225630.1	TTCTGTGT	1
CTCAACAGCAATGGAC	ENSG00000225630.1	TGGCCTTG	1
CTCAACAGCAATGGAC	ENSG00000225630.1	TCGGCATG	1
CTCAACAGCAATGGAC	ENSG00000225630.1	GCGACTAT	2
CTCAACAGCAATGGAC	ENSG00000225630.1	CAGCTAAG	1
CTCAACAGCAATGGAC	ENSG00000225630.1	TGAATACG	1
CTCAACAGCAATGGAC	ENSG00000225630.1	CCAGGCAC	1
CTCAACAGCAATGGAC	ENSG00000225630.1	GGTCAGGA	1
CTCAACAGCAATGGAC	ENSG00000225630.1	ATGTAGGG	1
CTCAACAGCAATGGAC	ENSG00000225630.1	GCGTAAGA	1
CTCAACAGCAATGGAC	ENSG00000225630.1	AGGCGGAG	1
CTCAACAGCAATGGAC	ENSG00000225630.1	GAGACCGT	1
CTCAACAGCAATGGAC	ENSG00000225630.1	CACTCGCA	1
CTCAACAGCAATGGAC	ENSG00000225630.1	CAAGGAGT	1
CTCAACAGCAATGGAC	ENSG00000225630.1	ACGTAGGA	1
CTCAACAGCAATGGAC	ENSG00000225630.1	CACCGATC	2
CTCAACAGCAATGGAC	ENSG00000225630.1	ACTTATGG	1
CTCAACAGCAATGGAC	ENSG00000225630.1	CGGCTCCC	1
CTCAACAGCAATGGAC	ENSG00000225630.1	TGTAATGG	1
CTCAACAGCAATGGAC	ENSG00000225630.1	CAGTCAAT	1
CTCAACAGCAATGGAC	ENSG00000225630.1	GAAACGGT	1
CTCAACAGCAATGGAC	ENSG00000225630.1	TGGGATTC	1
CTCAACAGCAATGGAC	ENSG00000225630.1	GAGCACTC	1
CTCAACAGCAATGGAC	ENSG00000225630.1	CGGGACAC	1
CTCAACAGCAATGGAC	ENSG00000225630.1	GATGACCG	1
CTCAACAGCAATGGAC	ENSG00000225630.1	AACGGCCA	1
CTCAACAGCAATGGAC	ENSG00000225630.1	AAGACCAG	1
CTCAACAGCAATGGAC	ENSG00000225630.1	GAGTTAGG	1
CTCAACAGCAATGGAC	ENSG00000225630.1	TGGTGGGA	1
CTCAACAGCAATGGAC	ENSG00000171612.7	GATCGCAA	1
CTCAACAGCAATGGAC	ENSG00000171612.7	noUMI	1
CTCAACAGCAATGGAC	ENSG00000233954.6	AAGGACCT	1
CTCAACAGCAATGGAC	ENSG00000233954.6	GCAGACAT	1
CTCAACAGCAATGGAC	ENSG00000233954.6	TCGTATGC	1
CTCAACAGCAATGGAC	ENSG00000288398.1	noUMI	2
CTCAACAGCAATGGAC	ENSG00000090432.7	noUMI	2
CTCAACAGCAATGGAC	ENSG00000179163.12	noUMI	10
CTCAACAGCAATGGAC	ENSG00000225159.1	noUMI	1
CTCAACAGCAATGGAC	ENSG00000228589.3	noUMI	1
CTCAACAGCAATGGAC	ENSG00000270605.1	noUMI	1
CTCAACAGCAATGGAC	ENSG00000130766.5	TACATACG	2
CTCAACAGCAATGGAC	ENSG00000175130.7	noUMI	7
CTCAACAGCAATGGAC	ENSG00000243749.1	GGAATGGT	1
CTCAACAGCAATGGAC	ENSG00000116863.11	AAGGTCGG	1
CTCAACAGCAATGGAC	ENSG00000116863.11	noUMI	4
CTCAACAGCAATGGAC	ENSG00000117000.9	noUMI	4
CTCAACAGCAATGGAC	ENSG00000279667.1	noUMI	1
CTCAACAGCAATGGAC	ENSG00000237130.1	noUMI	1
CTCAACAGCAATGGAC	ENSG00000169213.7	noUMI	1
CTCAACAGCAATGGAC	ENSG00000116704.8	noUMI	3
CTCAACAGCAATGGAC	ENSG00000066557.6	noUMI	24
CTCAACAGCAATGGAC	ENSG00000066557.6	CCCGGTTC	1
CTCAACAGCAATGGAC	ENSG00000066557.6	GCGGGCGA	1
CTCAACAGCAATGGAC	ENSG00000230498.3	noUMI	1
CTCAACAGCAATGGAC	ENSG00000280099.1	noUMI	1
CTCAACAGCAATGGAC	ENSG00000228175.3	noUMI	1
TCCAAGTCGAGAAGGA	ENSG00000225630.1	ACATAGAG	1
TCCAAGTCGAGAAGGA	ENSG00000225630.1	ATGCAATA	1
TCCAAGTCGAGAAGGA	ENSG00000225630.1	GATCCCGG	1
TCCAAGTCGAGAAGGA	ENSG00000225630.1	noUMI	15
TCCAAGTCGAGAAGGA	ENSG00000225630.1	GGGTCAGG	1
TCCAAGTCGAGAAGGA	ENSG00000225630.1	GTATCTGA	1
TCCAAGTCGAGAAGGA	ENSG00000225630.1	AACACCGC	1
TCCAAGTCGAGAAGGA	ENSG00000225630.1	GAGGGTCT	2
TCCAAGTCGAGAAGGA	ENSG00000225630.1	GATTACTA	1
TCCAAGTCGAGAAGGA	ENSG00000225630.1	AAAAAGTC	1
TCCAAGTCGAGAAGGA	ENSG00000225630.1	CGGATAGT	1
TCCAAGTCGAGAAGGA	ENSG00000225630.1	TGTACTTC	2
TCCAAGTCGAGAAGGA	ENSG00000225630.1	GCACCCCC	2
TCCAAGTCGAGAAGGA	ENSG00000225630.1	CGGACAGC	1
TCCAAGTCGAGAAGGA	ENSG00000225630.1	CAGGTAGA	1
TCCAAGTCGAGAAGGA	ENSG00000225630.1	CATAGAAC	2
TCCAAGTCGAGAAGGA	ENSG00000225630.1	AAAACCCT	1
TCCAAGTCGAGAAGGA	ENSG00000225630.1	GTACAGAT	2
TCCAAGTCGAGAAGGA	ENSG00000225630.1	GCATGGAC	3
TCCAAGTCGAGAAGGA	ENSG00000225630.1	GCCGCGTA	1
TCCAAGTCGAGAAGGA	ENSG00000225630.1	CGATACCT	2
TCCAAGTCGAGAAGGA	ENSG00000225630.1	CAGGCCTA	1
TCCAAGTCGAGAAGGA	ENSG00000225630.1	CGCGGGGA	1
TCCAAGTCGAGAAGGA	ENSG00000225630.1	TTGGGGCT	1
TCCAAGTCGAGAAGGA	ENSG00000225630.1	GCACATAC	1
TCCAAGTCGAGAAGGA	ENSG00000225630.1	TCAATCGG	1
TCCAAGTCGAGAAGGA	ENSG00000225630.1	GACACTCA	1
TCCAAGTCGAGAAGGA	ENSG00000225630.1	ACAACATT	1
TCCAAGTCGAGAAGGA	ENSG00000225630.1	GTGCTTAG	3
TCCAAGTCGAGAAGGA	ENSG00000225630.1	CGAGGAGC	1
TCCAAGTCGAGAAGGA	ENSG00000225630.1	TTGCAGGG	1
TCCAAGTCGAGAAGGA	ENSG00000225630.1	CTAGCTCC	2
TCCAAGTCGAGAAGGA	ENSG00000225630.1	CATTCCCA	1
TCCAAGTCGAGAAGGA	ENSG00000225630.1	GAGGGCTG	1
TCCAAGTCGAGAAGGA	ENSG00000225630.1	CATTAAGC	1
TCCAAGTCGAGAAGGA	ENSG00000225630.1	TCTAATCG	1
TCCAAGTCGAGAAGGA	ENSG00000225630.1	GCGGGGGT	1
TCCAAGTCGAGAAGGA	ENSG00000225630.1	ATGTAACG	1
TCCAAGTCGAGAAGGA	ENSG00000225630.1	TAAGTAAA	1
TCCAAGTCGAGAAGGA	ENSG00000225630.1	GATCATCC	1
TCCAAGTCGAGAAGGA	ENSG00000225630.1	CAGCGAAC	1
TCCAAGTCGAGAAGGA	ENSG00000225630.1	TGGTAATG	1
TCCAAGTCGAGAAGGA	ENSG00000225630.1	TACAACAT	1
TCCAAGTCGAGAAGGA	ENSG00000225630.1	TTATGCTG	1
TCCAAGTCGAGAAGGA	ENSG00000225630.1	GGTAAACG	1
TCCAAGTCGAGAAGGA	ENSG00000225630.1	AAGGTCAT	1
TCCAAGTCGAGAAGGA	ENSG00000225630.1	CATAAAAG	1
TCCAAGTCGAGAAGGA	ENSG00000225630.1	CTTAACGT	1
TCCAAGTCGAGAAGGA	ENSG00000225630.1	AAGGTATC	1
TCCAAGTCGAGAAGGA	ENSG00000225630.1	GTGGATAA	1
TCCAAGTCGAGAAGGA	ENSG00000176022.7	CAGGGGTG	3
TCCAAGTCGAGAAGGA	ENSG00000176022.7	GAAATTTC	1
TCCAAGTCGAGAAGGA	ENSG00000171612.7	GTTATTCC	1
TCCAAGTCGAGAAGGA	ENSG00000287756.1	noUMI	1
TCCAAGTCGAGAAGGA	ENSG00000233954.6	CGTATGCT	1
TCCAAGTCGAGAAGGA	ENSG00000288398.1	noUMI	2
TCCAAGTCGAGAAGGA	ENSG00000090432.7	noUMI	3
TCCAAGTCGAGAAGGA	ENSG00000090432.7	AGACACGT	1
TCCAAGTCGAGAAGGA	ENSG00000090432.7	GCTCACCT	1
TCCAAGTCGAGAAGGA	ENSG00000179163.12	noUMI	2
TCCAAGTCGAGAAGGA	ENSG00000179163.12	TCAAACCC	1
TCCAAGTCGAGAAGGA	ENSG00000237934.1	noUMI	4
TCCAAGTCGAGAAGGA	ENSG00000175130.7	TCGGCGCG	1
TCCAAGTCGAGAAGGA	ENSG00000243749.1	CGAATGAT	1
TCCAAGTCGAGAAGGA	ENSG00000243749.1	noUMI	3
TCCAAGTCGAGAAGGA	ENSG00000116863.11	GCTATACG	1
TCCAAGTCGAGAAGGA	ENSG00000116863.11	noUMI	7
TCCAAGTCGAGAAGGA	ENSG00000116863.11	GCCTTACA	2
TCCAAGTCGAGAAGGA	ENSG00000116863.11	TGAGGGTA	1
TCCAAGTCGAGAAGGA	ENSG00000116863.11	GTAGCCCA	1
TCCAAGTCGAGAAGGA	ENSG00000117000.9	noUMI	2
TCCAAGTCGAGAAGGA	ENSG00000224751.2	noUMI	2
TCCAAGTCGAGAAGGA	ENSG00000169213.7	noUMI	3
TCCAAGTCGAGAAGGA	ENSG00000286429.1	GCATAACC	1
TCCAAGTCGAGAAGGA	ENSG00000066557.6	noUMI	10
TCCAAGTCGAGAAGGA	ENSG00000066557.6	GAGTAGTT	1
TCCAAGTCGAGAAGGA	ENSG00000271576.1	TTGTTGCC	1
TCCAAGTCGAGAAGGA	ENSG00000223896.2	noUMI	1
TCCAAGTCGAGAAGGA	ENSG00000137970.7	noUMI	2
TCCAAGTCGAGAAGGA	ENSG00000137970.7	CAGCTCTG	1
TCCAAGTCGAGAAGGA	ENSG00000137970.7	ATCGGTAG	1
TCCAAGTCGAGAAGGA	ENSG00000137970.7	TACGGCAC	1
TCCAAGTCGAGAAGGA	ENSG00000137970.7	TCGGGGGC	1
TCCAAGTCGAGAAGGA	ENSG00000137970.7	GGGTTTAC	1
TCCAAGTCGAGAAGGA	ENSG00000065135.12	TTAGGCCT	1
TCCAAGTCGAGAAGGA	ENSG00000065135.12	AACAGCCC	1
TCCAAGTCGAGAAGGA	ENSG00000065135.12	GTCGCCCG	1
TCCAAGTCGAGAAGGA	ENSG00000065135.12	noUMI	12
TCCAAGTCGAGAAGGA	ENSG00000065135.12	GTAGAGAC	1
TCCAAGTCGAGAAGGA	ENSG00000238198.2	noUMI	2
TCCAAGTCGAGAAGGA	ENSG00000213281.5	CAGGATAT	1
TCCAAGTCGAGAAGGA	ENSG00000213281.5	GCAGGATC	1
TCCAAGTCGAGAAGGA	ENSG00000213281.5	GCGGGATT	1
TCCAAGTCGAGAAGGA	ENSG00000213281.5	noUMI	3
TCCAAGTCGAGAAGGA	ENSG00000184260.6	CAAAGAGT	1
TCCAAGTCGAGAAGGA	ENSG00000184260.6	TCGTATTG	2
TCCAAGTCGAGAAGGA	ENSG00000184260.6	GACTTCAG	1
TCCAAGTCGAGAAGGA	ENSG00000184260.6	CGGTCACC	1
AAGCCGTTGAACCTGT	ENSG00000225630.1	noUMI	7
AAGCCGTTGAACCTGT	ENSG00000225630.1	TGTAGGAA	1
AAGCCGTTGAACCTGT	ENSG00000225630.1	GAAACTCC	1
AAGCCGTTGAACCTGT	ENSG00000225630.1	GACAATTG	1
AAGCCGTTGAACCTGT	ENSG00000225630.1	CTAGAGGT	1
AAGCCGTTGAACCTGT	ENSG00000225630.1	GGTAAGTA	1
AAGCCGTTGAACCTGT	ENSG00000225630.1	AATGCTCC	1
AAGCCGTTGAACCTGT	ENSG00000225630.1	GAGTACCT	1
AAGCCGTTGAACCTGT	ENSG00000225630.1	TGCACATG	1
AAGCCGTTGAACCTGT	ENSG00000225630.1	AGGTACAG	1
AAGCCGTTGAACCTGT	ENSG00000225630.1	GAGAGAAT	1
AAGCCGTTGAACCTGT	ENSG00000225630.1	AGAACAAG	1
AAGCCGTTGAACCTGT	ENSG00000225630.1	GGTTGATG	1
AAGCCGTTGAACCTGT	ENSG00000225630.1	GGTCAAAG	1
AAGCCGTTGAACCTGT	ENSG00000225630.1	CAATACCA	1
AAGCCGTTGAACCTGT	ENSG00000225630.1	GTCGCACA	1
AAGCCGTTGAACCTGT	ENSG00000225630.1	CGTTTTAC	2
AAGCCGTTGAACCTGT	ENSG00000225630.1	CCTCTAAC	1
AAGCCGTTGAACCTGT	ENSG00000225630.1	GCTAACGT	1
AAGCCGTTGAACCTGT	ENSG00000225630.1	CTTAGCCG	1
AAGCCGTTGAACCTGT	ENSG00000225630.1	CCGATACA	2
AAGCCGTTGAACCTGT	ENSG00000225630.1	ATCAAAGT	1
AAGCCGTTGAACCTGT	ENSG00000225630.1	TTTCGTCG	1
AAGCCGTTGAACCTGT	ENSG00000225630.1	CTCGAGAC	1
AAGCCGTTGAACCTGT	ENSG00000171612.7	GTGTGTCC	1
AAGCCGTTGAACCTGT	ENSG00000171612.7	CCGAGACA	1
AAGCCGTTGAACCTGT	ENSG00000090432.7	noUMI	3
AAGCCGTTGAACCTGT	ENSG00000179163.12	noUMI	1
AAGCCGTTGAACCTGT	ENSG00000179163.12	ATGGTAAG	1
AAGCCGTTGAACCTGT	ENSG00000179163.12	AATGTAAG	1
AAGCCGTTGAACCTGT	ENSG00000175130.7	TATTGTCG	1
AAGCCGTTGAACCTGT	ENSG00000116863.11	TGTTGACC	1
AAGCCGTTGAACCTGT	ENSG00000116863.11	noUMI	2
AAGCCGTTGAACCTGT	ENSG00000169213.7	CTTCGGCA	1
AAGCCGTTGAACCTGT	ENSG00000116704.8	TCTAACAT	1
AAGCCGTTGAACCTGT	ENSG00000066557.6	noUMI	1
AAGCCGTTGAACCTGT	ENSG00000285928.1	GTTAGACC	1
AAGCCGTTGAACCTGT	ENSG00000137970.7	noUMI	1
AAGCCGTTGAACCTGT	ENSG00000137970.7	CAGAGTCA	1
AAGCCGTTGAACCTGT	ENSG00000228076.2	noUMI	1
AAGCCGTTGAACCTGT	ENSG00000065135.12	noUMI	9
AAGCCGTTGAACCTGT	ENSG00000065135.12	CGGAACCA	1
AAGCCGTTGAACCTGT	ENSG00000065135.12	AACGGACC	1
AAGCCGTTGAACCTGT	ENSG00000065135.12	ACGGAACC	1
AAGCCGTTGAACCTGT	ENSG00000065135.12	GAGGGAGG	1
AAGCCGTTGAACCTGT	ENSG00000213281.5	noUMI	2
AAGCCGTTGAACCTGT	ENSG00000213281.5	CTTGGCTC	1
AAGCCGTTGAACCTGT	ENSG00000225080.1	noUMI	2
AAGCCGTTGAACCTGT	ENSG00000184260.6	GCGACACT	1
AAGCCGTTGAACCTGT	ENSG00000184260.6	GTCCAGTC	1
AAGCCGTTGAACCTGT	ENSG00000163344.6	noUMI	1
AAGCCGTTGAACCTGT	ENSG00000224837.1	ATTACTCC	1
AAGCCGTTGAACCTGT	ENSG00000183155.5	noUMI	2
AAGCCGTTGAACCTGT	ENSG00000183155.5	AGGCACGC	1
AAGCCGTTGAACCTGT	ENSG00000272167.2	GAGGTTGG	1
AAGCCGTTGAACCTGT	ENSG00000272167.2	noUMI	1
AAGCCGTTGAACCTGT	ENSG00000218283.2	ATACCGGG	1
AAGCCGTTGAACCTGT	ENSG00000218283.2	ATAGGAGG	1
AAGCCGTTGAACCTGT	ENSG00000218283.2	ATGACATG	1
AAGCCGTTGAACCTGT	ENSG00000218283.2	CGGGACAA	1
AAGCCGTTGAACCTGT	ENSG00000218283.2	noUMI	1
AAGCCGTTGAACCTGT	ENSG00000143751.10	TAGCCACC	1
AAGCCGTTGAACCTGT	ENSG00000143751.10	noUMI	5
AAGCCGTTGAACCTGT	ENSG00000143751.10	GCTATGCA	1
AAGCCGTTGAACCTGT	ENSG00000287532.1	noUMI	1
AAGCCGTTGAACCTGT	ENSG00000143653.10	AATCGAGT	1
AAGCCGTTGAACCTGT	ENSG00000143653.10	noUMI	2
AAGCCGTTGAACCTGT	ENSG00000259865.1	noUMI	2
GGTCTCAACGGTTGTT	ENSG00000225630.1	noUMI	21
GGTCTCAACGGTTGTT	ENSG00000225630.1	CCAGTATA	1
GGTCTCAACGGTTGTT	ENSG00000225630.1	TAAGGTAC	1
GGTCTCAACGGTTGTT	ENSG00000225630.1	AGTATCAC	1
GGTCTCAACGGTTGTT	ENSG00000225630.1	GTCCCCCC	1
GGTCTCAACGGTTGTT	ENSG00000225630.1	TGTTGACG	1
GGTCTCAACGGTTGTT	ENSG00000225630.1	GGTTAACC	1
GGTCTCAACGGTTGTT	ENSG00000225630.1	GCTCATAG	1
GGTCTCAACGGTTGTT	ENSG00000225630.1	CTTTGGAC	2
GGTCTCAACGGTTGTT	ENSG00000225630.1	TGATTACG	1
GGTCTCAACGGTTGTT	ENSG00000225630.1	CACACACT	1
GGTCTCAACGGTTGTT	ENSG00000225630.1	ATAACCGG	1
GGTCTCAACGGTTGTT	ENSG00000225630.1	GGTCGTTC	1
GGTCTCAACGGTTGTT	ENSG00000225630.1	ATGAGGTT	1
GGTCTCAACGGTTGTT	ENSG00000225630.1	GACCGCCT	1
GGTCTCAACGGTTGTT	ENSG00000225630.1	TACCGAGC	1
GGTCTCAACGGTTGTT	ENSG00000225630.1	TGGTCCTC	1
GGTCTCAACGGTTGTT	ENSG00000225630.1	GATGGGGG	1
GGTCTCAACGGTTGTT	ENSG00000225630.1	GGAAGCCT	1
GGTCTCAACGGTTGTT	ENSG00000225630.1	CACTCGAC	1
GGTCTCAACGGTTGTT	ENSG00000225630.1	CAGACATT	1
GGTCTCAACGGTTGTT	ENSG00000225630.1	AATTGCAG	2
GGTCTCAACGGTTGTT	ENSG00000225630.1	TAAATACC	1
GGTCTCAACGGTTGTT	ENSG00000225630.1	CCGAATGT	1
GGTCTCAACGGTTGTT	ENSG00000225630.1	ATATTCGC	1
GGTCTCAACGGTTGTT	ENSG00000225630.1	CCATGTGA	2
GGTCTCAACGGTTGTT	ENSG00000225630.1	CTTAGCTA	1
GGTCTCAACGGTTGTT	ENSG00000225630.1	CCTTCGGC	1
GGTCTCAACGGTTGTT	ENSG00000225630.1	AAGTGTGG	1
GGTCTCAACGGTTGTT	ENSG00000225630.1	TGAGGCGG	1
GGTCTCAACGGTTGTT	ENSG00000225630.1	GTTGACTC	1
GGTCTCAACGGTTGTT	ENSG00000225630.1	AGGGCTAA	1
GGTCTCAACGGTTGTT	ENSG00000225630.1	CAGGCTAA	1
GGTCTCAACGGTTGTT	ENSG00000225630.1	CTGGATCA	1
GGTCTCAACGGTTGTT	ENSG00000225630.1	GTTAATCG	1
GGTCTCAACGGTTGTT	ENSG00000225630.1	TCAGTTTG	1
GGTCTCAACGGTTGTT	ENSG00000225630.1	CGGTCGCG	1
GGTCTCAACGGTTGTT	ENSG00000225630.1	GGACACCC	2
GGTCTCAACGGTTGTT	ENSG00000225630.1	GTACGACG	1
GGTCTCAACGGTTGTT	ENSG00000225630.1	TAAGAAGT	1
GGTCTCAACGGTTGTT	ENSG00000225630.1	AGGTTTGG	1
GGTCTCAACGGTTGTT	ENSG00000225630.1	GAGTTGTA	1
GGTCTCAACGGTTGTT	ENSG00000225630.1	CAGTGTCT	1
GGTCTCAACGGTTGTT	ENSG00000225630.1	AGAGCATC	1
GGTCTCAACGGTTGTT	ENSG00000225630.1	ATACACTG	2
GGTCTCAACGGTTGTT	ENSG00000225630.1	AGAGGGTA	1
GGTCTCAACGGTTGTT	ENSG00000225630.1	GTCTCGTG	1
GGTCTCAACGGTTGTT	ENSG00000225630.1	AAGGCATA	1
GGTCTCAACGGTTGTT	ENSG00000225630.1	GCGGAAAG	1
GGTCTCAACGGTTGTT	ENSG00000225630.1	GTGAATTT	1
GGTCTCAACGGTTGTT	ENSG00000225630.1	TGAGGGAT	1
GGTCTCAACGGTTGTT	ENSG00000225630.1	CATACAGT	1
GGTCTCAACGGTTGTT	ENSG00000225630.1	TACGATAT	1
GGTCTCAACGGTTGTT	ENSG00000225630.1	TTGGCGTG	1
GGTCTCAACGGTTGTT	ENSG00000225630.1	GAATATAT	1
GGTCTCAACGGTTGTT	ENSG00000225630.1	TGATCCAA	1
GGTCTCAACGGTTGTT	ENSG00000225630.1	ATGACATT	3
GGTCTCAACGGTTGTT	ENSG00000225630.1	AAGATGCA	1
GGTCTCAACGGTTGTT	ENSG00000272512.1	GCTGGGTG	1
GGTCTCAACGGTTGTT	ENSG00000176022.7	GGGGACAA	2
GGTCTCAACGGTTGTT	ENSG00000176022.7	CCGGGTTT	1
GGTCTCAACGGTTGTT	ENSG00000286989.1	noUMI	1
GGTCTCAACGGTTGTT	ENSG00000171612.7	GAGGCCTT	1
GGTCTCAACGGTTGTT	ENSG00000241563.4	noUMI	3
GGTCTCAACGGTTGTT	ENSG00000233954.6	TCAGACAT	1
GGTCTCAACGGTTGTT	ENSG00000090432.7	noUMI	12
GGTCTCAACGGTTGTT	ENSG00000130766.5	noUMI	1
GGTCTCAACGGTTGTT	ENSG00000243749.1	CTAGGGGG	1
GGTCTCAACGGTTGTT	ENSG00000286899.1	GACTACCG	1
GGTCTCAACGGTTGTT	ENSG00000286899.1	TGCAAGTG	1
GGTCTCAACGGTTGTT	ENSG00000116863.11	noUMI	6
GGTCTCAACGGTTGTT	ENSG00000117000.9	noUMI	5
GGTCTCAACGGTTGTT	ENSG00000259943.1	noUMI	1
GGTCTCAACGGTTGTT	ENSG00000259943.1	CGCGGTTG	1
GGTCTCAACGGTTGTT	ENSG00000237424.1	noUMI	3
GGTCTCAACGGTTGTT	ENSG00000223896.2	noUMI	3
GGTCTCAACGGTTGTT	ENSG00000137970.7	noUMI	2
GGTCTCAACGGTTGTT	ENSG00000137970.7	ATAGCCAC	1
GGTCTCAACGGTTGTT	ENSG00000065135.12	CTCCCGGT	2
GGTCTCAACGGTTGTT	ENSG00000065135.12	noUMI	29
GGTCTCAACGGTTGTT	ENSG00000065135.12	GGAATTAG	2
GGTCTCAACGGTTGTT	ENSG00000065135.12	AGACGGAT	2
GGTCTCAACGGTTGTT	ENSG00000261654.1	noUMI	1
GGTCTCAACGGTTGTT	ENSG00000261654.1	GAAGCCGA	1
GGTCTCAACGGTTGTT	ENSG00000213281.5	noUMI	6
GGTCTCAACGGTTGTT	ENSG00000183508.5	noUMI	11
GGTCTCAACGGTTGTT	ENSG00000287978.1	AAAGCCTC	1
GGTCTCAACGGTTGTT	ENSG00000236675.1	noUMI	2
GGTCTCAACGGTTGTT	ENSG00000162783.11	noUMI	2
GGTCTCAACGGTTGTT	ENSG00000143333.7	TAAACTGG	1
GGTCTCAACGGTTGTT	ENSG00000279838.1	noUMI	3
GGTCTCAACGGTTGTT	ENSG00000158615.9	noUMI	6
GGTCTCAACGGTTGTT	ENSG00000158615.9	ATATAGGG	1
GGTCTCAACGGTTGTT	ENSG00000218283.2	AATGAGCA	2
GGTCTCAACGGTTGTT	ENSG00000218283.2	GGGTACCC	1
GGTCTCAACGGTTGTT	ENSG00000218283.2	noUMI	3
GGAGAGTTGGAGTAAC	ENSG00000225630.1	TAATAATC	1
GGAGAGTTGGAGTAAC	ENSG00000225630.1	noUMI	11
GGAGAGTTGGAGTAAC	ENSG00000225630.1	ATTGATGG	1
GGAGAGTTGGAGTAAC	ENSG00000225630.1	ACTCAACC	1
GGAGAGTTGGAGTAAC	ENSG00000225630.1	CCATCTAA	1
GGAGAGTTGGAGTAAC	ENSG00000225630.1	CACGGTAG	1
GGAGAGTTGGAGTAAC	ENSG00000225630.1	TCGGGTCC	1
GGAGAGTTGGAGTAAC	ENSG00000225630.1	GTACTCAA	1
GGAGAGTTGGAGTAAC	ENSG00000225630.1	ACTGGGAT	1
GGAGAGTTGGAGTAAC	ENSG00000225630.1	TAGCAAGG	1
GGAGAGTTGGAGTAAC	ENSG00000225630.1	CACGGCGA	1
GGAGAGTTGGAGTAAC	ENSG00000225630.1	TCCACTGA	1
GGAGAGTTGGAGTAAC	ENSG00000225630.1	GGCTAGGG	1
GGAGAGTTGGAGTAAC	ENSG00000225630.1	AGAAAGTT	2
GGAGAGTTGGAGTAAC	ENSG00000225630.1	TCACGAAC	1
GGAGAGTTGGAGTAAC	ENSG00000225630.1	GGCCACAC	1
GGAGAGTTGGAGTAAC	ENSG00000225630.1	GCATTGCC	1
GGAGAGTTGGAGTAAC	ENSG00000225630.1	GCCATCCG	1
GGAGAGTTGGAGTAAC	ENSG00000225630.1	CAGGAATT	1
GGAGAGTTGGAGTAAC	ENSG00000225630.1	TACAAGAC	1
GGAGAGTTGGAGTAAC	ENSG00000225630.1	CTCAAGTG	1
GGAGAGTTGGAGTAAC	ENSG00000225630.1	AAGCATAG	1
GGAGAGTTGGAGTAAC	ENSG00000225630.1	GACAAGAA	1
GGAGAGTTGGAGTAAC	ENSG00000225630.1	AGGTGCAG	1
GGAGAGTTGGAGTAAC	ENSG00000225630.1	CGTCTAAC	1
GGAGAGTTGGAGTAAC	ENSG00000225630.1	AAGTACGT	1
GGAGAGTTGGAGTAAC	ENSG00000225630.1	CAAACTAT	2
GGAGAGTTGGAGTAAC	ENSG00000225630.1	AGGAGGAC	1
GGAGAGTTGGAGTAAC	ENSG00000225630.1	ATCCCCTG	1
GGAGAGTTGGAGTAAC	ENSG00000225630.1	CGATGACG	1
GGAGAGTTGGAGTAAC	ENSG00000225630.1	AAGGGGAC	2
GGAGAGTTGGAGTAAC	ENSG00000225630.1	AAGGCAGA	1
GGAGAGTTGGAGTAAC	ENSG00000225630.1	GACATGTT	1
GGAGAGTTGGAGTAAC	ENSG00000225630.1	GAGTACTC	1
GGAGAGTTGGAGTAAC	ENSG00000225630.1	GAAGTAGC	1
GGAGAGTTGGAGTAAC	ENSG00000225630.1	ATGCGGGA	1
GGAGAGTTGGAGTAAC	ENSG00000225630.1	TGCTAAAG	1
GGAGAGTTGGAGTAAC	ENSG00000225630.1	CTTGAATA	1
GGAGAGTTGGAGTAAC	ENSG00000225630.1	AGCACAAC	1
GGAGAGTTGGAGTAAC	ENSG00000225630.1	AAACCGTT	1
GGAGAGTTGGAGTAAC	ENSG00000225630.1	GTCACGTT	1
GGAGAGTTGGAGTAAC	ENSG00000225630.1	ACTCATGG	1
GGAGAGTTGGAGTAAC	ENSG00000225630.1	AGATAATC	1
GGAGAGTTGGAGTAAC	ENSG00000225630.1	ATTCATAG	1
GGAGAGTTGGAGTAAC	ENSG00000225630.1	CTTGCGGA	1
GGAGAGTTGGAGTAAC	ENSG00000225630.1	GTAGGGGT	1
GGAGAGTTGGAGTAAC	ENSG00000225630.1	CACGATTG	1
GGAGAGTTGGAGTAAC	ENSG00000225630.1	GGAGAGAG	2
GGAGAGTTGGAGTAAC	ENSG00000225630.1	TCATAGTA	1
GGAGAGTTGGAGTAAC	ENSG00000225630.1	TGTACTGG	1
GGAGAGTTGGAGTAAC	ENSG00000225630.1	GTGGTAGA	1
GGAGAGTTGGAGTAAC	ENSG00000225630.1	TTGAAGTG	1
GGAGAGTTGGAGTAAC	ENSG00000225630.1	GTTAACCT	1
GGAGAGTTGGAGTAAC	ENSG00000272512.1	noUMI	2
GGAGAGTTGGAGTAAC	ENSG00000176022.7	TGGAAACG	1
GGAGAGTTGGAGTAAC	ENSG00000228594.4	GAAGCTAG	1
GGAGAGTTGGAGTAAC	ENSG00000270728.1	noUMI	1
GGAGAGTTGGAGTAAC	ENSG00000179163.12	noUMI	3
GGAGAGTTGGAGTAAC	ENSG00000270605.1	noUMI	1
GGAGAGTTGGAGTAAC	ENSG00000271398.1	AAAATCAG	1
GGAGAGTTGGAGTAAC	ENSG00000237329.2	GGGAGTCA	1
GGAGAGTTGGAGTAAC	ENSG00000116863.11	noUMI	7
GGAGAGTTGGAGTAAC	ENSG00000117000.9	noUMI	4
GGAGAGTTGGAGTAAC	ENSG00000259943.1	noUMI	1
GGAGAGTTGGAGTAAC	ENSG00000066557.6	noUMI	4
GGAGAGTTGGAGTAAC	ENSG00000137970.7	noUMI	1
GGAGAGTTGGAGTAAC	ENSG00000137970.7	AGGATCGC	1
GGAGAGTTGGAGTAAC	ENSG00000137970.7	CCGATCTC	1
GGAGAGTTGGAGTAAC	ENSG00000137970.7	AGGCTTCC	1
GGAGAGTTGGAGTAAC	ENSG00000137970.7	GAAACCGT	1
GGAGAGTTGGAGTAAC	ENSG00000137970.7	GCGAGTGC	1
GGAGAGTTGGAGTAAC	ENSG00000137970.7	AACGCAAG	1
GGAGAGTTGGAGTAAC	ENSG00000137970.7	CGGTGAGC	1
GGAGAGTTGGAGTAAC	ENSG00000065135.12	TGACGTGA	1
GGAGAGTTGGAGTAAC	ENSG00000065135.12	noUMI	12
GGAGAGTTGGAGTAAC	ENSG00000213281.5	noUMI	5
GGAGAGTTGGAGTAAC	ENSG00000213281.5	GGGCCGCT	1
GGAGAGTTGGAGTAAC	ENSG00000183508.5	noUMI	1
GGAGAGTTGGAGTAAC	ENSG00000277702.1	ATGAGTGG	1
GGAGAGTTGGAGTAAC	ENSG00000215784.6	noUMI	2
GGAGAGTTGGAGTAAC	ENSG00000163344.6	CGGCGGAT	2
GGAGAGTTGGAGTAAC	ENSG00000183155.5	GGTCAAGG	2
GGAGAGTTGGAGTAAC	ENSG00000158615.9	noUMI	1
GGAGAGTTGGAGTAAC	ENSG00000277007.1	noUMI	2
GGAGAGTTGGAGTAAC	ENSG00000218283.2	TCCGTAGG	1
GGAGAGTTGGAGTAAC	ENSG00000218283.2	noUMI	3
GGAGAGTTGGAGTAAC	ENSG00000218283.2	GATGACTG	1
GGAGAGTTGGAGTAAC	ENSG00000143751.10	noUMI	2
GGAGAGTTGGAGTAAC	ENSG00000181218.5	ACGACCAC	1
GGAGAGTTGGAGTAAC	ENSG00000181218.5	CATCTCAC	1
GGAGAGTTGGAGTAAC	ENSG00000259865.1	noUMI	1
GGAGAGTTCAGATTCG	ENSG00000279457.4	noUMI	7
GGAGAGTTCAGATTCG	ENSG00000279457.4	GGGAATCC	1
GGAGAGTTCAGATTCG	ENSG00000225630.1	noUMI	57
GGAGAGTTCAGATTCG	ENSG00000225630.1	AGCAGCGG	4
GGAGAGTTCAGATTCG	ENSG00000225630.1	CGAAACGG	1
GGAGAGTTCAGATTCG	ENSG00000225630.1	CCCGAGGA	1
GGAGAGTTCAGATTCG	ENSG00000225630.1	CGCGGTTG	1
GGAGAGTTCAGATTCG	ENSG00000225630.1	GATTAGCA	2
GGAGAGTTCAGATTCG	ENSG00000225630.1	AGATGTTG	2
GGAGAGTTCAGATTCG	ENSG00000225630.1	TCAACGCC	1
GGAGAGTTCAGATTCG	ENSG00000225630.1	ACAACCTC	3
GGAGAGTTCAGATTCG	ENSG00000225630.1	GCATGCAC	1
GGAGAGTTCAGATTCG	ENSG00000225630.1	TCCTGTGA	1
GGAGAGTTCAGATTCG	ENSG00000225630.1	GGCATGGC	1
GGAGAGTTCAGATTCG	ENSG00000225630.1	ACAGGCGA	1
GGAGAGTTCAGATTCG	ENSG00000225630.1	ATAATCCG	1
GGAGAGTTCAGATTCG	ENSG00000225630.1	AGAAATAC	1
GGAGAGTTCAGATTCG	ENSG00000225630.1	CGAAGATG	2
GGAGAGTTCAGATTCG	ENSG00000225630.1	GGCATAAT	3
GGAGAGTTCAGATTCG	ENSG00000225630.1	TGCATGTG	2
GGAGAGTTCAGATTCG	ENSG00000225630.1	TCATAAGA	1
GGAGAGTTCAGATTCG	ENSG00000225630.1	CCCACCGT	1
GGAGAGTTCAGATTCG	ENSG00000225630.1	ATCACGCT	1
GGAGAGTTCAGATTCG	ENSG00000225630.1	GACAGATT	1
GGAGAGTTCAGATTCG	ENSG00000225630.1	GACAAAGG	1
GGAGAGTTCAGATTCG	ENSG00000225630.1	ACAACGGG	1
GGAGAGTTCAGATTCG	ENSG00000225630.1	CCGGACAC	1
GGAGAGTTCAGATTCG	ENSG00000225630.1	TTAGGGAC	2
GGAGAGTTCAGATTCG	ENSG00000225630.1	CAAATGTA	1
GGAGAGTTCAGATTCG	ENSG00000225630.1	ACAAAGAC	1
GGAGAGTTCAGATTCG	ENSG00000225630.1	GTTGGAAG	1
GGAGAGTTCAGATTCG	ENSG00000225630.1	TGCTAGCG	1
GGAGAGTTCAGATTCG	ENSG00000225630.1	TGTACTAG	1
GGAGAGTTCAGATTCG	ENSG00000225630.1	CGAGTACG	1
GGAGAGTTCAGATTCG	ENSG00000225630.1	CATGAGGT	1
GGAGAGTTCAGATTCG	ENSG00000225630.1	TGACACCC	1
GGAGAGTTCAGATTCG	ENSG00000225630.1	GCAGAGGT	1
GGAGAGTTCAGATTCG	ENSG00000225630.1	TTGCTCGA	2
GGAGAGTTCAGATTCG	ENSG00000225630.1	CTGCGAAG	1
GGAGAGTTCAGATTCG	ENSG00000225630.1	CACGCTAG	1
GGAGAGTTCAGATTCG	ENSG00000225630.1	TCCTGACC	1
GGAGAGTTCAGATTCG	ENSG00000225630.1	CACTTGAT	1
GGAGAGTTCAGATTCG	ENSG00000225630.1	TAACGCCA	1
GGAGAGTTCAGATTCG	ENSG00000225630.1	CCCTATCC	1
GGAGAGTTCAGATTCG	ENSG00000225630.1	GTCGGAGT	1
GGAGAGTTCAGATTCG	ENSG00000225630.1	GCTTACGT	1
GGAGAGTTCAGATTCG	ENSG00000225630.1	TTAGTAGC	1
GGAGAGTTCAGATTCG	ENSG00000225630.1	AAAAACAT	1
GGAGAGTTCAGATTCG	ENSG00000225630.1	CTTCTGGG	1
GGAGAGTTCAGATTCG	ENSG00000225630.1	ATGTCGAC	1
GGAGAGTTCAGATTCG	ENSG00000225630.1	TGACCCGC	1
GGAGAGTTCAGATTCG	ENSG00000228594.4	noUMI	1
GGAGAGTTCAGATTCG	ENSG00000288398.1	ACGAGGTG	2
GGAGAGTTCAGATTCG	ENSG00000288398.1	AGGGGGAG	1
GGAGAGTTCAGATTCG	ENSG00000288398.1	noUMI	4
GGAGAGTTCAGATTCG	ENSG00000090432.7	noUMI	29
GGAGAGTTCAGATTCG	ENSG00000090432.7	CCCAAGCG	1
GGAGAGTTCAGATTCG	ENSG00000090432.7	CCCCAATC	1
GGAGAGTTCAGATTCG	ENSG00000179163.12	noUMI	10
GGAGAGTTCAGATTCG	ENSG00000179163.12	CGTACGTC	1
GGAGAGTTCAGATTCG	ENSG00000233478.1	CCCGAGTC	1
GGAGAGTTCAGATTCG	ENSG00000175793.12	AGCTATCA	1
GGAGAGTTCAGATTCG	ENSG00000158246.8	noUMI	6
GGAGAGTTCAGATTCG	ENSG00000225159.1	noUMI	1
GGAGAGTTCAGATTCG	ENSG00000270605.1	noUMI	4
GGAGAGTTCAGATTCG	ENSG00000175130.7	TCTGACGT	1
GGAGAGTTCAGATTCG	ENSG00000175130.7	noUMI	3
GGAGAGTTCAGATTCG	ENSG00000175130.7	ATATGATG	2
GGAGAGTTCAGATTCG	ENSG00000243749.1	AATTCGAT	2
TCCTTGCTCGGTTGTT	ENSG00000279457.4	noUMI	2
TCCTTGCTCGGTTGTT	ENSG00000279457.4	GATATAGT	1
TCCTTGCTCGGTTGTT	ENSG00000225630.1	noUMI	53
TCCTTGCTCGGTTGTT	ENSG00000225630.1	GCGATCTC	1
TCCTTGCTCGGTTGTT	ENSG00000225630.1	GTACGAGC	1
TCCTTGCTCGGTTGTT	ENSG00000225630.1	GATCTCGG	1
TCCTTGCTCGGTTGTT	ENSG00000225630.1	AGCGATTT	3
TCCTTGCTCGGTTGTT	ENSG00000225630.1	GGCCCGAG	1
TCCTTGCTCGGTTGTT	ENSG00000225630.1	GACAGAGG	1
TCCTTGCTCGGTTGTT	ENSG00000225630.1	GCGATGTA	1
TCCTTGCTCGGTTGTT	ENSG00000225630.1	ATCGTCCA	1
TCCTTGCTCGGTTGTT	ENSG00000225630.1	CCAATCGA	1
TCCTTGCTCGGTTGTT	ENSG00000225630.1	AAAGGCAC	1
TCCTTGCTCGGTTGTT	ENSG00000225630.1	CTGGCCCC	2
TCCTTGCTCGGTTGTT	ENSG00000225630.1	AGAAAACT	2
TCCTTGCTCGGTTGTT	ENSG00000225630.1	AAACTCTG	1
TCCTTGCTCGGTTGTT	ENSG00000225630.1	CGCCGACT	1
TCCTTGCTCGGTTGTT	ENSG00000225630.1	CTCACTCG	1
TCCTTGCTCGGTTGTT	ENSG00000225630.1	GCCGCTCG	1
TCCTTGCTCGGTTGTT	ENSG00000225630.1	GAAAGGCC	2
TCCTTGCTCGGTTGTT	ENSG00000225630.1	GAATGTAA	1
TCCTTGCTCGGTTGTT	ENSG00000225630.1	GACGACGG	1
TCCTTGCTCGGTTGTT	ENSG00000225630.1	GCAACATC	1
TCCTTGCTCGGTTGTT	ENSG00000225630.1	GGTGTTCA	1
TCCTTGCTCGGTTGTT	ENSG00000225630.1	GGGCCACA	2
TCCTTGCTCGGTTGTT	ENSG00000225630.1	TGTAGTGA	1
TCCTTGCTCGGTTGTT	ENSG00000225630.1	TCTGCAAG	1
TCCTTGCTCGGTTGTT	ENSG00000225630.1	GTCATAGG	1
TCCTTGCTCGGTTGTT	ENSG00000225630.1	TAGCATAA	1
TCCTTGCTCGGTTGTT	ENSG00000225630.1	TTTGCCGG	2
TCCTTGCTCGGTTGTT	ENSG00000225630.1	AAGTATTG	1
TCCTTGCTCGGTTGTT	ENSG00000225630.1	TAAGAGGG	1
TCCTTGCTCGGTTGTT	ENSG00000225630.1	CCACTACC	2
TCCTTGCTCGGTTGTT	ENSG00000225630.1	ACGGTCTA	3
TCCTTGCTCGGTTGTT	ENSG00000225630.1	AAGTTCAG	3
TCCTTGCTCGGTTGTT	ENSG00000225630.1	CAAACTCA	1
TCCTTGCTCGGTTGTT	ENSG00000225630.1	GAGTGCGT	1
TCCTTGCTCGGTTGTT	ENSG00000225630.1	GGCAAAGG	1
TCCTTGCTCGGTTGTT	ENSG00000225630.1	TCGACTCG	2
TCCTTGCTCGGTTGTT	ENSG00000225630.1	TAGCGGTA	1
TCCTTGCTCGGTTGTT	ENSG00000225630.1	AACATCAC	1
TCCTTGCTCGGTTGTT	ENSG00000225630.1	CCTCGGGA	1
TCCTTGCTCGGTTGTT	ENSG00000225630.1	TCCAAACA	2
TCCTTGCTCGGTTGTT	ENSG00000225630.1	AGCTAGTA	1
TCCTTGCTCGGTTGTT	ENSG00000225630.1	TACGCATA	1
TCCTTGCTCGGTTGTT	ENSG00000225630.1	TCCCACAT	1
TCCTTGCTCGGTTGTT	ENSG00000225630.1	AATCCCCT	1
TCCTTGCTCGGTTGTT	ENSG00000225630.1	CTAGGAGA	2
TCCTTGCTCGGTTGTT	ENSG00000225630.1	AGGCAGAG	1
TCCTTGCTCGGTTGTT	ENSG00000225630.1	CATCTCCC	1
TCCTTGCTCGGTTGTT	ENSG00000225630.1	CGTACCCC	1
TCCTTGCTCGGTTGTT	ENSG00000225630.1	ATGAAACA	1
TCCTTGCTCGGTTGTT	ENSG00000225630.1	GTATCTGA	1
TCCTTGCTCGGTTGTT	ENSG00000225630.1	CTAATGAG	1
TCCTTGCTCGGTTGTT	ENSG00000225630.1	GCCTAACT	1
TCCTTGCTCGGTTGTT	ENSG00000225630.1	AGCTTGCG	3
TCCTTGCTCGGTTGTT	ENSG00000225630.1	GGGTACTG	1
TCCTTGCTCGGTTGTT	ENSG00000225630.1	TCACCAGT	1
TCCTTGCTCGGTTGTT	ENSG00000225630.1	AAAGCAGG	2
TCCTTGCTCGGTTGTT	ENSG00000225630.1	AGCTGTTG	1
TCCTTGCTCGGTTGTT	ENSG00000225630.1	GTCTGCGA	1
TCCTTGCTCGGTTGTT	ENSG00000225630.1	GCTCTCTG	3
TCCTTGCTCGGTTGTT	ENSG00000225630.1	AGCGCCCG	1
TCCTTGCTCGGTTGTT	ENSG00000225630.1	GGCATAAG	1
TCCTTGCTCGGTTGTT	ENSG00000225630.1	CTATGGCT	1
TCCTTGCTCGGTTGTT	ENSG00000225630.1	GGTTCCGG	1
TCCTTGCTCGGTTGTT	ENSG00000225630.1	ATCGCGTC	1
TCCTTGCTCGGTTGTT	ENSG00000225630.1	TCGTAGTA	1
TCCTTGCTCGGTTGTT	ENSG00000225630.1	GCACCTGC	1
TCCTTGCTCGGTTGTT	ENSG00000225630.1	TACCATCG	1
TCCTTGCTCGGTTGTT	ENSG00000225630.1	CAACGATT	1
TCCTTGCTCGGTTGTT	ENSG00000225630.1	ATCTAGAG	2
TCCTTGCTCGGTTGTT	ENSG00000225630.1	TAGGATTA	1
TCCTTGCTCGGTTGTT	ENSG00000225630.1	GATGTCTA	1
TCCTTGCTCGGTTGTT	ENSG00000225630.1	TGGCCTGG	1
TCCTTGCTCGGTTGTT	ENSG00000225630.1	TCCGTTGG	1
TCCTTGCTCGGTTGTT	ENSG00000225630.1	TAGACGTC	1
TCCTTGCTCGGTTGTT	ENSG00000225630.1	AACCATCT	1
TCCTTGCTCGGTTGTT	ENSG00000225630.1	GATTGATA	1
TCCTTGCTCGGTTGTT	ENSG00000225630.1	ACAAAGAG	1
TCCTTGCTCGGTTGTT	ENSG00000225630.1	CCGGAAAG	1
TCCTTGCTCGGTTGTT	ENSG00000198744.5	noUMI	1
TCCTTGCTCGGTTGTT	ENSG00000228594.4	noUMI	2
TCCTTGCTCGGTTGTT	ENSG00000286989.1	noUMI	2
TCCTTGCTCGGTTGTT	ENSG00000231050.1	noUMI	1
TCCTTGCTCGGTTGTT	ENSG00000231789.2	noUMI	3
TCCTTGCTCGGTTGTT	ENSG00000233954.6	CCAGACAT	1
TCCTTGCTCGGTTGTT	ENSG00000233954.6	TTCACGCA	1
TCCTTGCTCGGTTGTT	ENSG00000272426.1	CGGGTTGG	1
TCCTTGCTCGGTTGTT	ENSG00000090432.7	noUMI	10
TCCTTGCTCGGTTGTT	ENSG00000090432.7	GAAGAGGT	1
TCCTTGCTCGGTTGTT	ENSG00000090432.7	TGAGGCCG	1
TCCTTGCTCGGTTGTT	ENSG00000179163.12	noUMI	9
TCCTTGCTCGGTTGTT	ENSG00000270605.1	noUMI	1
TCCTTGCTCGGTTGTT	ENSG00000243749.1	noUMI	2
TCCTTGCTCGGTTGTT	ENSG00000286899.1	noUMI	3
TCCTTGCTCGGTTGTT	ENSG00000286899.1	ATCAACGG	3
TCCTTGCTCGGTTGTT	ENSG00000116863.11	TGATCGGG	1
TCCTTGCTCGGTTGTT	ENSG00000116863.11	noUMI	15
TCCTTGCTCGGTTGTT	ENSG00000163909.8	noUMI	3
TCCTTGCTCGGTTGTT	ENSG00000116981.4	noUMI	13
TCCTTGCTCGGTTGTT	ENSG00000117000.9	noUMI	3
TTGGAACCCGATACTG	ENSG00000279457.4	CGCCTCAG	1
TTGGAACCCGATACTG	ENSG00000225630.1	TGGGTATG	1
TTGGAACCCGATACTG	ENSG00000225630.1	GGGCTGCT	1
TTGGAACCCGATACTG	ENSG00000225630.1	ACGCTCAT	1
TTGGAACCCGATACTG	ENSG00000225630.1	AAGATCTT	1
TTGGAACCCGATACTG	ENSG00000225630.1	AGCTACAG	2
TTGGAACCCGATACTG	ENSG00000225630.1	ATTTACGT	1
TTGGAACCCGATACTG	ENSG00000225630.1	GCTACAAT	1
TTGGAACCCGATACTG	ENSG00000225630.1	CCTCCCAT	1
TTGGAACCCGATACTG	ENSG00000225630.1	noUMI	79
TTGGAACCCGATACTG	ENSG00000225630.1	GGGCACAC	2
TTGGAACCCGATACTG	ENSG00000225630.1	AGATGTCA	1
TTGGAACCCGATACTG	ENSG00000225630.1	AATAGTGA	1
TTGGAACCCGATACTG	ENSG00000225630.1	GTCGTTGT	3
TTGGAACCCGATACTG	ENSG00000225630.1	TACGTATA	1
TTGGAACCCGATACTG	ENSG00000225630.1	TTCCATGG	1
TTGGAACCCGATACTG	ENSG00000225630.1	CTACGAAC	1
TTGGAACCCGATACTG	ENSG00000225630.1	GAAGTCAT	1
TTGGAACCCGATACTG	ENSG00000225630.1	CACACGAT	1
TTGGAACCCGATACTG	ENSG00000225630.1	TGTACGCA	1
TTGGAACCCGATACTG	ENSG00000225630.1	GGGCTAAT	1
TTGGAACCCGATACTG	ENSG00000225630.1	GAGGATAT	1
TTGGAACCCGATACTG	ENSG00000225630.1	ATCACTGA	2
TTGGAACCCGATACTG	ENSG00000225630.1	CCCAGCCT	3
TTGGAACCCGATACTG	ENSG00000225630.1	CCATAGAG	1
TTGGAACCCGATACTG	ENSG00000225630.1	AATATGCT	1
TTGGAACCCGATACTG	ENSG00000225630.1	GGCAACAG	1
TTGGAACCCGATACTG	ENSG00000225630.1	AGGAGTTC	1
TTGGAACCCGATACTG	ENSG00000225630.1	GGACTCCG	1
TTGGAACCCGATACTG	ENSG00000225630.1	GTATTGCA	1
TTGGAACCCGATACTG	ENSG00000225630.1	AGAGAAGG	3
TTGGAACCCGATACTG	ENSG00000225630.1	GAGTACTG	1
TTGGAACCCGATACTG	ENSG00000225630.1	GCGTTGTT	2
TTGGAACCCGATACTG	ENSG00000225630.1	TGAGGAAT	1
TTGGAACCCGATACTG	ENSG00000225630.1	ACTTCTCA	1
TTGGAACCCGATACTG	ENSG00000225630.1	GACTTACG	1
TTGGAACCCGATACTG	ENSG00000225630.1	TTAGGGCC	1
TTGGAACCCGATACTG	ENSG00000225630.1	AAATCAGA	1
TTGGAACCCGATACTG	ENSG00000225630.1	CCAGACTA	1
TTGGAACCCGATACTG	ENSG00000225630.1	AAGGCTCC	1
TTGGAACCCGATACTG	ENSG00000225630.1	AAAACCGA	1
TTGGAACCCGATACTG	ENSG00000225630.1	TCTGCAGC	1
TTGGAACCCGATACTG	ENSG00000225630.1	TACATCAA	1
TTGGAACCCGATACTG	ENSG00000225630.1	TGACATCA	1
TTGGAACCCGATACTG	ENSG00000225630.1	GGTAGGAC	1
TTGGAACCCGATACTG	ENSG00000225630.1	TGACGGTT	1
TTGGAACCCGATACTG	ENSG00000225630.1	AAATATAT	1
TTGGAACCCGATACTG	ENSG00000225630.1	TAGGCTTC	1
TTGGAACCCGATACTG	ENSG00000225630.1	ATATAATA	1
TTGGAACCCGATACTG	ENSG00000225630.1	GCGTACCG	1
TTGGAACCCGATACTG	ENSG00000225630.1	TAATACGA	1
TTGGAACCCGATACTG	ENSG00000225630.1	CCATTGAA	1
TTGGAACCCGATACTG	ENSG00000225630.1	TATTGCTG	2
TTGGAACCCGATACTG	ENSG00000225630.1	CCATGTTC	1
TTGGAACCCGATACTG	ENSG00000225630.1	GTAAGAGT	1
TTGGAACCCGATACTG	ENSG00000225630.1	AGAAAAAG	1
TTGGAACCCGATACTG	ENSG00000225630.1	AAGCTACT	1
TTGGAACCCGATACTG	ENSG00000225630.1	GCTCAGTT	1
TTGGAACCCGATACTG	ENSG00000225630.1	TGCCGCGT	1
TTGGAACCCGATACTG	ENSG00000225630.1	GAGCTACG	1
TTGGAACCCGATACTG	ENSG00000225630.1	AGGGTTCA	1
TTGGAACCCGATACTG	ENSG00000225630.1	CATTAAGT	1
TTGGAACCCGATACTG	ENSG00000225630.1	TGGGTTCT	1
TTGGAACCCGATACTG	ENSG00000225630.1	CCACCCCT	1
TTGGAACCCGATACTG	ENSG00000225630.1	ATAGACAG	1
TTGGAACCCGATACTG	ENSG00000225630.1	TCATCGCC	1
TTGGAACCCGATACTG	ENSG00000225630.1	CGAACGTA	1
TTGGAACCCGATACTG	ENSG00000225630.1	GGCTTCAA	1
TTGGAACCCGATACTG	ENSG00000225630.1	AGAACTAA	3
TTGGAACCCGATACTG	ENSG00000225630.1	AACTTGAA	1
TTGGAACCCGATACTG	ENSG00000225630.1	AATGACTC	1
TTGGAACCCGATACTG	ENSG00000225630.1	TAGCTGGA	1
TTGGAACCCGATACTG	ENSG00000225630.1	AGGCATGC	1
TTGGAACCCGATACTG	ENSG00000225630.1	GGGGAATG	1
TTGGAACCCGATACTG	ENSG00000171612.7	noUMI	3
TTGGAACCCGATACTG	ENSG00000171612.7	ATAGGGCA	2
TTGGAACCCGATACTG	ENSG00000288398.1	noUMI	5
TTGGAACCCGATACTG	ENSG00000090432.7	noUMI	19
TTGGAACCCGATACTG	ENSG00000179163.12	noUMI	13
TTGGAACCCGATACTG	ENSG00000175130.7	noUMI	3
TTGGAACCCGATACTG	ENSG00000273274.2	noUMI	8
TTGGAACCCGATACTG	ENSG00000243749.1	CAGCAACG	2
TTGGAACCCGATACTG	ENSG00000116863.11	noUMI	24
TTGGAACCCGATACTG	ENSG00000116863.11	TGGAGGCT	1
TTGGAACCCGATACTG	ENSG00000286379.1	GAAGGCGG	1
TTGGAACCCGATACTG	ENSG00000163909.8	noUMI	7
TTGGAACCCGATACTG	ENSG00000116981.4	noUMI	6
TTGGAACCCGATACTG	ENSG00000259943.1	noUMI	7
TTGGAACCCGATACTG	ENSG00000259943.1	CACCTTGA	1
TTGGAACCCGATACTG	ENSG00000260920.2	TGGGGGGG	1
GGAGAGTTGAGAAGGA	ENSG00000225630.1	CGAGCGGG	1
GGAGAGTTGAGAAGGA	ENSG00000225630.1	TGCGTTCC	1
GGAGAGTTGAGAAGGA	ENSG00000225630.1	GACTTAGC	1
GGAGAGTTGAGAAGGA	ENSG00000225630.1	CGTATGCG	1
GGAGAGTTGAGAAGGA	ENSG00000225630.1	CCCCAGGC	1
GGAGAGTTGAGAAGGA	ENSG00000225630.1	GAACCCCG	1
GGAGAGTTGAGAAGGA	ENSG00000225630.1	GATGAGTA	1
GGAGAGTTGAGAAGGA	ENSG00000225630.1	CAGATACT	1
GGAGAGTTGAGAAGGA	ENSG00000225630.1	TCAGAAGT	1
GGAGAGTTGAGAAGGA	ENSG00000225630.1	TATAAACG	1
GGAGAGTTGAGAAGGA	ENSG00000225630.1	TGCTACCA	1
GGAGAGTTGAGAAGGA	ENSG00000225630.1	AAGCAGTA	1
GGAGAGTTGAGAAGGA	ENSG00000225630.1	AACGTCTG	1
GGAGAGTTGAGAAGGA	ENSG00000225630.1	noUMI	8
GGAGAGTTGAGAAGGA	ENSG00000225630.1	TCTGGTGG	1
GGAGAGTTGAGAAGGA	ENSG00000225630.1	GGTAGCCG	1
GGAGAGTTGAGAAGGA	ENSG00000225630.1	TTAGCCAA	1
GGAGAGTTGAGAAGGA	ENSG00000225630.1	GTGCTGAT	1
GGAGAGTTGAGAAGGA	ENSG00000228594.4	noUMI	1
GGAGAGTTGAGAAGGA	ENSG00000171612.7	TGAACGTG	1
GGAGAGTTGAGAAGGA	ENSG00000287756.1	noUMI	1
GGAGAGTTGAGAAGGA	ENSG00000261135.1	noUMI	1
GGAGAGTTGAGAAGGA	ENSG00000090432.7	noUMI	1
GGAGAGTTGAGAAGGA	ENSG00000090432.7	TCACATGC	1
GGAGAGTTGAGAAGGA	ENSG00000130766.5	noUMI	1
GGAGAGTTGAGAAGGA	ENSG00000279443.1	noUMI	1
GGAGAGTTGAGAAGGA	ENSG00000237934.1	GAGTCTGG	2
GGAGAGTTGAGAAGGA	ENSG00000175130.7	noUMI	2
GGAGAGTTGAGAAGGA	ENSG00000243749.1	noUMI	3
GGAGAGTTGAGAAGGA	ENSG00000116863.11	noUMI	7
GGAGAGTTGAGAAGGA	ENSG00000117000.9	noUMI	1
GGAGAGTTGAGAAGGA	ENSG00000259943.1	noUMI	2
GGAGAGTTGAGAAGGA	ENSG00000227935.1	noUMI	1
GGAGAGTTGAGAAGGA	ENSG00000233877.2	noUMI	1
GGAGAGTTGAGAAGGA	ENSG00000116704.8	noUMI	1
GGAGAGTTGAGAAGGA	ENSG00000066557.6	noUMI	1
GGAGAGTTGAGAAGGA	ENSG00000137970.7	noUMI	3
GGAGAGTTGAGAAGGA	ENSG00000065135.12	GTCAGCAA	1
GGAGAGTTGAGAAGGA	ENSG00000065135.12	noUMI	4
GGAGAGTTGAGAAGGA	ENSG00000065135.12	TGACTTGG	1
GGAGAGTTGAGAAGGA	ENSG00000213281.5	noUMI	3
GGAGAGTTGAGAAGGA	ENSG00000175658.4	noUMI	1
GGAGAGTTGAGAAGGA	ENSG00000215784.6	noUMI	2
GGAGAGTTGAGAAGGA	ENSG00000177144.8	noUMI	1
GGAGAGTTGAGAAGGA	ENSG00000132718.9	noUMI	1
GGAGAGTTGAGAAGGA	ENSG00000143333.7	noUMI	1
GGAGAGTTGAGAAGGA	ENSG00000143333.7	GCCAAGGG	1
GGAGAGTTGAGAAGGA	ENSG00000183155.5	noUMI	2
GGAGAGTTGAGAAGGA	ENSG00000158615.9	noUMI	7
GGAGAGTTGAGAAGGA	ENSG00000218283.2	noUMI	3
GGAGAGTTGAGAAGGA	ENSG00000218283.2	ATAAGTCG	1
GGAGAGTTGAGAAGGA	ENSG00000143751.10	noUMI	1
GGAGAGTTGAGAAGGA	ENSG00000143751.10	CGGTCCCT	1
GGAGAGTTGAGAAGGA	ENSG00000143653.10	noUMI	2
GGAGAGTTGAGAAGGA	ENSG00000259865.1	noUMI	2
GCATGTCTCAATGGAC	ENSG00000279457.4	GATTCAGG	1
GCATGTCTCAATGGAC	ENSG00000279457.4	noUMI	2
GCATGTCTCAATGGAC	ENSG00000225630.1	TGGGGCAT	1
GCATGTCTCAATGGAC	ENSG00000225630.1	noUMI	69
GCATGTCTCAATGGAC	ENSG00000225630.1	TGTAGGGA	1
GCATGTCTCAATGGAC	ENSG00000225630.1	AACATCCT	2
GCATGTCTCAATGGAC	ENSG00000225630.1	GATTCAGA	1
GCATGTCTCAATGGAC	ENSG00000225630.1	TACAGCTA	2
GCATGTCTCAATGGAC	ENSG00000225630.1	CATGTGAT	1
GCATGTCTCAATGGAC	ENSG00000225630.1	ACCAGTTG	1
GCATGTCTCAATGGAC	ENSG00000225630.1	GCTTCCAT	1
GCATGTCTCAATGGAC	ENSG00000225630.1	TCCATGGC	4
GCATGTCTCAATGGAC	ENSG00000225630.1	TAAACCAG	2
GCATGTCTCAATGGAC	ENSG00000225630.1	TCGCCCGG	1
GCATGTCTCAATGGAC	ENSG00000225630.1	TACGGCGA	1
GCATGTCTCAATGGAC	ENSG00000225630.1	CACGAGAG	4
GCATGTCTCAATGGAC	ENSG00000225630.1	CAGTAACA	1
GCATGTCTCAATGGAC	ENSG00000225630.1	AAAGCAGG	1
GCATGTCTCAATGGAC	ENSG00000225630.1	TACAGGAA	2
GCATGTCTCAATGGAC	ENSG00000225630.1	GCCTGGGT	3
GCATGTCTCAATGGAC	ENSG00000225630.1	ACCGACCC	2
GCATGTCTCAATGGAC	ENSG00000225630.1	GGCGCATA	2
GCATGTCTCAATGGAC	ENSG00000225630.1	AAGCCTCG	1
GCATGTCTCAATGGAC	ENSG00000225630.1	GTTTGGGC	1
GCATGTCTCAATGGAC	ENSG00000225630.1	GGATAATG	1
GCATGTCTCAATGGAC	ENSG00000225630.1	AAAACAAG	3
GCATGTCTCAATGGAC	ENSG00000225630.1	ATCGTGGT	1
GCATGTCTCAATGGAC	ENSG00000225630.1	CAACGACA	1
GCATGTCTCAATGGAC	ENSG00000225630.1	ACTTAAGC	1
GCATGTCTCAATGGAC	ENSG00000225630.1	GACCACAC	1
GCATGTCTCAATGGAC	ENSG00000225630.1	CAAAGACT	1
GCATGTCTCAATGGAC	ENSG00000225630.1	ACTCCATC	1
GCATGTCTCAATGGAC	ENSG00000225630.1	ACTCGCAA	1
GCATGTCTCAATGGAC	ENSG00000225630.1	TACACCGC	1
GCATGTCTCAATGGAC	ENSG00000225630.1	ACATTAAG	1
GCATGTCTCAATGGAC	ENSG00000225630.1	GACAGGGC	1
GCATGTCTCAATGGAC	ENSG00000225630.1	CGATGTAA	1
GCATGTCTCAATGGAC	ENSG00000225630.1	TAATCGGC	1
GCATGTCTCAATGGAC	ENSG00000225630.1	AGTTGACC	1
GCATGTCTCAATGGAC	ENSG00000225630.1	AAAAACAA	1
GCATGTCTCAATGGAC	ENSG00000225630.1	CTTCGAAC	1
GCATGTCTCAATGGAC	ENSG00000225630.1	ATAAGGTC	1
GCATGTCTCAATGGAC	ENSG00000225630.1	GATGTGAC	1
GCATGTCTCAATGGAC	ENSG00000225630.1	TGTCAGGA	1
GCATGTCTCAATGGAC	ENSG00000225630.1	GGGTAGCC	1
GCATGTCTCAATGGAC	ENSG00000225630.1	CGATAGGA	1
GCATGTCTCAATGGAC	ENSG00000225630.1	GATGTCTA	1
GCATGTCTCAATGGAC	ENSG00000225630.1	ACGAACGC	1
GCATGTCTCAATGGAC	ENSG00000225630.1	GTAGTGGG	1
GCATGTCTCAATGGAC	ENSG00000225630.1	GAAAGAAC	1
GCATGTCTCAATGGAC	ENSG00000225630.1	AACGATCC	1
GCATGTCTCAATGGAC	ENSG00000225630.1	GGCGGTAA	1
GCATGTCTCAATGGAC	ENSG00000225630.1	AGCTACGT	2
GCATGTCTCAATGGAC	ENSG00000225630.1	TGAGTAAG	1
GCATGTCTCAATGGAC	ENSG00000225630.1	TTCAAGGG	2
GCATGTCTCAATGGAC	ENSG00000225630.1	ACAAGACT	1
GCATGTCTCAATGGAC	ENSG00000225630.1	ATCAAACC	1
GCATGTCTCAATGGAC	ENSG00000225630.1	AAAGGGAG	1
GCATGTCTCAATGGAC	ENSG00000225630.1	TGCAAACC	1
GCATGTCTCAATGGAC	ENSG00000225630.1	AACAGCCA	1
GCATGTCTCAATGGAC	ENSG00000225630.1	CGCGATGC	1
GCATGTCTCAATGGAC	ENSG00000225630.1	CGAAGAGT	1
GCATGTCTCAATGGAC	ENSG00000225630.1	AATCCGTC	1
GCATGTCTCAATGGAC	ENSG00000225630.1	GGGATACG	1
GCATGTCTCAATGGAC	ENSG00000225630.1	ACCCAGCG	1
GCATGTCTCAATGGAC	ENSG00000225630.1	ACAACGGT	1
GCATGTCTCAATGGAC	ENSG00000225630.1	TACGCTTG	1
GCATGTCTCAATGGAC	ENSG00000225630.1	AGTACGTT	1
GCATGTCTCAATGGAC	ENSG00000225630.1	GTACTCAG	2
GCATGTCTCAATGGAC	ENSG00000225630.1	AGGCGGGG	1
GCATGTCTCAATGGAC	ENSG00000225630.1	TGATTACG	1
GCATGTCTCAATGGAC	ENSG00000225630.1	CCATACAC	2
GCATGTCTCAATGGAC	ENSG00000225630.1	CAGCAACA	1
GCATGTCTCAATGGAC	ENSG00000225630.1	TCGATGTC	1
GCATGTCTCAATGGAC	ENSG00000225630.1	CAATAGAC	1
GCATGTCTCAATGGAC	ENSG00000225630.1	AAGTGTGT	1
GCATGTCTCAATGGAC	ENSG00000225630.1	AGAGCAAA	1
GCATGTCTCAATGGAC	ENSG00000228594.4	noUMI	1
GCATGTCTCAATGGAC	ENSG00000241563.4	noUMI	1
GCATGTCTCAATGGAC	ENSG00000233954.6	CCGTATGC	1
GCATGTCTCAATGGAC	ENSG00000261135.1	GTGTGACT	1
GCATGTCTCAATGGAC	ENSG00000090432.7	AAGGTTCG	1
GCATGTCTCAATGGAC	ENSG00000090432.7	noUMI	18
GCATGTCTCAATGGAC	ENSG00000090432.7	CAGACACG	1
GCATGTCTCAATGGAC	ENSG00000090432.7	ACGTTCCT	2
GCATGTCTCAATGGAC	ENSG00000179163.12	noUMI	20
GCATGTCTCAATGGAC	ENSG00000179163.12	CGTTCACC	1
GCATGTCTCAATGGAC	ENSG00000179163.12	CATGGCCA	1
GCATGTCTCAATGGAC	ENSG00000179163.12	TCACAGAA	1
GCATGTCTCAATGGAC	ENSG00000175130.7	noUMI	9
GCATGTCTCAATGGAC	ENSG00000175130.7	AGGTGTTC	1
GCATGTCTCAATGGAC	ENSG00000273274.2	noUMI	3
GCATGTCTCAATGGAC	ENSG00000243749.1	CAACATGT	1
GCATGTCTCAATGGAC	ENSG00000243749.1	noUMI	3
GCATGTCTCAATGGAC	ENSG00000116863.11	noUMI	18
GCATGTCTGAGGTTAG	ENSG00000279457.4	noUMI	1
GCATGTCTGAGGTTAG	ENSG00000225630.1	CCAACCAA	1
GCATGTCTGAGGTTAG	ENSG00000225630.1	noUMI	27
GCATGTCTGAGGTTAG	ENSG00000225630.1	GACATAAT	2
GCATGTCTGAGGTTAG	ENSG00000225630.1	CGGCCTCG	1
GCATGTCTGAGGTTAG	ENSG00000225630.1	TGCATAAC	1
GCATGTCTGAGGTTAG	ENSG00000225630.1	GTGGAAGG	1
GCATGTCTGAGGTTAG	ENSG00000225630.1	AACTCGCG	2
GCATGTCTGAGGTTAG	ENSG00000225630.1	GTCTGTGC	1
GCATGTCTGAGGTTAG	ENSG00000225630.1	GCAGTAGT	1
GCATGTCTGAGGTTAG	ENSG00000225630.1	CTGCTTTA	1
GCATGTCTGAGGTTAG	ENSG00000225630.1	GTTCAACC	1
GCATGTCTGAGGTTAG	ENSG00000225630.1	CACACGCT	1
GCATGTCTGAGGTTAG	ENSG00000225630.1	ATAGTGCC	1
GCATGTCTGAGGTTAG	ENSG00000225630.1	GGGGTCAG	2
GCATGTCTGAGGTTAG	ENSG00000225630.1	GTCATTCG	1
GCATGTCTGAGGTTAG	ENSG00000225630.1	CACCCTGG	1
GCATGTCTGAGGTTAG	ENSG00000225630.1	CGACCCGA	1
GCATGTCTGAGGTTAG	ENSG00000225630.1	TAGGCTAC	1
GCATGTCTGAGGTTAG	ENSG00000225630.1	GTTGATGT	2
GCATGTCTGAGGTTAG	ENSG00000225630.1	AAATCTAC	1
GCATGTCTGAGGTTAG	ENSG00000225630.1	GAGTGGAA	2
GCATGTCTGAGGTTAG	ENSG00000225630.1	GAGGGTCA	1
GCATGTCTGAGGTTAG	ENSG00000225630.1	CAAAGCTT	2
GCATGTCTGAGGTTAG	ENSG00000225630.1	CGTTCGGA	1
GCATGTCTGAGGTTAG	ENSG00000225630.1	GGACCGGT	2
GCATGTCTGAGGTTAG	ENSG00000225630.1	AAAATATG	1
GCATGTCTGAGGTTAG	ENSG00000225630.1	AGGTGATA	1
GCATGTCTGAGGTTAG	ENSG00000225630.1	AACCGCGT	1
GCATGTCTGAGGTTAG	ENSG00000225630.1	AAACATAA	1
GCATGTCTGAGGTTAG	ENSG00000225630.1	GGCCAACC	1
GCATGTCTGAGGTTAG	ENSG00000225630.1	CCAAGGAC	1
GCATGTCTGAGGTTAG	ENSG00000225630.1	ACACGGTT	1
GCATGTCTGAGGTTAG	ENSG00000225630.1	ACAGCTGG	1
GCATGTCTGAGGTTAG	ENSG00000225630.1	GTGGCTGC	1
GCATGTCTGAGGTTAG	ENSG00000225630.1	GGCGTCAA	1
GCATGTCTGAGGTTAG	ENSG00000225630.1	ATGGGCGT	1
GCATGTCTGAGGTTAG	ENSG00000225630.1	TCGTGGCA	1
GCATGTCTGAGGTTAG	ENSG00000225630.1	GAATGATG	1
GCATGTCTGAGGTTAG	ENSG00000225630.1	AAACCATA	1
GCATGTCTGAGGTTAG	ENSG00000225630.1	AGCGAATT	1
GCATGTCTGAGGTTAG	ENSG00000225630.1	TGTAGAGG	2
GCATGTCTGAGGTTAG	ENSG00000225630.1	TGAAACGT	1
GCATGTCTGAGGTTAG	ENSG00000225630.1	AGACTGTC	1
GCATGTCTGAGGTTAG	ENSG00000225630.1	TTGTGGAC	2
GCATGTCTGAGGTTAG	ENSG00000225630.1	CCCGCGCA	1
GCATGTCTGAGGTTAG	ENSG00000225630.1	GTCGCCTC	1
GCATGTCTGAGGTTAG	ENSG00000225630.1	TCGTGACC	1
GCATGTCTGAGGTTAG	ENSG00000225630.1	GGCATGTG	3
GCATGTCTGAGGTTAG	ENSG00000225630.1	ACTCGGTG	1
GCATGTCTGAGGTTAG	ENSG00000225630.1	CAGCATGG	2
GCATGTCTGAGGTTAG	ENSG00000225630.1	AAGGATAC	1
GCATGTCTGAGGTTAG	ENSG00000225630.1	TAATGCAA	1
GCATGTCTGAGGTTAG	ENSG00000225630.1	AACGACCA	1
GCATGTCTGAGGTTAG	ENSG00000225630.1	GGTAACGA	2
GCATGTCTGAGGTTAG	ENSG00000225630.1	TCAGGGGT	2
GCATGTCTGAGGTTAG	ENSG00000225630.1	AAGTAGAG	1
GCATGTCTGAGGTTAG	ENSG00000225630.1	GCCAACCT	1
GCATGTCTGAGGTTAG	ENSG00000225630.1	GATACAAT	1
GCATGTCTGAGGTTAG	ENSG00000225630.1	GTACCGAG	1
GCATGTCTGAGGTTAG	ENSG00000225630.1	GTTGACCC	1
GCATGTCTGAGGTTAG	ENSG00000225630.1	GGTGCCTT	1
GCATGTCTGAGGTTAG	ENSG00000225630.1	CCTTATAG	1
GCATGTCTGAGGTTAG	ENSG00000225630.1	ATCCACGT	1
GCATGTCTGAGGTTAG	ENSG00000225630.1	TCTACTGA	1
GCATGTCTGAGGTTAG	ENSG00000225630.1	CGCACCAA	1
GCATGTCTGAGGTTAG	ENSG00000225630.1	CCCTGTGC	1
GCATGTCTGAGGTTAG	ENSG00000225630.1	TACATGCA	1
GCATGTCTGAGGTTAG	ENSG00000225630.1	CGGCGAAT	1
GCATGTCTGAGGTTAG	ENSG00000228594.4	noUMI	2
GCATGTCTGAGGTTAG	ENSG00000286989.1	noUMI	1
GCATGTCTGAGGTTAG	ENSG00000171612.7	noUMI	2
GCATGTCTGAGGTTAG	ENSG00000231789.2	CATGGGCG	1
GCATGTCTGAGGTTAG	ENSG00000288398.1	noUMI	6
GCATGTCTGAGGTTAG	ENSG00000270728.1	noUMI	1
GCATGTCTGAGGTTAG	ENSG00000090432.7	noUMI	5
GCATGTCTGAGGTTAG	ENSG00000090432.7	CACTTAGA	2
GCATGTCTGAGGTTAG	ENSG00000179163.12	noUMI	16
GCATGTCTGAGGTTAG	ENSG00000179163.12	GGGGGGAG	1
GCATGTCTGAGGTTAG	ENSG00000284602.1	noUMI	1
GCATGTCTGAGGTTAG	ENSG00000225643.1	noUMI	1
GCATGTCTGAGGTTAG	ENSG00000158246.8	noUMI	3
GCATGTCTGAGGTTAG	ENSG00000228589.3	noUMI	1
GCATGTCTGAGGTTAG	ENSG00000270605.1	noUMI	6
GCATGTCTGAGGTTAG	ENSG00000175130.7	noUMI	1
GCATGTCTGAGGTTAG	ENSG00000243749.1	noUMI	3
GCATGTCTGAGGTTAG	ENSG00000243749.1	CCGAGTTA	1
GCATGTCTGAGGTTAG	ENSG00000116863.11	TACATGTA	2
GCATGTCTGAGGTTAG	ENSG00000116863.11	noUMI	7
GCATGTCTGAGGTTAG	ENSG00000116863.11	TGGAAAGC	1
GCATGTCTGAGGTTAG	ENSG00000163909.8	GGTATGGC	1
GCATGTCTGAGGTTAG	ENSG00000117000.9	noUMI	11
GCATGTCTGAGGTTAG	ENSG00000260920.2	noUMI	1
GCATGTCTGAGGTTAG	ENSG00000224751.2	noUMI	2
GCATGTCTGAGGTTAG	ENSG00000169213.7	noUMI	3
GCATGTCTGAGGTTAG	ENSG00000228407.2	noUMI	1
GCATGTCTGAGGTTAG	ENSG00000162396.6	noUMI	1
CTCAACAGCGATACTG	ENSG00000225630.1	AAAATCTA	1
CTCAACAGCGATACTG	ENSG00000225630.1	TAGGGTAC	1
CTCAACAGCGATACTG	ENSG00000225630.1	noUMI	17
CTCAACAGCGATACTG	ENSG00000225630.1	GTGCACCC	2
CTCAACAGCGATACTG	ENSG00000225630.1	TGACACCG	1
CTCAACAGCGATACTG	ENSG00000225630.1	GATCATGG	1
CTCAACAGCGATACTG	ENSG00000225630.1	GAACACAG	1
CTCAACAGCGATACTG	ENSG00000225630.1	AGCATACG	1
CTCAACAGCGATACTG	ENSG00000225630.1	CGGATGGA	1
CTCAACAGCGATACTG	ENSG00000225630.1	TAAGGTGT	1
CTCAACAGCGATACTG	ENSG00000225630.1	GGAGTGCT	1
CTCAACAGCGATACTG	ENSG00000225630.1	CCGCGAAG	1
CTCAACAGCGATACTG	ENSG00000225630.1	AAGGAGAC	1
CTCAACAGCGATACTG	ENSG00000225630.1	CCGGAGGT	1
CTCAACAGCGATACTG	ENSG00000225630.1	TGTTGACG	1
CTCAACAGCGATACTG	ENSG00000225630.1	GCTGTAAA	3
CTCAACAGCGATACTG	ENSG00000225630.1	ATTCGACG	1
CTCAACAGCGATACTG	ENSG00000225630.1	AGGGCGGT	1
CTCAACAGCGATACTG	ENSG00000225630.1	TAAAAGCA	1
CTCAACAGCGATACTG	ENSG00000225630.1	CGGAACTA	1
CTCAACAGCGATACTG	ENSG00000225630.1	AACCTTAA	1
CTCAACAGCGATACTG	ENSG00000225630.1	AGCCACAT	1
CTCAACAGCGATACTG	ENSG00000225630.1	AAAGTTAG	1
CTCAACAGCGATACTG	ENSG00000225630.1	AGCTCGTC	1
CTCAACAGCGATACTG	ENSG00000225630.1	TCTGTGTA	1
CTCAACAGCGATACTG	ENSG00000225630.1	CATCCTGA	1
CTCAACAGCGATACTG	ENSG00000225630.1	GTCTAGAC	1
CTCAACAGCGATACTG	ENSG00000225630.1	AGTCAACC	1
CTCAACAGCGATACTG	ENSG00000225630.1	GCCATTAA	1
CTCAACAGCGATACTG	ENSG00000225630.1	TTGAGGGA	1
CTCAACAGCGATACTG	ENSG00000225630.1	GTTTGCCC	1
CTCAACAGCGATACTG	ENSG00000225630.1	GACTTTGG	1
CTCAACAGCGATACTG	ENSG00000225630.1	TTGTCTTC	1
CTCAACAGCGATACTG	ENSG00000225630.1	CGAGATAC	1
CTCAACAGCGATACTG	ENSG00000225630.1	CGTATGCT	1
CTCAACAGCGATACTG	ENSG00000171612.7	noUMI	4
CTCAACAGCGATACTG	ENSG00000171612.7	GGGTTGAG	1
CTCAACAGCGATACTG	ENSG00000261135.1	TGAAGTAC	1
CTCAACAGCGATACTG	ENSG00000090432.7	TGAGGCCT	1
CTCAACAGCGATACTG	ENSG00000090432.7	noUMI	1
CTCAACAGCGATACTG	ENSG00000179163.12	noUMI	1
CTCAACAGCGATACTG	ENSG00000179163.12	GGCTAGAC	1
CTCAACAGCGATACTG	ENSG00000284602.1	noUMI	2
CTCAACAGCGATACTG	ENSG00000228589.3	noUMI	1
CTCAACAGCGATACTG	ENSG00000175130.7	noUMI	1
CTCAACAGCGATACTG	ENSG00000175130.7	GTGCGGGG	1
CTCAACAGCGATACTG	ENSG00000273274.2	noUMI	1
CTCAACAGCGATACTG	ENSG00000243749.1	noUMI	2
CTCAACAGCGATACTG	ENSG00000243749.1	GACGGTGG	1
CTCAACAGCGATACTG	ENSG00000116863.11	noUMI	9
CTCAACAGCGATACTG	ENSG00000116981.4	noUMI	1
CTCAACAGCGATACTG	ENSG00000259943.1	noUMI	5
CTCAACAGCGATACTG	ENSG00000169213.7	TCGGGCAA	1
CTCAACAGCGATACTG	ENSG00000169213.7	noUMI	1
CTCAACAGCGATACTG	ENSG00000162396.6	noUMI	7
CTCAACAGCGATACTG	ENSG00000066557.6	noUMI	4
CTCAACAGCGATACTG	ENSG00000226084.5	ACAAGGTG	1
CTCAACAGCGATACTG	ENSG00000223896.2	noUMI	2
CTCAACAGCGATACTG	ENSG00000137970.7	noUMI	3
CTCAACAGCGATACTG	ENSG00000137970.7	CGTGAATT	1
CTCAACAGCGATACTG	ENSG00000137970.7	GGGTTCAG	1
TCCAAGTCGGAGTAAC	ENSG00000279457.4	CTACGCTA	1
TCCAAGTCGGAGTAAC	ENSG00000225630.1	CTCTTGCA	1
TCCAAGTCGGAGTAAC	ENSG00000225630.1	TCGGTAGC	1
TCCAAGTCGGAGTAAC	ENSG00000225630.1	CAGTGTAG	1
TCCAAGTCGGAGTAAC	ENSG00000225630.1	TAATCGCG	1
TCCAAGTCGGAGTAAC	ENSG00000225630.1	noUMI	14
TCCAAGTCGGAGTAAC	ENSG00000225630.1	GGATGCAA	1
TCCAAGTCGGAGTAAC	ENSG00000225630.1	TGTGCACT	1
TCCAAGTCGGAGTAAC	ENSG00000225630.1	TAGTAGGG	1
TCCAAGTCGGAGTAAC	ENSG00000225630.1	TGATTGGG	1
TCCAAGTCGGAGTAAC	ENSG00000225630.1	TAGAGAGT	1
TCCAAGTCGGAGTAAC	ENSG00000225630.1	TGAGATTC	2
TCCAAGTCGGAGTAAC	ENSG00000225630.1	ACCAACTG	1
TCCAAGTCGGAGTAAC	ENSG00000225630.1	CCATTCGA	1
TCCAAGTCGGAGTAAC	ENSG00000225630.1	GCCTCGAG	2
TCCAAGTCGGAGTAAC	ENSG00000225630.1	GCTTGGAA	1
TCCAAGTCGGAGTAAC	ENSG00000225630.1	CTTAGTAG	1
TCCAAGTCGGAGTAAC	ENSG00000225630.1	CTTAACGT	1
TCCAAGTCGGAGTAAC	ENSG00000225630.1	ATTCTGGT	1
TCCAAGTCGGAGTAAC	ENSG00000225630.1	GATAAATC	1
TCCAAGTCGGAGTAAC	ENSG00000225630.1	TACGATCA	1
TCCAAGTCGGAGTAAC	ENSG00000225630.1	GGCCGATT	1
TCCAAGTCGGAGTAAC	ENSG00000225630.1	GCGTAAAA	1
TCCAAGTCGGAGTAAC	ENSG00000225630.1	CGGTAGGG	1
TCCAAGTCGGAGTAAC	ENSG00000225630.1	GTGGCCTT	1
TCCAAGTCGGAGTAAC	ENSG00000225630.1	CGATAAGC	1
TCCAAGTCGGAGTAAC	ENSG00000225630.1	GGACGTAA	1
TCCAAGTCGGAGTAAC	ENSG00000225630.1	ATGACCAC	1
TCCAAGTCGGAGTAAC	ENSG00000225630.1	TCGCGACG	1
TCCAAGTCGGAGTAAC	ENSG00000225630.1	AATTGACG	1
TCCAAGTCGGAGTAAC	ENSG00000225630.1	TTCGTCTG	1
TCCAAGTCGGAGTAAC	ENSG00000225630.1	TGTCCGTA	1
TCCAAGTCGGAGTAAC	ENSG00000225630.1	TAAAGGTC	1
TCCAAGTCGGAGTAAC	ENSG00000225630.1	AATGCTCG	1
TCCAAGTCGGAGTAAC	ENSG00000225630.1	CATATCGG	1
TCCAAGTCGGAGTAAC	ENSG00000225630.1	AGAGGATA	1
TCCAAGTCGGAGTAAC	ENSG00000225630.1	AGTGGAGG	1
TCCAAGTCGGAGTAAC	ENSG00000225630.1	AGGATACG	1
TCCAAGTCGGAGTAAC	ENSG00000225630.1	CATAACAA	2
TCCAAGTCGGAGTAAC	ENSG00000225630.1	CCGATCGC	1
TCCAAGTCGGAGTAAC	ENSG00000225630.1	AGTCTAAT	1
TCCAAGTCGGAGTAAC	ENSG00000225630.1	GATCTCTG	1
TCCAAGTCGGAGTAAC	ENSG00000225630.1	ACGAGTTC	1
TCCAAGTCGGAGTAAC	ENSG00000225630.1	GTTACTAC	1
TCCAAGTCGGAGTAAC	ENSG00000225630.1	GATCTGAG	1
TCCAAGTCGGAGTAAC	ENSG00000225630.1	GACTGATC	1
TCCAAGTCGGAGTAAC	ENSG00000225630.1	CTGGAACG	1
TCCAAGTCGGAGTAAC	ENSG00000225630.1	TCTACAAT	1
TCCAAGTCGGAGTAAC	ENSG00000225630.1	GTCGTTTA	1
TCCAAGTCGGAGTAAC	ENSG00000225630.1	GTGGATCC	1
TCCAAGTCGGAGTAAC	ENSG00000225630.1	AAACCACA	1
TCCAAGTCGGAGTAAC	ENSG00000225630.1	GAGTAACC	1
TCCAAGTCGGAGTAAC	ENSG00000225630.1	CGAACCGC	1
TCCAAGTCGGAGTAAC	ENSG00000225630.1	CTCACCGT	1
TCCAAGTCGGAGTAAC	ENSG00000225630.1	GAGACGTC	1
TCCAAGTCGGAGTAAC	ENSG00000225630.1	CCGGCACA	1
TCCAAGTCGGAGTAAC	ENSG00000225630.1	CAGTGGAG	1
TCCAAGTCGGAGTAAC	ENSG00000228594.4	TCTTGGGG	1
TCCAAGTCGGAGTAAC	ENSG00000171612.7	ACGGTACT	1
TCCAAGTCGGAGTAAC	ENSG00000171612.7	AAAGAGAG	2
TCCAAGTCGGAGTAAC	ENSG00000231789.2	ACTCGTCG	1
TCCAAGTCGGAGTAAC	ENSG00000090432.7	noUMI	2
TCCAAGTCGGAGTAAC	ENSG00000090432.7	CAGAACGG	1
TCCAAGTCGGAGTAAC	ENSG00000090432.7	TTTGAGCT	1
TCCAAGTCGGAGTAAC	ENSG00000090432.7	AATAGGTC	1
TCCAAGTCGGAGTAAC	ENSG00000270605.1	noUMI	4
TCCAAGTCGGAGTAAC	ENSG00000231468.2	noUMI	1
TCCAAGTCGGAGTAAC	ENSG00000175130.7	CTTAGACA	1
TCCAAGTCGGAGTAAC	ENSG00000116863.11	ATGGTTAC	1
TCCAAGTCGGAGTAAC	ENSG00000116863.11	noUMI	2
TCCAAGTCGGAGTAAC	ENSG00000116981.4	GGGGCAAG	1
TCCAAGTCGGAGTAAC	ENSG00000259943.1	noUMI	1
TCCAAGTCGGAGTAAC	ENSG00000169213.7	GTGAACTC	1
TCCAAGTCGGAGTAAC	ENSG00000066557.6	noUMI	1
TCCAAGTCGGAGTAAC	ENSG00000143032.8	GAATCAGC	1
TCCAAGTCGGAGTAAC	ENSG00000137970.7	CCGACTAG	1
TCCAAGTCGGAGTAAC	ENSG00000137970.7	noUMI	1
TCCAAGTCGGAGTAAC	ENSG00000137970.7	ACGGATCG	1
TCCAAGTCGGAGTAAC	ENSG00000244716.3	TTGACCCG	1
TCCAAGTCGGAGTAAC	ENSG00000065135.12	CGGGGTGG	1
TCCAAGTCGGAGTAAC	ENSG00000065135.12	AATTCAAC	1
TCCAAGTCGGAGTAAC	ENSG00000065135.12	ATGATTCC	1
TCCAAGTCGGAGTAAC	ENSG00000065135.12	GAGACGGT	1
TCCAAGTCGGAGTAAC	ENSG00000213281.5	AATGCACG	1
TCCAAGTCGGAGTAAC	ENSG00000271427.1	ATACAAGG	1
TCCAAGTCGGAGTAAC	ENSG00000163344.6	CTGCTCGT	1
TCCAAGTCGGAGTAAC	ENSG00000271267.1	noUMI	1
TCCAAGTCGGAGTAAC	ENSG00000162783.11	AGGTTTTG	1
TCCAAGTCGGAGTAAC	ENSG00000162783.11	noUMI	1
TCCAAGTCGGAGTAAC	ENSG00000162783.11	TGCTGGCC	1
TCCAAGTCGGAGTAAC	ENSG00000158615.9	noUMI	2
TCCAAGTCGGAGTAAC	ENSG00000235363.1	CACAAAAC	1
TCCAAGTCGGAGTAAC	ENSG00000218283.2	AACAGAGG	1
TCCAAGTCGGAGTAAC	ENSG00000218283.2	CGGGCCCG	1
TCCAAGTCGGAGTAAC	ENSG00000143751.10	CAACCAGG	1
TCCAAGTCGGAGTAAC	ENSG00000143751.10	noUMI	4
TCCAAGTCGGAGTAAC	ENSG00000143751.10	TAGGTGGG	1
TCCAAGTCGGAGTAAC	ENSG00000116574.6	TAGAGTTT	3
TCCAAGTCGGAGTAAC	ENSG00000116574.6	TATGGCGA	1
TCCAAGTCGGAGTAAC	ENSG00000259865.1	noUMI	3
TCCAAGTCCAGATTCG	ENSG00000279457.4	noUMI	3
TCCAAGTCCAGATTCG	ENSG00000225972.1	noUMI	1
TCCAAGTCCAGATTCG	ENSG00000225630.1	CACGACAG	1
TCCAAGTCCAGATTCG	ENSG00000225630.1	GCGACGAT	1
TCCAAGTCCAGATTCG	ENSG00000225630.1	noUMI	57
TCCAAGTCCAGATTCG	ENSG00000225630.1	TCCGTAAA	1
TCCAAGTCCAGATTCG	ENSG00000225630.1	GAGACTAT	1
TCCAAGTCCAGATTCG	ENSG00000225630.1	AACGGTCA	1
TCCAAGTCCAGATTCG	ENSG00000225630.1	GAACACAG	1
TCCAAGTCCAGATTCG	ENSG00000225630.1	TCACGACC	1
TCCAAGTCCAGATTCG	ENSG00000225630.1	AATTGAGC	1
TCCAAGTCCAGATTCG	ENSG00000225630.1	TGTGTGCT	1
TCCAAGTCCAGATTCG	ENSG00000225630.1	CCGAAAGA	1
TCCAAGTCCAGATTCG	ENSG00000225630.1	CTGTCCGT	3
TCCAAGTCCAGATTCG	ENSG00000225630.1	GGTAAGTT	1
TCCAAGTCCAGATTCG	ENSG00000225630.1	CGGGTGGG	1
TCCAAGTCCAGATTCG	ENSG00000225630.1	CAGGAAAG	1
TCCAAGTCCAGATTCG	ENSG00000225630.1	ATGTCAGT	1
TCCAAGTCCAGATTCG	ENSG00000225630.1	TTCTATAA	1
TCCAAGTCCAGATTCG	ENSG00000225630.1	GCCGCATC	1
TCCAAGTCCAGATTCG	ENSG00000225630.1	AGTGCGTT	1
TCCAAGTCCAGATTCG	ENSG00000225630.1	TAACGTCT	1
TCCAAGTCCAGATTCG	ENSG00000225630.1	GTGTGGAA	1
TCCAAGTCCAGATTCG	ENSG00000225630.1	ACAGGTTT	1
TCCAAGTCCAGATTCG	ENSG00000225630.1	CATAGATG	3
TCCAAGTCCAGATTCG	ENSG00000225630.1	TAAGCGCT	1
TCCAAGTCCAGATTCG	ENSG00000225630.1	TCAACAAT	1
TCCAAGTCCAGATTCG	ENSG00000225630.1	TGAAGAAG	1
TCCAAGTCCAGATTCG	ENSG00000225630.1	ACTGTGAC	1
TCCAAGTCCAGATTCG	ENSG00000225630.1	AGAACACC	1
TCCAAGTCCAGATTCG	ENSG00000225630.1	TCGACCTG	3
TCCAAGTCCAGATTCG	ENSG00000225630.1	CGTGGCTT	2
TCCAAGTCCAGATTCG	ENSG00000225630.1	ACTACTGG	1
TCCAAGTCCAGATTCG	ENSG00000225630.1	TGGCGGAA	1
TCCAAGTCCAGATTCG	ENSG00000225630.1	GGCAGAGG	1
TCCAAGTCCAGATTCG	ENSG00000225630.1	ACGGTCAC	1
TCCAAGTCCAGATTCG	ENSG00000225630.1	GATACAAG	1
TCCAAGTCCAGATTCG	ENSG00000225630.1	AATTGGCC	1
TCCAAGTCCAGATTCG	ENSG00000225630.1	ATCTGATC	1
TCCAAGTCCAGATTCG	ENSG00000225630.1	GGTCATGT	1
TCCAAGTCCAGATTCG	ENSG00000225630.1	CCATGGGA	1
TCCAAGTCCAGATTCG	ENSG00000225630.1	GACAAAGA	4
TCCAAGTCCAGATTCG	ENSG00000225630.1	TTTAGAGG	1
TCCAAGTCCAGATTCG	ENSG00000225630.1	GGGATGAC	2
TCCAAGTCCAGATTCG	ENSG00000225630.1	CCAAGTTC	2
TCCAAGTCCAGATTCG	ENSG00000225630.1	GTGATGTT	1
TCCAAGTCCAGATTCG	ENSG00000225630.1	CAGACTAA	1
TCCAAGTCCAGATTCG	ENSG00000225630.1	CCCGGCAT	1
TCCAAGTCCAGATTCG	ENSG00000225630.1	ATACTGGG	1
TCCAAGTCCAGATTCG	ENSG00000225630.1	AACTCCCG	1
TCCAAGTCCAGATTCG	ENSG00000225630.1	TGTCATGC	1
TCCAAGTCCAGATTCG	ENSG00000225630.1	GTGTATGC	1
TCCAAGTCCAGATTCG	ENSG00000225630.1	AGGTCTAA	2
TCCAAGTCCAGATTCG	ENSG00000225630.1	AGCTACCC	2
TCCAAGTCCAGATTCG	ENSG00000225630.1	ACCTGAAG	2
TCCAAGTCCAGATTCG	ENSG00000225630.1	ACGGTCTG	1
TCCAAGTCCAGATTCG	ENSG00000225630.1	GAGAGGAC	1
TCCAAGTCCAGATTCG	ENSG00000225630.1	CCACCGTC	1
TCCAAGTCCAGATTCG	ENSG00000225630.1	GGCGGTGA	1
TCCAAGTCCAGATTCG	ENSG00000225630.1	GAGCAGTA	1
TCCAAGTCCAGATTCG	ENSG00000225630.1	GAACTTCC	1
TCCAAGTCCAGATTCG	ENSG00000225630.1	GCTCAATT	1
TCCAAGTCCAGATTCG	ENSG00000225630.1	AGAGTTCT	2
TCCAAGTCCAGATTCG	ENSG00000225630.1	ATCCACAT	1
TCCAAGTCCAGATTCG	ENSG00000225630.1	ACGTTCAA	2
TCCAAGTCCAGATTCG	ENSG00000225630.1	ACAAATGG	1
TCCAAGTCCAGATTCG	ENSG00000225630.1	TCCTAGGC	1
TCCAAGTCCAGATTCG	ENSG00000225630.1	ATGTGACT	1
TCCAAGTCCAGATTCG	ENSG00000225630.1	GGGGAGCC	1
TCCAAGTCCAGATTCG	ENSG00000225630.1	TAACGTGT	1
TCCAAGTCCAGATTCG	ENSG00000225630.1	GCGAACCC	1
TCCAAGTCCAGATTCG	ENSG00000225630.1	ATACACCG	1
TCCAAGTCCAGATTCG	ENSG00000225630.1	ACTGGGAG	1
TCCAAGTCCAGATTCG	ENSG00000225630.1	TGTCCGTT	1
TCCAAGTCCAGATTCG	ENSG00000225630.1	AGTTACCG	2
TCCAAGTCCAGATTCG	ENSG00000225630.1	CTCGTAAA	1
TCCAAGTCCAGATTCG	ENSG00000225630.1	GCCAAAAG	1
TCCAAGTCCAGATTCG	ENSG00000225630.1	ATACAATA	1
TCCAAGTCCAGATTCG	ENSG00000225630.1	CCCACACA	2
TCCAAGTCCAGATTCG	ENSG00000225630.1	ACGCAGTA	3
TCCAAGTCCAGATTCG	ENSG00000225630.1	TATGGTTG	2
TCCAAGTCCAGATTCG	ENSG00000225630.1	TATAAGCC	1
TCCAAGTCCAGATTCG	ENSG00000225630.1	GTCGGGTC	1
TCCAAGTCCAGATTCG	ENSG00000225630.1	CCGCTAAA	1
TCCAAGTCCAGATTCG	ENSG00000225630.1	ACTCGTCC	1
TCCAAGTCCAGATTCG	ENSG00000225630.1	GGGGGGCC	1
TCCAAGTCCAGATTCG	ENSG00000225630.1	ACACACTT	1
TCCAAGTCCAGATTCG	ENSG00000225630.1	AAGAAGAG	1
TCCAAGTCCAGATTCG	ENSG00000225630.1	CACACTCA	1
TCCAAGTCCAGATTCG	ENSG00000225630.1	ATACGAGT	2
TCCAAGTCCAGATTCG	ENSG00000225630.1	AAAACTAC	1
TCCAAGTCCAGATTCG	ENSG00000225630.1	ACGTGGTA	1
TCCAAGTCCAGATTCG	ENSG00000225630.1	GGAACTGA	1
TCCAAGTCCAGATTCG	ENSG00000225630.1	GCCCAAAG	1
TCCAAGTCCAGATTCG	ENSG00000225630.1	AGTACAAG	1
TCCAAGTCCAGATTCG	ENSG00000225630.1	TTTCAGTC	1
TCCAAGTCCAGATTCG	ENSG00000225630.1	GCGTGTTT	1
TCCAAGTCCAGATTCG	ENSG00000225630.1	TGTGTCGT	2
TCCAAGTCCAGATTCG	ENSG00000225630.1	CCCAAAGA	1
TCCAAGTCCAGATTCG	ENSG00000225630.1	CGGGGTAT	1
TCCAAGTCCAGATTCG	ENSG00000225630.1	ACAGCCTG	1
TCCAAGTCCAGATTCG	ENSG00000225630.1	ATACGTGA	2
TCCAAGTCCAGATTCG	ENSG00000225630.1	CATACGAG	1
TCCAAGTCCAGATTCG	ENSG00000225630.1	TGCCTGCT	1
TCCAAGTCCAGATTCG	ENSG00000225630.1	GTTGAGAG	1
TCCAAGTCCAGATTCG	ENSG00000225630.1	GATTGGCC	1
TCCAAGTCCAGATTCG	ENSG00000225630.1	CTGCGGAG	1
TCCAAGTCCAGATTCG	ENSG00000176022.7	noUMI	1
TCCAAGTCCAGATTCG	ENSG00000171612.7	TCATCGGC	1
TCCAAGTCCAGATTCG	ENSG00000171612.7	noUMI	1
TCCAAGTCCAGATTCG	ENSG00000171612.7	GTGGTTCC	2
TCCAAGTCCAGATTCG	ENSG00000288398.1	noUMI	12
TCCAAGTCCAGATTCG	ENSG00000090432.7	noUMI	7
TCCAAGTCCAGATTCG	ENSG00000090432.7	GCGACGAG	1
TCCAAGTCCAGATTCG	ENSG00000179163.12	noUMI	5
TCCAAGTCCAGATTCG	ENSG00000179163.12	GCAGTAAT	1
TCCAAGTCCAGATTCG	ENSG00000179163.12	CATTAGAG	1
TCCAAGTCCAGATTCG	ENSG00000230228.2	noUMI	4
TCCAAGTCCAGATTCG	ENSG00000232298.2	ACGGGCCT	1
TCCAAGTCCAGATTCG	ENSG00000225159.1	noUMI	2
TCCAAGTCCAGATTCG	ENSG00000279443.1	AACATGCG	1
TCCAAGTCCAGATTCG	ENSG00000279443.1	noUMI	2
TCCAAGTCCAGATTCG	ENSG00000175130.7	noUMI	9
TCCAAGTCCAGATTCG	ENSG00000175130.7	CGGTAAGA	1
TCCAAGTCCAGATTCG	ENSG00000243749.1	noUMI	4
TCCAAGTCCAGATTCG	ENSG00000116863.11	TGAGACGT	1
TCCAAGTCCAGATTCG	ENSG00000116863.11	noUMI	22
TCCAAGTCCAGATTCG	ENSG00000116863.11	ACGTGTGA	1
TCCAAGTCCAGATTCG	ENSG00000116981.4	noUMI	7
TCCAAGTCCAGATTCG	ENSG00000116981.4	TATGATGA	1
TCCAAGTCCAGATTCG	ENSG00000117000.9	AAGGCAGC	1
TCCAAGTCCAGATTCG	ENSG00000260920.2	ACCTGGGA	1
TACCGATGCCATCCAA	ENSG00000279457.4	CAAAACAC	1
TACCGATGCCATCCAA	ENSG00000225972.1	noUMI	1
TACCGATGCCATCCAA	ENSG00000225630.1	GACTGCTC	1
TACCGATGCCATCCAA	ENSG00000225630.1	noUMI	33
TACCGATGCCATCCAA	ENSG00000225630.1	CACTCATG	1
TACCGATGCCATCCAA	ENSG00000225630.1	GAAGACCG	2
TACCGATGCCATCCAA	ENSG00000225630.1	TCGATCGT	1
TACCGATGCCATCCAA	ENSG00000225630.1	GGTTACGG	1
TACCGATGCCATCCAA	ENSG00000225630.1	ATAAATCG	1
TACCGATGCCATCCAA	ENSG00000225630.1	CAATATAC	1
TACCGATGCCATCCAA	ENSG00000225630.1	AAGGAATC	1
TACCGATGCCATCCAA	ENSG00000225630.1	TACGGCCT	1
TACCGATGCCATCCAA	ENSG00000225630.1	ATCGGTGG	3
TACCGATGCCATCCAA	ENSG00000225630.1	TTGATGCT	1
TACCGATGCCATCCAA	ENSG00000225630.1	GCCTCTTT	1
TACCGATGCCATCCAA	ENSG00000225630.1	AGGTACGT	1
TACCGATGCCATCCAA	ENSG00000225630.1	ACGATCAT	1
TACCGATGCCATCCAA	ENSG00000225630.1	GAAGGTAG	1
TACCGATGCCATCCAA	ENSG00000225630.1	TGAACTAG	1
TACCGATGCCATCCAA	ENSG00000225630.1	TACAAGGG	2
TACCGATGCCATCCAA	ENSG00000225630.1	CGTCTAGG	1
TACCGATGCCATCCAA	ENSG00000225630.1	AGTAATCC	1
TACCGATGCCATCCAA	ENSG00000225630.1	CACCAGAT	1
TACCGATGCCATCCAA	ENSG00000225630.1	GGTGGGTG	1
TACCGATGCCATCCAA	ENSG00000225630.1	GTCTGGGG	2
TACCGATGCCATCCAA	ENSG00000225630.1	TGAAAAGT	1
TACCGATGCCATCCAA	ENSG00000225630.1	AAGTCGAG	1
TACCGATGCCATCCAA	ENSG00000225630.1	CCACCCAG	1
TACCGATGCCATCCAA	ENSG00000225630.1	AAAACACA	2
TACCGATGCCATCCAA	ENSG00000225630.1	CGGCAGAT	1
TACCGATGCCATCCAA	ENSG00000225630.1	AGCACCAT	1
TACCGATGCCATCCAA	ENSG00000225630.1	AGGGGTTG	1
TACCGATGCCATCCAA	ENSG00000225630.1	GCCAGCAA	1
TACCGATGCCATCCAA	ENSG00000225630.1	GCATTCAG	1
TACCGATGCCATCCAA	ENSG00000225630.1	ATGTAACA	1
TACCGATGCCATCCAA	ENSG00000225630.1	ATACAGGG	1
TACCGATGCCATCCAA	ENSG00000225630.1	GGGTCCAC	1
TACCGATGCCATCCAA	ENSG00000225630.1	TCTATCAA	2
TACCGATGCCATCCAA	ENSG00000225630.1	TGTTACGA	1
TACCGATGCCATCCAA	ENSG00000225630.1	GTGGCGGC	1
TACCGATGCCATCCAA	ENSG00000225630.1	GGCTCGGT	1
TACCGATGCCATCCAA	ENSG00000225630.1	CACACAGT	1
TACCGATGCCATCCAA	ENSG00000225630.1	AACTCGTG	1
TACCGATGCCATCCAA	ENSG00000225630.1	TTCTCGGC	2
TACCGATGCCATCCAA	ENSG00000225630.1	ATAATGCA	1
TACCGATGCCATCCAA	ENSG00000225630.1	CCAGGTGA	2
TACCGATGCCATCCAA	ENSG00000225630.1	GTCCTGCA	1
TACCGATGCCATCCAA	ENSG00000225630.1	CCATCTCG	1
TACCGATGCCATCCAA	ENSG00000225630.1	TTTAGCGA	1
TACCGATGCCATCCAA	ENSG00000225630.1	CCCACAAA	1
TACCGATGCCATCCAA	ENSG00000225630.1	GAAAAGGG	1
TACCGATGCCATCCAA	ENSG00000225630.1	GCTAGCTT	1
TACCGATGCCATCCAA	ENSG00000225630.1	AGAGAGCG	1
TACCGATGCCATCCAA	ENSG00000225630.1	GGACAAAA	1
TACCGATGCCATCCAA	ENSG00000225630.1	GCGGGAAA	1
TACCGATGCCATCCAA	ENSG00000225630.1	GTGCTATG	3
TACCGATGCCATCCAA	ENSG00000225630.1	GCCTACAA	1
TACCGATGCCATCCAA	ENSG00000225630.1	GTGTTCCG	1
TACCGATGCCATCCAA	ENSG00000225630.1	GCGTCTAC	1
TACCGATGCCATCCAA	ENSG00000225630.1	CGTACTTG	2
TACCGATGCCATCCAA	ENSG00000225630.1	AAAAGGAC	1
TACCGATGCCATCCAA	ENSG00000225630.1	ACTATGGA	1
TACCGATGCCATCCAA	ENSG00000225630.1	GGACTCCA	3
TACCGATGCCATCCAA	ENSG00000225630.1	AAGGGCGG	1
TACCGATGCCATCCAA	ENSG00000225630.1	GCCTTCTA	1
TACCGATGCCATCCAA	ENSG00000225630.1	GGACACCG	1
TACCGATGCCATCCAA	ENSG00000225630.1	ACCAGCGC	2
TACCGATGCCATCCAA	ENSG00000225630.1	AGCAGGAC	2
TACCGATGCCATCCAA	ENSG00000225630.1	GGCGAACA	2
TACCGATGCCATCCAA	ENSG00000225630.1	TCGAATCG	1
TACCGATGCCATCCAA	ENSG00000225630.1	AAGACGCA	1
TACCGATGCCATCCAA	ENSG00000225630.1	TCTCATCG	2
TACCGATGCCATCCAA	ENSG00000225630.1	TACGAAAA	1
TACCGATGCCATCCAA	ENSG00000225630.1	GCCTGGAC	1
TACCGATGCCATCCAA	ENSG00000225630.1	TAACGGAC	1
TACCGATGCCATCCAA	ENSG00000225630.1	TAAACGCC	1
TACCGATGCCATCCAA	ENSG00000225630.1	TGTGGCCG	1
TACCGATGCCATCCAA	ENSG00000225630.1	AGTTAACG	1
TACCGATGCCATCCAA	ENSG00000225630.1	GTTTCAAC	1
TACCGATGCCATCCAA	ENSG00000225630.1	TCCAACAT	2
TACCGATGCCATCCAA	ENSG00000225630.1	ATAAATGG	1
TACCGATGCCATCCAA	ENSG00000198744.5	AACAAGCG	1
TACCGATGCCATCCAA	ENSG00000272455.1	CGAGAGGG	1
TACCGATGCCATCCAA	ENSG00000231789.2	TACAGCGG	1
TACCGATGCCATCCAA	ENSG00000233954.6	CCAGACAT	1
TACCGATGCCATCCAA	ENSG00000288398.1	TCATGTGT	2
TACCGATGCCATCCAA	ENSG00000288398.1	TCTGTCAG	1
TACCGATGCCATCCAA	ENSG00000261135.1	noUMI	2
TACCGATGCCATCCAA	ENSG00000158748.4	ACGATAGG	1
TACCGATGCCATCCAA	ENSG00000090432.7	noUMI	18
TACCGATGCCATCCAA	ENSG00000090432.7	CGGGCCCC	1
TACCGATGCCATCCAA	ENSG00000090432.7	AGGACAGG	1
TACCGATGCCATCCAA	ENSG00000179163.12	noUMI	5
TACCGATGCCATCCAA	ENSG00000237934.1	noUMI	2
TACCGATGCCATCCAA	ENSG00000175130.7	AAACATCC	1
TACCGATGCCATCCAA	ENSG00000175130.7	noUMI	1
TACCGATGCCATCCAA	ENSG00000175130.7	CTCGCCCC	1
TACCGATGCCATCCAA	ENSG00000175130.7	GCATATCA	1
TACCGATGCCATCCAA	ENSG00000116863.11	CGAGGAGC	1
TACCGATGCCATCCAA	ENSG00000116863.11	noUMI	11
TACCGATGCCATCCAA	ENSG00000116981.4	noUMI	5
TACCGATGCCATCCAA	ENSG00000117000.9	CCCTCAAG	1
TACCGATGCCATCCAA	ENSG00000169213.7	noUMI	1
TACCGATGCCATCCAA	ENSG00000162396.6	noUMI	1
TACCGATGCCATCCAA	ENSG00000066557.6	noUMI	10
TACCGATGCCATCCAA	ENSG00000066557.6	GGGGACGA	1
TACCGATGCCATCCAA	ENSG00000280099.1	noUMI	4
AAGCCGTTCATGCTTC	ENSG00000225630.1	noUMI	35
AAGCCGTTCATGCTTC	ENSG00000225630.1	AAATACCC	1
AAGCCGTTCATGCTTC	ENSG00000225630.1	TGGTTAGG	1
AAGCCGTTCATGCTTC	ENSG00000225630.1	AGGTGGTA	2
AAGCCGTTCATGCTTC	ENSG00000225630.1	TTGACGCA	1
AAGCCGTTCATGCTTC	ENSG00000225630.1	ATCAGGCT	1
AAGCCGTTCATGCTTC	ENSG00000225630.1	GGGCAAAA	1
AAGCCGTTCATGCTTC	ENSG00000225630.1	TCTCAAGA	2
AAGCCGTTCATGCTTC	ENSG00000225630.1	ACCATTCG	1
AAGCCGTTCATGCTTC	ENSG00000225630.1	GAGGTTAG	1
AAGCCGTTCATGCTTC	ENSG00000225630.1	GGCTCGTT	1
AAGCCGTTCATGCTTC	ENSG00000225630.1	TGGTTATG	1
AAGCCGTTCATGCTTC	ENSG00000225630.1	ATTGGCGT	1
AAGCCGTTCATGCTTC	ENSG00000225630.1	CTGTAAAG	1
AAGCCGTTCATGCTTC	ENSG00000225630.1	CAAGCCGT	1
AAGCCGTTCATGCTTC	ENSG00000225630.1	GTTGATGG	1
AAGCCGTTCATGCTTC	ENSG00000225630.1	GGCGACAT	1
AAGCCGTTCATGCTTC	ENSG00000225630.1	GTACGCTG	1
AAGCCGTTCATGCTTC	ENSG00000225630.1	TACTCGAG	1
AAGCCGTTCATGCTTC	ENSG00000225630.1	TCGAGGAG	1
AAGCCGTTCATGCTTC	ENSG00000225630.1	AGGGTGAC	2
AAGCCGTTCATGCTTC	ENSG00000225630.1	TGCTTGAC	1
AAGCCGTTCATGCTTC	ENSG00000225630.1	CCATGTGG	1
AAGCCGTTCATGCTTC	ENSG00000225630.1	TTGAAACA	1
AAGCCGTTCATGCTTC	ENSG00000225630.1	GTGCACAT	1
AAGCCGTTCATGCTTC	ENSG00000225630.1	TCATCATC	1
AAGCCGTTCATGCTTC	ENSG00000225630.1	GGTGTAGT	1
AAGCCGTTCATGCTTC	ENSG00000225630.1	CGGTAATG	1
AAGCCGTTCATGCTTC	ENSG00000225630.1	CGTATCAA	1
AAGCCGTTCATGCTTC	ENSG00000225630.1	GTGGGTTA	1
AAGCCGTTCATGCTTC	ENSG00000225630.1	GGGTTCAA	1
AAGCCGTTCATGCTTC	ENSG00000225630.1	AATCTTGG	1
AAGCCGTTCATGCTTC	ENSG00000225630.1	CGGCGTCC	1
AAGCCGTTCATGCTTC	ENSG00000225630.1	GACGTACA	1
AAGCCGTTCATGCTTC	ENSG00000225630.1	AGAGATAC	1
AAGCCGTTCATGCTTC	ENSG00000225630.1	ACCGTGAG	2
AAGCCGTTCATGCTTC	ENSG00000225630.1	AACACGCC	1
AAGCCGTTCATGCTTC	ENSG00000225630.1	TGCAGCAG	1
AAGCCGTTCATGCTTC	ENSG00000225630.1	ATTGGCCA	1
AAGCCGTTCATGCTTC	ENSG00000225630.1	CTAAGCCC	2
AAGCCGTTCATGCTTC	ENSG00000225630.1	TGGTTTGG	1
AAGCCGTTCATGCTTC	ENSG00000225630.1	TGGAACGG	1
AAGCCGTTCATGCTTC	ENSG00000225630.1	ACGAATCC	1
AAGCCGTTCATGCTTC	ENSG00000225630.1	CCGCGGTA	1
AAGCCGTTCATGCTTC	ENSG00000225630.1	TAGGCGGG	1
AAGCCGTTCATGCTTC	ENSG00000225630.1	GGACCCGT	1
AAGCCGTTCATGCTTC	ENSG00000225630.1	CATCTGAT	1
AAGCCGTTCATGCTTC	ENSG00000225630.1	AGTTCGAT	1
AAGCCGTTCATGCTTC	ENSG00000225630.1	GTGGCCAA	1
AAGCCGTTCATGCTTC	ENSG00000225630.1	AGAGGGAA	2
AAGCCGTTCATGCTTC	ENSG00000225630.1	CACACTCA	1
AAGCCGTTCATGCTTC	ENSG00000225630.1	GCTCGGAA	1
AAGCCGTTCATGCTTC	ENSG00000225630.1	CACACAAC	1
AAGCCGTTCATGCTTC	ENSG00000225630.1	GCGTACTA	1
AAGCCGTTCATGCTTC	ENSG00000225630.1	ACGATAAC	1
AAGCCGTTCATGCTTC	ENSG00000225630.1	CTGGGTCA	1
AAGCCGTTCATGCTTC	ENSG00000225630.1	GGTGCCTT	2
AAGCCGTTCATGCTTC	ENSG00000225630.1	TCCGATAC	1
AAGCCGTTCATGCTTC	ENSG00000225630.1	GCATACAG	1
AAGCCGTTCATGCTTC	ENSG00000225630.1	ATGACATA	4
AAGCCGTTCATGCTTC	ENSG00000225630.1	TTGCTCTG	1
AAGCCGTTCATGCTTC	ENSG00000225630.1	CGATTGAT	1
AAGCCGTTCATGCTTC	ENSG00000225630.1	TACTACGA	1
AAGCCGTTCATGCTTC	ENSG00000225630.1	AGCAGGTA	1
AAGCCGTTCATGCTTC	ENSG00000225630.1	GTCCAAGC	1
AAGCCGTTCATGCTTC	ENSG00000225630.1	TCTAGCGT	1
AAGCCGTTCATGCTTC	ENSG00000225630.1	GTCGGTTA	1
AAGCCGTTCATGCTTC	ENSG00000225630.1	CCCAAGCC	1
AAGCCGTTCATGCTTC	ENSG00000198744.5	noUMI	1
AAGCCGTTCATGCTTC	ENSG00000176022.7	noUMI	1
AAGCCGTTCATGCTTC	ENSG00000231050.1	AATCTAAC	1
AAGCCGTTCATGCTTC	ENSG00000231050.1	CATCTAAC	1
AAGCCGTTCATGCTTC	ENSG00000269978.1	GCCCAGGC	1
AAGCCGTTCATGCTTC	ENSG00000171612.7	TCGCCGGC	1
AAGCCGTTCATGCTTC	ENSG00000171612.7	GAAGTGAG	2
AAGCCGTTCATGCTTC	ENSG00000233954.6	CCAGATAT	1
AAGCCGTTCATGCTTC	ENSG00000233954.6	GCAGACAT	1
AAGCCGTTCATGCTTC	ENSG00000158748.4	noUMI	1
AAGCCGTTCATGCTTC	ENSG00000090432.7	noUMI	4
AAGCCGTTCATGCTTC	ENSG00000179163.12	noUMI	13
AAGCCGTTCATGCTTC	ENSG00000179163.12	CTGCTGAT	1
AAGCCGTTCATGCTTC	ENSG00000233478.1	TGCTGGTC	1
AAGCCGTTCATGCTTC	ENSG00000175130.7	GGAGGGGG	1
AAGCCGTTCATGCTTC	ENSG00000243749.1	noUMI	1
AAGCCGTTCATGCTTC	ENSG00000116863.11	ACGGAGTG	1
AAGCCGTTCATGCTTC	ENSG00000116863.11	noUMI	15
AAGCCGTTCATGCTTC	ENSG00000116981.4	noUMI	1
AAGCCGTTCATGCTTC	ENSG00000117000.9	GTAGGGAG	1
AAGCCGTTCATGCTTC	ENSG00000169213.7	noUMI	1
AAGCCGTTCATGCTTC	ENSG00000259818.1	noUMI	1
AAGCCGTTCATGCTTC	ENSG00000259818.1	TCGGAAAC	1
AAGCCGTTCATGCTTC	ENSG00000066557.6	noUMI	24
AAGCCGTTCATGCTTC	ENSG00000066557.6	GCGAACGA	1
AAGCCGTTCATGCTTC	ENSG00000066557.6	AAGTCGGC	1
AAGCCGTTCATGCTTC	ENSG00000066557.6	AAGTCAGT	1
AAGCCGTTCATGCTTC	ENSG00000226415.1	noUMI	1
AAGCCGTTCATGCTTC	ENSG00000226084.5	GCTATACC	1
AAGCCGTTCATGCTTC	ENSG00000280099.1	noUMI	4
AAGCCGTTCATGCTTC	ENSG00000280099.1	TCGCTCTC	2
AAGCCGTTCATGCTTC	ENSG00000225505.1	noUMI	1
TCCAAGTCCGGTTGTT	ENSG00000279457.4	noUMI	1
TCCAAGTCCGGTTGTT	ENSG00000225630.1	GGGATCTT	1
TCCAAGTCCGGTTGTT	ENSG00000225630.1	GCTGACCC	1
TCCAAGTCCGGTTGTT	ENSG00000225630.1	GTTAGGGC	1
TCCAAGTCCGGTTGTT	ENSG00000225630.1	GACGGCTA	1
TCCAAGTCCGGTTGTT	ENSG00000225630.1	noUMI	38
TCCAAGTCCGGTTGTT	ENSG00000225630.1	GAAGAAAG	1
TCCAAGTCCGGTTGTT	ENSG00000225630.1	GCTACGCA	1
TCCAAGTCCGGTTGTT	ENSG00000225630.1	GACTCGGT	4
TCCAAGTCCGGTTGTT	ENSG00000225630.1	TGATGAAG	1
TCCAAGTCCGGTTGTT	ENSG00000225630.1	ATGCTAAT	1
TCCAAGTCCGGTTGTT	ENSG00000225630.1	GAACACCA	1
TCCAAGTCCGGTTGTT	ENSG00000225630.1	ACATCCTG	1
TCCAAGTCCGGTTGTT	ENSG00000225630.1	CGGATTGT	1
TCCAAGTCCGGTTGTT	ENSG00000225630.1	CGAGGACG	2
TCCAAGTCCGGTTGTT	ENSG00000225630.1	TCCGCTGG	1
TCCAAGTCCGGTTGTT	ENSG00000225630.1	GTTGCTAC	1
TCCAAGTCCGGTTGTT	ENSG00000225630.1	TGATTGGC	1
TCCAAGTCCGGTTGTT	ENSG00000225630.1	AGGCGCTA	4
TCCAAGTCCGGTTGTT	ENSG00000225630.1	AAGTATGT	3
TCCAAGTCCGGTTGTT	ENSG00000225630.1	AGATGCCG	1
TCCAAGTCCGGTTGTT	ENSG00000225630.1	GATGGTGC	2
TCCAAGTCCGGTTGTT	ENSG00000225630.1	CTCCCGTT	1
TCCAAGTCCGGTTGTT	ENSG00000225630.1	ACTTCGCG	1
TCCAAGTCCGGTTGTT	ENSG00000225630.1	TTCCATGG	1
TCCAAGTCCGGTTGTT	ENSG00000225630.1	AGAGGACA	1
TCCAAGTCCGGTTGTT	ENSG00000225630.1	AAGCTGTG	1
TCCAAGTCCGGTTGTT	ENSG00000225630.1	CGCACTGT	1
TCCAAGTCCGGTTGTT	ENSG00000225630.1	AGCTCTGG	1
TCCAAGTCCGGTTGTT	ENSG00000225630.1	CCAGCCAT	1
TCCAAGTCCGGTTGTT	ENSG00000225630.1	TGCCGACT	3
TCCAAGTCCGGTTGTT	ENSG00000225630.1	AGCTACGT	2
TCCAAGTCCGGTTGTT	ENSG00000225630.1	CTTCGTAA	1
TCCAAGTCCGGTTGTT	ENSG00000225630.1	GGTAGGTG	1
TCCAAGTCCGGTTGTT	ENSG00000225630.1	ACTCATGG	1
TCCAAGTCCGGTTGTT	ENSG00000225630.1	TGGCGTTA	1
TCCAAGTCCGGTTGTT	ENSG00000225630.1	TCCACCGT	4
TCCAAGTCCGGTTGTT	ENSG00000225630.1	TTAAAACA	3
TCCAAGTCCGGTTGTT	ENSG00000225630.1	AGCTGTCC	1
TCCAAGTCCGGTTGTT	ENSG00000225630.1	GGTAGAGC	2
TCCAAGTCCGGTTGTT	ENSG00000225630.1	AGGATAAA	1
TCCAAGTCCGGTTGTT	ENSG00000225630.1	AGATTTCG	1
TCCAAGTCCGGTTGTT	ENSG00000225630.1	CACTTCGG	2
TCCAAGTCCGGTTGTT	ENSG00000225630.1	GATTACCG	1
TCCAAGTCCGGTTGTT	ENSG00000225630.1	AGGCGGAG	1
TCCAAGTCCGGTTGTT	ENSG00000225630.1	GCCCATGA	1
TCCAAGTCCGGTTGTT	ENSG00000225630.1	ATTAGTCG	1
TCCAAGTCCGGTTGTT	ENSG00000225630.1	GCTGAATC	1
TCCAAGTCCGGTTGTT	ENSG00000225630.1	GTACATGG	2
TCCAAGTCCGGTTGTT	ENSG00000225630.1	CAGGCCCG	1
TCCAAGTCCGGTTGTT	ENSG00000225630.1	TGTACACG	3
TCCAAGTCCGGTTGTT	ENSG00000225630.1	GGGGAATC	1
TCCAAGTCCGGTTGTT	ENSG00000225630.1	ACGGGTAT	2
TCCAAGTCCGGTTGTT	ENSG00000225630.1	TAAGCAAG	1
TCCAAGTCCGGTTGTT	ENSG00000225630.1	AAAACTTC	1
TCCAAGTCCGGTTGTT	ENSG00000225630.1	TAGTCGCG	1
TCCAAGTCCGGTTGTT	ENSG00000225630.1	TGCTTTGG	1
TCCAAGTCCGGTTGTT	ENSG00000225630.1	ATGAAATG	1
TCCAAGTCCGGTTGTT	ENSG00000225630.1	GCCGATAC	1
TCCAAGTCCGGTTGTT	ENSG00000225630.1	GATGCATG	2
TCCAAGTCCGGTTGTT	ENSG00000225630.1	GTTGGACT	1
TCCAAGTCCGGTTGTT	ENSG00000225630.1	CACGCACC	1
TCCAAGTCCGGTTGTT	ENSG00000225630.1	TCGCCCAT	1
TCCAAGTCCGGTTGTT	ENSG00000225630.1	TAACAGAT	1
TCCAAGTCCGGTTGTT	ENSG00000225630.1	AGTACGTA	1
TCCAAGTCCGGTTGTT	ENSG00000225630.1	CATTGGAC	2
TCCAAGTCCGGTTGTT	ENSG00000225630.1	TTAAGAGA	1
TCCAAGTCCGGTTGTT	ENSG00000225630.1	TTGCTTCC	1
TCCAAGTCCGGTTGTT	ENSG00000225630.1	CGGTTAGA	1
TCCAAGTCCGGTTGTT	ENSG00000225630.1	TCAAGTGT	2
TCCAAGTCCGGTTGTT	ENSG00000225630.1	GGGGTACT	1
TCCAAGTCCGGTTGTT	ENSG00000225630.1	CAGGAAGA	2
TCCAAGTCCGGTTGTT	ENSG00000225630.1	CAGTGAAA	1
TCCAAGTCCGGTTGTT	ENSG00000225630.1	GTGGTGTC	1
TCCAAGTCCGGTTGTT	ENSG00000225630.1	ATTGGTCC	2
TCCAAGTCCGGTTGTT	ENSG00000225630.1	TAGACGAA	3
TCCAAGTCCGGTTGTT	ENSG00000225630.1	TCAACAAA	1
TCCAAGTCCGGTTGTT	ENSG00000225630.1	TGGTTCAT	2
TCCAAGTCCGGTTGTT	ENSG00000225630.1	GTATCAAT	1
TCCAAGTCCGGTTGTT	ENSG00000225630.1	TAAACCGG	2
TCCAAGTCCGGTTGTT	ENSG00000225630.1	TAGACGGG	1
TCCAAGTCCGGTTGTT	ENSG00000225630.1	TCTGATAG	1
TCCAAGTCCGGTTGTT	ENSG00000225630.1	AATCGCTT	1
TCCAAGTCCGGTTGTT	ENSG00000225630.1	AAACTGAT	1
TCCAAGTCCGGTTGTT	ENSG00000225630.1	GGATCAGG	1
TCCAAGTCCGGTTGTT	ENSG00000225630.1	CAGGACCC	1
TCCAAGTCCGGTTGTT	ENSG00000225630.1	AAACCGGG	1
TCCAAGTCCGGTTGTT	ENSG00000225630.1	CCTAGGCA	1
TCCAAGTCCGGTTGTT	ENSG00000225630.1	AATACGGG	1
TCCAAGTCCGGTTGTT	ENSG00000225630.1	CGGCTAAT	1
TCCAAGTCCGGTTGTT	ENSG00000198744.5	noUMI	1
TCCAAGTCCGGTTGTT	ENSG00000176022.7	CTTGGGCC	1
TCCAAGTCCGGTTGTT	ENSG00000176022.7	noUMI	2
TCCAAGTCCGGTTGTT	ENSG00000286989.1	noUMI	2
TCCAAGTCCGGTTGTT	ENSG00000171612.7	noUMI	8
TCCAAGTCCGGTTGTT	ENSG00000231789.2	AGGGTCAG	1
TCCAAGTCCGGTTGTT	ENSG00000233954.6	CCAGACAA	1
TCCAAGTCCGGTTGTT	ENSG00000090432.7	noUMI	9
TCCAAGTCCGGTTGTT	ENSG00000090432.7	ATTGCAAC	2
TCCAAGTCCGGTTGTT	ENSG00000090432.7	TCAGAATG	2
TCCAAGTCCGGTTGTT	ENSG00000183114.8	noUMI	1
TCCAAGTCCGGTTGTT	ENSG00000179546.5	noUMI	2
TCCAAGTCCGGTTGTT	ENSG00000179163.12	noUMI	10
TCCAAGTCCGGTTGTT	ENSG00000179163.12	TATCGACG	1
TCCAAGTCCGGTTGTT	ENSG00000130766.5	AGAGAGGA	1
TCCAAGTCCGGTTGTT	ENSG00000237934.1	noUMI	5
TCCAAGTCCGGTTGTT	ENSG00000175130.7	noUMI	6
TCCAAGTCCGGTTGTT	ENSG00000175130.7	GCAGAGGC	1
TCCAAGTCCGGTTGTT	ENSG00000175130.7	GTTCATAC	1
TCCAAGTCCGGTTGTT	ENSG00000175130.7	ATGGTATC	2
TCCAAGTCCGGTTGTT	ENSG00000243749.1	noUMI	3
TCCAAGTCCGGTTGTT	ENSG00000243749.1	ATCGCTTA	2
TCCAAGTCCGGTTGTT	ENSG00000243749.1	GGGAGTGT	1
TCCAAGTCCGGTTGTT	ENSG00000243749.1	GGGCATGT	1
TCCAAGTCCGGTTGTT	ENSG00000243749.1	AGAGGATA	2
TCCAAGTCCGGTTGTT	ENSG00000243749.1	TCAGTGCT	1
TCCAAGTCCGGTTGTT	ENSG00000243749.1	GAATGACG	2
TCCAAGTCCGGTTGTT	ENSG00000116863.11	noUMI	8
TCCAAGTCCGGTTGTT	ENSG00000163909.8	noUMI	3
TCCAAGTCCGGTTGTT	ENSG00000163909.8	CTACTCAC	1
TCCAAGTCCGGTTGTT	ENSG00000117000.9	noUMI	15
TCCAAGTCCGGTTGTT	ENSG00000259943.1	noUMI	9
TCCAAGTCCGGTTGTT	ENSG00000259943.1	GACGGACT	1
TCCAAGTCCGGTTGTT	ENSG00000259943.1	TGGGGACT	2
TCCAAGTCCGGTTGTT	ENSG00000259943.1	TTGTAGGT	1
TCCAAGTCCGGTTGTT	ENSG00000259943.1	GCAGATGC	1
TCCAAGTCCGGTTGTT	ENSG00000260920.2	ATTCATGG	1
TCCAAGTCCGGTTGTT	ENSG00000237950.3	noUMI	3
TCCTTGCTGAGAAGGA	ENSG00000225630.1	CGGGACCT	2
TCCTTGCTGAGAAGGA	ENSG00000225630.1	noUMI	11
TCCTTGCTGAGAAGGA	ENSG00000225630.1	GACAACCT	2
TCCTTGCTGAGAAGGA	ENSG00000225630.1	CAGGTAAG	1
TCCTTGCTGAGAAGGA	ENSG00000225630.1	TGCACTAG	2
TCCTTGCTGAGAAGGA	ENSG00000225630.1	CGTTCAAA	1
TCCTTGCTGAGAAGGA	ENSG00000225630.1	AAGGACGA	1
TCCTTGCTGAGAAGGA	ENSG00000225630.1	GGTTCCTA	1
TCCTTGCTGAGAAGGA	ENSG00000225630.1	GCGCACTG	1
TCCTTGCTGAGAAGGA	ENSG00000225630.1	TGCCTTGA	1
TCCTTGCTGAGAAGGA	ENSG00000225630.1	GAGTTCCG	1
TCCTTGCTGAGAAGGA	ENSG00000225630.1	AATCTATT	2
TCCTTGCTGAGAAGGA	ENSG00000225630.1	ATATGAGT	1
TCCTTGCTGAGAAGGA	ENSG00000225630.1	ATGGCTAA	2
TCCTTGCTGAGAAGGA	ENSG00000225630.1	ACCGGTAA	1
TCCTTGCTGAGAAGGA	ENSG00000225630.1	CCTCACAT	1
TCCTTGCTGAGAAGGA	ENSG00000225630.1	GCCCGGTC	1
TCCTTGCTGAGAAGGA	ENSG00000225630.1	TCATGGCT	1
TCCTTGCTGAGAAGGA	ENSG00000225630.1	GACCACTG	1
TCCTTGCTGAGAAGGA	ENSG00000225630.1	CTACCTGG	1
TCCTTGCTGAGAAGGA	ENSG00000225630.1	CGTGTTGT	1
TCCTTGCTGAGAAGGA	ENSG00000225630.1	GTCAGGAT	1
TCCTTGCTGAGAAGGA	ENSG00000225630.1	CAAGCCCT	1
TCCTTGCTGAGAAGGA	ENSG00000225630.1	AACCACCA	1
TCCTTGCTGAGAAGGA	ENSG00000225630.1	ACATCAGT	1
TCCTTGCTGAGAAGGA	ENSG00000225630.1	AGTTACAA	1
TCCTTGCTGAGAAGGA	ENSG00000225630.1	CATCCGTA	1
TCCTTGCTGAGAAGGA	ENSG00000225630.1	GTCACAGA	1
TCCTTGCTGAGAAGGA	ENSG00000225630.1	TAGAAGCG	1
TCCTTGCTGAGAAGGA	ENSG00000225630.1	GCTAGATA	1
TCCTTGCTGAGAAGGA	ENSG00000225630.1	GTATGTCA	1
TCCTTGCTGAGAAGGA	ENSG00000225630.1	GCTCGGGC	1
TCCTTGCTGAGAAGGA	ENSG00000225630.1	GTTGAACT	1
TCCTTGCTGAGAAGGA	ENSG00000225630.1	TGGCTGTA	1
TCCTTGCTGAGAAGGA	ENSG00000225630.1	TAGTCTGA	1
TCCTTGCTGAGAAGGA	ENSG00000225630.1	TGGCTGCT	1
TCCTTGCTGAGAAGGA	ENSG00000225630.1	TCAGAGTA	1
TCCTTGCTGAGAAGGA	ENSG00000225630.1	ACTCACTA	1
TCCTTGCTGAGAAGGA	ENSG00000225630.1	GGTACGCG	1
TCCTTGCTGAGAAGGA	ENSG00000225630.1	GGGACGGG	1
TCCTTGCTGAGAAGGA	ENSG00000225630.1	GGCGCTCT	1
TCCTTGCTGAGAAGGA	ENSG00000225630.1	AATGTCTG	1
TCCTTGCTGAGAAGGA	ENSG00000176022.7	noUMI	4
TCCTTGCTGAGAAGGA	ENSG00000228594.4	noUMI	1
TCCTTGCTGAGAAGGA	ENSG00000228594.4	CATGTACC	1
TCCTTGCTGAGAAGGA	ENSG00000171612.7	GTGGTGCC	1
TCCTTGCTGAGAAGGA	ENSG00000261135.1	TTGCCCGT	2
TCCTTGCTGAGAAGGA	ENSG00000090432.7	GAAACAGT	1
TCCTTGCTGAGAAGGA	ENSG00000090432.7	noUMI	2
TCCTTGCTGAGAAGGA	ENSG00000179163.12	noUMI	14
TCCTTGCTGAGAAGGA	ENSG00000179163.12	TGGGGAGT	1
TCCTTGCTGAGAAGGA	ENSG00000179163.12	TTTGACCG	2
TCCTTGCTGAGAAGGA	ENSG00000179163.12	GCAGTAGT	1
TCCTTGCTGAGAAGGA	ENSG00000228589.3	noUMI	1
TCCTTGCTGAGAAGGA	ENSG00000270605.1	noUMI	4
TCCTTGCTGAGAAGGA	ENSG00000130766.5	GAAAGGGT	3
TCCTTGCTGAGAAGGA	ENSG00000243749.1	noUMI	3
TCCTTGCTGAGAAGGA	ENSG00000243749.1	AGCGTAAG	1
TCCTTGCTGAGAAGGA	ENSG00000116863.11	noUMI	3
TCCTTGCTGAGAAGGA	ENSG00000117000.9	noUMI	2
TCCTTGCTGAGAAGGA	ENSG00000233406.5	noUMI	2
TCCTTGCTGAGAAGGA	ENSG00000066557.6	noUMI	14
TCCTTGCTGAGAAGGA	ENSG00000226415.1	noUMI	1
TCCTTGCTGAGAAGGA	ENSG00000280099.1	TGTGGAGG	1
TCCTTGCTGAGAAGGA	ENSG00000223254.1	noUMI	1
TCCTTGCTGAGAAGGA	ENSG00000228175.3	noUMI	1
TCCTTGCTGAGAAGGA	ENSG00000223896.2	noUMI	1
TCCTTGCTGAGAAGGA	ENSG00000137970.7	ACGTTGAT	1
TCCTTGCTGAGAAGGA	ENSG00000137970.7	GGTAAAAA	1
TCCTTGCTGAGAAGGA	ENSG00000137970.7	CTAATAAC	1
TCCTTGCTGAGAAGGA	ENSG00000065135.12	TAGGTCGG	1
TCCTTGCTGAGAAGGA	ENSG00000065135.12	noUMI	21
TCCTTGCTGAGAAGGA	ENSG00000065135.12	GCGATAAG	1
TCCTTGCTGAGAAGGA	ENSG00000065135.12	GGAGCCAT	1
TCCTTGCTGAGAAGGA	ENSG00000273483.1	noUMI	1
TCCTTGCTGAGAAGGA	ENSG00000213281.5	noUMI	5
TCCTTGCTGAGAAGGA	ENSG00000213281.5	GCGACCAG	1
TCCTTGCTGAGAAGGA	ENSG00000215784.6	noUMI	1
TCCTTGCTGAGAAGGA	ENSG00000234367.1	CTGTGGGG	1
TCCTTGCTGAGAAGGA	ENSG00000244371.2	TGGATCTG	1
TCCTTGCTGAGAAGGA	ENSG00000203812.2	GGTCCGCG	1
TCCTTGCTGAGAAGGA	ENSG00000272196.2	TGCTAAGC	1
TCCTTGCTGAGAAGGA	ENSG00000184260.6	ACTGGGTG	1
TCCTTGCTGAGAAGGA	ENSG00000272654.1	GTCTCTCA	1
TCCTTGCTGAGAAGGA	ENSG00000163344.6	noUMI	2
TCCTTGCTGAGAAGGA	ENSG00000132718.9	ACGGTCAA	1
TCCTTGCTGAGAAGGA	ENSG00000132718.9	noUMI	2
TCCTTGCTGAGAAGGA	ENSG00000132688.11	noUMI	1
TCCTTGCTGAGAAGGA	ENSG00000215835.2	noUMI	1
TCCTTGCTGAGAAGGA	ENSG00000158615.9	noUMI	2
TCCTTGCTGAGAAGGA	ENSG00000218283.2	AGTCTACG	1
TCCTTGCTGAGAAGGA	ENSG00000218283.2	noUMI	1
TCCTTGCTGAGAAGGA	ENSG00000143751.10	noUMI	2
TCCTTGCTGAGAAGGA	ENSG00000143751.10	GTTGCCAT	1
TCCTTGCTGAGAAGGA	ENSG00000181218.5	CATTCGGA	1
TCCTTGCTGAGAAGGA	ENSG00000181218.5	GATCCACG	1
TCCTTGCTGAGAAGGA	ENSG00000162851.8	AGAATGGG	1
TCCTTGCTGAGAAGGA	ENSG00000259865.1	noUMI	9
GGTCTCAAGAGAAGGA	ENSG00000225630.1	noUMI	6
GGTCTCAAGAGAAGGA	ENSG00000225630.1	GGTGGGTG	1
GGTCTCAAGAGAAGGA	ENSG00000225630.1	ACACTTTA	1
GGTCTCAAGAGAAGGA	ENSG00000225630.1	GGAATGCC	1
GGTCTCAAGAGAAGGA	ENSG00000225630.1	GGCGGGTG	1
GGTCTCAAGAGAAGGA	ENSG00000225630.1	CGTACGGT	1
GGTCTCAAGAGAAGGA	ENSG00000225630.1	GTCGGACG	3
GGTCTCAAGAGAAGGA	ENSG00000225630.1	AGGTGCTA	1
GGTCTCAAGAGAAGGA	ENSG00000225630.1	TGGACCTA	1
GGTCTCAAGAGAAGGA	ENSG00000225630.1	AACAGACC	1
GGTCTCAAGAGAAGGA	ENSG00000225630.1	GCAATCGC	1
GGTCTCAAGAGAAGGA	ENSG00000225630.1	GGTCGAAA	2
GGTCTCAAGAGAAGGA	ENSG00000225630.1	GGACTCAT	1
GGTCTCAAGAGAAGGA	ENSG00000225630.1	GTCGGCAC	1
GGTCTCAAGAGAAGGA	ENSG00000225630.1	TCGGGGCC	1
GGTCTCAAGAGAAGGA	ENSG00000225630.1	GGAGTAGG	1
GGTCTCAAGAGAAGGA	ENSG00000225630.1	GCAGACGC	1
GGTCTCAAGAGAAGGA	ENSG00000225630.1	TCCGGGAG	1
GGTCTCAAGAGAAGGA	ENSG00000225630.1	GGTACCAT	2
GGTCTCAAGAGAAGGA	ENSG00000225630.1	ACATGAAT	1
GGTCTCAAGAGAAGGA	ENSG00000225630.1	CTGTACAA	1
GGTCTCAAGAGAAGGA	ENSG00000225630.1	CTCTATCC	1
GGTCTCAAGAGAAGGA	ENSG00000225630.1	TTGTCTGG	1
GGTCTCAAGAGAAGGA	ENSG00000225630.1	AAAGGTCC	1
GGTCTCAAGAGAAGGA	ENSG00000225630.1	GATCTACG	1
GGTCTCAAGAGAAGGA	ENSG00000225630.1	CATCAGCG	1
GGTCTCAAGAGAAGGA	ENSG00000225630.1	AGGGACTC	1
GGTCTCAAGAGAAGGA	ENSG00000225630.1	AAGTACCA	1
GGTCTCAAGAGAAGGA	ENSG00000225630.1	GCTCGTGG	1
GGTCTCAAGAGAAGGA	ENSG00000225630.1	TTGGGTTA	1
GGTCTCAAGAGAAGGA	ENSG00000225630.1	GATAAGTA	1
GGTCTCAAGAGAAGGA	ENSG00000225630.1	GACACTGG	1
GGTCTCAAGAGAAGGA	ENSG00000225630.1	GCAAGGGT	1
GGTCTCAAGAGAAGGA	ENSG00000171612.7	CTGGCAGA	1
GGTCTCAAGAGAAGGA	ENSG00000233954.6	TTCGCCCT	1
GGTCTCAAGAGAAGGA	ENSG00000288398.1	noUMI	1
GGTCTCAAGAGAAGGA	ENSG00000090432.7	GGCTAAGT	1
GGTCTCAAGAGAAGGA	ENSG00000179163.12	noUMI	1
GGTCTCAAGAGAAGGA	ENSG00000225159.1	noUMI	1
GGTCTCAAGAGAAGGA	ENSG00000279443.1	ATGAGGTT	2
GGTCTCAAGAGAAGGA	ENSG00000175130.7	noUMI	1
GGTCTCAAGAGAAGGA	ENSG00000273274.2	noUMI	1
GGTCTCAAGAGAAGGA	ENSG00000116863.11	noUMI	4
GGTCTCAAGAGAAGGA	ENSG00000066557.6	noUMI	1
GGTCTCAAGAGAAGGA	ENSG00000066557.6	CGGCTAAC	1
GGTCTCAAGAGAAGGA	ENSG00000137970.7	noUMI	1
GGTCTCAAGAGAAGGA	ENSG00000137970.7	ATCACACG	1
GGTCTCAAGAGAAGGA	ENSG00000065135.12	TGCTACAG	1
GGTCTCAAGAGAAGGA	ENSG00000065135.12	CGTTACTC	1
GGTCTCAAGAGAAGGA	ENSG00000065135.12	noUMI	5
GGTCTCAAGAGAAGGA	ENSG00000065135.12	ATGACGGG	1
GGTCTCAAGAGAAGGA	ENSG00000065135.12	ATCGCGGG	1
GGTCTCAAGAGAAGGA	ENSG00000213281.5	noUMI	1
GGTCTCAAGAGAAGGA	ENSG00000215784.6	AGGAGGGC	1
GGTCTCAAGAGAAGGA	ENSG00000184260.6	GGTAGGGC	1
GGTCTCAAGAGAAGGA	ENSG00000163344.6	noUMI	2
GGTCTCAAGAGAAGGA	ENSG00000236675.1	noUMI	1
GGTCTCAAGAGAAGGA	ENSG00000287336.1	noUMI	2
GGTCTCAAGAGAAGGA	ENSG00000183155.5	noUMI	1
GGTCTCAAGAGAAGGA	ENSG00000158615.9	CAGAAGTG	1
GGTCTCAAGAGAAGGA	ENSG00000170385.10	CAACTACT	1
GGTCTCAAGAGAAGGA	ENSG00000143751.10	noUMI	3
GGTCTCAAGAGAAGGA	ENSG00000143751.10	CAATTCGC	1
GGTCTCAAGAGAAGGA	ENSG00000143751.10	AGGACATT	1
GGTCTCAAGAGAAGGA	ENSG00000259865.1	noUMI	8
CAACCTCACAAGAGGT	ENSG00000279457.4	noUMI	5
CAACCTCACAAGAGGT	ENSG00000225630.1	noUMI	59
CAACCTCACAAGAGGT	ENSG00000225630.1	TTGGAACC	1
CAACCTCACAAGAGGT	ENSG00000225630.1	GGATCGTC	2
CAACCTCACAAGAGGT	ENSG00000225630.1	CGTGCTAG	2
CAACCTCACAAGAGGT	ENSG00000225630.1	ATGTGGTT	1
CAACCTCACAAGAGGT	ENSG00000225630.1	CACGTACA	1
CAACCTCACAAGAGGT	ENSG00000225630.1	ATGCAAAC	1
CAACCTCACAAGAGGT	ENSG00000225630.1	GATAACAC	1
CAACCTCACAAGAGGT	ENSG00000225630.1	CAGTCATC	1
CAACCTCACAAGAGGT	ENSG00000225630.1	AGAGCAGT	1
CAACCTCACAAGAGGT	ENSG00000225630.1	GGTCCATA	1
CAACCTCACAAGAGGT	ENSG00000225630.1	CTGTCACG	1
CAACCTCACAAGAGGT	ENSG00000225630.1	ATCCATCC	2
CAACCTCACAAGAGGT	ENSG00000225630.1	AGCCATTA	1
CAACCTCACAAGAGGT	ENSG00000225630.1	TGTTGCCA	1
CAACCTCACAAGAGGT	ENSG00000225630.1	TTATGGGT	1
CAACCTCACAAGAGGT	ENSG00000225630.1	CAGCGGGG	1
CAACCTCACAAGAGGT	ENSG00000225630.1	GTTAACTC	1
CAACCTCACAAGAGGT	ENSG00000225630.1	CACCATGC	1
CAACCTCACAAGAGGT	ENSG00000225630.1	CGGTGGCA	1
CAACCTCACAAGAGGT	ENSG00000225630.1	ACGACTTA	1
CAACCTCACAAGAGGT	ENSG00000225630.1	GATTTGAT	1
CAACCTCACAAGAGGT	ENSG00000225630.1	CAGTGCAC	1
CAACCTCACAAGAGGT	ENSG00000225630.1	TAGCAATA	1
CAACCTCACAAGAGGT	ENSG00000225630.1	GTATAAGA	2
CAACCTCACAAGAGGT	ENSG00000225630.1	TCGCATCC	1
CAACCTCACAAGAGGT	ENSG00000225630.1	GAGACGGG	1
CAACCTCACAAGAGGT	ENSG00000225630.1	CTGATCAC	3
CAACCTCACAAGAGGT	ENSG00000225630.1	CGGTACAC	1
CAACCTCACAAGAGGT	ENSG00000225630.1	AGAGGATT	1
CAACCTCACAAGAGGT	ENSG00000225630.1	CCACCCCA	1
CAACCTCACAAGAGGT	ENSG00000225630.1	CTACAGGC	1
CAACCTCACAAGAGGT	ENSG00000225630.1	GAGTTAAC	1
CAACCTCACAAGAGGT	ENSG00000225630.1	TAAGGCGC	1
CAACCTCACAAGAGGT	ENSG00000225630.1	GAACCTAG	1
CAACCTCACAAGAGGT	ENSG00000171612.7	AATGGCAT	3
CAACCTCACAAGAGGT	ENSG00000171612.7	noUMI	1
CAACCTCACAAGAGGT	ENSG00000224321.1	noUMI	2
CAACCTCACAAGAGGT	ENSG00000288398.1	noUMI	3
CAACCTCACAAGAGGT	ENSG00000090432.7	noUMI	13
CAACCTCACAAGAGGT	ENSG00000090432.7	GACTTGAG	1
CAACCTCACAAGAGGT	ENSG00000090432.7	GATCCCCG	1
CAACCTCACAAGAGGT	ENSG00000179163.12	noUMI	15
CAACCTCACAAGAGGT	ENSG00000284602.1	noUMI	14
AAGCCGTTCGATACTG	ENSG00000279457.4	noUMI	3
AAGCCGTTCGATACTG	ENSG00000279457.4	ATCAAAAC	1
AAGCCGTTCGATACTG	ENSG00000225630.1	CAGTATAG	1
AAGCCGTTCGATACTG	ENSG00000225630.1	AATACACG	1
AAGCCGTTCGATACTG	ENSG00000225630.1	TTCAAGGT	1
AAGCCGTTCGATACTG	ENSG00000225630.1	GGGATCAA	1
AAGCCGTTCGATACTG	ENSG00000225630.1	TCGCCTCG	1
AAGCCGTTCGATACTG	ENSG00000225630.1	GACCCACT	1
AAGCCGTTCGATACTG	ENSG00000225630.1	GAGATTTC	1
AAGCCGTTCGATACTG	ENSG00000225630.1	GCCGGTTT	1
AAGCCGTTCGATACTG	ENSG00000225630.1	GACGATCC	1
AAGCCGTTCGATACTG	ENSG00000225630.1	AGCTTCTT	2
AAGCCGTTCGATACTG	ENSG00000225630.1	TGATAAAA	2
AAGCCGTTCGATACTG	ENSG00000225630.1	TGCCAGAC	1
AAGCCGTTCGATACTG	ENSG00000225630.1	GGTGTGGA	1
AAGCCGTTCGATACTG	ENSG00000225630.1	CTTGGCTG	1
AAGCCGTTCGATACTG	ENSG00000225630.1	TCGCAGCA	3
AAGCCGTTCGATACTG	ENSG00000225630.1	noUMI	48
AAGCCGTTCGATACTG	ENSG00000225630.1	ACAAACGG	2
AAGCCGTTCGATACTG	ENSG00000225630.1	TCCACGAC	1
AAGCCGTTCGATACTG	ENSG00000225630.1	CTAGTGGG	1
AAGCCGTTCGATACTG	ENSG00000225630.1	ATTGTCAA	1
AAGCCGTTCGATACTG	ENSG00000225630.1	CATATATG	1
AAGCCGTTCGATACTG	ENSG00000225630.1	TGGTGAAT	1
AAGCCGTTCGATACTG	ENSG00000225630.1	CTTATGAT	1
AAGCCGTTCGATACTG	ENSG00000225630.1	ATCACAAT	1
AAGCCGTTCGATACTG	ENSG00000225630.1	GCACCTGT	2
AAGCCGTTCGATACTG	ENSG00000225630.1	AATCTGAA	1
AAGCCGTTCGATACTG	ENSG00000225630.1	ACGTTAAC	1
AAGCCGTTCGATACTG	ENSG00000225630.1	ATGCGGTA	1
AAGCCGTTCGATACTG	ENSG00000225630.1	ACATCTGG	1
AAGCCGTTCGATACTG	ENSG00000225630.1	ACTATCGG	1
AAGCCGTTCGATACTG	ENSG00000225630.1	CAATGACC	1
AAGCCGTTCGATACTG	ENSG00000225630.1	GATCACGC	1
AAGCCGTTCGATACTG	ENSG00000225630.1	TACTGAGA	1
AAGCCGTTCGATACTG	ENSG00000225630.1	GCAAGATT	1
AAGCCGTTCGATACTG	ENSG00000225630.1	ACATACTA	1
AAGCCGTTCGATACTG	ENSG00000225630.1	GGTGCACC	1
AAGCCGTTCGATACTG	ENSG00000225630.1	AAAGACAC	3
AAGCCGTTCGATACTG	ENSG00000225630.1	ATTCGACA	1
AAGCCGTTCGATACTG	ENSG00000225630.1	AAGGAACT	1
AAGCCGTTCGATACTG	ENSG00000225630.1	TGCTGCTG	1
AAGCCGTTCGATACTG	ENSG00000225630.1	CCGCATAC	2
AAGCCGTTCGATACTG	ENSG00000225630.1	AGCCGCTT	1
AAGCCGTTCGATACTG	ENSG00000225630.1	TGTCATAT	1
AAGCCGTTCGATACTG	ENSG00000225630.1	GGTCAGTT	1
AAGCCGTTCGATACTG	ENSG00000225630.1	CGACCTTA	1
AAGCCGTTCGATACTG	ENSG00000225630.1	CTCTCAAA	1
AAGCCGTTCGATACTG	ENSG00000225630.1	CTACGGGG	2
AAGCCGTTCGATACTG	ENSG00000225630.1	CGCTAGGT	1
AAGCCGTTCGATACTG	ENSG00000225630.1	TAAGGCCG	1
AAGCCGTTCGATACTG	ENSG00000225630.1	ACTCTCGC	1
AAGCCGTTCGATACTG	ENSG00000225630.1	TGGCAGGA	1
AAGCCGTTCGATACTG	ENSG00000225630.1	ATAAAGCT	1
AAGCCGTTCGATACTG	ENSG00000225630.1	GCTCCTGC	1
AAGCCGTTCGATACTG	ENSG00000225630.1	TAATGGTC	1
AAGCCGTTCGATACTG	ENSG00000225630.1	AACGGGAG	1
AAGCCGTTCGATACTG	ENSG00000225630.1	TGCTATAC	1
AAGCCGTTCGATACTG	ENSG00000225630.1	TGCAATGC	1
AAGCCGTTCGATACTG	ENSG00000225630.1	AAATATTG	1
AAGCCGTTCGATACTG	ENSG00000225630.1	TTAAGTAC	1
AAGCCGTTCGATACTG	ENSG00000225630.1	GCGGCACC	1
AAGCCGTTCGATACTG	ENSG00000225630.1	AAAACGCC	1
AAGCCGTTCGATACTG	ENSG00000225630.1	GTAAAGAG	1
AAGCCGTTCGATACTG	ENSG00000225630.1	TTAGGGAT	2
AAGCCGTTCGATACTG	ENSG00000225630.1	AACACACA	1
AAGCCGTTCGATACTG	ENSG00000225630.1	AGGTCCGC	1
AAGCCGTTCGATACTG	ENSG00000225630.1	CAGTAAAC	1
AAGCCGTTCGATACTG	ENSG00000225630.1	CTAGAGAT	1
AAGCCGTTCGATACTG	ENSG00000225630.1	ACTGGAAA	1
AAGCCGTTCGATACTG	ENSG00000225630.1	AGCTGGGA	1
AAGCCGTTCGATACTG	ENSG00000225630.1	TTGACATG	1
AAGCCGTTCGATACTG	ENSG00000225630.1	GGTAAGCG	1
AAGCCGTTCGATACTG	ENSG00000225630.1	ATACGGCG	1
AAGCCGTTCGATACTG	ENSG00000225630.1	CAATTCGA	1
AAGCCGTTCGATACTG	ENSG00000225630.1	AACTATGA	1
AAGCCGTTCGATACTG	ENSG00000225630.1	CGTCGGAA	3
AAGCCGTTCGATACTG	ENSG00000225630.1	TGGGCAAA	1
AAGCCGTTCGATACTG	ENSG00000225630.1	CTGGAGTA	1
AAGCCGTTCGATACTG	ENSG00000225630.1	TCGAAACC	1
AAGCCGTTCGATACTG	ENSG00000225630.1	CGTGCGGA	1
AAGCCGTTCGATACTG	ENSG00000225630.1	GCTATCTC	1
AAGCCGTTCGATACTG	ENSG00000225630.1	ACCCAAGA	1
AAGCCGTTCGATACTG	ENSG00000225630.1	CGATCCCT	2
AAGCCGTTCGATACTG	ENSG00000225630.1	GACTAGCG	1
AAGCCGTTCGATACTG	ENSG00000225630.1	ATGTAGGT	3
AAGCCGTTCGATACTG	ENSG00000225630.1	GATAGTAT	1
AAGCCGTTCGATACTG	ENSG00000225630.1	TAGATATG	2
AAGCCGTTCGATACTG	ENSG00000225630.1	AGATGAAT	1
AAGCCGTTCGATACTG	ENSG00000225630.1	CAAGTTGA	1
AAGCCGTTCGATACTG	ENSG00000225630.1	CGGCTATT	1
AAGCCGTTCGATACTG	ENSG00000225630.1	TGCATTAA	1
AAGCCGTTCGATACTG	ENSG00000225630.1	CGGATCGC	1
AAGCCGTTCGATACTG	ENSG00000225630.1	ACCTCCTG	1
AAGCCGTTCGATACTG	ENSG00000225630.1	GTGTAAAC	1
AAGCCGTTCGATACTG	ENSG00000272512.1	noUMI	2
AAGCCGTTCGATACTG	ENSG00000176022.7	GACGACGC	1
AAGCCGTTCGATACTG	ENSG00000176022.7	TTCGGGGC	1
AAGCCGTTCGATACTG	ENSG00000171612.7	AATGAGCA	1
AAGCCGTTCGATACTG	ENSG00000235643.2	CCAGATAT	1
AAGCCGTTCGATACTG	ENSG00000235643.2	ATCGTGCA	1
AAGCCGTTCGATACTG	ENSG00000235643.2	noUMI	4
AAGCCGTTCGATACTG	ENSG00000090432.7	noUMI	11
AAGCCGTTCGATACTG	ENSG00000090432.7	AGGATCTC	2
AAGCCGTTCGATACTG	ENSG00000235112.1	noUMI	2
AAGCCGTTCGATACTG	ENSG00000179163.12	noUMI	6
AAGCCGTTCGATACTG	ENSG00000179163.12	GATTGACT	1
AAGCCGTTCGATACTG	ENSG00000130766.5	noUMI	1
AAGCCGTTCGATACTG	ENSG00000175130.7	noUMI	2
AAGCCGTTCGATACTG	ENSG00000175130.7	TCAGCAAA	1
AAGCCGTTCGATACTG	ENSG00000175130.7	TGTACCAC	1
AAGCCGTTCGATACTG	ENSG00000175130.7	GGATAAGC	2
AAGCCGTTCGATACTG	ENSG00000273274.2	noUMI	5
AAGCCGTTCGATACTG	ENSG00000243749.1	noUMI	1
AAGCCGTTCGATACTG	ENSG00000243749.1	GAAACCAC	1
AAGCCGTTCGATACTG	ENSG00000236274.1	TGTACGAT	2
AAGCCGTTCGATACTG	ENSG00000116863.11	noUMI	8
AAGCCGTTCGATACTG	ENSG00000117000.9	noUMI	1
AAGCCGTTCGATACTG	ENSG00000259943.1	GACGAACC	2
AAGCCGTTCGATACTG	ENSG00000259943.1	noUMI	1
AAGCCGTTCGATACTG	ENSG00000142959.5	CGATGAGT	1
TGACCAAGCCAATCCT	ENSG00000279457.4	noUMI	3
TGACCAAGCCAATCCT	ENSG00000225630.1	noUMI	34
TGACCAAGCCAATCCT	ENSG00000225630.1	GGAAACAT	1
TGACCAAGCCAATCCT	ENSG00000225630.1	ATCGGTCC	1
TGACCAAGCCAATCCT	ENSG00000225630.1	CAGACACC	1
TGACCAAGCCAATCCT	ENSG00000225630.1	TCAGTACG	1
TGACCAAGCCAATCCT	ENSG00000225630.1	CTAGCACG	2
TGACCAAGCCAATCCT	ENSG00000225630.1	GTGTAATG	1
TGACCAAGCCAATCCT	ENSG00000225630.1	CATGTTGA	1
TGACCAAGCCAATCCT	ENSG00000225630.1	CCAGACAT	1
TGACCAAGCCAATCCT	ENSG00000225630.1	TCACGGTG	1
TGACCAAGCCAATCCT	ENSG00000225630.1	GACACAAA	1
TGACCAAGCCAATCCT	ENSG00000225630.1	CACGGCAC	1
TGACCAAGCCAATCCT	ENSG00000225630.1	GCCACTAA	1
TGACCAAGCCAATCCT	ENSG00000225630.1	ACGGACCA	1
TGACCAAGCCAATCCT	ENSG00000225630.1	GTACGTAC	1
TGACCAAGCCAATCCT	ENSG00000225630.1	AACGCCTC	1
TGACCAAGCCAATCCT	ENSG00000225630.1	ACGTATGA	1
TGACCAAGCCAATCCT	ENSG00000225630.1	GAAACCCG	1
TGACCAAGCCAATCCT	ENSG00000225630.1	GGGCGAGT	1
TGACCAAGCCAATCCT	ENSG00000225630.1	GCGCGCTT	1
TGACCAAGCCAATCCT	ENSG00000225630.1	AAAATGAC	1
TGACCAAGCCAATCCT	ENSG00000225630.1	TACACAAA	1
TGACCAAGCCAATCCT	ENSG00000225630.1	CATAGACA	1
TGACCAAGCCAATCCT	ENSG00000225630.1	GCGGTGCA	1
TGACCAAGCCAATCCT	ENSG00000225630.1	ATAATATA	2
TGACCAAGCCAATCCT	ENSG00000225630.1	GGCATAGG	1
TGACCAAGCCAATCCT	ENSG00000225630.1	GCCAAGGA	1
TGACCAAGCCAATCCT	ENSG00000225630.1	TGCTCTTA	1
TGACCAAGCCAATCCT	ENSG00000225630.1	GTCTGTCA	1
TGACCAAGCCAATCCT	ENSG00000225630.1	GACAGTCC	1
TGACCAAGCCAATCCT	ENSG00000225630.1	GGCCTAGC	1
TGACCAAGCCAATCCT	ENSG00000225630.1	TCCCACTA	1
TGACCAAGCCAATCCT	ENSG00000225630.1	AACTGACA	1
TGACCAAGCCAATCCT	ENSG00000225630.1	GCAATAGT	1
TGACCAAGCCAATCCT	ENSG00000225630.1	TCTTAGCA	1
TGACCAAGCCAATCCT	ENSG00000225630.1	CCATCCTA	1
TGACCAAGCCAATCCT	ENSG00000225630.1	TAGTAGGG	1
TGACCAAGCCAATCCT	ENSG00000225630.1	TCCGTGAA	1
TGACCAAGCCAATCCT	ENSG00000225630.1	ACGCCCGC	2
TGACCAAGCCAATCCT	ENSG00000225630.1	TCACGAAG	1
TGACCAAGCCAATCCT	ENSG00000225630.1	GGCGGACA	1
TGACCAAGCCAATCCT	ENSG00000225630.1	CGAATTGA	1
TGACCAAGCCAATCCT	ENSG00000225630.1	GAGGAATA	1
TGACCAAGCCAATCCT	ENSG00000225630.1	AATGAACT	1
TGACCAAGCCAATCCT	ENSG00000225630.1	AAGAGGCT	1
TGACCAAGCCAATCCT	ENSG00000225630.1	GGCGTCTA	1
TGACCAAGCCAATCCT	ENSG00000225630.1	ACCAATGG	1
TGACCAAGCCAATCCT	ENSG00000225630.1	AAACTATG	1
TGACCAAGCCAATCCT	ENSG00000225630.1	AGGTGCGA	1
TGACCAAGCCAATCCT	ENSG00000225630.1	GTCGCCTC	2
TGACCAAGCCAATCCT	ENSG00000225630.1	GCATACCC	1
TGACCAAGCCAATCCT	ENSG00000225630.1	CGCGTGTA	1
TGACCAAGCCAATCCT	ENSG00000176022.7	noUMI	2
TGACCAAGCCAATCCT	ENSG00000171612.7	GTTGTCAT	1
TGACCAAGCCAATCCT	ENSG00000171612.7	noUMI	9
TGACCAAGCCAATCCT	ENSG00000271264.1	noUMI	2
TGACCAAGCCAATCCT	ENSG00000288398.1	noUMI	12
TGACCAAGCCAATCCT	ENSG00000090432.7	noUMI	7
TGACCAAGCCAATCCT	ENSG00000090432.7	GTGAAGTA	2
TGACCAAGCCAATCCT	ENSG00000179163.12	noUMI	9
TGACCAAGCCAATCCT	ENSG00000179163.12	GTCTGAGG	2
TGACCAAGCCAATCCT	ENSG00000270605.1	noUMI	2
TGACCAAGCCAATCCT	ENSG00000175130.7	noUMI	7
TGACCAAGCCAATCCT	ENSG00000175130.7	AGTCTGGG	1
TGACCAAGCCAATCCT	ENSG00000175130.7	TGTCATAG	1
TGACCAAGCCAATCCT	ENSG00000243749.1	noUMI	2
TGACCAAGCCAATCCT	ENSG00000236274.1	noUMI	5
TGACCAAGCCAATCCT	ENSG00000116863.11	noUMI	5
TGACCAAGCCAATCCT	ENSG00000116981.4	noUMI	2
TGACCAAGCCAATCCT	ENSG00000117000.9	noUMI	4
TGACCAAGCCAATCCT	ENSG00000117000.9	GGTAGGTA	3
TGACCAAGCCAATCCT	ENSG00000259943.1	noUMI	2
TGACCAAGCCAATCCT	ENSG00000238287.1	noUMI	1
TGACCAAGCCAATCCT	ENSG00000234694.1	AGGGGGAT	1
TGACCAAGCCAATCCT	ENSG00000207194.1	noUMI	1
TGACCAAGCCAATCCT	ENSG00000169213.7	noUMI	1
TGACCAAGCCAATCCT	ENSG00000162396.6	noUMI	5
TACCGATGCAGATTCG	ENSG00000279457.4	noUMI	1
TACCGATGCAGATTCG	ENSG00000279457.4	ATGGAATC	1
TACCGATGCAGATTCG	ENSG00000279457.4	GTTGCACC	3
TACCGATGCAGATTCG	ENSG00000225630.1	GACACGTA	1
TACCGATGCAGATTCG	ENSG00000225630.1	ACCTTGGG	1
TACCGATGCAGATTCG	ENSG00000225630.1	GTATAAAT	1
TACCGATGCAGATTCG	ENSG00000225630.1	TAACATGA	2
TACCGATGCAGATTCG	ENSG00000225630.1	TGATGAAT	1
TACCGATGCAGATTCG	ENSG00000225630.1	ATCTTGGG	1
TACCGATGCAGATTCG	ENSG00000225630.1	AGAACAAT	1
TACCGATGCAGATTCG	ENSG00000225630.1	GGAGAGAT	1
TACCGATGCAGATTCG	ENSG00000225630.1	CAACACAC	1
TACCGATGCAGATTCG	ENSG00000225630.1	GGGGGCTT	1
TACCGATGCAGATTCG	ENSG00000225630.1	TCCGCGAA	2
TACCGATGCAGATTCG	ENSG00000225630.1	noUMI	43
TACCGATGCAGATTCG	ENSG00000225630.1	AGACGCGC	1
TACCGATGCAGATTCG	ENSG00000225630.1	ACCTAATG	2
TACCGATGCAGATTCG	ENSG00000225630.1	GCGTTTTG	1
TACCGATGCAGATTCG	ENSG00000225630.1	TGCCTTAT	1
TACCGATGCAGATTCG	ENSG00000225630.1	CTCTGGTA	3
TACCGATGCAGATTCG	ENSG00000225630.1	TACAGAGA	1
TACCGATGCAGATTCG	ENSG00000225630.1	AGTCATGG	1
TACCGATGCAGATTCG	ENSG00000225630.1	GGCCATTA	1
TACCGATGCAGATTCG	ENSG00000225630.1	GCGGAACG	2
TACCGATGCAGATTCG	ENSG00000225630.1	GGGCAGAT	1
TACCGATGCAGATTCG	ENSG00000225630.1	TGACACAG	1
TACCGATGCAGATTCG	ENSG00000225630.1	TCTTCGGA	1
TACCGATGCAGATTCG	ENSG00000225630.1	TGAATAGA	4
TACCGATGCAGATTCG	ENSG00000225630.1	GACGACAG	2
TACCGATGCAGATTCG	ENSG00000225630.1	CGAACACA	1
TACCGATGCAGATTCG	ENSG00000225630.1	ATCCAACT	1
TACCGATGCAGATTCG	ENSG00000225630.1	ATTCAGCG	1
TACCGATGCAGATTCG	ENSG00000225630.1	TAGGGCTT	1
TACCGATGCAGATTCG	ENSG00000225630.1	CGACGTAT	1
TACCGATGCAGATTCG	ENSG00000225630.1	AGTTAAGC	1
TACCGATGCAGATTCG	ENSG00000225630.1	TTGGATAG	2
TACCGATGCAGATTCG	ENSG00000225630.1	TGTACGAC	1
TACCGATGCAGATTCG	ENSG00000225630.1	CACCACAA	1
TACCGATGCAGATTCG	ENSG00000225630.1	AAACCTTC	1
TACCGATGCAGATTCG	ENSG00000225630.1	ACTAACGT	1
TACCGATGCAGATTCG	ENSG00000225630.1	GATACGTA	1
TACCGATGCAGATTCG	ENSG00000225630.1	TCAGCGAT	1
TACCGATGCAGATTCG	ENSG00000225630.1	ACAACGGA	1
TACCGATGCAGATTCG	ENSG00000225630.1	ATGAGACT	1
TACCGATGCAGATTCG	ENSG00000225630.1	ATTGTGCG	1
TACCGATGCAGATTCG	ENSG00000225630.1	GTCAAACA	2
TACCGATGCAGATTCG	ENSG00000225630.1	TGGCCGTC	1
TACCGATGCAGATTCG	ENSG00000225630.1	TGTAAGCG	1
TACCGATGCAGATTCG	ENSG00000225630.1	ACTACGAC	1
TACCGATGCAGATTCG	ENSG00000225630.1	GTTATACG	1
TACCGATGCAGATTCG	ENSG00000225630.1	GCTCATCA	1
TACCGATGCAGATTCG	ENSG00000225630.1	TGAGGTGT	1
TACCGATGCAGATTCG	ENSG00000225630.1	AACGCCTA	1
TACCGATGCAGATTCG	ENSG00000225630.1	ACGACCGA	1
TACCGATGCAGATTCG	ENSG00000225630.1	TAATGTGG	2
TACCGATGCAGATTCG	ENSG00000225630.1	GTCAGATC	2
TACCGATGCAGATTCG	ENSG00000225630.1	GGTGTGGT	1
TACCGATGCAGATTCG	ENSG00000225630.1	AGGCGACC	1
TACCGATGCAGATTCG	ENSG00000225630.1	CACGCAAT	1
TACCGATGCAGATTCG	ENSG00000225630.1	GGTCAGGG	1
TACCGATGCAGATTCG	ENSG00000225630.1	TGTGTTCG	1
TACCGATGCAGATTCG	ENSG00000225630.1	GAGGCAAC	2
TACCGATGCAGATTCG	ENSG00000225630.1	GACATCAG	2
TACCGATGCAGATTCG	ENSG00000225630.1	GTGCTAAG	1
TACCGATGCAGATTCG	ENSG00000225630.1	TGGAAATA	1
TACCGATGCAGATTCG	ENSG00000225630.1	CCGACTGG	1
TACCGATGCAGATTCG	ENSG00000225630.1	CAGTCACA	1
TACCGATGCAGATTCG	ENSG00000225630.1	ATCAGACA	1
TACCGATGCAGATTCG	ENSG00000225630.1	ATCGTGCG	1
TACCGATGCAGATTCG	ENSG00000225630.1	ATAATTGC	1
TACCGATGCAGATTCG	ENSG00000225630.1	ACGAACGG	1
TACCGATGCAGATTCG	ENSG00000225630.1	GCCAACTG	1
TACCGATGCAGATTCG	ENSG00000225630.1	GGACTCTT	1
TACCGATGCAGATTCG	ENSG00000225630.1	ATCAAGGA	1
TACCGATGCAGATTCG	ENSG00000225630.1	CAGTCGAA	2
TACCGATGCAGATTCG	ENSG00000225630.1	GGAAACCA	1
TACCGATGCAGATTCG	ENSG00000225630.1	TGGAGCGA	1
TACCGATGCAGATTCG	ENSG00000225630.1	TGCACAAG	1
TACCGATGCAGATTCG	ENSG00000225630.1	CGGGAAAC	1
TACCGATGCAGATTCG	ENSG00000225630.1	AAATGTAA	3
TACCGATGCAGATTCG	ENSG00000225630.1	ACAACCGT	2
TACCGATGCAGATTCG	ENSG00000225630.1	CGTTCAAC	2
TACCGATGCAGATTCG	ENSG00000225630.1	ACAGCCCT	1
TACCGATGCAGATTCG	ENSG00000225630.1	TATACCAA	1
TACCGATGCAGATTCG	ENSG00000225630.1	GATGAGTG	1
TACCGATGCAGATTCG	ENSG00000225630.1	TGTAGCAT	1
TACCGATGCAGATTCG	ENSG00000225630.1	GGTACTCC	1
TACCGATGCAGATTCG	ENSG00000225630.1	GTACCTGG	4
TACCGATGCAGATTCG	ENSG00000225630.1	AACGACCC	2
TACCGATGCAGATTCG	ENSG00000225630.1	TGACGCGG	1
TACCGATGCAGATTCG	ENSG00000225630.1	GATACACC	1
TACCGATGCAGATTCG	ENSG00000225630.1	AAAGTTCA	1
TACCGATGCAGATTCG	ENSG00000225630.1	GGGCCAAA	1
TACCGATGCAGATTCG	ENSG00000225630.1	GGTCAAAG	1
TACCGATGCAGATTCG	ENSG00000272455.1	GGTTGAGG	1
TACCGATGCAGATTCG	ENSG00000272455.1	noUMI	1
TACCGATGCAGATTCG	ENSG00000171612.7	CCTGTCCC	1
TACCGATGCAGATTCG	ENSG00000171612.7	ATAGTACA	1
TACCGATGCAGATTCG	ENSG00000231789.2	GAAAGTTC	1
TACCGATGCAGATTCG	ENSG00000187545.5	AATCGCCC	1
TACCGATGCAGATTCG	ENSG00000287756.1	GATAGTCA	1
TACCGATGCAGATTCG	ENSG00000288398.1	noUMI	2
TACCGATGCAGATTCG	ENSG00000090432.7	noUMI	7
TACCGATGCAGATTCG	ENSG00000090432.7	GTGAGGGG	1
TACCGATGCAGATTCG	ENSG00000090432.7	GGTGCGAG	1
TACCGATGCAGATTCG	ENSG00000179546.5	noUMI	1
TACCGATGCAGATTCG	ENSG00000179163.12	noUMI	7
TACCGATGCAGATTCG	ENSG00000228589.3	noUMI	3
TACCGATGCAGATTCG	ENSG00000231468.2	noUMI	4
TACCGATGCAGATTCG	ENSG00000279443.1	noUMI	3
TACCGATGCAGATTCG	ENSG00000175130.7	noUMI	1
TACCGATGCAGATTCG	ENSG00000175130.7	AAGCGCCG	1
TACCGATGCAGATTCG	ENSG00000273274.2	noUMI	6
TACCGATGCAGATTCG	ENSG00000243749.1	noUMI	16
TACCGATGCAGATTCG	ENSG00000243749.1	CATACTGA	2
TACCGATGCAGATTCG	ENSG00000243749.1	TGATCAAC	2
TACCGATGCAGATTCG	ENSG00000116863.11	noUMI	10
TACCGATGCAGATTCG	ENSG00000117000.9	noUMI	4
TACCGATGCAGATTCG	ENSG00000169213.7	noUMI	2
TACCGATGCAGATTCG	ENSG00000169213.7	CAGGGACA	1
TACCGATGCAGATTCG	ENSG00000169213.7	GCGAACCC	1
TACCGATGCAGATTCG	ENSG00000224680.4	noUMI	1
TACCGATGCAGATTCG	ENSG00000066557.6	noUMI	16
TACCGATGCAGATTCG	ENSG00000066557.6	TATGGGTA	1
TACCGATGCAGATTCG	ENSG00000226415.1	noUMI	1
TACCGATGCAGATTCG	ENSG00000271576.1	noUMI	1
TACCGATGCAGATTCG	ENSG00000223896.2	noUMI	3
TACCGATGCAGATTCG	ENSG00000137970.7	noUMI	3
TACCGATGCAGATTCG	ENSG00000137970.7	AAAGGTAA	1
TACCGATGCAGATTCG	ENSG00000137970.7	TGGGAGGG	1
TACCGATGCAGATTCG	ENSG00000137970.7	CGGATTTG	1
TACCGATGCAGATTCG	ENSG00000137970.7	GACTGAAT	1
TACCGATGCAGATTCG	ENSG00000137970.7	AGTCATAG	1
TACCGATGCAGATTCG	ENSG00000137970.7	GGGTCGTC	1
TACCGATGCAGATTCG	ENSG00000137970.7	CCAGGTTC	1
TACCGATGCAGATTCG	ENSG00000137970.7	AAAATCAG	1
TACCGATGCAGATTCG	ENSG00000137970.7	CGGTCAAC	1
TACCGATGCAGATTCG	ENSG00000065135.12	CTACCTGT	1
TACCGATGCAGATTCG	ENSG00000065135.12	noUMI	41
TACCGATGCAGATTCG	ENSG00000065135.12	ATCGCCAG	2
TACCGATGCAGATTCG	ENSG00000065135.12	GCCGTCCT	1
TACCGATGCAGATTCG	ENSG00000065135.12	TGGCGGTT	1
TACCGATGCAGATTCG	ENSG00000065135.12	AATAGTAT	1
TACCGATGCAGATTCG	ENSG00000260948.1	noUMI	1
TACCGATGCAGATTCG	ENSG00000235299.2	TTGGCGCG	1
TACCGATGGGAGTAAC	ENSG00000279457.4	noUMI	6
TACCGATGGGAGTAAC	ENSG00000279457.4	CTGATGCT	1
TACCGATGGGAGTAAC	ENSG00000225630.1	noUMI	50
TACCGATGGGAGTAAC	ENSG00000225630.1	CAGGACTA	1
TACCGATGGGAGTAAC	ENSG00000225630.1	CGACCCGG	1
TACCGATGGGAGTAAC	ENSG00000225630.1	CCATTAGT	1
TACCGATGGGAGTAAC	ENSG00000225630.1	GGGGCATA	1
TACCGATGGGAGTAAC	ENSG00000225630.1	TTAGCAGC	1
TACCGATGGGAGTAAC	ENSG00000225630.1	CTCGTGTT	1
TACCGATGGGAGTAAC	ENSG00000225630.1	TCGACCTC	2
TACCGATGGGAGTAAC	ENSG00000225630.1	GAACCGTC	1
TACCGATGGGAGTAAC	ENSG00000225630.1	AATACTTC	1
TACCGATGGGAGTAAC	ENSG00000225630.1	TAAGGAGT	1
TACCGATGGGAGTAAC	ENSG00000225630.1	TCTAGAAG	2
TACCGATGGGAGTAAC	ENSG00000225630.1	AAATTGTG	1
TACCGATGGGAGTAAC	ENSG00000225630.1	GAACGTTC	1
TACCGATGGGAGTAAC	ENSG00000225630.1	ACTCAGGC	1
TACCGATGGGAGTAAC	ENSG00000225630.1	CAGACGGA	2
TACCGATGGGAGTAAC	ENSG00000225630.1	TGATAATT	1
TACCGATGGGAGTAAC	ENSG00000225630.1	GGCGCTCT	1
TACCGATGGGAGTAAC	ENSG00000225630.1	AGATAGTG	2
TACCGATGGGAGTAAC	ENSG00000225630.1	TAGACCTG	1
TACCGATGGGAGTAAC	ENSG00000225630.1	TAAGGCTG	1
TACCGATGGGAGTAAC	ENSG00000225630.1	GGCTAATC	1
TACCGATGGGAGTAAC	ENSG00000225630.1	CCAATTTT	1
TACCGATGGGAGTAAC	ENSG00000225630.1	CCTCCAAT	1
TACCGATGGGAGTAAC	ENSG00000225630.1	GCTGCGGA	1
TACCGATGGGAGTAAC	ENSG00000225630.1	TGGATATA	1
TACCGATGGGAGTAAC	ENSG00000225630.1	TACGTGAG	1
TACCGATGGGAGTAAC	ENSG00000225630.1	AAGAGTCC	1
TACCGATGGGAGTAAC	ENSG00000225630.1	ACAGGGTA	2
TACCGATGGGAGTAAC	ENSG00000224969.1	noUMI	3
TACCGATGGGAGTAAC	ENSG00000288398.1	noUMI	2
TACCGATGGGAGTAAC	ENSG00000090432.7	noUMI	9
TACCGATGGGAGTAAC	ENSG00000090432.7	TTAAGGCG	1
TACCGATGGGAGTAAC	ENSG00000179163.12	noUMI	17
TACCGATGGGAGTAAC	ENSG00000270605.1	noUMI	1
TACCGATGGGAGTAAC	ENSG00000130766.5	noUMI	1
TACCGATGGGAGTAAC	ENSG00000237934.1	noUMI	3
TACCGATGGGAGTAAC	ENSG00000243749.1	noUMI	3
TACCGATGGGAGTAAC	ENSG00000243749.1	AGCAAACC	1
TACCGATGGGAGTAAC	ENSG00000116863.11	noUMI	12
TACCGATGGGAGTAAC	ENSG00000117000.9	noUMI	5
TACCGATGGGAGTAAC	ENSG00000259943.1	noUMI	4
TACCGATGGGAGTAAC	ENSG00000259943.1	GACGCAGT	1
TACCGATGGGAGTAAC	ENSG00000224751.2	noUMI	1
TACCGATGGGAGTAAC	ENSG00000237950.3	noUMI	4
TACCGATGGGAGTAAC	ENSG00000169213.7	noUMI	1
TACCGATGGGAGTAAC	ENSG00000116704.8	noUMI	7
TACCGATGGGAGTAAC	ENSG00000066557.6	noUMI	31
TACCGATGGGAGTAAC	ENSG00000066557.6	CTAGCCAC	1
TACCGATGGGAGTAAC	ENSG00000226415.1	noUMI	1
TACCGATGGGAGTAAC	ENSG00000280099.1	noUMI	3
TACCGATGGGAGTAAC	ENSG00000223896.2	noUMI	8
TCCAAGTCCCATCCAA	ENSG00000279457.4	noUMI	1
TCCAAGTCCCATCCAA	ENSG00000279457.4	AGGCGTGT	2
TCCAAGTCCCATCCAA	ENSG00000225630.1	AGAGATAA	1
TCCAAGTCCCATCCAA	ENSG00000225630.1	GCTTACCG	1
TCCAAGTCCCATCCAA	ENSG00000225630.1	CTGGTATA	1
TCCAAGTCCCATCCAA	ENSG00000225630.1	GATAGGGA	1
TCCAAGTCCCATCCAA	ENSG00000225630.1	CATCATTA	1
TCCAAGTCCCATCCAA	ENSG00000225630.1	GAACGTAT	1
TCCAAGTCCCATCCAA	ENSG00000225630.1	noUMI	24
TCCAAGTCCCATCCAA	ENSG00000225630.1	GTTAGAGG	1
TCCAAGTCCCATCCAA	ENSG00000225630.1	TCTAGGGT	1
TCCAAGTCCCATCCAA	ENSG00000225630.1	GGCTCCAA	3
TCCAAGTCCCATCCAA	ENSG00000225630.1	TGCGAGAG	1
TCCAAGTCCCATCCAA	ENSG00000225630.1	TGTAGGAT	1
TCCAAGTCCCATCCAA	ENSG00000225630.1	AAGTGCCC	2
TCCAAGTCCCATCCAA	ENSG00000225630.1	CACTACCC	1
TCCAAGTCCCATCCAA	ENSG00000225630.1	GGTCTAGA	3
TCCAAGTCCCATCCAA	ENSG00000225630.1	TCAGACCA	1
TCCAAGTCCCATCCAA	ENSG00000225630.1	CGGTTGTT	1
TCCAAGTCCCATCCAA	ENSG00000225630.1	ACATCCGG	1
TCCAAGTCCCATCCAA	ENSG00000225630.1	CGAGGGCC	1
TCCAAGTCCCATCCAA	ENSG00000225630.1	CATCAAAC	1
TCCAAGTCCCATCCAA	ENSG00000225630.1	GAGCAGAA	1
TCCAAGTCCCATCCAA	ENSG00000225630.1	TGGGCACA	1
TCCAAGTCCCATCCAA	ENSG00000225630.1	AACAGGCT	1
TCCAAGTCCCATCCAA	ENSG00000225630.1	CTATAAAC	1
TCCAAGTCCCATCCAA	ENSG00000225630.1	CTGTCGAG	1
TCCAAGTCCCATCCAA	ENSG00000225630.1	TGCTAGGA	1
TCCAAGTCCCATCCAA	ENSG00000225630.1	TGGGTCCT	2
TCCAAGTCCCATCCAA	ENSG00000225630.1	AGCTCTGC	1
TCCAAGTCCCATCCAA	ENSG00000225630.1	AAAGCAGC	1
TCCAAGTCCCATCCAA	ENSG00000225630.1	ACACCATG	3
TCCAAGTCCCATCCAA	ENSG00000225630.1	ATACCACC	1
TCCAAGTCCCATCCAA	ENSG00000225630.1	GTAGTGCC	1
TCCAAGTCCCATCCAA	ENSG00000225630.1	TGTCCTGC	2
TCCAAGTCCCATCCAA	ENSG00000225630.1	TCCACTCA	1
TCCAAGTCCCATCCAA	ENSG00000225630.1	AATAGTAC	1
TCCAAGTCCCATCCAA	ENSG00000225630.1	TAGGGAGA	1
TCCAAGTCCCATCCAA	ENSG00000225630.1	TCAGTGTG	1
TCCAAGTCCCATCCAA	ENSG00000225630.1	TCTAAGTC	1
TCCAAGTCCCATCCAA	ENSG00000225630.1	TCTAAAGC	1
TCCAAGTCCCATCCAA	ENSG00000225630.1	GCTTGAGA	1
TCCAAGTCCCATCCAA	ENSG00000225630.1	AAGGGTTT	2
TCCAAGTCCCATCCAA	ENSG00000225630.1	AAGGCCGA	1
TCCAAGTCCCATCCAA	ENSG00000225630.1	TCTAGAAT	1
TCCAAGTCCCATCCAA	ENSG00000225630.1	CATATCAC	1
TCCAAGTCCCATCCAA	ENSG00000225630.1	CAGCTTCA	3
TCCAAGTCCCATCCAA	ENSG00000225630.1	CCACGGTT	1
TCCAAGTCCCATCCAA	ENSG00000225630.1	CGTTGATA	1
TCCAAGTCCCATCCAA	ENSG00000225630.1	ATTTGAAC	1
TCCAAGTCCCATCCAA	ENSG00000225630.1	AGTACGTC	1
TCCAAGTCCCATCCAA	ENSG00000225630.1	TACGGGGT	1
TCCAAGTCCCATCCAA	ENSG00000225630.1	GCGGTGCG	1
TCCAAGTCCCATCCAA	ENSG00000225630.1	TCGTGTAC	1
TCCAAGTCCCATCCAA	ENSG00000225630.1	TCGCGTAA	2
TCCAAGTCCCATCCAA	ENSG00000225630.1	GGCGGCTA	2
TCCAAGTCCCATCCAA	ENSG00000225630.1	GCTTGGAA	1
TCCAAGTCCCATCCAA	ENSG00000225630.1	CAGAGGGT	1
TCCAAGTCCCATCCAA	ENSG00000225630.1	AACGGGCT	1
TCCAAGTCCCATCCAA	ENSG00000225630.1	TGGGAGGA	1
TCCAAGTCCCATCCAA	ENSG00000225630.1	CAAGTCTT	1
TCCAAGTCCCATCCAA	ENSG00000225630.1	GGGTTGGA	1
TCCAAGTCCCATCCAA	ENSG00000225630.1	ATGGTAAA	1
TCCAAGTCCCATCCAA	ENSG00000225630.1	GGTAAGTC	1
TCCAAGTCCCATCCAA	ENSG00000225630.1	AAGAACCC	3
TCCAAGTCCCATCCAA	ENSG00000225630.1	TGCCGACT	2
TCCAAGTCCCATCCAA	ENSG00000225630.1	ACACGGCT	1
TCCAAGTCCCATCCAA	ENSG00000225630.1	TGGGGGTA	2
TCCAAGTCCCATCCAA	ENSG00000225630.1	CTGAGTCC	1
TCCAAGTCCCATCCAA	ENSG00000225630.1	AACAGTTG	1
TCCAAGTCCCATCCAA	ENSG00000225630.1	CCCAGGTA	1
TCCAAGTCCCATCCAA	ENSG00000225630.1	ATCAAATC	1
TCCAAGTCCCATCCAA	ENSG00000225630.1	GGAGACAA	1
TCCAAGTCCCATCCAA	ENSG00000225630.1	TCCTGCCA	1
TCCAAGTCCCATCCAA	ENSG00000225630.1	AGGCGGTC	1
TCCAAGTCCCATCCAA	ENSG00000225630.1	TGGAGACT	1
TCCAAGTCCCATCCAA	ENSG00000225630.1	GGCTAATA	2
TCCAAGTCCCATCCAA	ENSG00000225630.1	ATAACAAG	1
TCCAAGTCCCATCCAA	ENSG00000225630.1	ATACGGCT	1
TCCAAGTCCCATCCAA	ENSG00000225630.1	GGGTAGCA	1
TCCAAGTCCCATCCAA	ENSG00000225630.1	TGAAGCTT	1
TCCAAGTCCCATCCAA	ENSG00000225630.1	ATGGACTC	1
TCCAAGTCCCATCCAA	ENSG00000225630.1	GGTGTCTT	2
TCCAAGTCCCATCCAA	ENSG00000225630.1	AAACACAC	1
TCCAAGTCCCATCCAA	ENSG00000225630.1	CCGTGGTG	1
TCCAAGTCCCATCCAA	ENSG00000225630.1	GGTCGTTT	1
TCCAAGTCCCATCCAA	ENSG00000225630.1	TAGGATTT	1
TCCAAGTCCCATCCAA	ENSG00000225630.1	GTGCGAAA	1
TCCAAGTCCCATCCAA	ENSG00000225630.1	GGGAGGTC	1
TCCAAGTCCCATCCAA	ENSG00000225630.1	CGAACACA	1
TCCAAGTCCCATCCAA	ENSG00000231050.1	noUMI	1
TCCAAGTCCCATCCAA	ENSG00000238260.1	ATTAGCAA	2
TCCAAGTCCCATCCAA	ENSG00000171612.7	noUMI	3
TCCAAGTCCCATCCAA	ENSG00000233954.6	CCAGACAT	1
TCCAAGTCCCATCCAA	ENSG00000288398.1	noUMI	4
TCCAAGTCCCATCCAA	ENSG00000288398.1	ATAGGCCT	1
TCCAAGTCCCATCCAA	ENSG00000090432.7	noUMI	5
TCCAAGTCCCATCCAA	ENSG00000090432.7	TGGGCCCC	2
TCCAAGTCCCATCCAA	ENSG00000090432.7	GGCAGGGG	1
TCCAAGTCCCATCCAA	ENSG00000090432.7	TTTGCCAG	1
TCCAAGTCCCATCCAA	ENSG00000090432.7	AAAAGTAA	1
TCCAAGTCCCATCCAA	ENSG00000179163.12	noUMI	2
TCCAAGTCCCATCCAA	ENSG00000270605.1	noUMI	1
TCCAAGTCCCATCCAA	ENSG00000279443.1	CGGGTCCG	1
TCCAAGTCCCATCCAA	ENSG00000279443.1	noUMI	5
TCCAAGTCCCATCCAA	ENSG00000237329.2	TACACGAA	1
TCCAAGTCCCATCCAA	ENSG00000237329.2	noUMI	2
TCCAAGTCCCATCCAA	ENSG00000175130.7	noUMI	3
TCCAAGTCCCATCCAA	ENSG00000175130.7	GGTATGAT	3
TCCAAGTCCCATCCAA	ENSG00000273274.2	noUMI	2
TCCAAGTCCCATCCAA	ENSG00000243749.1	noUMI	2
TCCAAGTCCCATCCAA	ENSG00000116863.11	noUMI	12
TCCAAGTCCCATCCAA	ENSG00000116863.11	CCGGTACA	1
TCCAAGTCCCATCCAA	ENSG00000117000.9	AGGGTTGA	1
TCCAAGTCCCATCCAA	ENSG00000117000.9	noUMI	6
TCCAAGTCCCATCCAA	ENSG00000117000.9	GTTAGATG	2
TCCAAGTCCCATCCAA	ENSG00000117000.9	TACGCTCC	1
TCCAAGTCCCATCCAA	ENSG00000259943.1	noUMI	5
TCCAAGTCCCATCCAA	ENSG00000237950.3	noUMI	1
TCCAAGTCCCATCCAA	ENSG00000233877.2	GTATGGAT	1
TCCAAGTCCCATCCAA	ENSG00000116704.8	noUMI	1
CAACCTCAGGCGTTAA	ENSG00000225630.1	noUMI	8
CAACCTCAGGCGTTAA	ENSG00000225630.1	GTGGGAAC	1
CAACCTCAGGCGTTAA	ENSG00000225630.1	ATGTCGAT	1
CAACCTCAGGCGTTAA	ENSG00000225630.1	AAGGCTTA	1
CAACCTCAGGCGTTAA	ENSG00000225630.1	GCCAATGG	1
CAACCTCAGGCGTTAA	ENSG00000225630.1	GCACGTTT	1
CAACCTCAGGCGTTAA	ENSG00000225630.1	ACCCAAAA	1
CAACCTCAGGCGTTAA	ENSG00000225630.1	AAAGCAGT	1
CAACCTCAGGCGTTAA	ENSG00000225630.1	GCGACGAC	1
CAACCTCAGGCGTTAA	ENSG00000225630.1	ACGTGTGG	1
CAACCTCAGGCGTTAA	ENSG00000225630.1	TAACTCGA	2
CAACCTCAGGCGTTAA	ENSG00000225630.1	CGTCAGAA	1
CAACCTCAGGCGTTAA	ENSG00000225630.1	GACATAAC	2
CAACCTCAGGCGTTAA	ENSG00000225630.1	GATGTACG	2
CAACCTCAGGCGTTAA	ENSG00000225630.1	TTTGCGTC	1
CAACCTCAGGCGTTAA	ENSG00000225630.1	AGGTGAAC	1
CAACCTCAGGCGTTAA	ENSG00000225630.1	GCATCGAC	1
CAACCTCAGGCGTTAA	ENSG00000225630.1	ACCACATC	1
CAACCTCAGGCGTTAA	ENSG00000225630.1	CAATGACA	1
CAACCTCAGGCGTTAA	ENSG00000225630.1	GAGGCTCC	1
CAACCTCAGGCGTTAA	ENSG00000225630.1	GTCGAGAA	1
CAACCTCAGGCGTTAA	ENSG00000225630.1	CCTCATCC	1
CAACCTCAGGCGTTAA	ENSG00000225630.1	CATCGCTG	1
CAACCTCAGGCGTTAA	ENSG00000225630.1	GTCTATCC	1
CAACCTCAGGCGTTAA	ENSG00000225630.1	TGGCTAAT	3
CAACCTCAGGCGTTAA	ENSG00000225630.1	TAGTAGAA	1
CAACCTCAGGCGTTAA	ENSG00000225630.1	TGAAACCA	1
CAACCTCAGGCGTTAA	ENSG00000225630.1	TGAGGAGG	1
CAACCTCAGGCGTTAA	ENSG00000225630.1	GACTCAGG	1
CAACCTCAGGCGTTAA	ENSG00000225630.1	AATGATGC	1
CAACCTCAGGCGTTAA	ENSG00000225630.1	CGAAGAGT	1
CAACCTCAGGCGTTAA	ENSG00000198744.5	TAAGGTCG	1
CAACCTCAGGCGTTAA	ENSG00000228594.4	CTTCGCGC	1
CAACCTCAGGCGTTAA	ENSG00000270035.1	TAGGTGGG	1
CAACCTCAGGCGTTAA	ENSG00000233954.6	CTGATCAC	1
CAACCTCAGGCGTTAA	ENSG00000090432.7	noUMI	7
CAACCTCAGGCGTTAA	ENSG00000179163.12	noUMI	1
CAACCTCAGGCGTTAA	ENSG00000116863.11	noUMI	5
CAACCTCAGGCGTTAA	ENSG00000117000.9	noUMI	1
CAACCTCAGGCGTTAA	ENSG00000162396.6	noUMI	1
CAACCTCAGGCGTTAA	ENSG00000162396.6	TGCCTGCT	1
CAACCTCAGGCGTTAA	ENSG00000116704.8	noUMI	3
CAACCTCAGGCGTTAA	ENSG00000066557.6	noUMI	8
CAACCTCAGGCGTTAA	ENSG00000226415.1	noUMI	1
CAACCTCAGGCGTTAA	ENSG00000223896.2	noUMI	5
CAACCTCAGGCGTTAA	ENSG00000260464.1	noUMI	1
CAACCTCAGGCGTTAA	ENSG00000137970.7	noUMI	3
CAACCTCAGGCGTTAA	ENSG00000137970.7	AATCACGG	1
CAACCTCAGGCGTTAA	ENSG00000137970.7	GGACTATT	1
CAACCTCAGGCGTTAA	ENSG00000137970.7	TAAACGTG	1
CAACCTCAGGCGTTAA	ENSG00000065135.12	noUMI	34
CAACCTCAGGCGTTAA	ENSG00000065135.12	TTTACTGG	1
CAACCTCAGGCGTTAA	ENSG00000065135.12	GTAAGTTA	2
CAACCTCAGGCGTTAA	ENSG00000065135.12	AAGGTCCA	1
CAACCTCAGGCGTTAA	ENSG00000065135.12	AGGACGAG	1
CAACCTCAGGCGTTAA	ENSG00000065135.12	GCAAACAC	1
CAACCTCAGGCGTTAA	ENSG00000201028.1	noUMI	2
CAACCTCAGGCGTTAA	ENSG00000213281.5	TAGATCCC	1
CAACCTCAGGCGTTAA	ENSG00000213281.5	noUMI	12
CAACCTCAGGCGTTAA	ENSG00000286019.1	noUMI	1
CAACCTCAGGCGTTAA	ENSG00000163344.6	noUMI	1
CAACCTCAGGCGTTAA	ENSG00000163344.6	GGTCAGCT	1
CAACCTCAGGCGTTAA	ENSG00000236675.1	noUMI	1
CAACCTCAGGCGTTAA	ENSG00000162783.11	noUMI	1
CAACCTCAGGCGTTAA	ENSG00000158615.9	noUMI	4
CAACCTCAGGCGTTAA	ENSG00000277007.1	noUMI	1
CAACCTCAGGCGTTAA	ENSG00000218283.2	AAGGGTCC	1
CAACCTCAGGCGTTAA	ENSG00000218283.2	noUMI	3
CAACCTCAGGCGTTAA	ENSG00000143751.10	noUMI	15
CAACCTCAGGCGTTAA	ENSG00000228625.1	TCCAGGCT	1
CAACCTCAGGCGTTAA	ENSG00000116574.6	noUMI	2
CAACCTCAGGCGTTAA	ENSG00000143653.10	noUMI	1
CAACCTCAGGCGTTAA	ENSG00000259865.1	noUMI	8
TGACCAAGCCACATAG	ENSG00000279457.4	CGTTGTCT	1
TGACCAAGCCACATAG	ENSG00000225630.1	noUMI	12
TGACCAAGCCACATAG	ENSG00000225630.1	CGGACCAA	1
TGACCAAGCCACATAG	ENSG00000225630.1	CAAGCACA	1
TGACCAAGCCACATAG	ENSG00000225630.1	TAAGAAAG	1
TGACCAAGCCACATAG	ENSG00000225630.1	ATCAGTTA	1
TGACCAAGCCACATAG	ENSG00000225630.1	AAGAACTT	1
TGACCAAGCCACATAG	ENSG00000225630.1	CGAGTCAG	1
TGACCAAGCCACATAG	ENSG00000225630.1	GCAAGCAC	1
TGACCAAGCCACATAG	ENSG00000225630.1	AACACAAC	1
TGACCAAGCCACATAG	ENSG00000225630.1	GGTAAGAT	1
TGACCAAGCCACATAG	ENSG00000225630.1	CAACTTCC	1
TGACCAAGCCACATAG	ENSG00000225630.1	ATCATGCA	1
TGACCAAGCCACATAG	ENSG00000225630.1	ACAGATAC	1
TGACCAAGCCACATAG	ENSG00000225630.1	TCATCAAT	1
TGACCAAGCCACATAG	ENSG00000225630.1	ATCGCCCG	1
TGACCAAGCCACATAG	ENSG00000225630.1	ACCACACC	1
TGACCAAGCCACATAG	ENSG00000225630.1	CAGGGCCA	2
TGACCAAGCCACATAG	ENSG00000225630.1	TAAAGTTG	1
TGACCAAGCCACATAG	ENSG00000225630.1	TAGCTAAC	1
TGACCAAGCCACATAG	ENSG00000225630.1	TCTTGCTG	1
TGACCAAGCCACATAG	ENSG00000225630.1	AATAAAAC	2
TGACCAAGCCACATAG	ENSG00000225630.1	GGGAAGCC	1
TGACCAAGCCACATAG	ENSG00000225630.1	GTATTGAA	1
TGACCAAGCCACATAG	ENSG00000225630.1	TAGAACGT	1
TGACCAAGCCACATAG	ENSG00000225630.1	GGGATATG	1
TGACCAAGCCACATAG	ENSG00000225630.1	TACGAGAA	1
TGACCAAGCCACATAG	ENSG00000225630.1	ACCACCAT	2
TGACCAAGCCACATAG	ENSG00000225630.1	GGGGACCT	1
TGACCAAGCCACATAG	ENSG00000225630.1	GTGGTCTA	1
TGACCAAGCCACATAG	ENSG00000225630.1	ATAGTATG	1
TGACCAAGCCACATAG	ENSG00000225630.1	TCCATAGG	1
TGACCAAGCCACATAG	ENSG00000225630.1	TCCGCCAT	1
TGACCAAGCCACATAG	ENSG00000225630.1	GAGTGTAA	1
TGACCAAGCCACATAG	ENSG00000225630.1	TGAATCAG	1
TGACCAAGCCACATAG	ENSG00000225630.1	AAAGACTT	1
TGACCAAGCCACATAG	ENSG00000225630.1	ACATAACC	1
TGACCAAGCCACATAG	ENSG00000225630.1	GGCGGGTG	1
TGACCAAGCCACATAG	ENSG00000225630.1	GCAGGGCT	1
TGACCAAGCCACATAG	ENSG00000225630.1	ACCATAAA	1
TGACCAAGCCACATAG	ENSG00000225630.1	CCGTATGG	1
TGACCAAGCCACATAG	ENSG00000225630.1	TCTGGCGA	1
TGACCAAGCCACATAG	ENSG00000225630.1	GTAAGGCG	1
TGACCAAGCCACATAG	ENSG00000225630.1	AGGCGGCT	1
TGACCAAGCCACATAG	ENSG00000225630.1	ATCGGAAT	1
TGACCAAGCCACATAG	ENSG00000225630.1	CAGCGAAC	1
TGACCAAGCCACATAG	ENSG00000225630.1	GTAAACTG	2
TGACCAAGCCACATAG	ENSG00000225630.1	ACTCCGGT	1
TGACCAAGCCACATAG	ENSG00000225630.1	CGATGGCG	1
TGACCAAGCCACATAG	ENSG00000225630.1	GGTCATAC	1
TGACCAAGCCACATAG	ENSG00000225630.1	CCTACATA	1
TGACCAAGCCACATAG	ENSG00000225630.1	ACATATGA	1
TGACCAAGCCACATAG	ENSG00000225630.1	CGGGTTGT	1
TGACCAAGCCACATAG	ENSG00000225630.1	CGACATCA	1
TGACCAAGCCACATAG	ENSG00000225630.1	TGGGGTCC	1
TGACCAAGCCACATAG	ENSG00000225630.1	CGGGCTAA	1
TGACCAAGCCACATAG	ENSG00000225630.1	CTTACAAG	1
TGACCAAGCCACATAG	ENSG00000225630.1	TCCGGCAA	1
TGACCAAGCCACATAG	ENSG00000225630.1	CATTCGCT	2
TGACCAAGCCACATAG	ENSG00000225630.1	TCATGACA	1
TGACCAAGCCACATAG	ENSG00000225630.1	AGTTGGTC	1
TGACCAAGCCACATAG	ENSG00000225630.1	AGACCGAC	1
TGACCAAGCCACATAG	ENSG00000225630.1	TCGTACGG	1
TGACCAAGCCACATAG	ENSG00000225630.1	AACCACCC	1
TGACCAAGCCACATAG	ENSG00000225630.1	CACAGATC	1
TGACCAAGCCACATAG	ENSG00000225630.1	GGCATTAA	1
TGACCAAGCCACATAG	ENSG00000225630.1	ACGGGTTA	1
TGACCAAGCCACATAG	ENSG00000225630.1	TACGAGGA	1
TGACCAAGCCACATAG	ENSG00000272512.1	noUMI	1
TGACCAAGCCACATAG	ENSG00000176022.7	AGTTGTGC	2
TGACCAAGCCACATAG	ENSG00000288398.1	TACTTCGG	1
TGACCAAGCCACATAG	ENSG00000288398.1	noUMI	1
TGACCAAGCCACATAG	ENSG00000261135.1	noUMI	3
TGACCAAGCCACATAG	ENSG00000090432.7	noUMI	1
TGACCAAGCCACATAG	ENSG00000179163.12	noUMI	1
TGACCAAGCCACATAG	ENSG00000175130.7	noUMI	2
TGACCAAGCCACATAG	ENSG00000116863.11	noUMI	8
TGACCAAGCCACATAG	ENSG00000116863.11	GTGCTACA	1
TGACCAAGCCACATAG	ENSG00000286379.1	noUMI	1
TGACCAAGCCACATAG	ENSG00000163909.8	GAACTGCT	1
TGACCAAGCCACATAG	ENSG00000163909.8	noUMI	1
TGACCAAGCCACATAG	ENSG00000260920.2	GTAGGGGA	1
TGACCAAGCCACATAG	ENSG00000237424.1	noUMI	1
TGACCAAGCCACATAG	ENSG00000186564.6	TACAAGGT	1
TGACCAAGCCACATAG	ENSG00000169213.7	noUMI	2
TGACCAAGCCACATAG	ENSG00000169213.7	GCAGCAAT	1
TGACCAAGCCACATAG	ENSG00000066557.6	noUMI	9
TGACCAAGCCACATAG	ENSG00000066557.6	AGGAGCCA	1
TGACCAAGCCACATAG	ENSG00000137970.7	CGGGATGT	1
TGACCAAGCCACATAG	ENSG00000137970.7	AAACGACA	1
TGACCAAGCCACATAG	ENSG00000137970.7	ACAAGAAG	1
TGACCAAGCCACATAG	ENSG00000244716.3	CAGCAAGG	1
TGACCAAGCCACATAG	ENSG00000065135.12	noUMI	10
TGACCAAGCCACATAG	ENSG00000213281.5	noUMI	10
TGACCAAGCCACATAG	ENSG00000213281.5	GTTATGTT	2
TGACCAAGCCACATAG	ENSG00000213281.5	GACCATCC	1
TGACCAAGCCACATAG	ENSG00000213281.5	CGGTGATT	1
TGACCAAGCCACATAG	ENSG00000213281.5	CTGCTTTG	1
TGACCAAGCCACATAG	ENSG00000263590.2	noUMI	1
TGACCAAGCCACATAG	ENSG00000215784.6	AGGGCCGG	1
TGACCAAGCCACATAG	ENSG00000215784.6	noUMI	3
TGACCAAGCCACATAG	ENSG00000184260.6	TTCGCAAG	1
TGACCAAGCCACATAG	ENSG00000184260.6	noUMI	1
TGACCAAGCCACATAG	ENSG00000272654.1	GATGTCAT	1
TGACCAAGCCACATAG	ENSG00000163344.6	TTGGGGTC	1
TGACCAAGCCACATAG	ENSG00000132688.11	CATCCTTA	1
TGACCAAGCCACATAG	ENSG00000224358.1	AGTAATAG	1
TGACCAAGCCACATAG	ENSG00000143184.5	noUMI	1
TGACCAAGCCACATAG	ENSG00000162783.11	noUMI	2
TGACCAAGCCACATAG	ENSG00000183155.5	noUMI	7
TGACCAAGCCACATAG	ENSG00000158615.9	noUMI	4
TGACCAAGCCACATAG	ENSG00000235363.1	GGTGTTTA	1
TGACCAAGCCACATAG	ENSG00000284237.1	ATCAACTG	1
TGACCAAGCCACATAG	ENSG00000284237.1	noUMI	1
TGACCAAGCCACATAG	ENSG00000170385.10	noUMI	1
TGACCAAGCCACATAG	ENSG00000220749.4	noUMI	1
TGACCAAGCCACATAG	ENSG00000218283.2	noUMI	1
TGACCAAGCCACATAG	ENSG00000143751.10	noUMI	3
TGACCAAGCCACATAG	ENSG00000162851.8	noUMI	1
TGACCAAGCCACATAG	ENSG00000162851.8	TAGACCTT	1
TGACCAAGCCACATAG	ENSG00000143653.10	noUMI	1
TGACCAAGCCACATAG	ENSG00000259865.1	noUMI	24
TGACCAAGCCACATAG	ENSG00000259865.1	CCACCGCC	2
TTGGAACCCATGCTTC	ENSG00000279457.4	AATTCGAC	1
TTGGAACCCATGCTTC	ENSG00000279457.4	GTAGAACG	1
TTGGAACCCATGCTTC	ENSG00000225630.1	noUMI	34
TTGGAACCCATGCTTC	ENSG00000225630.1	CGGCACTA	1
TTGGAACCCATGCTTC	ENSG00000225630.1	TCAAAATG	1
TTGGAACCCATGCTTC	ENSG00000225630.1	GCATAACA	1
TTGGAACCCATGCTTC	ENSG00000225630.1	CTAGCGAT	1
TTGGAACCCATGCTTC	ENSG00000225630.1	GCTAGTGA	1
TTGGAACCCATGCTTC	ENSG00000225630.1	GCGGGGGA	1
TTGGAACCCATGCTTC	ENSG00000225630.1	GCATTAAG	1
TTGGAACCCATGCTTC	ENSG00000225630.1	GGACCATC	1
TTGGAACCCATGCTTC	ENSG00000225630.1	ACATACAC	1
TTGGAACCCATGCTTC	ENSG00000225630.1	TCCCTGGA	1
TTGGAACCCATGCTTC	ENSG00000225630.1	TCGGCTTG	1
TTGGAACCCATGCTTC	ENSG00000225630.1	CTGCGGGG	1
TTGGAACCCATGCTTC	ENSG00000225630.1	GCGGATGA	1
TTGGAACCCATGCTTC	ENSG00000225630.1	CAAATCAG	1
TTGGAACCCATGCTTC	ENSG00000225630.1	ATGGTATT	1
TTGGAACCCATGCTTC	ENSG00000225630.1	CGTAAAGG	1
TTGGAACCCATGCTTC	ENSG00000225630.1	GTTCGGGT	1
TTGGAACCCATGCTTC	ENSG00000225630.1	ATTAAGGA	1
TTGGAACCCATGCTTC	ENSG00000225630.1	AATAGGCT	1
TTGGAACCCATGCTTC	ENSG00000225630.1	AGGTAAGA	1
TTGGAACCCATGCTTC	ENSG00000225630.1	AGTCAACC	1
TTGGAACCCATGCTTC	ENSG00000225630.1	GCTGGCCA	1
TTGGAACCCATGCTTC	ENSG00000225630.1	CGGCGACA	1
TTGGAACCCATGCTTC	ENSG00000225630.1	ACCGATAT	1
TTGGAACCCATGCTTC	ENSG00000225630.1	GCTAAGTG	1
TTGGAACCCATGCTTC	ENSG00000225630.1	CGAGGATG	2
TTGGAACCCATGCTTC	ENSG00000225630.1	TGGGAGGA	1
TTGGAACCCATGCTTC	ENSG00000225630.1	AAGACTTA	1
TTGGAACCCATGCTTC	ENSG00000225630.1	GGCTGACA	1
TTGGAACCCATGCTTC	ENSG00000225630.1	CATTAAGA	1
TTGGAACCCATGCTTC	ENSG00000225630.1	CAGCAAAT	1
TTGGAACCCATGCTTC	ENSG00000176022.7	noUMI	1
TTGGAACCCATGCTTC	ENSG00000228594.4	noUMI	1
TTGGAACCCATGCTTC	ENSG00000158292.7	noUMI	1
TTGGAACCCATGCTTC	ENSG00000171612.7	noUMI	1
TTGGAACCCATGCTTC	ENSG00000231789.2	GCGTGGGA	2
TTGGAACCCATGCTTC	ENSG00000288398.1	noUMI	1
TTGGAACCCATGCTTC	ENSG00000288398.1	ATAGAGCT	1
TTGGAACCCATGCTTC	ENSG00000090432.7	noUMI	4
TTGGAACCCATGCTTC	ENSG00000179163.12	noUMI	21
TTGGAACCCATGCTTC	ENSG00000130766.5	noUMI	1
TTGGAACCCATGCTTC	ENSG00000237934.1	TTGTCATG	1
TTGGAACCCATGCTTC	ENSG00000175130.7	noUMI	7
TTGGAACCCATGCTTC	ENSG00000273274.2	noUMI	3
TTGGAACCCATGCTTC	ENSG00000243749.1	noUMI	2
TTGGAACCCATGCTTC	ENSG00000116863.11	noUMI	17
TTGGAACCCATGCTTC	ENSG00000185668.8	noUMI	3
TTGGAACCCATGCTTC	ENSG00000116981.4	noUMI	4
TTGGAACCCATGCTTC	ENSG00000117000.9	noUMI	8
TTGGAACCCATGCTTC	ENSG00000117000.9	AAGACACT	1
AAGAGACGGGCCTATA	ENSG00000279457.4	GTGTAGAA	1
AAGAGACGGGCCTATA	ENSG00000225630.1	CGTAGACG	1
AAGAGACGGGCCTATA	ENSG00000225630.1	CAGTGGTG	2
AAGAGACGGGCCTATA	ENSG00000225630.1	CCGGTCTT	1
AAGAGACGGGCCTATA	ENSG00000225630.1	noUMI	18
AAGAGACGGGCCTATA	ENSG00000225630.1	TGATCGTA	1
AAGAGACGGGCCTATA	ENSG00000225630.1	CTCGGCGT	1
AAGAGACGGGCCTATA	ENSG00000225630.1	TGTGAGTC	3
AAGAGACGGGCCTATA	ENSG00000225630.1	ATTGACAG	1
AAGAGACGGGCCTATA	ENSG00000225630.1	TCATGACC	2
AAGAGACGGGCCTATA	ENSG00000225630.1	CCTCTATA	2
AAGAGACGGGCCTATA	ENSG00000225630.1	GATACTGG	1
AAGAGACGGGCCTATA	ENSG00000225630.1	TAACGAAT	1
AAGAGACGGGCCTATA	ENSG00000225630.1	GGCTCAAC	1
AAGAGACGGGCCTATA	ENSG00000225630.1	CACACGCT	1
AAGAGACGGGCCTATA	ENSG00000225630.1	CAAGTATC	1
AAGAGACGGGCCTATA	ENSG00000225630.1	TGTGATGA	1
AAGAGACGGGCCTATA	ENSG00000225630.1	TGAGCCGT	1
AAGAGACGGGCCTATA	ENSG00000225630.1	TAGCCTTG	1
AAGAGACGGGCCTATA	ENSG00000225630.1	GACATATA	1
AAGAGACGGGCCTATA	ENSG00000225630.1	GTACAACT	1
AAGAGACGGGCCTATA	ENSG00000225630.1	ACGTCTTG	1
AAGAGACGGGCCTATA	ENSG00000225630.1	CCGTTTAA	1
AAGAGACGGGCCTATA	ENSG00000225630.1	GGCTAAAG	1
AAGAGACGGGCCTATA	ENSG00000225630.1	ATTCAGCA	1
AAGAGACGGGCCTATA	ENSG00000225630.1	TTATTGCA	1
AAGAGACGGGCCTATA	ENSG00000225630.1	ATTACGGG	1
AAGAGACGGGCCTATA	ENSG00000225630.1	CTTCAGTT	1
AAGAGACGGGCCTATA	ENSG00000225630.1	TAGTATAG	1
AAGAGACGGGCCTATA	ENSG00000225630.1	ATGCAGGG	1
AAGAGACGGGCCTATA	ENSG00000225630.1	AATACCTT	1
AAGAGACGGGCCTATA	ENSG00000225630.1	GGGACAAC	1
AAGAGACGGGCCTATA	ENSG00000225630.1	TCTCATAC	1
AAGAGACGGGCCTATA	ENSG00000225630.1	TGGTCCCA	2
AAGAGACGGGCCTATA	ENSG00000225630.1	ATGTCCAA	1
AAGAGACGGGCCTATA	ENSG00000225630.1	TACGAATC	1
AAGAGACGGGCCTATA	ENSG00000225630.1	ACTGAACG	1
AAGAGACGGGCCTATA	ENSG00000225630.1	TGACTAGT	1
AAGAGACGGGCCTATA	ENSG00000225630.1	CAGGTATG	1
AAGAGACGGGCCTATA	ENSG00000225630.1	AGTAAGCA	1
AAGAGACGGGCCTATA	ENSG00000225630.1	AATCGGCC	1
AAGAGACGGGCCTATA	ENSG00000225630.1	TAAACCCC	1
AAGAGACGGGCCTATA	ENSG00000225630.1	TCAGTGGG	1
AAGAGACGGGCCTATA	ENSG00000225630.1	ATAGTGGA	1
AAGAGACGGGCCTATA	ENSG00000225630.1	GTGTACAC	1
AAGAGACGGGCCTATA	ENSG00000225630.1	GCCACTCA	2
AAGAGACGGGCCTATA	ENSG00000225630.1	ACAGTAAC	1
AAGAGACGGGCCTATA	ENSG00000225630.1	ACACGTAC	1
AAGAGACGGGCCTATA	ENSG00000225630.1	CTATGCTG	1
AAGAGACGGGCCTATA	ENSG00000225630.1	GCACAATG	1
AAGAGACGGGCCTATA	ENSG00000225630.1	CCATTTGG	1
AAGAGACGGGCCTATA	ENSG00000225630.1	CTATGAAC	1
AAGAGACGGGCCTATA	ENSG00000225630.1	AGACGCCC	1
AAGAGACGGGCCTATA	ENSG00000225630.1	AGCTGCAC	2
AAGAGACGGGCCTATA	ENSG00000225630.1	TCGCTTCG	1
AAGAGACGGGCCTATA	ENSG00000225630.1	TTGCACTG	1
AAGAGACGGGCCTATA	ENSG00000225630.1	TTGAACCC	1
AAGAGACGGGCCTATA	ENSG00000225630.1	CACGTTCA	1
AAGAGACGGGCCTATA	ENSG00000225630.1	ATGTAACG	1
AAGAGACGGGCCTATA	ENSG00000225630.1	CCGTAGTT	1
AAGAGACGGGCCTATA	ENSG00000225630.1	TGGATTAG	1
AAGAGACGGGCCTATA	ENSG00000225630.1	TAGAACGA	1
AAGAGACGGGCCTATA	ENSG00000225630.1	TCGCAGTG	1
AAGAGACGGGCCTATA	ENSG00000225630.1	AGTGGCCT	1
AAGAGACGGGCCTATA	ENSG00000225630.1	AACCGCTT	2
AAGAGACGGGCCTATA	ENSG00000225630.1	CGGGCAGT	1
AAGAGACGGGCCTATA	ENSG00000223663.2	CTGAACAC	1
AAGAGACGGGCCTATA	ENSG00000228594.4	noUMI	1
AAGAGACGGGCCTATA	ENSG00000171612.7	noUMI	1
AAGAGACGGGCCTATA	ENSG00000231789.2	GAAGGCGG	1
AAGAGACGGGCCTATA	ENSG00000288398.1	ACATGGGT	1
AAGAGACGGGCCTATA	ENSG00000261135.1	CTAATGCA	1
AAGAGACGGGCCTATA	ENSG00000090432.7	noUMI	9
AAGAGACGGGCCTATA	ENSG00000179163.12	noUMI	5
AAGAGACGGGCCTATA	ENSG00000179163.12	AGGGGAGT	1
AAGAGACGGGCCTATA	ENSG00000233478.1	GTGATAAG	1
AAGAGACGGGCCTATA	ENSG00000181773.7	noUMI	1
AAGAGACGGGCCTATA	ENSG00000130766.5	GGTGAGCA	1
AAGAGACGGGCCTATA	ENSG00000130766.5	noUMI	3
AAGAGACGGGCCTATA	ENSG00000175130.7	GAGCCGAT	1
AAGAGACGGGCCTATA	ENSG00000175130.7	noUMI	4
AAGAGACGGGCCTATA	ENSG00000175130.7	ACAATGAT	1
AAGAGACGGGCCTATA	ENSG00000175130.7	ATGACACC	1
AAGAGACGGGCCTATA	ENSG00000175130.7	TTCAGGGG	1
AAGAGACGGGCCTATA	ENSG00000243749.1	CAACGTGA	1
AAGAGACGGGCCTATA	ENSG00000286899.1	GTAGAGTG	1
AAGAGACGGGCCTATA	ENSG00000117000.9	noUMI	3
AAGAGACGGGCCTATA	ENSG00000259943.1	noUMI	1
AAGAGACGGGCCTATA	ENSG00000259943.1	GGTGATAG	1
AAGAGACGGGCCTATA	ENSG00000169213.7	noUMI	4
AAGAGACGGGCCTATA	ENSG00000169213.7	GCGTCAGA	2
AAGAGACGGGCCTATA	ENSG00000116704.8	noUMI	1
AAGAGACGGGCCTATA	ENSG00000066557.6	noUMI	2
AAGAGACGGGCCTATA	ENSG00000271576.1	GGCCCCCC	1
AAGAGACGGGCCTATA	ENSG00000137970.7	noUMI	2
AAGAGACGGGCCTATA	ENSG00000137970.7	AGTTATCC	1
AAGAGACGGGCCTATA	ENSG00000137970.7	GCGAAGAG	1
AAGAGACGGGCCTATA	ENSG00000137970.7	CTACTCAC	1
AAGAGACGGGCCTATA	ENSG00000137970.7	GCGACACA	1
AAGAGACGGGCCTATA	ENSG00000137970.7	ATAAAGTG	1
AAGAGACGGGCCTATA	ENSG00000137970.7	AGACCACC	1
AAGAGACGGGCCTATA	ENSG00000244716.3	noUMI	1
AAGAGACGGGCCTATA	ENSG00000065135.12	noUMI	11
AAGAGACGGGCCTATA	ENSG00000065135.12	GAGATACA	1
AAGAGACGGGCCTATA	ENSG00000238198.2	CTCATCAG	1
AAGAGACGGGCCTATA	ENSG00000238198.2	ACTGGGGT	1
AAGAGACGGGCCTATA	ENSG00000213281.5	noUMI	5
AAGAGACGGGCCTATA	ENSG00000213281.5	CAGCCATC	2
AAGAGACGGGCCTATA	ENSG00000277702.1	TTGCTTGG	1
AAGAGACGGGCCTATA	ENSG00000215784.6	noUMI	1
AAGAGACGGGCCTATA	ENSG00000286019.1	noUMI	1
AAGAGACGGGCCTATA	ENSG00000184260.6	CTGATAAG	1
AAGAGACGGGCCTATA	ENSG00000236675.1	noUMI	3
AAGAGACGGGCCTATA	ENSG00000143333.7	GAGGGGCA	2
AAGAGACGGGCCTATA	ENSG00000143333.7	ACACCGAG	1
AAGAGACGGGCCTATA	ENSG00000143333.7	TGGACATA	1
TACCGATGCGGTTGTT	ENSG00000279457.4	CACGTAGG	1
TACCGATGCGGTTGTT	ENSG00000225630.1	ACTTAGCC	2
TACCGATGCGGTTGTT	ENSG00000225630.1	CAATGTAC	1
TACCGATGCGGTTGTT	ENSG00000225630.1	CTCGTCCG	1
TACCGATGCGGTTGTT	ENSG00000225630.1	GATCACCT	1
TACCGATGCGGTTGTT	ENSG00000225630.1	ACGCGCTC	1
TACCGATGCGGTTGTT	ENSG00000225630.1	AACTGGTC	1
TACCGATGCGGTTGTT	ENSG00000225630.1	GGGGTCCA	1
TACCGATGCGGTTGTT	ENSG00000225630.1	GCGGGGAC	2
TACCGATGCGGTTGTT	ENSG00000225630.1	ATGTCTTG	1
TACCGATGCGGTTGTT	ENSG00000225630.1	GTAGCATA	1
TACCGATGCGGTTGTT	ENSG00000225630.1	GGCCGGCC	1
TACCGATGCGGTTGTT	ENSG00000225630.1	CACCGGCG	1
TACCGATGCGGTTGTT	ENSG00000225630.1	ATCACATC	1
TACCGATGCGGTTGTT	ENSG00000225630.1	AGCGCCGC	1
TACCGATGCGGTTGTT	ENSG00000225630.1	noUMI	25
TACCGATGCGGTTGTT	ENSG00000225630.1	TGACTTAC	1
TACCGATGCGGTTGTT	ENSG00000225630.1	CCTGAAAG	1
TACCGATGCGGTTGTT	ENSG00000225630.1	TACAACGA	1
TACCGATGCGGTTGTT	ENSG00000225630.1	ACGGAAAG	1
TACCGATGCGGTTGTT	ENSG00000225630.1	TCAGGTCG	1
TACCGATGCGGTTGTT	ENSG00000225630.1	GTTCAGCA	2
TACCGATGCGGTTGTT	ENSG00000225630.1	GTGATCCA	2
TACCGATGCGGTTGTT	ENSG00000225630.1	TAGCTCAG	1
TACCGATGCGGTTGTT	ENSG00000225630.1	AGGGAAAC	1
TACCGATGCGGTTGTT	ENSG00000225630.1	GACAAAAT	1
TACCGATGCGGTTGTT	ENSG00000225630.1	AGTGAACC	2
TACCGATGCGGTTGTT	ENSG00000225630.1	GCAGGAAA	1
TACCGATGCGGTTGTT	ENSG00000225630.1	CGACTAAC	2
TACCGATGCGGTTGTT	ENSG00000225630.1	AGTGACCA	1
TACCGATGCGGTTGTT	ENSG00000225630.1	TAGCCAGT	1
TACCGATGCGGTTGTT	ENSG00000225630.1	GCTCCGGG	1
TACCGATGCGGTTGTT	ENSG00000225630.1	GTCCAGGC	1
TACCGATGCGGTTGTT	ENSG00000225630.1	TCCGGGTG	1
TACCGATGCGGTTGTT	ENSG00000225630.1	AGTATCGA	2
TACCGATGCGGTTGTT	ENSG00000225630.1	GGGATCTA	2
TACCGATGCGGTTGTT	ENSG00000225630.1	CTCGTGAA	1
TACCGATGCGGTTGTT	ENSG00000225630.1	ACTGAACA	1
TACCGATGCGGTTGTT	ENSG00000225630.1	GCCAAAGA	1
TACCGATGCGGTTGTT	ENSG00000225630.1	GACATATG	1
TACCGATGCGGTTGTT	ENSG00000225630.1	GGGATCGT	1
TACCGATGCGGTTGTT	ENSG00000225630.1	TCGCGCCA	1
TACCGATGCGGTTGTT	ENSG00000225630.1	TGCATTAC	2
TACCGATGCGGTTGTT	ENSG00000225630.1	AGAGGTCA	1
TACCGATGCGGTTGTT	ENSG00000225630.1	TGGATACG	1
TACCGATGCGGTTGTT	ENSG00000225630.1	CGGCTCTC	1
TACCGATGCGGTTGTT	ENSG00000225630.1	CATCAGCT	1
TACCGATGCGGTTGTT	ENSG00000225630.1	TCGACCAA	1
TACCGATGCGGTTGTT	ENSG00000225630.1	GACGAGAA	3
TACCGATGCGGTTGTT	ENSG00000225630.1	TGCCAAAG	1
TACCGATGCGGTTGTT	ENSG00000225630.1	TGCAACTT	1
TACCGATGCGGTTGTT	ENSG00000225630.1	ATGTCCGA	2
TACCGATGCGGTTGTT	ENSG00000225630.1	AATAGAGT	1
TACCGATGCGGTTGTT	ENSG00000225630.1	ACACCTTA	1
TACCGATGCGGTTGTT	ENSG00000225630.1	AACGTACT	1
TACCGATGCGGTTGTT	ENSG00000225630.1	GACAGCGA	1
TACCGATGCGGTTGTT	ENSG00000225630.1	GCAGAAAT	1
TACCGATGCGGTTGTT	ENSG00000225630.1	GAGTGACA	1
TACCGATGCGGTTGTT	ENSG00000225630.1	AGTGGCCT	1
TACCGATGCGGTTGTT	ENSG00000225630.1	TGCTTTGG	1
TACCGATGCGGTTGTT	ENSG00000225630.1	ATCGGGGT	1
TACCGATGCGGTTGTT	ENSG00000225630.1	GGATCAAT	1
TACCGATGCGGTTGTT	ENSG00000225630.1	TGGTTGTA	1
TACCGATGCGGTTGTT	ENSG00000225630.1	ACCGGCTT	1
TACCGATGCGGTTGTT	ENSG00000225630.1	GGAGTCGT	1
TACCGATGCGGTTGTT	ENSG00000225630.1	TCGCCATC	1
TACCGATGCGGTTGTT	ENSG00000225630.1	TACTGGTG	1
TACCGATGCGGTTGTT	ENSG00000225630.1	CATGGCGG	3
TACCGATGCGGTTGTT	ENSG00000225630.1	TCAAAGCC	1
TACCGATGCGGTTGTT	ENSG00000225630.1	TTGGCTGG	2
TACCGATGCGGTTGTT	ENSG00000225630.1	CTCGGTAT	2
TACCGATGCGGTTGTT	ENSG00000225630.1	AGCGTTAA	1
TACCGATGCGGTTGTT	ENSG00000225630.1	TTTGCGGT	1
TACCGATGCGGTTGTT	ENSG00000225630.1	TCCGTACA	1
TACCGATGCGGTTGTT	ENSG00000225630.1	GCAGGTTT	2
TACCGATGCGGTTGTT	ENSG00000225630.1	GGCAGAAC	1
TACCGATGCGGTTGTT	ENSG00000225630.1	GAGCCTAT	1
TACCGATGCGGTTGTT	ENSG00000225630.1	TGTGTTGT	1
TACCGATGCGGTTGTT	ENSG00000225630.1	GGCACTCA	1
TACCGATGCGGTTGTT	ENSG00000225630.1	ATCTTGGG	1
TACCGATGCGGTTGTT	ENSG00000225630.1	AAATGCTA	1
TACCGATGCGGTTGTT	ENSG00000225630.1	GCGTCCCC	2
TACCGATGCGGTTGTT	ENSG00000225630.1	GTCTAAAG	3
TACCGATGCGGTTGTT	ENSG00000225630.1	CTCGTAAA	1
TACCGATGCGGTTGTT	ENSG00000225630.1	CAGAGTGT	1
TACCGATGCGGTTGTT	ENSG00000225630.1	CTAGACAC	1
TACCGATGCGGTTGTT	ENSG00000225630.1	TAAGGGCC	1
TACCGATGCGGTTGTT	ENSG00000225630.1	GATTTGGT	2
TACCGATGCGGTTGTT	ENSG00000225630.1	ATATCGCG	1
TACCGATGCGGTTGTT	ENSG00000225630.1	TTTCGAGC	1
TACCGATGCGGTTGTT	ENSG00000225630.1	AAGGCACA	1
TACCGATGCGGTTGTT	ENSG00000225630.1	GGCTCCAG	1
TACCGATGCGGTTGTT	ENSG00000225630.1	AAGCACTT	1
TACCGATGCGGTTGTT	ENSG00000225630.1	TCAACAGG	1
TACCGATGCGGTTGTT	ENSG00000225630.1	CAACGAAT	1
TACCGATGCGGTTGTT	ENSG00000225630.1	GATATTAG	1
TACCGATGCGGTTGTT	ENSG00000225630.1	CCATCTTA	2
TACCGATGCGGTTGTT	ENSG00000225630.1	AACGGTGG	1
TACCGATGCGGTTGTT	ENSG00000225630.1	AGGAGGGC	1
TACCGATGCGGTTGTT	ENSG00000225630.1	GGAGAATT	1
TACCGATGCGGTTGTT	ENSG00000225630.1	AGGAAGCT	1
TACCGATGCGGTTGTT	ENSG00000225630.1	CGATCAAA	2
TACCGATGCGGTTGTT	ENSG00000225630.1	GCACTGTA	1
TACCGATGCGGTTGTT	ENSG00000225630.1	TAACAGCG	1
TACCGATGCGGTTGTT	ENSG00000225630.1	GCGGCGAT	1
TACCGATGCGGTTGTT	ENSG00000225630.1	TGACCGTG	1
TACCGATGCGGTTGTT	ENSG00000225630.1	CTGCACCC	1
TACCGATGCGGTTGTT	ENSG00000225630.1	CGTAGTAA	1
TACCGATGCGGTTGTT	ENSG00000225630.1	GTGCCCTA	1
TACCGATGCGGTTGTT	ENSG00000225630.1	CAGGACAC	1
TACCGATGCGGTTGTT	ENSG00000225630.1	AGGCACCC	1
TACCGATGCGGTTGTT	ENSG00000225630.1	AGTGCTCG	1
TACCGATGCGGTTGTT	ENSG00000225630.1	GTCACCTA	1
TACCGATGCGGTTGTT	ENSG00000225630.1	GTCACCTC	1
TACCGATGCGGTTGTT	ENSG00000225630.1	CAGCTCGG	3
TACCGATGCGGTTGTT	ENSG00000225630.1	ATCACCTC	1
TACCGATGCGGTTGTT	ENSG00000225630.1	CAAATCAC	1
TACCGATGCGGTTGTT	ENSG00000225630.1	AGAACCAC	1
TACCGATGCGGTTGTT	ENSG00000225630.1	GGTGAGTC	1
TACCGATGCGGTTGTT	ENSG00000225630.1	GATGCCAT	1
TACCGATGCGGTTGTT	ENSG00000225630.1	AATTGTCA	1
TACCGATGCGGTTGTT	ENSG00000225630.1	GATGTCCG	1
TACCGATGCGGTTGTT	ENSG00000225630.1	GTACCACG	1
TACCGATGCGGTTGTT	ENSG00000225630.1	ACAGCTTA	1
TACCGATGCGGTTGTT	ENSG00000225630.1	CAGAAAGT	1
TACCGATGCGGTTGTT	ENSG00000225630.1	TTAAGTCG	1
TACCGATGCGGTTGTT	ENSG00000225630.1	CGTACTGC	1
TACCGATGCGGTTGTT	ENSG00000225630.1	CATAGCGT	1
TACCGATGCGGTTGTT	ENSG00000225630.1	GAACCAAG	1
TACCGATGCGGTTGTT	ENSG00000225630.1	GTGGGAGT	1
TACCGATGCGGTTGTT	ENSG00000225630.1	GCAGAGCT	1
TACCGATGCGGTTGTT	ENSG00000225630.1	TTTAGCGG	1
TACCGATGCGGTTGTT	ENSG00000225630.1	GTAGTCCC	1
TACCGATGCGGTTGTT	ENSG00000225630.1	CAGGTCCC	1
TACCGATGCGGTTGTT	ENSG00000225630.1	ATCACCTT	1
TACCGATGCGGTTGTT	ENSG00000225630.1	GTCTGACA	1
TACCGATGCGGTTGTT	ENSG00000176022.7	ATAGGGCC	1
TACCGATGCGGTTGTT	ENSG00000171612.7	noUMI	3
TACCGATGCGGTTGTT	ENSG00000171612.7	ATACGGAC	1
TACCGATGCGGTTGTT	ENSG00000233954.6	GGATCTGG	1
TACCGATGCGGTTGTT	ENSG00000090432.7	noUMI	4
TACCGATGCGGTTGTT	ENSG00000090432.7	CATGCCGC	1
TACCGATGCGGTTGTT	ENSG00000090432.7	AAAGCCGC	1
TACCGATGCGGTTGTT	ENSG00000090432.7	CCTATGAT	1
TACCGATGCGGTTGTT	ENSG00000090432.7	CCCGGAGA	1
TACCGATGCGGTTGTT	ENSG00000270605.1	GTGAAGAG	1
TACCGATGCGGTTGTT	ENSG00000130766.5	GAAGTGGG	1
TACCGATGCGGTTGTT	ENSG00000130766.5	noUMI	3
TACCGATGCGGTTGTT	ENSG00000175130.7	noUMI	3
TACCGATGCGGTTGTT	ENSG00000175130.7	GTCGACCG	3
TACCGATGCGGTTGTT	ENSG00000175130.7	GCGGCGGT	2
TACCGATGCGGTTGTT	ENSG00000175130.7	CGTGAACG	2
TACCGATGCGGTTGTT	ENSG00000175130.7	GGATGAAT	1
TACCGATGCGGTTGTT	ENSG00000273274.2	GCTGGAAG	1
TACCGATGCGGTTGTT	ENSG00000273274.2	noUMI	2
TACCGATGCGGTTGTT	ENSG00000243749.1	noUMI	2
TACCGATGCGGTTGTT	ENSG00000116863.11	noUMI	4
TACCGATGCGGTTGTT	ENSG00000116863.11	TCACGCAG	1
TACCGATGCGGTTGTT	ENSG00000116863.11	ACATCGCA	2
TACCGATGCGGTTGTT	ENSG00000117000.9	noUMI	4
TACCGATGCGGTTGTT	ENSG00000259943.1	AAAACGTG	1
TACCGATGCGGTTGTT	ENSG00000233406.5	noUMI	2
TACCGATGCGGTTGTT	ENSG00000116704.8	noUMI	1
TACCGATGCGGTTGTT	ENSG00000066557.6	noUMI	2
TACCGATGCGGTTGTT	ENSG00000066557.6	TAGATCAG	1
TACCGATGCGGTTGTT	ENSG00000226084.5	ATGGCTGT	1
TACCGATGCGGTTGTT	ENSG00000273487.1	noUMI	7
TACCGATGCGGTTGTT	ENSG00000137970.7	noUMI	3
TACCGATGCGGTTGTT	ENSG00000137970.7	TACAACAC	1
TACCGATGCGGTTGTT	ENSG00000137970.7	CCGGTAGC	1
TACCGATGCGGTTGTT	ENSG00000137970.7	ATGGCGTC	1
TACCGATGCGGTTGTT	ENSG00000137970.7	ATTCAGCG	1
TACCGATGCGGTTGTT	ENSG00000137970.7	GGTAGCGG	1
TACCGATGCGGTTGTT	ENSG00000137970.7	ATACCCTC	1
TACCGATGCGGTTGTT	ENSG00000137970.7	ACGTGCTG	1
TACCGATGCGGTTGTT	ENSG00000065135.12	CCTTGGTG	1
TACCGATGCGGTTGTT	ENSG00000065135.12	AGTTCCTA	1
TACCGATGCGGTTGTT	ENSG00000065135.12	noUMI	13
TACCGATGCGGTTGTT	ENSG00000065135.12	TAGTCGCT	1
TACCGATGCGGTTGTT	ENSG00000065135.12	GGACTACC	1
TACCGATGCGGTTGTT	ENSG00000238198.2	noUMI	1
TGACCAAGCGAATTGG	ENSG00000279457.4	noUMI	3
TGACCAAGCGAATTGG	ENSG00000279457.4	GACTTACA	1
TGACCAAGCGAATTGG	ENSG00000225630.1	noUMI	71
TGACCAAGCGAATTGG	ENSG00000225630.1	GTTGAACA	2
TGACCAAGCGAATTGG	ENSG00000225630.1	CTAAGACA	3
TGACCAAGCGAATTGG	ENSG00000225630.1	ATGCGGCG	2
TGACCAAGCGAATTGG	ENSG00000225630.1	CATCAGAA	2
TGACCAAGCGAATTGG	ENSG00000225630.1	CAACGAGG	2
TGACCAAGCGAATTGG	ENSG00000225630.1	TCGTGGGT	2
TGACCAAGCGAATTGG	ENSG00000225630.1	GACGAAGA	1
TGACCAAGCGAATTGG	ENSG00000225630.1	CGAGACAA	3
TGACCAAGCGAATTGG	ENSG00000225630.1	AGCCGCAG	1
TGACCAAGCGAATTGG	ENSG00000225630.1	GGAAGCGA	1
TGACCAAGCGAATTGG	ENSG00000225630.1	ATCTTAGA	1
TGACCAAGCGAATTGG	ENSG00000225630.1	TACGGATT	1
TGACCAAGCGAATTGG	ENSG00000225630.1	GTTCTTGG	1
TGACCAAGCGAATTGG	ENSG00000225630.1	CGGTTAAC	1
TGACCAAGCGAATTGG	ENSG00000225630.1	CGACTTTT	1
TGACCAAGCGAATTGG	ENSG00000225630.1	GCAAAACA	2
TGACCAAGCGAATTGG	ENSG00000225630.1	ATCGGCTT	1
TGACCAAGCGAATTGG	ENSG00000225630.1	CAGGTGAA	2
TGACCAAGCGAATTGG	ENSG00000225630.1	GGTGACAT	1
TGACCAAGCGAATTGG	ENSG00000225630.1	GGTCGAAC	1
TGACCAAGCGAATTGG	ENSG00000225630.1	GAGCGCTC	1
TGACCAAGCGAATTGG	ENSG00000225630.1	TGGAGACT	1
TGACCAAGCGAATTGG	ENSG00000225630.1	TCCTATCC	1
TGACCAAGCGAATTGG	ENSG00000225630.1	GCTCAATT	1
TGACCAAGCGAATTGG	ENSG00000225630.1	GAACGCGA	2
TGACCAAGCGAATTGG	ENSG00000225630.1	AGAAGCTC	1
TGACCAAGCGAATTGG	ENSG00000225630.1	TTTGAATC	1
TGACCAAGCGAATTGG	ENSG00000225630.1	TGGTCACT	2
TGACCAAGCGAATTGG	ENSG00000225630.1	ATTGACCA	1
TGACCAAGCGAATTGG	ENSG00000225630.1	GCAGCCTT	2
TGACCAAGCGAATTGG	ENSG00000225630.1	TGTTGGAT	1
TGACCAAGCGAATTGG	ENSG00000225630.1	GCGTTCTA	1
TGACCAAGCGAATTGG	ENSG00000225630.1	GAGGTCCA	3
TGACCAAGCGAATTGG	ENSG00000225630.1	GGGGGGAC	1
TGACCAAGCGAATTGG	ENSG00000225630.1	GCGGTGCT	1
TGACCAAGCGAATTGG	ENSG00000225630.1	GCAGCACG	1
TGACCAAGCGAATTGG	ENSG00000225630.1	ATGCCCGC	1
TGACCAAGCGAATTGG	ENSG00000225630.1	ACGCACAA	2
TGACCAAGCGAATTGG	ENSG00000225630.1	GTGTCACT	1
TGACCAAGCGAATTGG	ENSG00000225630.1	CCGAGGAT	1
TGACCAAGCGAATTGG	ENSG00000225630.1	TCAGAACG	2
TGACCAAGCGAATTGG	ENSG00000225630.1	TGGGAGAG	3
TGACCAAGCGAATTGG	ENSG00000225630.1	AGAAATAC	1
TGACCAAGCGAATTGG	ENSG00000225630.1	CCCACTCT	3
TGACCAAGCGAATTGG	ENSG00000225630.1	TCAGGGAT	3
TGACCAAGCGAATTGG	ENSG00000225630.1	CTATTGAA	1
TGACCAAGCGAATTGG	ENSG00000225630.1	GAGTTAGT	1
TGACCAAGCGAATTGG	ENSG00000225630.1	ATCTTGGC	1
TGACCAAGCGAATTGG	ENSG00000225630.1	TACCGCTG	1
TGACCAAGCGAATTGG	ENSG00000225630.1	GTTGTTAG	2
TGACCAAGCGAATTGG	ENSG00000225630.1	GGTTTGGG	1
TGACCAAGCGAATTGG	ENSG00000225630.1	ATTGGGGG	1
TGACCAAGCGAATTGG	ENSG00000225630.1	CTACAAAA	1
TGACCAAGCGAATTGG	ENSG00000225630.1	CATAGTCG	1
TGACCAAGCGAATTGG	ENSG00000225630.1	GCCAGGAC	1
TGACCAAGCGAATTGG	ENSG00000225630.1	AGACGGCT	1
TGACCAAGCGAATTGG	ENSG00000225630.1	TGGCGAGG	1
TGACCAAGCGAATTGG	ENSG00000225630.1	TGGCGGGT	1
TGACCAAGCGAATTGG	ENSG00000225630.1	CACTGAAG	1
TGACCAAGCGAATTGG	ENSG00000225630.1	GATCGCGG	1
TGACCAAGCGAATTGG	ENSG00000225630.1	GGGTTCAC	1
TGACCAAGCGAATTGG	ENSG00000225630.1	GGATACAA	1
TGACCAAGCGAATTGG	ENSG00000225630.1	TGAGACTG	1
TGACCAAGCGAATTGG	ENSG00000225630.1	AACAAACC	2
TGACCAAGCGAATTGG	ENSG00000225630.1	GCTGATGG	1
TGACCAAGCGAATTGG	ENSG00000225630.1	GTGCACTA	1
TGACCAAGCGAATTGG	ENSG00000225630.1	TGTTGAAA	1
TGACCAAGCGAATTGG	ENSG00000225630.1	GGGCTCAG	1
TGACCAAGCGAATTGG	ENSG00000225630.1	CTCAGTTC	1
TGACCAAGCGAATTGG	ENSG00000225630.1	GCATTAGG	1
TGACCAAGCGAATTGG	ENSG00000225630.1	CATCGCCC	1
TGACCAAGCGAATTGG	ENSG00000225630.1	ACGTCGTT	1
TGACCAAGCGAATTGG	ENSG00000225630.1	GCTAGGCC	1
TGACCAAGCGAATTGG	ENSG00000225630.1	CAGGTACT	1
TGACCAAGCGAATTGG	ENSG00000225630.1	TCCAGGTT	1
TGACCAAGCGAATTGG	ENSG00000225630.1	TCGATGGT	1
TGACCAAGCGAATTGG	ENSG00000225630.1	ATAGATCT	1
TGACCAAGCGAATTGG	ENSG00000225630.1	TAGCCAGG	3
TGACCAAGCGAATTGG	ENSG00000225630.1	TCGAATAG	1
TGACCAAGCGAATTGG	ENSG00000225630.1	TGACACAC	1
TGACCAAGCGAATTGG	ENSG00000225630.1	AGAGGTCG	2
TGACCAAGCGAATTGG	ENSG00000225630.1	AGGAGTCA	1
TGACCAAGCGAATTGG	ENSG00000225630.1	CCACATAA	2
TGACCAAGCGAATTGG	ENSG00000225630.1	CCACCCAG	1
TGACCAAGCGAATTGG	ENSG00000225630.1	TACGGCCC	1
TGACCAAGCGAATTGG	ENSG00000225630.1	CAAAATAG	1
TGACCAAGCGAATTGG	ENSG00000225630.1	TTGACACG	1
TGACCAAGCGAATTGG	ENSG00000176022.7	noUMI	3
TGACCAAGCGAATTGG	ENSG00000229393.1	noUMI	1
TGACCAAGCGAATTGG	ENSG00000158292.7	noUMI	3
TGACCAAGCGAATTGG	ENSG00000171612.7	noUMI	1
TGACCAAGCGAATTGG	ENSG00000241563.4	noUMI	1
TGACCAAGCGAATTGG	ENSG00000207451.1	noUMI	1
TGACCAAGCGAATTGG	ENSG00000162490.7	noUMI	2
TGACCAAGCGAATTGG	ENSG00000233954.6	CGTATGCT	1
TGACCAAGCGAATTGG	ENSG00000233954.6	TCGTATGC	1
TGACCAAGCGAATTGG	ENSG00000288398.1	GCGGTGTG	1
TGACCAAGCGAATTGG	ENSG00000158748.4	noUMI	1
TGACCAAGCGAATTGG	ENSG00000090432.7	noUMI	12
TGACCAAGCGAATTGG	ENSG00000090432.7	TAGCGTAC	1
TGACCAAGCGAATTGG	ENSG00000090432.7	GGTAACCC	1
TGACCAAGCGAATTGG	ENSG00000235112.1	noUMI	1
TGACCAAGCGAATTGG	ENSG00000179163.12	noUMI	33
TGACCAAGCGAATTGG	ENSG00000179163.12	CGAGTTTC	1
TGACCAAGCGAATTGG	ENSG00000179163.12	CCGATCCT	1
TGACCAAGCGAATTGG	ENSG00000284602.1	noUMI	3
TGACCAAGCGAATTGG	ENSG00000225159.1	noUMI	1
GCATGTCTGAACCTGT	ENSG00000225630.1	GTGGCCAG	1
GCATGTCTGAACCTGT	ENSG00000225630.1	TACAGGCC	1
GCATGTCTGAACCTGT	ENSG00000225630.1	noUMI	15
GCATGTCTGAACCTGT	ENSG00000225630.1	GACGTGGG	1
GCATGTCTGAACCTGT	ENSG00000225630.1	TTGTCACC	1
GCATGTCTGAACCTGT	ENSG00000225630.1	GAAAGAGA	1
GCATGTCTGAACCTGT	ENSG00000225630.1	AGGTGCGT	2
GCATGTCTGAACCTGT	ENSG00000225630.1	AGGCACCA	2
GCATGTCTGAACCTGT	ENSG00000225630.1	TGACACGA	1
GCATGTCTGAACCTGT	ENSG00000225630.1	GGGCACTA	2
GCATGTCTGAACCTGT	ENSG00000225630.1	GTCATGGA	1
GCATGTCTGAACCTGT	ENSG00000225630.1	AGACGTAC	1
GCATGTCTGAACCTGT	ENSG00000225630.1	CAATGCAG	1
GCATGTCTGAACCTGT	ENSG00000225630.1	AGAGCACC	1
GCATGTCTGAACCTGT	ENSG00000225630.1	ACAGGGAT	1
GCATGTCTGAACCTGT	ENSG00000225630.1	TTGCGTTT	1
GCATGTCTGAACCTGT	ENSG00000225630.1	GCAACAGG	1
GCATGTCTGAACCTGT	ENSG00000225630.1	ACTCGAGG	2
GCATGTCTGAACCTGT	ENSG00000225630.1	AAACTCGC	1
GCATGTCTGAACCTGT	ENSG00000225630.1	CAGAAACG	1
GCATGTCTGAACCTGT	ENSG00000225630.1	GGCAGAGA	1
GCATGTCTGAACCTGT	ENSG00000225630.1	GTCTGAAT	2
GCATGTCTGAACCTGT	ENSG00000225630.1	TCGATAAG	1
GCATGTCTGAACCTGT	ENSG00000225630.1	CGTGTTGG	1
GCATGTCTGAACCTGT	ENSG00000225630.1	GTCGGTTG	1
GCATGTCTGAACCTGT	ENSG00000225630.1	GTTGATGC	1
GCATGTCTGAACCTGT	ENSG00000225630.1	AAAACCCG	2
GCATGTCTGAACCTGT	ENSG00000225630.1	TCAGCAGG	2
GCATGTCTGAACCTGT	ENSG00000225630.1	GGAATCGT	1
GCATGTCTGAACCTGT	ENSG00000225630.1	TAAAGAGC	1
GCATGTCTGAACCTGT	ENSG00000225630.1	TGCAGCGG	1
GCATGTCTGAACCTGT	ENSG00000225630.1	TCTTAGGA	1
GCATGTCTGAACCTGT	ENSG00000225630.1	TCATGTGT	1
GCATGTCTGAACCTGT	ENSG00000225630.1	CTACAGCA	2
GCATGTCTGAACCTGT	ENSG00000225630.1	CGAACAAA	2
GCATGTCTGAACCTGT	ENSG00000225630.1	GGTCTGTC	1
GCATGTCTGAACCTGT	ENSG00000225630.1	ATGTGGCG	1
GCATGTCTGAACCTGT	ENSG00000225630.1	GCTAAAAG	1
GCATGTCTGAACCTGT	ENSG00000225630.1	CGCCAGTC	1
GCATGTCTGAACCTGT	ENSG00000225630.1	CTAAGGAC	1
GCATGTCTGAACCTGT	ENSG00000225630.1	GTGAACAT	1
GCATGTCTGAACCTGT	ENSG00000225630.1	GAACTGTG	1
GCATGTCTGAACCTGT	ENSG00000225630.1	TATAGAGT	1
GCATGTCTGAACCTGT	ENSG00000225630.1	GTGTGCTT	1
GCATGTCTGAACCTGT	ENSG00000225630.1	TCAACATG	1
GCATGTCTGAACCTGT	ENSG00000225630.1	TAACGAGA	1
GCATGTCTGAACCTGT	ENSG00000225630.1	GCTCGGGA	1
GCATGTCTGAACCTGT	ENSG00000225630.1	TCAATAAA	1
GCATGTCTGAACCTGT	ENSG00000225630.1	CCATCAAT	1
GCATGTCTGAACCTGT	ENSG00000176022.7	TTGTAGGG	1
GCATGTCTGAACCTGT	ENSG00000176022.7	noUMI	1
GCATGTCTGAACCTGT	ENSG00000200344.1	noUMI	1
GCATGTCTGAACCTGT	ENSG00000171612.7	GAAAGTGA	1
GCATGTCTGAACCTGT	ENSG00000171612.7	noUMI	6
GCATGTCTGAACCTGT	ENSG00000171612.7	GTGTGTTC	1
GCATGTCTGAACCTGT	ENSG00000233954.6	CAAGACAT	2
GCATGTCTGAACCTGT	ENSG00000233954.6	noUMI	1
GCATGTCTGAACCTGT	ENSG00000288398.1	noUMI	2
GCATGTCTGAACCTGT	ENSG00000090432.7	noUMI	10
GCATGTCTGAACCTGT	ENSG00000090432.7	CAATCAGC	1
GCATGTCTGAACCTGT	ENSG00000090432.7	TTAGGCAG	1
GCATGTCTGAACCTGT	ENSG00000229010.1	noUMI	1
GCATGTCTGAACCTGT	ENSG00000179163.12	noUMI	5
GCATGTCTGAACCTGT	ENSG00000179163.12	GCAATTGT	1
GCATGTCTGAACCTGT	ENSG00000203325.3	noUMI	2
GCATGTCTGAACCTGT	ENSG00000175130.7	noUMI	3
GCATGTCTGAACCTGT	ENSG00000175130.7	AATACTTA	1
GCATGTCTGAACCTGT	ENSG00000175130.7	GAGCGGCG	1
GCATGTCTGAACCTGT	ENSG00000175130.7	TCCTAACT	1
GCATGTCTGAACCTGT	ENSG00000273274.2	noUMI	7
GCATGTCTGAACCTGT	ENSG00000243749.1	noUMI	4
GCATGTCTGAACCTGT	ENSG00000243749.1	GTCCTCAC	1
GCATGTCTGAACCTGT	ENSG00000286899.1	noUMI	1
GCATGTCTGAACCTGT	ENSG00000116863.11	noUMI	5
GCATGTCTGAACCTGT	ENSG00000116863.11	AAGACCAC	1
GCATGTCTGAACCTGT	ENSG00000116981.4	noUMI	1
GCATGTCTGAACCTGT	ENSG00000259943.1	noUMI	1
GCATGTCTGAACCTGT	ENSG00000285041.1	noUMI	1
GCATGTCTGAACCTGT	ENSG00000066557.6	noUMI	6
GCATGTCTGAACCTGT	ENSG00000271576.1	noUMI	1
GCATGTCTGAACCTGT	ENSG00000280099.1	noUMI	2
GCATGTCTGAACCTGT	ENSG00000280099.1	GGTGGGGT	2
GCATGTCTGAACCTGT	ENSG00000225505.1	noUMI	1
GCATGTCTGAACCTGT	ENSG00000137970.7	noUMI	2
GCATGTCTGAACCTGT	ENSG00000137970.7	TATCTAAC	1
GCATGTCTGAACCTGT	ENSG00000065135.12	AAACCGCC	3
GCATGTCTGAACCTGT	ENSG00000065135.12	GTCGAGGT	1
GCATGTCTGAACCTGT	ENSG00000065135.12	GAGGACGT	1
GCATGTCTGAACCTGT	ENSG00000065135.12	ACATCAAC	1
GCATGTCTGAACCTGT	ENSG00000065135.12	noUMI	13
GCATGTCTGAACCTGT	ENSG00000065135.12	CGGCCATG	1
GCATGTCTGAACCTGT	ENSG00000065135.12	TGACTTGG	3
GCATGTCTGAACCTGT	ENSG00000065135.12	CGACTCGG	1
GCATGTCTGAACCTGT	ENSG00000065135.12	ACGAACTG	1
GCATGTCTGAACCTGT	ENSG00000213281.5	noUMI	5
GCATGTCTGAACCTGT	ENSG00000143067.5	noUMI	1
GCATGTCTGAACCTGT	ENSG00000143067.5	ATGGCCCG	1
GCATGTCTGAACCTGT	ENSG00000215784.6	CTAGCCCG	1
GCATGTCTGAACCTGT	ENSG00000215784.6	CAAGGGCG	1
GCATGTCTGAACCTGT	ENSG00000215784.6	noUMI	1
GCATGTCTGAACCTGT	ENSG00000177144.8	noUMI	1
GCATGTCTGAACCTGT	ENSG00000236675.1	noUMI	3
GCATGTCTGAACCTGT	ENSG00000132718.9	noUMI	4
GCATGTCTGAACCTGT	ENSG00000231905.2	noUMI	1
GCATGTCTGAACCTGT	ENSG00000225711.1	noUMI	1
CTCAACAGCATGCTTC	ENSG00000225630.1	TTGTAAAC	1
CTCAACAGCATGCTTC	ENSG00000225630.1	AAAGGGGT	1
CTCAACAGCATGCTTC	ENSG00000225630.1	ACAGAGCA	1
CTCAACAGCATGCTTC	ENSG00000225630.1	CACGCGTG	1
CTCAACAGCATGCTTC	ENSG00000225630.1	noUMI	24
CTCAACAGCATGCTTC	ENSG00000225630.1	TAGGGGGC	1
CTCAACAGCATGCTTC	ENSG00000225630.1	TCGCAGGT	1
CTCAACAGCATGCTTC	ENSG00000225630.1	CAAAAGAT	1
CTCAACAGCATGCTTC	ENSG00000225630.1	CACACACG	1
CTCAACAGCATGCTTC	ENSG00000225630.1	GCAACATC	1
CTCAACAGCATGCTTC	ENSG00000225630.1	ACAAAGGA	1
CTCAACAGCATGCTTC	ENSG00000225630.1	GAAAGGGA	1
CTCAACAGCATGCTTC	ENSG00000225630.1	GATCGGTA	1
CTCAACAGCATGCTTC	ENSG00000225630.1	TGACATAT	1
CTCAACAGCATGCTTC	ENSG00000225630.1	TTGAGTAA	1
CTCAACAGCATGCTTC	ENSG00000225630.1	GTCGGACA	1
CTCAACAGCATGCTTC	ENSG00000225630.1	CAGCTTAA	1
CTCAACAGCATGCTTC	ENSG00000225630.1	ATACGGCC	1
CTCAACAGCATGCTTC	ENSG00000225630.1	CTGAAATA	1
CTCAACAGCATGCTTC	ENSG00000225630.1	GAACGAGA	1
CTCAACAGCATGCTTC	ENSG00000225630.1	TGCAGGGA	1
CTCAACAGCATGCTTC	ENSG00000225630.1	CCACCGTA	2
CTCAACAGCATGCTTC	ENSG00000225630.1	AATGTAGG	1
CTCAACAGCATGCTTC	ENSG00000225630.1	GGTGTGAC	1
CTCAACAGCATGCTTC	ENSG00000225630.1	CACGGTGA	1
CTCAACAGCATGCTTC	ENSG00000225630.1	AGAGGGTT	1
CTCAACAGCATGCTTC	ENSG00000225630.1	TGGCGAAC	1
CTCAACAGCATGCTTC	ENSG00000225630.1	AGGCATCA	1
CTCAACAGCATGCTTC	ENSG00000225630.1	TGTAACGC	1
CTCAACAGCATGCTTC	ENSG00000225630.1	GACGACAT	2
CTCAACAGCATGCTTC	ENSG00000225630.1	TCAATTGT	1
CTCAACAGCATGCTTC	ENSG00000225630.1	AAGGGACC	1
CTCAACAGCATGCTTC	ENSG00000225630.1	CCAAACGA	1
CTCAACAGCATGCTTC	ENSG00000225630.1	CTACCAAG	1
CTCAACAGCATGCTTC	ENSG00000225630.1	GTCTAAGG	1
CTCAACAGCATGCTTC	ENSG00000225630.1	GGATGTCG	1
CTCAACAGCATGCTTC	ENSG00000225630.1	GTAGTCTT	1
CTCAACAGCATGCTTC	ENSG00000225630.1	TCGACATG	1
CTCAACAGCATGCTTC	ENSG00000225630.1	GATGTCAC	1
CTCAACAGCATGCTTC	ENSG00000272455.1	noUMI	1
CTCAACAGCATGCTTC	ENSG00000231050.1	noUMI	1
CTCAACAGCATGCTTC	ENSG00000171612.7	noUMI	3
CTCAACAGCATGCTTC	ENSG00000233954.6	CTGACATG	2
CTCAACAGCATGCTTC	ENSG00000233954.6	GCAGACAT	1
CTCAACAGCATGCTTC	ENSG00000090432.7	noUMI	16
CTCAACAGCATGCTTC	ENSG00000090432.7	TATGCCCC	1
CTCAACAGCATGCTTC	ENSG00000090432.7	TGGGCCGG	1
CTCAACAGCATGCTTC	ENSG00000179163.12	noUMI	3
CTCAACAGCATGCTTC	ENSG00000284657.1	noUMI	1
CTCAACAGCATGCTTC	ENSG00000270605.1	noUMI	1
CTCAACAGCATGCTTC	ENSG00000175130.7	GGTGGTAC	1
CTCAACAGCATGCTTC	ENSG00000273274.2	noUMI	1
CTCAACAGCATGCTTC	ENSG00000116863.11	noUMI	3
CTCAACAGCATGCTTC	ENSG00000116981.4	noUMI	1
CTCAACAGCATGCTTC	ENSG00000117000.9	TAACAGTG	1
CTCAACAGCATGCTTC	ENSG00000259943.1	noUMI	3
CTCAACAGCATGCTTC	ENSG00000116704.8	noUMI	7
CTCAACAGCATGCTTC	ENSG00000287283.1	noUMI	2
CTCAACAGCATGCTTC	ENSG00000066557.6	noUMI	15
CTCAACAGCATGCTTC	ENSG00000267734.1	noUMI	1
CTCAACAGCATGCTTC	ENSG00000137970.7	CAGGGCGG	1
CTCAACAGCATGCTTC	ENSG00000137970.7	CCAACCCA	1
CTCAACAGCATGCTTC	ENSG00000137970.7	AGCTTGTA	1
CTCAACAGCATGCTTC	ENSG00000137970.7	GCGAACAT	1
CTCAACAGCATGCTTC	ENSG00000137970.7	TGACTATG	1
CTCAACAGCATGCTTC	ENSG00000228076.2	noUMI	1
CTCAACAGCATGCTTC	ENSG00000065135.12	AAGGTCGG	1
CTCAACAGCATGCTTC	ENSG00000065135.12	noUMI	33
CTCAACAGCATGCTTC	ENSG00000065135.12	GCGTGTCA	1
CTCAACAGCATGCTTC	ENSG00000065135.12	TATCGCCG	2
CTCAACAGCATGCTTC	ENSG00000065135.12	TACAAAGG	1
CTCAACAGCATGCTTC	ENSG00000065135.12	GTGAACCT	1
CTCAACAGCATGCTTC	ENSG00000238198.2	noUMI	2
CTCAACAGCATGCTTC	ENSG00000213281.5	noUMI	11
CTCAACAGCATGCTTC	ENSG00000213281.5	CGCAGGTG	1
CTCAACAGCATGCTTC	ENSG00000213281.5	CTACGGGG	1
CTCAACAGCATGCTTC	ENSG00000213281.5	CAGTACAC	1
CTCAACAGCATGCTTC	ENSG00000183508.5	noUMI	1
CTCAACAGCATGCTTC	ENSG00000215784.6	TATAAGGG	1
CTCAACAGCATGCTTC	ENSG00000215784.6	noUMI	1
AAGCCGTTCAATGGAC	ENSG00000279457.4	noUMI	1
AAGCCGTTCAATGGAC	ENSG00000279457.4	AAGTGGCG	1
AAGCCGTTCAATGGAC	ENSG00000225630.1	noUMI	28
AAGCCGTTCAATGGAC	ENSG00000225630.1	TAGCTCAC	1
AAGCCGTTCAATGGAC	ENSG00000225630.1	ATCAAGTA	1
AAGCCGTTCAATGGAC	ENSG00000225630.1	GTCTCAGT	2
AAGCCGTTCAATGGAC	ENSG00000225630.1	CATGCCTG	1
AAGCCGTTCAATGGAC	ENSG00000225630.1	AATAAGAA	3
AAGCCGTTCAATGGAC	ENSG00000225630.1	TTTCACGG	2
AAGCCGTTCAATGGAC	ENSG00000225630.1	TAACGTGG	1
AAGCCGTTCAATGGAC	ENSG00000225630.1	GAAGGAAC	1
AAGCCGTTCAATGGAC	ENSG00000225630.1	ACGGCCCT	1
AAGCCGTTCAATGGAC	ENSG00000225630.1	CCATGTCA	1
AAGCCGTTCAATGGAC	ENSG00000225630.1	ACCTAGTG	1
AAGCCGTTCAATGGAC	ENSG00000225630.1	TCGGGCCG	1
AAGCCGTTCAATGGAC	ENSG00000225630.1	GCTCCAAG	1
AAGCCGTTCAATGGAC	ENSG00000225630.1	TAACGGGA	1
AAGCCGTTCAATGGAC	ENSG00000225630.1	TCCGGAAG	1
AAGCCGTTCAATGGAC	ENSG00000225630.1	CGAGTCAG	2
AAGCCGTTCAATGGAC	ENSG00000225630.1	TGTGCCTA	1
AAGCCGTTCAATGGAC	ENSG00000225630.1	TGCTTCCG	1
AAGCCGTTCAATGGAC	ENSG00000225630.1	GCGTGATC	2
AAGCCGTTCAATGGAC	ENSG00000225630.1	CATTAGAA	1
AAGCCGTTCAATGGAC	ENSG00000225630.1	GCGGGTTG	2
AAGCCGTTCAATGGAC	ENSG00000225630.1	ATTAAGGC	1
AAGCCGTTCAATGGAC	ENSG00000225630.1	CCAAGAAT	1
AAGCCGTTCAATGGAC	ENSG00000225630.1	ATTATGAT	1
AAGCCGTTCAATGGAC	ENSG00000176022.7	noUMI	5
AAGCCGTTCAATGGAC	ENSG00000205116.4	noUMI	2
AAGCCGTTCAATGGAC	ENSG00000287828.1	noUMI	1
AAGCCGTTCAATGGAC	ENSG00000231789.2	TTTGCCAA	1
AAGCCGTTCAATGGAC	ENSG00000231789.2	GATTGGTA	1
AAGCCGTTCAATGGAC	ENSG00000233954.6	noUMI	1
AAGCCGTTCAATGGAC	ENSG00000288398.1	noUMI	15
AAGCCGTTCAATGGAC	ENSG00000288398.1	GGTCGACA	1
AAGCCGTTCAATGGAC	ENSG00000186301.8	noUMI	1
AAGCCGTTCAATGGAC	ENSG00000090432.7	noUMI	36
AAGCCGTTCAATGGAC	ENSG00000090432.7	CCAACCCG	1
AAGCCGTTCAATGGAC	ENSG00000090432.7	AAACATCG	1
AAGCCGTTCAATGGAC	ENSG00000179163.12	noUMI	37
AAGCCGTTCAATGGAC	ENSG00000179163.12	AGGGAATC	2
AAGCCGTTCAATGGAC	ENSG00000158246.8	noUMI	3
AAGCCGTTCAATGGAC	ENSG00000130766.5	GGCCACGT	1
AAGCCGTTCAATGGAC	ENSG00000130766.5	noUMI	8
AAGCCGTTGAGGTTAG	ENSG00000279457.4	noUMI	6
AAGCCGTTGAGGTTAG	ENSG00000279457.4	AATCAGAA	3
AAGCCGTTGAGGTTAG	ENSG00000279457.4	GGAGGTTG	1
AAGCCGTTGAGGTTAG	ENSG00000279457.4	CTCGACAT	1
AAGCCGTTGAGGTTAG	ENSG00000225630.1	AGAAGCCT	1
AAGCCGTTGAGGTTAG	ENSG00000225630.1	TCGAGACG	1
AAGCCGTTGAGGTTAG	ENSG00000225630.1	CTAACGGG	1
AAGCCGTTGAGGTTAG	ENSG00000225630.1	ATACATAA	2
AAGCCGTTGAGGTTAG	ENSG00000225630.1	GGTTTGTT	1
AAGCCGTTGAGGTTAG	ENSG00000225630.1	GTCGTAAT	1
AAGCCGTTGAGGTTAG	ENSG00000225630.1	CGTCAACT	1
AAGCCGTTGAGGTTAG	ENSG00000225630.1	GTCAATGC	1
AAGCCGTTGAGGTTAG	ENSG00000225630.1	CCACGACC	1
AAGCCGTTGAGGTTAG	ENSG00000225630.1	noUMI	16
AAGCCGTTGAGGTTAG	ENSG00000225630.1	GATGATAA	1
AAGCCGTTGAGGTTAG	ENSG00000225630.1	TGCAGTAA	1
AAGCCGTTGAGGTTAG	ENSG00000225630.1	CGCCCCAT	1
AAGCCGTTGAGGTTAG	ENSG00000225630.1	ACGGAATG	1
AAGCCGTTGAGGTTAG	ENSG00000225630.1	ATGGCTGG	1
AAGCCGTTGAGGTTAG	ENSG00000225630.1	CTGGAGAG	1
AAGCCGTTGAGGTTAG	ENSG00000225630.1	AAAAAGGT	1
AAGCCGTTGAGGTTAG	ENSG00000225630.1	CCCACAGT	1
AAGCCGTTGAGGTTAG	ENSG00000225630.1	AACGATCC	1
AAGCCGTTGAGGTTAG	ENSG00000225630.1	GTCCACGA	1
AAGCCGTTGAGGTTAG	ENSG00000225630.1	CATCTGAA	1
AAGCCGTTGAGGTTAG	ENSG00000225630.1	ACGCCCCC	1
AAGCCGTTGAGGTTAG	ENSG00000225630.1	CCATGCCG	2
AAGCCGTTGAGGTTAG	ENSG00000225630.1	GCGAGTGT	1
AAGCCGTTGAGGTTAG	ENSG00000225630.1	TCAACACA	1
AAGCCGTTGAGGTTAG	ENSG00000225630.1	ACCCTGGG	1
AAGCCGTTGAGGTTAG	ENSG00000225630.1	GACTATCA	1
AAGCCGTTGAGGTTAG	ENSG00000225630.1	GAAACGTC	1
AAGCCGTTGAGGTTAG	ENSG00000225630.1	TCCCCTTA	1
AAGCCGTTGAGGTTAG	ENSG00000225630.1	CGTTAGTC	1
AAGCCGTTGAGGTTAG	ENSG00000225630.1	TGCCTTCA	2
AAGCCGTTGAGGTTAG	ENSG00000225630.1	GGTTCACC	1
AAGCCGTTGAGGTTAG	ENSG00000225630.1	TGTTAGTC	1
AAGCCGTTGAGGTTAG	ENSG00000225630.1	ACTAGTAA	1
AAGCCGTTGAGGTTAG	ENSG00000225630.1	CTTCCGAT	3
AAGCCGTTGAGGTTAG	ENSG00000225630.1	CCAGTGGT	1
AAGCCGTTGAGGTTAG	ENSG00000225630.1	AAGTCACC	1
AAGCCGTTGAGGTTAG	ENSG00000225630.1	CCATCTGT	1
AAGCCGTTGAGGTTAG	ENSG00000225630.1	GTTAGGCT	1
AAGCCGTTGAGGTTAG	ENSG00000225630.1	GTCTAATG	1
AAGCCGTTGAGGTTAG	ENSG00000225630.1	TTGGCCAG	1
AAGCCGTTGAGGTTAG	ENSG00000225630.1	TTACGGAC	1
AAGCCGTTGAGGTTAG	ENSG00000225630.1	CATAACAC	1
AAGCCGTTGAGGTTAG	ENSG00000225630.1	TTAAGCAG	1
AAGCCGTTGAGGTTAG	ENSG00000225630.1	GGACCATC	1
AAGCCGTTGAGGTTAG	ENSG00000225630.1	AGTCGAGA	2
AAGCCGTTGAGGTTAG	ENSG00000225630.1	AATACTCG	1
AAGCCGTTGAGGTTAG	ENSG00000225630.1	AACGCTTT	1
AAGCCGTTGAGGTTAG	ENSG00000225630.1	TGTTAGAC	1
AAGCCGTTGAGGTTAG	ENSG00000225630.1	GCTACACA	1
AAGCCGTTGAGGTTAG	ENSG00000225630.1	AATGTATG	1
AAGCCGTTGAGGTTAG	ENSG00000225630.1	CCTCACCT	3
AAGCCGTTGAGGTTAG	ENSG00000225630.1	TCTGCAAG	1
AAGCCGTTGAGGTTAG	ENSG00000225630.1	GAACATGA	1
AAGCCGTTGAGGTTAG	ENSG00000225630.1	CATCGTGT	1
AAGCCGTTGAGGTTAG	ENSG00000225630.1	CCATGCAT	1
AAGCCGTTGAGGTTAG	ENSG00000225630.1	AGCTGAAG	1
AAGCCGTTGAGGTTAG	ENSG00000225630.1	TGGAGCGC	1
AAGCCGTTGAGGTTAG	ENSG00000225630.1	AAGCGCTC	1
AAGCCGTTGAGGTTAG	ENSG00000225630.1	CGAACAAG	1
AAGCCGTTGAGGTTAG	ENSG00000225630.1	GGGGGAGG	1
AAGCCGTTGAGGTTAG	ENSG00000225630.1	TCTGGACC	1
AAGCCGTTGAGGTTAG	ENSG00000225630.1	ATGTGCCC	1
AAGCCGTTGAGGTTAG	ENSG00000225630.1	ATGGGACG	1
AAGCCGTTGAGGTTAG	ENSG00000225630.1	CCGGGGAT	2
AAGCCGTTGAGGTTAG	ENSG00000272455.1	noUMI	1
AAGCCGTTGAGGTTAG	ENSG00000228594.4	noUMI	1
AAGCCGTTGAGGTTAG	ENSG00000171612.7	noUMI	1
AAGCCGTTGAGGTTAG	ENSG00000233954.6	noUMI	1
AAGCCGTTGAGGTTAG	ENSG00000090432.7	noUMI	5
AAGCCGTTGAGGTTAG	ENSG00000179163.12	noUMI	1
AAGCCGTTGAGGTTAG	ENSG00000225159.1	noUMI	1
AAGCCGTTGAGGTTAG	ENSG00000175130.7	noUMI	8
AAGCCGTTGAGGTTAG	ENSG00000175130.7	AGGCAGTG	1
AAGCCGTTGAGGTTAG	ENSG00000175130.7	GTTCAACG	1
AAGCCGTTGAGGTTAG	ENSG00000175130.7	GAACATAG	1
AAGCCGTTGAGGTTAG	ENSG00000273274.2	noUMI	1
AAGCCGTTGAGGTTAG	ENSG00000116863.11	GGAGCGGG	1
AAGCCGTTGAGGTTAG	ENSG00000116863.11	AACACGAA	2
AAGCCGTTGAGGTTAG	ENSG00000116863.11	noUMI	10
AAGCCGTTGAGGTTAG	ENSG00000286379.1	GGCTGACG	1
AAGCCGTTGAGGTTAG	ENSG00000286379.1	GGGTAGAG	1
AAGCCGTTGAGGTTAG	ENSG00000116981.4	noUMI	2
AAGCCGTTGAGGTTAG	ENSG00000223429.1	ACACGGGC	1
AAGCCGTTGAGGTTAG	ENSG00000223429.1	ATATGGGC	1
AAGCCGTTGAGGTTAG	ENSG00000228929.1	noUMI	1
AAGCCGTTGAGGTTAG	ENSG00000066557.6	noUMI	9
AAGCCGTTGAGGTTAG	ENSG00000066557.6	TGTTGCCC	1
AAGCCGTTGAGGTTAG	ENSG00000228988.1	noUMI	1
AAGCCGTTGAGGTTAG	ENSG00000234518.2	noUMI	1
AAGCCGTTGAGGTTAG	ENSG00000228502.1	noUMI	1
AAGCCGTTGAGGTTAG	ENSG00000137970.7	noUMI	1
AAGCCGTTGAGGTTAG	ENSG00000137970.7	GATATCGT	2
AAGCCGTTGAGGTTAG	ENSG00000137970.7	GCATACGG	1
AAGCCGTTGAGGTTAG	ENSG00000137970.7	TATGGAGT	1
AAGCCGTTGAGGTTAG	ENSG00000065135.12	TGCCTTTC	1
AAGCCGTTGAGGTTAG	ENSG00000065135.12	TCAGCTAA	2
AAGCCGTTGAGGTTAG	ENSG00000065135.12	noUMI	35
AAGCCGTTGAGGTTAG	ENSG00000065135.12	CAGGTTCA	1
AAGCCGTTGAGGTTAG	ENSG00000065135.12	GAGGGACC	1
AAGCCGTTGAGGTTAG	ENSG00000233337.1	AAGATCAC	1
AAGCCGTTGAGGTTAG	ENSG00000238198.2	noUMI	1
AAGCCGTTGAGGTTAG	ENSG00000213281.5	AAGGTTAT	1
AAGCCGTTGAGGTTAG	ENSG00000213281.5	noUMI	1
AAGCCGTTGAGGTTAG	ENSG00000183508.5	noUMI	1
AAGCCGTTGAGGTTAG	ENSG00000234367.1	AGGTGTCT	3
AAGCCGTTGAGGTTAG	ENSG00000184260.6	CACAGATC	1
AAGCCGTTGAGGTTAG	ENSG00000163344.6	noUMI	2
AAGCCGTTGAGGTTAG	ENSG00000236675.1	noUMI	1
AAGCCGTTGAGGTTAG	ENSG00000132688.11	noUMI	1
AAGCCGTTGAGGTTAG	ENSG00000224837.1	noUMI	1
TCCTTGCTCCATCCAA	ENSG00000225630.1	noUMI	124
TCCTTGCTCCATCCAA	ENSG00000225630.1	ACTTCTCC	1
TCCTTGCTCCATCCAA	ENSG00000225630.1	GCCAATCA	1
TCCTTGCTCCATCCAA	ENSG00000225630.1	CATGGTCA	1
TCCTTGCTCCATCCAA	ENSG00000225630.1	ACAGGACT	1
TCCTTGCTCCATCCAA	ENSG00000225630.1	TGGTAGTA	1
TCCTTGCTCCATCCAA	ENSG00000225630.1	GGAAATTC	2
TCCTTGCTCCATCCAA	ENSG00000225630.1	GAGGCAGC	1
TCCTTGCTCCATCCAA	ENSG00000225630.1	TGGAGATA	1
TCCTTGCTCCATCCAA	ENSG00000225630.1	GCAGTAGC	2
TCCTTGCTCCATCCAA	ENSG00000225630.1	TATTCAGT	1
TCCTTGCTCCATCCAA	ENSG00000225630.1	CGGAGATT	1
TCCTTGCTCCATCCAA	ENSG00000225630.1	AGAGACCC	1
TCCTTGCTCCATCCAA	ENSG00000225630.1	GGATAAAC	1
TCCTTGCTCCATCCAA	ENSG00000225630.1	TTAGACAC	1
TCCTTGCTCCATCCAA	ENSG00000225630.1	ACACCAAG	1
TCCTTGCTCCATCCAA	ENSG00000225630.1	GATCAGAA	1
TCCTTGCTCCATCCAA	ENSG00000225630.1	CGATGTCA	1
TCCTTGCTCCATCCAA	ENSG00000225630.1	ACGCACAT	1
TCCTTGCTCCATCCAA	ENSG00000225630.1	CATTGGGT	1
TCCTTGCTCCATCCAA	ENSG00000225630.1	CCTACGCG	2
TCCTTGCTCCATCCAA	ENSG00000225630.1	TCTGATAC	2
TCCTTGCTCCATCCAA	ENSG00000225630.1	CACGAAAG	2
TCCTTGCTCCATCCAA	ENSG00000225630.1	ATGTGCCT	1
TCCTTGCTCCATCCAA	ENSG00000225630.1	TACGTTGG	1
TCCTTGCTCCATCCAA	ENSG00000225630.1	GGTCCCAG	1
TCCTTGCTCCATCCAA	ENSG00000225630.1	AGGGCGCC	1
TCCTTGCTCCATCCAA	ENSG00000225630.1	CCACTAGG	2
TCCTTGCTCCATCCAA	ENSG00000225630.1	TTCCGCCT	1
TCCTTGCTCCATCCAA	ENSG00000225630.1	CGCATGTG	1
TCCTTGCTCCATCCAA	ENSG00000225630.1	GTAGTTAA	1
TCCTTGCTCCATCCAA	ENSG00000225630.1	TCTAACTG	1
TCCTTGCTCCATCCAA	ENSG00000225630.1	GGGACCGT	1
TCCTTGCTCCATCCAA	ENSG00000225630.1	TCATAAAG	1
TCCTTGCTCCATCCAA	ENSG00000225630.1	AGGGCGCT	1
TCCTTGCTCCATCCAA	ENSG00000225630.1	AACATTGA	2
TCCTTGCTCCATCCAA	ENSG00000225630.1	GAACTCAT	1
TCCTTGCTCCATCCAA	ENSG00000225630.1	ATTAAATG	1
TCCTTGCTCCATCCAA	ENSG00000225630.1	CAGTAGAG	1
TCCTTGCTCCATCCAA	ENSG00000225630.1	GCAATAAG	1
TCCTTGCTCCATCCAA	ENSG00000225630.1	AAACTCAG	1
TCCTTGCTCCATCCAA	ENSG00000225630.1	CTGAAACA	1
TCCTTGCTCCATCCAA	ENSG00000225630.1	GCTCTTCG	1
TCCTTGCTCCATCCAA	ENSG00000225630.1	AGATGAAG	2
TCCTTGCTCCATCCAA	ENSG00000225630.1	GGGGCCGG	1
TCCTTGCTCCATCCAA	ENSG00000225630.1	ATCAAGAC	1
TCCTTGCTCCATCCAA	ENSG00000225630.1	CTAACCCC	1
TCCTTGCTCCATCCAA	ENSG00000225630.1	TGTCCATG	1
TCCTTGCTCCATCCAA	ENSG00000225630.1	TTAAGGAC	1
TCCTTGCTCCATCCAA	ENSG00000225630.1	GTCTTTCG	1
TCCTTGCTCCATCCAA	ENSG00000225630.1	AAAACACA	1
TCCTTGCTCCATCCAA	ENSG00000225630.1	TGGGGCTG	1
TCCTTGCTCCATCCAA	ENSG00000225630.1	TACTAAGC	1
TCCTTGCTCCATCCAA	ENSG00000225630.1	CCTATCGG	3
TCCTTGCTCCATCCAA	ENSG00000225630.1	CAAGGTGG	1
TCCTTGCTCCATCCAA	ENSG00000225630.1	GCTACCGA	2
TCCTTGCTCCATCCAA	ENSG00000225630.1	GTATGTAC	1
TCCTTGCTCCATCCAA	ENSG00000225630.1	GCCAAATG	1
TCCTTGCTCCATCCAA	ENSG00000225630.1	ATAACAGT	2
TCCTTGCTCCATCCAA	ENSG00000225630.1	AGTGACAG	2
TCCTTGCTCCATCCAA	ENSG00000225630.1	TGGACTTG	1
TCCTTGCTCCATCCAA	ENSG00000225630.1	GGGTACAC	1
TCCTTGCTCCATCCAA	ENSG00000198744.5	noUMI	2
TCCTTGCTCCATCCAA	ENSG00000272455.1	noUMI	7
TCCTTGCTCCATCCAA	ENSG00000228594.4	noUMI	1
TCCTTGCTCCATCCAA	ENSG00000231789.2	noUMI	4
TCCTTGCTCCATCCAA	ENSG00000241563.4	noUMI	3
TCCTTGCTCCATCCAA	ENSG00000288398.1	noUMI	9
TCCTTGCTCCATCCAA	ENSG00000090432.7	noUMI	33
TCCTTGCTCCATCCAA	ENSG00000090432.7	ATGTAGGC	1
TCCTTGCTCCATCCAA	ENSG00000179163.12	noUMI	12
TCCTTGCTCCATCCAA	ENSG00000284602.1	noUMI	4
TCCTTGCTCCATCCAA	ENSG00000225159.1	noUMI	1
TCCTTGCTCCATCCAA	ENSG00000228589.3	noUMI	1
TCCTTGCTCCATCCAA	ENSG00000270605.1	noUMI	7
TCCTTGCTCCATCCAA	ENSG00000130766.5	noUMI	10
TCCTTGCTCCATCCAA	ENSG00000175130.7	noUMI	14
TCCTTGCTCCATCCAA	ENSG00000175130.7	CCAATACG	1
TCCTTGCTCCATCCAA	ENSG00000243749.1	noUMI	4
TCCTTGCTCCATCCAA	ENSG00000116863.11	noUMI	27
GGTCTCAACCATCCAA	ENSG00000225630.1	GTGTATCC	1
GGTCTCAACCATCCAA	ENSG00000225630.1	GACGGTTA	1
GGTCTCAACCATCCAA	ENSG00000225630.1	noUMI	12
GGTCTCAACCATCCAA	ENSG00000225630.1	AAATGATC	1
GGTCTCAACCATCCAA	ENSG00000225630.1	ATCTCTGG	2
GGTCTCAACCATCCAA	ENSG00000225630.1	ATGAAGAC	1
GGTCTCAACCATCCAA	ENSG00000225630.1	GTAGGGGT	1
GGTCTCAACCATCCAA	ENSG00000225630.1	TGGCGGCG	1
GGTCTCAACCATCCAA	ENSG00000225630.1	ATAAAACA	1
GGTCTCAACCATCCAA	ENSG00000225630.1	GGAGGTAT	1
GGTCTCAACCATCCAA	ENSG00000225630.1	TTCCAAAA	1
GGTCTCAACCATCCAA	ENSG00000225630.1	GTCGCGAT	1
GGTCTCAACCATCCAA	ENSG00000225630.1	CCATGCCC	1
GGTCTCAACCATCCAA	ENSG00000225630.1	GTACTCGT	1
GGTCTCAACCATCCAA	ENSG00000225630.1	GGAATCCA	1
GGTCTCAACCATCCAA	ENSG00000225630.1	GCTCTACG	1
GGTCTCAACCATCCAA	ENSG00000225630.1	TACTATGA	1
GGTCTCAACCATCCAA	ENSG00000225630.1	CTGTGTCG	1
GGTCTCAACCATCCAA	ENSG00000225630.1	CATTCGAG	1
GGTCTCAACCATCCAA	ENSG00000225630.1	TTGCAGGT	1
GGTCTCAACCATCCAA	ENSG00000225630.1	TCATCGAA	1
GGTCTCAACCATCCAA	ENSG00000225630.1	CGAAGTGT	1
GGTCTCAACCATCCAA	ENSG00000225630.1	CCTGCATC	1
GGTCTCAACCATCCAA	ENSG00000225630.1	TCGTGGCA	1
GGTCTCAACCATCCAA	ENSG00000225630.1	CACGAGAG	1
GGTCTCAACCATCCAA	ENSG00000225630.1	GTATCGTG	1
GGTCTCAACCATCCAA	ENSG00000225630.1	GGAGTCAG	1
GGTCTCAACCATCCAA	ENSG00000225630.1	CCGAGACT	1
GGTCTCAACCATCCAA	ENSG00000225630.1	TCCAGTAC	1
GGTCTCAACCATCCAA	ENSG00000225630.1	GCAGTGAA	1
GGTCTCAACCATCCAA	ENSG00000225630.1	AACATCAC	1
GGTCTCAACCATCCAA	ENSG00000225630.1	AGAGCAAG	1
GGTCTCAACCATCCAA	ENSG00000225630.1	ATGTCAAG	1
GGTCTCAACCATCCAA	ENSG00000225630.1	ACTCCCAT	1
GGTCTCAACCATCCAA	ENSG00000225630.1	TTGCCAGC	1
GGTCTCAACCATCCAA	ENSG00000225630.1	TTACCGCC	1
GGTCTCAACCATCCAA	ENSG00000225630.1	CCATAAGA	1
GGTCTCAACCATCCAA	ENSG00000225630.1	TGATCAAG	2
GGTCTCAACCATCCAA	ENSG00000225630.1	CTCTACGG	1
GGTCTCAACCATCCAA	ENSG00000225630.1	GGTCTTCC	1
GGTCTCAACCATCCAA	ENSG00000225630.1	CTAGGGAT	1
GGTCTCAACCATCCAA	ENSG00000225630.1	CCGAAAGA	1
GGTCTCAACCATCCAA	ENSG00000225630.1	TCTAAACT	1
GGTCTCAACCATCCAA	ENSG00000225630.1	TACGTGCC	1
GGTCTCAACCATCCAA	ENSG00000225630.1	CCACATTG	1
GGTCTCAACCATCCAA	ENSG00000225630.1	ACACGTAC	1
GGTCTCAACCATCCAA	ENSG00000225630.1	CTCACAGT	1
GGTCTCAACCATCCAA	ENSG00000225630.1	GTTCGGCT	1
GGTCTCAACCATCCAA	ENSG00000225630.1	CGGATCAA	1
GGTCTCAACCATCCAA	ENSG00000225630.1	GGAAGACT	1
GGTCTCAACCATCCAA	ENSG00000225630.1	ATCGCCGT	3
GGTCTCAACCATCCAA	ENSG00000225630.1	GAAATAGA	3
GGTCTCAACCATCCAA	ENSG00000225630.1	GTACACGG	1
GGTCTCAACCATCCAA	ENSG00000225630.1	ACCCGCGT	1
GGTCTCAACCATCCAA	ENSG00000225630.1	AAATACCC	1
GGTCTCAACCATCCAA	ENSG00000225630.1	TAAGGATA	1
GGTCTCAACCATCCAA	ENSG00000225630.1	ACGAGTAC	1
GGTCTCAACCATCCAA	ENSG00000171612.7	TAGATTGG	1
GGTCTCAACCATCCAA	ENSG00000270728.1	noUMI	3
GGTCTCAACCATCCAA	ENSG00000090432.7	noUMI	1
GGTCTCAACCATCCAA	ENSG00000179163.12	noUMI	1
GGTCTCAACCATCCAA	ENSG00000270605.1	TATCTGCC	1
GGTCTCAACCATCCAA	ENSG00000175130.7	noUMI	1
GGTCTCAACCATCCAA	ENSG00000175130.7	ATCAGGTG	1
GGTCTCAACCATCCAA	ENSG00000175130.7	CTTGGGTG	1
GGTCTCAACCATCCAA	ENSG00000175130.7	GCGACCAC	1
GGTCTCAACCATCCAA	ENSG00000116863.11	noUMI	1
GGTCTCAACCATCCAA	ENSG00000117000.9	noUMI	1
GGTCTCAACCATCCAA	ENSG00000259943.1	ACTAGAGT	1
GGTCTCAACCATCCAA	ENSG00000169213.7	noUMI	1
GGTCTCAACCATCCAA	ENSG00000162396.6	noUMI	1
GGTCTCAACCATCCAA	ENSG00000162396.6	GCACACTG	1
GGTCTCAACCATCCAA	ENSG00000137970.7	GTGCCAGT	1
GGTCTCAACCATCCAA	ENSG00000137970.7	AAATAGAC	1
GGTCTCAACCATCCAA	ENSG00000137970.7	noUMI	2
GGTCTCAACCATCCAA	ENSG00000065135.12	noUMI	6
GGTCTCAACCATCCAA	ENSG00000065135.12	GTATGAAC	1
GGTCTCAACCATCCAA	ENSG00000065135.12	GTTTGAAC	1
GGTCTCAACCATCCAA	ENSG00000213281.5	noUMI	9
GGTCTCAACCATCCAA	ENSG00000213281.5	CGAGGACC	1
GGTCTCAACCATCCAA	ENSG00000234367.1	noUMI	1
GGTCTCAACCATCCAA	ENSG00000163344.6	GTACAGCC	1
GGTCTCAACCATCCAA	ENSG00000163344.6	GACAATCC	1
GGTCTCAACCATCCAA	ENSG00000163344.6	GCTGGGGG	1
GGTCTCAACCATCCAA	ENSG00000163344.6	TAGTCTCC	1
GGTCTCAACCATCCAA	ENSG00000143184.5	noUMI	2
GGTCTCAACCATCCAA	ENSG00000170385.10	noUMI	1
GGTCTCAACCATCCAA	ENSG00000218283.2	GTTCGATG	1
GGTCTCAACCATCCAA	ENSG00000218283.2	GGAGATAG	2
GGTCTCAACCATCCAA	ENSG00000218283.2	GCTAACGG	1
GGTCTCAACCATCCAA	ENSG00000162817.7	noUMI	2
GGTCTCAACCATCCAA	ENSG00000143751.10	noUMI	5
GGTCTCAACCATCCAA	ENSG00000143751.10	TGGGAGGT	1
GGTCTCAACCATCCAA	ENSG00000143751.10	TGCTCCAC	1
GGTCTCAACCATCCAA	ENSG00000181218.5	GAATCAAG	1
GGTCTCAACCATCCAA	ENSG00000181218.5	TAAATGCC	1
GGTCTCAACCATCCAA	ENSG00000277462.2	noUMI	2
GGTCTCAACCATCCAA	ENSG00000277462.2	CCACTCTC	3
GGTCTCAACCATCCAA	ENSG00000259865.1	noUMI	1
CAACCTCAGGCCTATA	ENSG00000225630.1	AGGAAGAG	1
CAACCTCAGGCCTATA	ENSG00000225630.1	noUMI	1
CAACCTCAGGCCTATA	ENSG00000225630.1	CCAAGCTT	1
CAACCTCAGGCCTATA	ENSG00000213281.5	noUMI	1
CAACCTCAGGCCTATA	ENSG00000143751.10	noUMI	3
TACCGATGGAGAAGGA	ENSG00000279457.4	noUMI	1
TACCGATGGAGAAGGA	ENSG00000225630.1	CTGGACAC	2
TACCGATGGAGAAGGA	ENSG00000225630.1	noUMI	22
TACCGATGGAGAAGGA	ENSG00000225630.1	GGTGAGTT	1
TACCGATGGAGAAGGA	ENSG00000225630.1	AAACAATC	1
TACCGATGGAGAAGGA	ENSG00000225630.1	CAGCTACG	2
TACCGATGGAGAAGGA	ENSG00000225630.1	TTAACACT	2
TACCGATGGAGAAGGA	ENSG00000225630.1	TTCAGCAT	1
TACCGATGGAGAAGGA	ENSG00000225630.1	GCTCGGTC	1
TACCGATGGAGAAGGA	ENSG00000225630.1	CACACGTG	2
TACCGATGGAGAAGGA	ENSG00000225630.1	AACGGAAC	1
TACCGATGGAGAAGGA	ENSG00000225630.1	TCGTGGTT	2
TACCGATGGAGAAGGA	ENSG00000225630.1	GAACTACT	1
TACCGATGGAGAAGGA	ENSG00000225630.1	AAACGGCC	1
TACCGATGGAGAAGGA	ENSG00000225630.1	GAATCGTG	2
TACCGATGGAGAAGGA	ENSG00000225630.1	TAGAGTCT	2
TACCGATGGAGAAGGA	ENSG00000225630.1	CATTCGCT	1
TACCGATGGAGAAGGA	ENSG00000225630.1	ATAAGCAC	1
TACCGATGGAGAAGGA	ENSG00000225630.1	TACTCAAA	2
TACCGATGGAGAAGGA	ENSG00000225630.1	CAGCATAT	2
TACCGATGGAGAAGGA	ENSG00000225630.1	CTGTAATG	1
TACCGATGGAGAAGGA	ENSG00000225630.1	TTGCAACA	2
TACCGATGGAGAAGGA	ENSG00000225630.1	GCGTTCCG	1
TACCGATGGAGAAGGA	ENSG00000225630.1	AACATGCG	1
TACCGATGGAGAAGGA	ENSG00000225630.1	AGACGGCT	2
TACCGATGGAGAAGGA	ENSG00000225630.1	TGGAGTAA	1
TACCGATGGAGAAGGA	ENSG00000225630.1	GGAAAAGA	1
TACCGATGGAGAAGGA	ENSG00000225630.1	CATCACCA	1
TACCGATGGAGAAGGA	ENSG00000225630.1	CGGGCCTA	1
TACCGATGGAGAAGGA	ENSG00000225630.1	GAGAAAGA	1
TACCGATGGAGAAGGA	ENSG00000225630.1	GAAGTGAC	1
TACCGATGGAGAAGGA	ENSG00000225630.1	ATAGGGCT	1
TACCGATGGAGAAGGA	ENSG00000225630.1	CGGCTAGG	1
TACCGATGGAGAAGGA	ENSG00000225630.1	CTACAGCT	1
TACCGATGGAGAAGGA	ENSG00000225630.1	TGTAAAGT	3
TACCGATGGAGAAGGA	ENSG00000225630.1	CGCAGATG	1
TACCGATGGAGAAGGA	ENSG00000225630.1	GCCATTCT	1
TACCGATGGAGAAGGA	ENSG00000225630.1	GATCCAAT	1
TACCGATGGAGAAGGA	ENSG00000225630.1	GAACTGAG	1
TACCGATGGAGAAGGA	ENSG00000225630.1	GGAATGGT	2
TACCGATGGAGAAGGA	ENSG00000225630.1	GGCAAATT	1
TACCGATGGAGAAGGA	ENSG00000225630.1	AAAGCGAC	1
TACCGATGGAGAAGGA	ENSG00000225630.1	AAGTCTTA	1
TACCGATGGAGAAGGA	ENSG00000225630.1	AGTCAAGC	1
TACCGATGGAGAAGGA	ENSG00000225630.1	GTGATGTC	1
TACCGATGGAGAAGGA	ENSG00000225630.1	GATAATGA	1
TACCGATGGAGAAGGA	ENSG00000225630.1	GACAGTTC	1
TACCGATGGAGAAGGA	ENSG00000225630.1	GTGGACTC	1
TACCGATGGAGAAGGA	ENSG00000225630.1	TTTCGACA	1
TACCGATGGAGAAGGA	ENSG00000225630.1	AATTCCTG	1
TACCGATGGAGAAGGA	ENSG00000225630.1	TGATGAAG	1
TACCGATGGAGAAGGA	ENSG00000225630.1	GTCAGTAA	1
TACCGATGGAGAAGGA	ENSG00000225630.1	GCGACAAC	1
TACCGATGGAGAAGGA	ENSG00000225630.1	CGTAACTC	1
TACCGATGGAGAAGGA	ENSG00000225630.1	AGCAAAGG	1
TACCGATGGAGAAGGA	ENSG00000270035.1	noUMI	2
TACCGATGGAGAAGGA	ENSG00000270035.1	GCAGGCAG	1
TACCGATGGAGAAGGA	ENSG00000233954.6	AGGCCTGT	2
TACCGATGGAGAAGGA	ENSG00000179163.12	noUMI	7
TACCGATGGAGAAGGA	ENSG00000225159.1	noUMI	1
TACCGATGGAGAAGGA	ENSG00000175130.7	noUMI	2
TACCGATGGAGAAGGA	ENSG00000259943.1	noUMI	1
TACCGATGGAGAAGGA	ENSG00000066557.6	noUMI	6
TACCGATGGAGAAGGA	ENSG00000066557.6	CACGCACA	2
TACCGATGGAGAAGGA	ENSG00000271576.1	CACTAACT	1
TACCGATGGAGAAGGA	ENSG00000271576.1	TCTGACTG	1
TACCGATGGAGAAGGA	ENSG00000223896.2	noUMI	6
TACCGATGGAGAAGGA	ENSG00000137970.7	noUMI	4
TACCGATGGAGAAGGA	ENSG00000137970.7	TAGGATAG	2
TACCGATGGAGAAGGA	ENSG00000137970.7	GTGAGCAT	1
TACCGATGGAGAAGGA	ENSG00000137970.7	GTTGTCGC	1
TACCGATGGAGAAGGA	ENSG00000137970.7	GGTGTCGC	1
TACCGATGGAGAAGGA	ENSG00000065135.12	ATCTCTGT	1
TACCGATGGAGAAGGA	ENSG00000065135.12	GTGTGCCT	1
TACCGATGGAGAAGGA	ENSG00000065135.12	noUMI	16
TACCGATGGAGAAGGA	ENSG00000065135.12	CGGGTCCA	1
TACCGATGGAGAAGGA	ENSG00000065135.12	TAGGTCCA	2
TACCGATGGAGAAGGA	ENSG00000213281.5	noUMI	5
TACCGATGGAGAAGGA	ENSG00000183508.5	noUMI	19
TACCGATGGAGAAGGA	ENSG00000183508.5	CTGGGTGA	1
TACCGATGGAGAAGGA	ENSG00000244371.2	CTGGAGGT	1
TACCGATGGAGAAGGA	ENSG00000286019.1	noUMI	1
TACCGATGGAGAAGGA	ENSG00000184678.10	GATGTGAG	1
TACCGATGGAGAAGGA	ENSG00000163344.6	CAGGATGG	1
TACCGATGGAGAAGGA	ENSG00000163344.6	CAGCATGG	1
TACCGATGGAGAAGGA	ENSG00000163344.6	CGCTCAGT	1
TACCGATGGAGAAGGA	ENSG00000236675.1	noUMI	1
TACCGATGGAGAAGGA	ENSG00000235700.1	noUMI	1
TACCGATGGAGAAGGA	ENSG00000162783.11	TGGTAACC	1
TACCGATGGAGAAGGA	ENSG00000162783.11	noUMI	3
TACCGATGGAGAAGGA	ENSG00000162783.11	ATCAGGCC	1
TACCGATGGAGAAGGA	ENSG00000162783.11	ATGAGGAC	1
TACCGATGGAGAAGGA	ENSG00000183155.5	noUMI	3
TACCGATGGAGAAGGA	ENSG00000158615.9	noUMI	6
TACCGATGGAGAAGGA	ENSG00000158615.9	CTACTATA	2
TACCGATGGAGAAGGA	ENSG00000218283.2	noUMI	4
TACCGATGGAGAAGGA	ENSG00000143751.10	noUMI	31
TACCGATGGAGAAGGA	ENSG00000143751.10	CAAGGACA	3
TACCGATGGAGAAGGA	ENSG00000143751.10	TATGCCAT	1
TACCGATGGAGAAGGA	ENSG00000181218.5	GATTCGCT	1
TACCGATGGAGAAGGA	ENSG00000273416.1	GGAAGCCG	2
TACCGATGGAGAAGGA	ENSG00000162851.8	noUMI	1
TACCGATGGAGAAGGA	ENSG00000143653.10	CATTGCCG	1
TACCGATGGAGAAGGA	ENSG00000143653.10	noUMI	6
TACCGATGGAGAAGGA	ENSG00000259865.1	noUMI	10
TTGGAACCGAACCTGT	ENSG00000225630.1	ATTGACTT	1
TTGGAACCGAACCTGT	ENSG00000225630.1	CTTTGACA	1
TTGGAACCGAACCTGT	ENSG00000225630.1	CATGTGGA	2
TTGGAACCGAACCTGT	ENSG00000225630.1	TAGTAGTC	1
TTGGAACCGAACCTGT	ENSG00000225630.1	AGAAAGTA	1
TTGGAACCGAACCTGT	ENSG00000225630.1	CAACTAGC	1
TTGGAACCGAACCTGT	ENSG00000225630.1	GTGTACCC	1
TTGGAACCGAACCTGT	ENSG00000225630.1	TAGTAGCG	1
TTGGAACCGAACCTGT	ENSG00000225630.1	noUMI	1
TTGGAACCGAACCTGT	ENSG00000225630.1	CACAAGTC	1
TTGGAACCGAACCTGT	ENSG00000225630.1	CAGGCCTG	1
TTGGAACCGAACCTGT	ENSG00000225630.1	GTTAACGG	1
TTGGAACCGAACCTGT	ENSG00000179163.12	noUMI	1
TTGGAACCGAACCTGT	ENSG00000175130.7	noUMI	2
TTGGAACCGAACCTGT	ENSG00000237424.1	noUMI	1
TTGGAACCGAACCTGT	ENSG00000066557.6	noUMI	3
TTGGAACCGAACCTGT	ENSG00000271576.1	ATTCGTGG	1
TTGGAACCGAACCTGT	ENSG00000065135.12	GAAGTGCG	1
TTGGAACCGAACCTGT	ENSG00000065135.12	TACATGAA	1
TTGGAACCGAACCTGT	ENSG00000065135.12	noUMI	6
TTGGAACCGAACCTGT	ENSG00000261654.1	AGGCCAGT	1
TTGGAACCGAACCTGT	ENSG00000238198.2	noUMI	2
TTGGAACCGAACCTGT	ENSG00000213281.5	CCTATGCG	1
TTGGAACCGAACCTGT	ENSG00000277702.1	GACCAACA	1
TTGGAACCGAACCTGT	ENSG00000277702.1	GGACACTT	1
TTGGAACCGAACCTGT	ENSG00000163344.6	GTATGTCA	1
TTGGAACCGAACCTGT	ENSG00000236675.1	noUMI	1
TTGGAACCGAACCTGT	ENSG00000224358.1	noUMI	1
TTGGAACCGAACCTGT	ENSG00000174529.7	noUMI	1
TTGGAACCGAACCTGT	ENSG00000277007.1	noUMI	1
TTGGAACCGAACCTGT	ENSG00000162817.7	CAGGAAAC	1
TTGGAACCGAACCTGT	ENSG00000143751.10	ACGCGCTT	2
TTGGAACCGAACCTGT	ENSG00000143751.10	AGACTGGT	1
AAGAGACGCAAGAGGT	ENSG00000279457.4	noUMI	2
AAGAGACGCAAGAGGT	ENSG00000225630.1	GATGTTAG	1
AAGAGACGCAAGAGGT	ENSG00000225630.1	ACACTCTC	1
AAGAGACGCAAGAGGT	ENSG00000225630.1	noUMI	64
AAGAGACGCAAGAGGT	ENSG00000225630.1	TGTTGCAC	1
AAGAGACGCAAGAGGT	ENSG00000225630.1	CGGTAGAA	1
AAGAGACGCAAGAGGT	ENSG00000225630.1	CTTCAAGG	1
AAGAGACGCAAGAGGT	ENSG00000225630.1	TGAGTCAA	2
AAGAGACGCAAGAGGT	ENSG00000225630.1	ATATACAC	1
AAGAGACGCAAGAGGT	ENSG00000225630.1	ACTTGGTG	1
AAGAGACGCAAGAGGT	ENSG00000225630.1	TTTCCGAG	1
AAGAGACGCAAGAGGT	ENSG00000225630.1	AAGTCCTG	1
AAGAGACGCAAGAGGT	ENSG00000225630.1	GGTGTAGC	1
AAGAGACGCAAGAGGT	ENSG00000225630.1	TCACGAAA	1
AAGAGACGCAAGAGGT	ENSG00000225630.1	CTTTAGAC	1
AAGAGACGCAAGAGGT	ENSG00000225630.1	GAATCCGA	1
AAGAGACGCAAGAGGT	ENSG00000225630.1	ATAGTACG	2
AAGAGACGCAAGAGGT	ENSG00000225630.1	TCTCAGGA	3
AAGAGACGCAAGAGGT	ENSG00000225630.1	GGATGGTA	1
AAGAGACGCAAGAGGT	ENSG00000225630.1	AGCCTGCG	1
AAGAGACGCAAGAGGT	ENSG00000225630.1	TGTGACCG	1
AAGAGACGCAAGAGGT	ENSG00000225630.1	TAACCAAC	1
AAGAGACGCAAGAGGT	ENSG00000225630.1	AACTGCAC	3
AAGAGACGCAAGAGGT	ENSG00000225630.1	AATATCGC	2
AAGAGACGCAAGAGGT	ENSG00000225630.1	TGGGCGCA	1
AAGAGACGCAAGAGGT	ENSG00000225630.1	TCGGCACC	1
AAGAGACGCAAGAGGT	ENSG00000225630.1	CCTCACAT	2
AAGAGACGCAAGAGGT	ENSG00000225630.1	CACCGCTT	1
AAGAGACGCAAGAGGT	ENSG00000225630.1	ACGTGGAA	1
AAGAGACGCAAGAGGT	ENSG00000225630.1	GAGCCTGC	1
AAGAGACGCAAGAGGT	ENSG00000225630.1	TTGAAGGG	1
AAGAGACGCAAGAGGT	ENSG00000225630.1	TGAAGGTC	1
AAGAGACGCAAGAGGT	ENSG00000225630.1	TCATCCGG	1
AAGAGACGCAAGAGGT	ENSG00000225630.1	GACGCGCT	1
AAGAGACGCAAGAGGT	ENSG00000225630.1	CATCAGAA	1
AAGAGACGCAAGAGGT	ENSG00000225630.1	GACGCTGA	1
AAGAGACGCAAGAGGT	ENSG00000225630.1	GATAGGTC	1
AAGAGACGCAAGAGGT	ENSG00000225630.1	GCACTTGT	1
AAGAGACGCAAGAGGT	ENSG00000225630.1	GTGCACAT	1
AAGAGACGCAAGAGGT	ENSG00000225630.1	TATCGGAC	1
AAGAGACGCAAGAGGT	ENSG00000225630.1	ATAGCAAC	2
AAGAGACGCAAGAGGT	ENSG00000225630.1	CCAGTATG	1
AAGAGACGCAAGAGGT	ENSG00000225630.1	CTTAGCAG	1
AAGAGACGCAAGAGGT	ENSG00000225630.1	GTTTTCCA	1
AAGAGACGCAAGAGGT	ENSG00000225630.1	AAAACCAG	1
AAGAGACGCAAGAGGT	ENSG00000225630.1	CCAAACCG	1
AAGAGACGCAAGAGGT	ENSG00000225630.1	ATGAAGCG	1
AAGAGACGCAAGAGGT	ENSG00000225630.1	CACGACAG	1
AAGAGACGCAAGAGGT	ENSG00000225630.1	TCAGATGA	2
AAGAGACGCAAGAGGT	ENSG00000225630.1	ACCGGACA	1
AAGAGACGCAAGAGGT	ENSG00000225630.1	AGATCGGG	1
AAGAGACGCAAGAGGT	ENSG00000225630.1	TATATGAG	1
AAGAGACGCAAGAGGT	ENSG00000225630.1	GAAAAGAG	1
AAGAGACGCAAGAGGT	ENSG00000225630.1	GACGATAG	1
AAGAGACGCAAGAGGT	ENSG00000225630.1	TCAAGGCG	1
AAGAGACGCAAGAGGT	ENSG00000225630.1	AACCTACA	1
AAGAGACGCAAGAGGT	ENSG00000225630.1	TGTTAACG	1
AAGAGACGCAAGAGGT	ENSG00000225630.1	GCTAGAAG	1
AAGAGACGCAAGAGGT	ENSG00000225630.1	TGGCGAGG	1
AAGAGACGCAAGAGGT	ENSG00000225630.1	TGCACATT	1
AAGAGACGCAAGAGGT	ENSG00000225630.1	GATAATGG	1
AAGAGACGCAAGAGGT	ENSG00000225630.1	ACCGAGGG	2
AAGAGACGCAAGAGGT	ENSG00000225630.1	GCTTAACC	1
AAGAGACGCAAGAGGT	ENSG00000225630.1	CATCTTAG	1
AAGAGACGCAAGAGGT	ENSG00000225630.1	GATACAGC	1
AAGAGACGCAAGAGGT	ENSG00000225630.1	GGCCCCTA	1
AAGAGACGCAAGAGGT	ENSG00000225630.1	AACATAAC	1
AAGAGACGCAAGAGGT	ENSG00000198744.5	noUMI	2
AAGAGACGCAAGAGGT	ENSG00000176022.7	noUMI	1
AAGAGACGCAAGAGGT	ENSG00000272455.1	noUMI	3
AAGAGACGCAAGAGGT	ENSG00000158292.7	GTAAGGAT	1
AAGAGACGCAAGAGGT	ENSG00000171612.7	GTTCAGAC	1
AAGAGACGCAAGAGGT	ENSG00000171612.7	noUMI	16
AAGAGACGCAAGAGGT	ENSG00000171612.7	TTCAGTCG	1
AAGAGACGCAAGAGGT	ENSG00000231789.2	noUMI	2
AAGAGACGCAAGAGGT	ENSG00000231789.2	TCCTCGAT	1
AAGAGACGCAAGAGGT	ENSG00000162490.7	noUMI	1
AAGAGACGCAAGAGGT	ENSG00000162490.7	TCTGGTGG	1
AAGAGACGCAAGAGGT	ENSG00000288398.1	noUMI	4
AAGAGACGCAAGAGGT	ENSG00000142619.4	noUMI	8
AAGAGACGCAAGAGGT	ENSG00000090432.7	noUMI	33
AAGAGACGCAAGAGGT	ENSG00000090432.7	CATCTCCC	1
AAGAGACGCAAGAGGT	ENSG00000090432.7	TAGACAAT	2
AAGAGACGCAAGAGGT	ENSG00000179163.12	noUMI	10
AAGAGACGCAAGAGGT	ENSG00000284602.1	noUMI	1
AAGAGACGCAAGAGGT	ENSG00000228589.3	noUMI	1
AAGAGACGCAAGAGGT	ENSG00000270605.1	noUMI	7
AAGAGACGCAAGAGGT	ENSG00000130766.5	noUMI	7
AAGAGACGCAAGAGGT	ENSG00000231468.2	noUMI	2
AAGAGACGCAAGAGGT	ENSG00000279443.1	noUMI	5
AAGAGACGCAAGAGGT	ENSG00000175130.7	noUMI	17
AAGAGACGCAAGAGGT	ENSG00000273274.2	noUMI	5
AAGAGACGGGCGTTAA	ENSG00000225630.1	AACACCCC	1
AAGAGACGGGCGTTAA	ENSG00000225630.1	GATTGAAG	1
AAGAGACGGGCGTTAA	ENSG00000225630.1	TCCGAATG	1
AAGAGACGGGCGTTAA	ENSG00000225630.1	GATCATCC	2
AAGAGACGGGCGTTAA	ENSG00000225630.1	TTCGGGGG	1
AAGAGACGGGCGTTAA	ENSG00000225630.1	noUMI	47
AAGAGACGGGCGTTAA	ENSG00000225630.1	GTATAGTT	2
AAGAGACGGGCGTTAA	ENSG00000225630.1	GGGGTAAG	1
AAGAGACGGGCGTTAA	ENSG00000225630.1	TCGCGGAA	3
AAGAGACGGGCGTTAA	ENSG00000225630.1	ACGACAAC	1
AAGAGACGGGCGTTAA	ENSG00000225630.1	AACTTCAC	1
AAGAGACGGGCGTTAA	ENSG00000225630.1	CCAACGTT	1
AAGAGACGGGCGTTAA	ENSG00000225630.1	CGTGCTTT	1
AAGAGACGGGCGTTAA	ENSG00000225630.1	TCGGCACG	1
AAGAGACGGGCGTTAA	ENSG00000225630.1	TTGCCCCT	1
AAGAGACGGGCGTTAA	ENSG00000225630.1	AAGTCGAA	1
AAGAGACGGGCGTTAA	ENSG00000225630.1	TGGTACAG	1
AAGAGACGGGCGTTAA	ENSG00000225630.1	GATCACGG	1
AAGAGACGGGCGTTAA	ENSG00000225630.1	ATCCAGTG	1
AAGAGACGGGCGTTAA	ENSG00000225630.1	GCTCGCTG	2
AAGAGACGGGCGTTAA	ENSG00000225630.1	GCTTTGAG	1
AAGAGACGGGCGTTAA	ENSG00000225630.1	CACATACA	1
AAGAGACGGGCGTTAA	ENSG00000225630.1	ACTGGTGT	1
AAGAGACGGGCGTTAA	ENSG00000225630.1	CGACCCGT	1
AAGAGACGGGCGTTAA	ENSG00000225630.1	CGAAACGC	1
AAGAGACGGGCGTTAA	ENSG00000225630.1	TTGTCGCT	1
AAGAGACGGGCGTTAA	ENSG00000225630.1	GTTATGCA	1
AAGAGACGGGCGTTAA	ENSG00000225630.1	GAGCGATA	1
AAGAGACGGGCGTTAA	ENSG00000225630.1	TTTGGCTT	1
AAGAGACGGGCGTTAA	ENSG00000225630.1	AACCTCCT	1
AAGAGACGGGCGTTAA	ENSG00000225630.1	GTAACCGG	1
AAGAGACGGGCGTTAA	ENSG00000225630.1	GCGCAGTA	1
AAGAGACGGGCGTTAA	ENSG00000225630.1	GGCAATGA	1
AAGAGACGGGCGTTAA	ENSG00000225630.1	CATCGTTC	2
AAGAGACGGGCGTTAA	ENSG00000225630.1	CACTGAAT	1
AAGAGACGGGCGTTAA	ENSG00000225630.1	GATGCCCC	1
AAGAGACGGGCGTTAA	ENSG00000225630.1	AGTTGGTA	1
AAGAGACGGGCGTTAA	ENSG00000225630.1	GACGAATC	1
AAGAGACGGGCGTTAA	ENSG00000225630.1	CAGAGCCA	1
AAGAGACGGGCGTTAA	ENSG00000225630.1	GTACCCCA	1
AAGAGACGGGCGTTAA	ENSG00000225630.1	GGCTTGGG	1
AAGAGACGGGCGTTAA	ENSG00000225630.1	GAGGTCGC	1
AAGAGACGGGCGTTAA	ENSG00000225630.1	CGGGGGAT	1
AAGAGACGGGCGTTAA	ENSG00000225630.1	GGCACTTT	1
AAGAGACGGGCGTTAA	ENSG00000225630.1	ATACACGC	2
AAGAGACGGGCGTTAA	ENSG00000225630.1	TGGCCTAA	2
AAGAGACGGGCGTTAA	ENSG00000225630.1	CCGCTCAG	2
AAGAGACGGGCGTTAA	ENSG00000225630.1	TTGAGAAT	2
AAGAGACGGGCGTTAA	ENSG00000225630.1	CGGTGGTG	1
AAGAGACGGGCGTTAA	ENSG00000225630.1	CGATGCCT	1
AAGAGACGGGCGTTAA	ENSG00000225630.1	CCGTCGAG	1
AAGAGACGGGCGTTAA	ENSG00000225630.1	GCCCCGGT	1
AAGAGACGGGCGTTAA	ENSG00000228594.4	noUMI	1
AAGAGACGGGCGTTAA	ENSG00000171612.7	noUMI	2
AAGAGACGGGCGTTAA	ENSG00000288398.1	noUMI	1
AAGAGACGGGCGTTAA	ENSG00000090432.7	noUMI	14
AAGAGACGGGCGTTAA	ENSG00000179163.12	noUMI	3
AAGAGACGGGCGTTAA	ENSG00000228589.3	noUMI	1
AAGAGACGGGCGTTAA	ENSG00000130766.5	noUMI	6
AAGAGACGGGCGTTAA	ENSG00000175130.7	noUMI	3
AAGAGACGGGCGTTAA	ENSG00000175130.7	GCCAAGGG	1
AAGAGACGGGCGTTAA	ENSG00000175130.7	TGCATGAT	1
AAGAGACGGGCGTTAA	ENSG00000273274.2	noUMI	1
AAGAGACGGGCGTTAA	ENSG00000243749.1	noUMI	4
AAGAGACGGGCGTTAA	ENSG00000286899.1	noUMI	1
AAGAGACGGGCGTTAA	ENSG00000116863.11	noUMI	3
AAGAGACGGGCGTTAA	ENSG00000163909.8	GTGCACAT	1
AAGAGACGGGCGTTAA	ENSG00000117000.9	noUMI	11
AAGAGACGGGCGTTAA	ENSG00000117000.9	CCTTGGCA	1
AAGAGACGGGCGTTAA	ENSG00000260920.2	noUMI	1
AAGAGACGGGCGTTAA	ENSG00000116704.8	noUMI	2
AAGAGACGGGCGTTAA	ENSG00000066557.6	noUMI	7
AAGAGACGGGCGTTAA	ENSG00000226415.1	noUMI	2
AAGAGACGGGCGTTAA	ENSG00000226084.5	noUMI	1
AAGAGACGGGCGTTAA	ENSG00000226084.5	CTACCCAG	1
AAGAGACGGGCGTTAA	ENSG00000225297.1	ATGCAAGT	2
AAGAGACGGGCGTTAA	ENSG00000137970.7	noUMI	2
AAGAGACGGGCGTTAA	ENSG00000137970.7	CATACCGG	1
AAGAGACGGGCGTTAA	ENSG00000137970.7	TAACTAGC	1
AAGAGACGGGCGTTAA	ENSG00000065135.12	noUMI	23
AAGAGACGGGCGTTAA	ENSG00000213281.5	noUMI	8
AAGAGACGGGCGTTAA	ENSG00000213281.5	GCTTAGTA	1
AAGAGACGGGCGTTAA	ENSG00000143067.5	noUMI	4
AAGAGACGGGCGTTAA	ENSG00000277702.1	GATGTGTT	1
AAGAGACGGGCGTTAA	ENSG00000215784.6	noUMI	5
AAGAGACGGGCGTTAA	ENSG00000234367.1	CGTGAGGG	1
AAGAGACGGGCGTTAA	ENSG00000177144.8	noUMI	1
GGAGAGTTCCATCCAA	ENSG00000279457.4	noUMI	7
GGAGAGTTCCATCCAA	ENSG00000225630.1	AACGTGTT	2
GGAGAGTTCCATCCAA	ENSG00000225630.1	AGGCAACA	1
GGAGAGTTCCATCCAA	ENSG00000225630.1	GCAGGCTT	1
GGAGAGTTCCATCCAA	ENSG00000225630.1	TGAAAGAC	1
GGAGAGTTCCATCCAA	ENSG00000225630.1	AGTTGCCC	1
GGAGAGTTCCATCCAA	ENSG00000225630.1	AGCGTACT	1
GGAGAGTTCCATCCAA	ENSG00000225630.1	TACTGGTG	1
GGAGAGTTCCATCCAA	ENSG00000225630.1	TTATGCGG	1
GGAGAGTTCCATCCAA	ENSG00000225630.1	noUMI	21
GGAGAGTTCCATCCAA	ENSG00000225630.1	ATATGAAG	1
GGAGAGTTCCATCCAA	ENSG00000225630.1	ACTCATCA	1
GGAGAGTTCCATCCAA	ENSG00000225630.1	CTAGCCGG	2
GGAGAGTTCCATCCAA	ENSG00000225630.1	CGTGTCAC	1
GGAGAGTTCCATCCAA	ENSG00000225630.1	AGTAACAC	2
GGAGAGTTCCATCCAA	ENSG00000225630.1	CTGAGGAA	1
GGAGAGTTCCATCCAA	ENSG00000225630.1	CCTTTAAC	1
GGAGAGTTCCATCCAA	ENSG00000225630.1	CAGTACTT	1
GGAGAGTTCCATCCAA	ENSG00000225630.1	CTAGACCA	1
GGAGAGTTCCATCCAA	ENSG00000225630.1	TAGACACA	1
GGAGAGTTCCATCCAA	ENSG00000225630.1	AAACGGTC	1
GGAGAGTTCCATCCAA	ENSG00000225630.1	TATCATCG	1
GGAGAGTTCCATCCAA	ENSG00000225630.1	CGACTCGA	1
GGAGAGTTCCATCCAA	ENSG00000225630.1	AGTCGAGG	1
GGAGAGTTCCATCCAA	ENSG00000225630.1	GCCAGGTA	1
GGAGAGTTCCATCCAA	ENSG00000225630.1	ATGGTTCT	1
GGAGAGTTCCATCCAA	ENSG00000225630.1	GGAAGTCT	1
GGAGAGTTCCATCCAA	ENSG00000225630.1	TGTCTAGA	1
GGAGAGTTCCATCCAA	ENSG00000225630.1	CTCGGATA	1
GGAGAGTTCCATCCAA	ENSG00000225630.1	AGGGATAT	2
GGAGAGTTCCATCCAA	ENSG00000225630.1	CGAGAAGT	1
GGAGAGTTCCATCCAA	ENSG00000225630.1	ACGAGGGT	1
GGAGAGTTCCATCCAA	ENSG00000225630.1	TCGTGGCG	1
GGAGAGTTCCATCCAA	ENSG00000225630.1	TCGGGCAT	1
GGAGAGTTCCATCCAA	ENSG00000225630.1	ACTCTGCA	2
GGAGAGTTCCATCCAA	ENSG00000225630.1	TCGGCCAT	1
GGAGAGTTCCATCCAA	ENSG00000225630.1	CCTCATAT	1
GGAGAGTTCCATCCAA	ENSG00000225630.1	GGCGATAT	1
GGAGAGTTCCATCCAA	ENSG00000225630.1	CTGGGACA	1
GGAGAGTTCCATCCAA	ENSG00000225630.1	TGCCTAAC	1
GGAGAGTTCCATCCAA	ENSG00000225630.1	GTATGGTC	1
GGAGAGTTCCATCCAA	ENSG00000225630.1	TCACGAAC	2
GGAGAGTTCCATCCAA	ENSG00000225630.1	GATATGGG	2
GGAGAGTTCCATCCAA	ENSG00000225630.1	TGAGGGAA	1
GGAGAGTTCCATCCAA	ENSG00000225630.1	AGCGGATA	1
GGAGAGTTCCATCCAA	ENSG00000225630.1	ATTGGAAC	1
GGAGAGTTCCATCCAA	ENSG00000225630.1	GCCTGTAT	1
GGAGAGTTCCATCCAA	ENSG00000225630.1	TCATGCAG	2
GGAGAGTTCCATCCAA	ENSG00000225630.1	CAAATATA	1
GGAGAGTTCCATCCAA	ENSG00000225630.1	CCAGGATC	1
GGAGAGTTCCATCCAA	ENSG00000225630.1	GTTCACCC	1
GGAGAGTTCCATCCAA	ENSG00000225630.1	GGCTCGGA	1
GGAGAGTTCCATCCAA	ENSG00000225630.1	CGACGCAT	1
GGAGAGTTCCATCCAA	ENSG00000225630.1	TGACACCC	1
GGAGAGTTCCATCCAA	ENSG00000225630.1	TCGCTTGG	1
GGAGAGTTCCATCCAA	ENSG00000225630.1	GAACGGTG	1
GGAGAGTTCCATCCAA	ENSG00000225630.1	TGGCCTCC	1
GGAGAGTTCCATCCAA	ENSG00000225630.1	TAGGGACA	1
GGAGAGTTCCATCCAA	ENSG00000225630.1	ACTACGAT	2
GGAGAGTTCCATCCAA	ENSG00000225630.1	TGTCAGAA	1
GGAGAGTTCCATCCAA	ENSG00000225630.1	ATTCCAGG	1
GGAGAGTTCCATCCAA	ENSG00000225630.1	TTGTGGTG	1
GGAGAGTTCCATCCAA	ENSG00000225630.1	GCTCGTCC	1
GGAGAGTTCCATCCAA	ENSG00000225630.1	GATGGATC	1
GGAGAGTTCCATCCAA	ENSG00000225630.1	CAAGGAAG	1
GGAGAGTTCCATCCAA	ENSG00000225630.1	CTTTGCAC	1
GGAGAGTTCCATCCAA	ENSG00000225630.1	GCGGTAGT	1
GGAGAGTTCCATCCAA	ENSG00000225630.1	CAACGTAA	1
GGAGAGTTCCATCCAA	ENSG00000225630.1	ATACGGAT	1
GGAGAGTTCCATCCAA	ENSG00000225630.1	TGGGGACA	1
GGAGAGTTCCATCCAA	ENSG00000225630.1	CCATGTAT	1
GGAGAGTTCCATCCAA	ENSG00000225630.1	CTGCCTCA	1
GGAGAGTTCCATCCAA	ENSG00000225630.1	TGTGACCC	1
GGAGAGTTCCATCCAA	ENSG00000225630.1	TGGCATAC	1
GGAGAGTTCCATCCAA	ENSG00000225630.1	CAAATCAT	1
GGAGAGTTCCATCCAA	ENSG00000225630.1	TGGGGTAT	1
GGAGAGTTCCATCCAA	ENSG00000225630.1	AGTATAGA	2
GGAGAGTTCCATCCAA	ENSG00000225630.1	GTCACAGC	1
GGAGAGTTCCATCCAA	ENSG00000225630.1	GCGAGCCT	1
GGAGAGTTCCATCCAA	ENSG00000225630.1	CCTTGTTC	1
GGAGAGTTCCATCCAA	ENSG00000225630.1	TAGGGATG	1
GGAGAGTTCCATCCAA	ENSG00000225630.1	GGCAAGTC	1
GGAGAGTTCCATCCAA	ENSG00000225630.1	CCAAAACA	1
GGAGAGTTCCATCCAA	ENSG00000225630.1	TTAAGAAG	1
GGAGAGTTCCATCCAA	ENSG00000225630.1	CGCGTAGG	1
GGAGAGTTCCATCCAA	ENSG00000225630.1	GTCGGCGG	1
GGAGAGTTCCATCCAA	ENSG00000225630.1	ACACAGGT	1
GGAGAGTTCCATCCAA	ENSG00000225630.1	GAATTCGA	1
GGAGAGTTCCATCCAA	ENSG00000225630.1	CGCGATGG	1
GGAGAGTTCCATCCAA	ENSG00000225630.1	CAGGTTAG	1
GGAGAGTTCCATCCAA	ENSG00000225630.1	GTTTAGGT	1
GGAGAGTTCCATCCAA	ENSG00000225630.1	GAATGACA	1
GGAGAGTTCCATCCAA	ENSG00000225630.1	ATCATTAG	1
GGAGAGTTCCATCCAA	ENSG00000225630.1	CCCGCGAT	1
GGAGAGTTCCATCCAA	ENSG00000225630.1	ACCGACCC	1
GGAGAGTTCCATCCAA	ENSG00000225630.1	GTGCACGA	1
GGAGAGTTCCATCCAA	ENSG00000225630.1	TAGGCCTC	1
GGAGAGTTCCATCCAA	ENSG00000225630.1	CTAGGAAA	1
GGAGAGTTCCATCCAA	ENSG00000225630.1	GGACTCGG	1
GGAGAGTTCCATCCAA	ENSG00000225630.1	GAGCAGAT	1
GGAGAGTTCCATCCAA	ENSG00000225630.1	AGGTACCC	1
GGAGAGTTCCATCCAA	ENSG00000225630.1	AGAGCTCT	1
GGAGAGTTCCATCCAA	ENSG00000225630.1	CTAACGAA	1
GGAGAGTTCCATCCAA	ENSG00000225630.1	CGACAGAG	1
GGAGAGTTCCATCCAA	ENSG00000225630.1	ATAGCGGA	1
GGAGAGTTCCATCCAA	ENSG00000225630.1	TGGAGCGT	1
GGAGAGTTCCATCCAA	ENSG00000225630.1	ACTCGTCA	1
GGAGAGTTCCATCCAA	ENSG00000270282.1	noUMI	1
GGAGAGTTCCATCCAA	ENSG00000171612.7	noUMI	7
GGAGAGTTCCATCCAA	ENSG00000288398.1	CCGGGTGT	1
GGAGAGTTCCATCCAA	ENSG00000288398.1	noUMI	5
GGAGAGTTCCATCCAA	ENSG00000261135.1	TATGAAAC	2
GGAGAGTTCCATCCAA	ENSG00000186301.8	noUMI	2
GGAGAGTTCCATCCAA	ENSG00000090432.7	noUMI	6
GGAGAGTTCCATCCAA	ENSG00000090432.7	ACGTTCCA	2
GGAGAGTTCCATCCAA	ENSG00000090432.7	TGACATAA	1
GGAGAGTTCCATCCAA	ENSG00000179163.12	noUMI	9
GGAGAGTTCCATCCAA	ENSG00000225159.1	noUMI	1
GGAGAGTTCCATCCAA	ENSG00000243659.1	noUMI	1
GGAGAGTTCCATCCAA	ENSG00000175130.7	noUMI	2
GGAGAGTTCCATCCAA	ENSG00000233246.1	noUMI	1
GGAGAGTTCCATCCAA	ENSG00000243749.1	noUMI	3
GGAGAGTTCCATCCAA	ENSG00000286899.1	noUMI	1
GGAGAGTTCCATCCAA	ENSG00000116863.11	noUMI	12
GGAGAGTTCCATCCAA	ENSG00000116981.4	noUMI	1
GGAGAGTTCCATCCAA	ENSG00000117000.9	noUMI	2
GGAGAGTTCCATCCAA	ENSG00000259943.1	noUMI	3
GGAGAGTTCCATCCAA	ENSG00000260920.2	GACTGGGG	1
GGAGAGTTCCATCCAA	ENSG00000237424.1	noUMI	1
GGAGAGTTCCATCCAA	ENSG00000169213.7	noUMI	6
GGAGAGTTCCATCCAA	ENSG00000066557.6	noUMI	11
GGAGAGTTCCATCCAA	ENSG00000066557.6	TCAGAGTT	1
GGAGAGTTCCATCCAA	ENSG00000066557.6	CGAGCCCG	1
GGAGAGTTCCATCCAA	ENSG00000219201.4	noUMI	1
GGAGAGTTCCATCCAA	ENSG00000228175.3	noUMI	2
GGAGAGTTCCATCCAA	ENSG00000137970.7	noUMI	4
GGAGAGTTCCATCCAA	ENSG00000137970.7	AATACGAA	2
GGAGAGTTCCATCCAA	ENSG00000137970.7	CAAACGTT	1
GGAGAGTTCCATCCAA	ENSG00000137970.7	CTAGGCCC	1
GGAGAGTTCCATCCAA	ENSG00000137970.7	CGCTCTCA	1
GGAGAGTTCCATCCAA	ENSG00000137970.7	AAGTACCC	1
GGAGAGTTCCATCCAA	ENSG00000137970.7	TGGTTAGC	1
GGAGAGTTCCATCCAA	ENSG00000137970.7	ACGTGGAT	1
GGAGAGTTCCATCCAA	ENSG00000065135.12	ACAACCTC	2
GGAGAGTTCCATCCAA	ENSG00000065135.12	CCACCGAC	1
GGAGAGTTCCATCCAA	ENSG00000065135.12	noUMI	59
GGAGAGTTCCATCCAA	ENSG00000065135.12	TTAATCGG	1
GGAGAGTTCCATCCAA	ENSG00000065135.12	GTGGCTAG	1
GGAGAGTTCCATCCAA	ENSG00000065135.12	CATGTCCA	1
GGAGAGTTCCATCCAA	ENSG00000065135.12	CAGGTCTA	1
GGAGAGTTCCATCCAA	ENSG00000065135.12	AGGACGAG	1
GGAGAGTTCCATCCAA	ENSG00000065135.12	CCATGAAC	1
GGAGAGTTCCATCCAA	ENSG00000238198.2	AGTATGGT	1
GGAGAGTTCCATCCAA	ENSG00000238198.2	noUMI	2
GGAGAGTTCCATCCAA	ENSG00000213281.5	noUMI	20
GGAGAGTTCCATCCAA	ENSG00000213281.5	CTAGGAGG	1
GGAGAGTTCCATCCAA	ENSG00000213281.5	TCTCCGTT	1
GGAGAGTTCCATCCAA	ENSG00000213281.5	TGCCCAAT	1
GGAGAGTTCCATCCAA	ENSG00000213281.5	ATCGCCTG	1
GGAGAGTTCCATCCAA	ENSG00000213281.5	CAAGGTAC	1
GCATGTCTCATGCTTC	ENSG00000279457.4	noUMI	2
GCATGTCTCATGCTTC	ENSG00000225630.1	ATCGCATC	1
GCATGTCTCATGCTTC	ENSG00000225630.1	TACTATTG	1
GCATGTCTCATGCTTC	ENSG00000225630.1	AGCCCAAT	1
GCATGTCTCATGCTTC	ENSG00000225630.1	CGTCGCGG	2
GCATGTCTCATGCTTC	ENSG00000225630.1	CAGGTGCA	1
GCATGTCTCATGCTTC	ENSG00000225630.1	AGAGTGTT	1
GCATGTCTCATGCTTC	ENSG00000225630.1	GATAGGTC	1
GCATGTCTCATGCTTC	ENSG00000225630.1	TGACCAGC	1
GCATGTCTCATGCTTC	ENSG00000225630.1	TAAATAGT	1
GCATGTCTCATGCTTC	ENSG00000225630.1	CATTCAAG	1
GCATGTCTCATGCTTC	ENSG00000225630.1	noUMI	82
GCATGTCTCATGCTTC	ENSG00000225630.1	TCGTTTAA	1
GCATGTCTCATGCTTC	ENSG00000225630.1	GTTCAGTC	1
GCATGTCTCATGCTTC	ENSG00000225630.1	GTTCTACG	1
GCATGTCTCATGCTTC	ENSG00000225630.1	CTTAAACC	1
GCATGTCTCATGCTTC	ENSG00000225630.1	GGCTGGGA	1
GCATGTCTCATGCTTC	ENSG00000225630.1	GAGCACCC	1
GCATGTCTCATGCTTC	ENSG00000225630.1	ACCTATCG	1
GCATGTCTCATGCTTC	ENSG00000225630.1	GACCGCGT	1
GCATGTCTCATGCTTC	ENSG00000225630.1	GTCAACTC	1
GCATGTCTCATGCTTC	ENSG00000225630.1	AAATCCGA	1
GCATGTCTCATGCTTC	ENSG00000225630.1	GAGTAGCA	1
GCATGTCTCATGCTTC	ENSG00000225630.1	GCGTTGTT	1
GCATGTCTCATGCTTC	ENSG00000225630.1	GTCTTGGG	1
GCATGTCTCATGCTTC	ENSG00000225630.1	TGCTTCGT	2
GCATGTCTCATGCTTC	ENSG00000225630.1	GTTCAAGG	1
GCATGTCTCATGCTTC	ENSG00000225630.1	TGATGCAT	1
GCATGTCTCATGCTTC	ENSG00000225630.1	AGTCTGCC	2
GCATGTCTCATGCTTC	ENSG00000225630.1	CGTACCCA	1
GCATGTCTCATGCTTC	ENSG00000225630.1	CAGTCACA	1
GCATGTCTCATGCTTC	ENSG00000225630.1	TACGTATG	1
GCATGTCTCATGCTTC	ENSG00000225630.1	CGGCCAGT	1
GCATGTCTCATGCTTC	ENSG00000225630.1	TTGCTCCC	1
GCATGTCTCATGCTTC	ENSG00000225630.1	CCACCGCG	1
GCATGTCTCATGCTTC	ENSG00000225630.1	TAACATTG	2
GCATGTCTCATGCTTC	ENSG00000225630.1	CCTGGTGC	1
GCATGTCTCATGCTTC	ENSG00000225630.1	ACCGCTGT	1
GCATGTCTCATGCTTC	ENSG00000225630.1	CTGATACG	1
GCATGTCTCATGCTTC	ENSG00000225630.1	TAGGTTAC	1
GCATGTCTCATGCTTC	ENSG00000225630.1	AAGGCAGA	1
GCATGTCTCATGCTTC	ENSG00000225630.1	TGAACTAC	2
GCATGTCTCATGCTTC	ENSG00000225630.1	CATCGCTC	1
GCATGTCTCATGCTTC	ENSG00000225630.1	CCTACTGT	1
GCATGTCTCATGCTTC	ENSG00000225630.1	CTGTTGAG	1
GCATGTCTCATGCTTC	ENSG00000225630.1	CCACAGGT	1
GCATGTCTCATGCTTC	ENSG00000225630.1	TGGATACC	1
GCATGTCTCATGCTTC	ENSG00000225630.1	ATATAAAC	1
GCATGTCTCATGCTTC	ENSG00000225630.1	GAGATACA	1
GCATGTCTCATGCTTC	ENSG00000225630.1	AAGCGAAC	1
GCATGTCTCATGCTTC	ENSG00000225630.1	TTTTGCAA	1
GCATGTCTCATGCTTC	ENSG00000225630.1	GAAGAGGT	1
GCATGTCTCATGCTTC	ENSG00000225630.1	CTTGGGCT	1
GCATGTCTCATGCTTC	ENSG00000225630.1	CCTGACTG	1
GCATGTCTCATGCTTC	ENSG00000225630.1	GGGCTCTC	1
GCATGTCTCATGCTTC	ENSG00000225630.1	TGGTACCG	1
GCATGTCTCATGCTTC	ENSG00000225630.1	CTGTTCCC	2
GCATGTCTCATGCTTC	ENSG00000225630.1	CAACAATA	1
GCATGTCTCATGCTTC	ENSG00000225630.1	AAGTAGAA	1
GCATGTCTCATGCTTC	ENSG00000225630.1	GGTGGTTC	2
GCATGTCTCATGCTTC	ENSG00000225630.1	CGCCACAT	1
GCATGTCTCATGCTTC	ENSG00000225630.1	CTGCTGTG	1
GCATGTCTCATGCTTC	ENSG00000225630.1	TACGCCCG	1
GCATGTCTCATGCTTC	ENSG00000225630.1	TCTAGTGG	1
GCATGTCTCATGCTTC	ENSG00000225630.1	GCTCTGCA	1
GCATGTCTCATGCTTC	ENSG00000225630.1	ACCACCCA	2
GCATGTCTCATGCTTC	ENSG00000225630.1	ACCATGTA	1
GCATGTCTCATGCTTC	ENSG00000225630.1	ACGCTAAT	1
GCATGTCTCATGCTTC	ENSG00000225630.1	AGACAACA	1
GCATGTCTCATGCTTC	ENSG00000225630.1	CGAACGTC	1
GCATGTCTCATGCTTC	ENSG00000225630.1	ACCACCGC	1
GCATGTCTCATGCTTC	ENSG00000225630.1	AGTTGTAG	1
GCATGTCTCATGCTTC	ENSG00000225630.1	CTCGAAGG	1
GCATGTCTCATGCTTC	ENSG00000225630.1	TAACTACA	1
GCATGTCTCATGCTTC	ENSG00000225630.1	GGATATTG	3
GCATGTCTCATGCTTC	ENSG00000225630.1	ATCTCTTA	1
GCATGTCTCATGCTTC	ENSG00000225630.1	TGGGCAAC	1
GCATGTCTCATGCTTC	ENSG00000225630.1	TGCACGTT	1
GCATGTCTCATGCTTC	ENSG00000225630.1	TCTGCGGA	1
GCATGTCTCATGCTTC	ENSG00000225630.1	GAGGTATA	1
GCATGTCTCATGCTTC	ENSG00000225630.1	AACGGGTC	1
GCATGTCTCATGCTTC	ENSG00000225630.1	AAAAAGGG	1
GCATGTCTCATGCTTC	ENSG00000225630.1	ATCCAAGG	1
GCATGTCTCATGCTTC	ENSG00000225630.1	GCTGCCTT	1
GCATGTCTCATGCTTC	ENSG00000225630.1	TGAACGAT	1
GCATGTCTCATGCTTC	ENSG00000225630.1	TGTTCTGC	1
GCATGTCTCATGCTTC	ENSG00000225630.1	GGGGCACG	1
GCATGTCTCATGCTTC	ENSG00000225630.1	TACGAACG	1
GCATGTCTCATGCTTC	ENSG00000225630.1	TATGAAGC	2
GCATGTCTCATGCTTC	ENSG00000225630.1	GGTTAACG	1
GCATGTCTCATGCTTC	ENSG00000225630.1	CTACGGAT	2
GCATGTCTCATGCTTC	ENSG00000225630.1	GTTGGAAA	1
GCATGTCTCATGCTTC	ENSG00000225630.1	AGGGTTAA	2
GCATGTCTCATGCTTC	ENSG00000225630.1	GACGCAGT	1
GCATGTCTCATGCTTC	ENSG00000225630.1	CTGACAGT	1
GCATGTCTCATGCTTC	ENSG00000225630.1	TCATACAC	1
GCATGTCTCATGCTTC	ENSG00000225630.1	AAAATCTA	1
GCATGTCTCATGCTTC	ENSG00000225630.1	CATCAAAC	1
GCATGTCTCATGCTTC	ENSG00000225630.1	ATTGCAGG	1
GCATGTCTCATGCTTC	ENSG00000225630.1	ACCTGCGG	1
GCATGTCTCATGCTTC	ENSG00000225630.1	GGGACTCT	2
GCATGTCTCATGCTTC	ENSG00000225630.1	GAGCAGTT	1
GCATGTCTCATGCTTC	ENSG00000225630.1	CCTAGTTC	1
GCATGTCTCATGCTTC	ENSG00000225630.1	CTCAGAAT	1
GCATGTCTCATGCTTC	ENSG00000225630.1	CGCTACAT	1
GCATGTCTCATGCTTC	ENSG00000225630.1	GTGTCATA	2
GCATGTCTCATGCTTC	ENSG00000225630.1	TCGGTATC	1
GCATGTCTCATGCTTC	ENSG00000225630.1	TATCGCGA	1
GCATGTCTCATGCTTC	ENSG00000225630.1	GTATGTAG	1
GCATGTCTCATGCTTC	ENSG00000225630.1	AATGCATA	1
GCATGTCTCATGCTTC	ENSG00000272438.1	AAGAGACC	1
GCATGTCTCATGCTTC	ENSG00000270282.1	noUMI	2
GCATGTCTCATGCTTC	ENSG00000238249.2	noUMI	1
GCATGTCTCATGCTTC	ENSG00000171612.7	TTCATCTG	1
GCATGTCTCATGCTTC	ENSG00000171612.7	noUMI	2
GCATGTCTCATGCTTC	ENSG00000171612.7	GGAACCTG	2
GCATGTCTCATGCTTC	ENSG00000231789.2	noUMI	1
GCATGTCTCATGCTTC	ENSG00000288398.1	noUMI	1
GCATGTCTCATGCTTC	ENSG00000090432.7	noUMI	20
GCATGTCTCATGCTTC	ENSG00000179163.12	noUMI	9
GCATGTCTCATGCTTC	ENSG00000179163.12	GGAAGGAT	1
GCATGTCTCATGCTTC	ENSG00000284602.1	noUMI	1
GCATGTCTCATGCTTC	ENSG00000270605.1	noUMI	1
GCATGTCTCATGCTTC	ENSG00000175130.7	noUMI	3
GCATGTCTCATGCTTC	ENSG00000175130.7	GCTCCCCG	1
GCATGTCTCATGCTTC	ENSG00000273274.2	noUMI	3
GCATGTCTCATGCTTC	ENSG00000243749.1	noUMI	5
GCATGTCTCATGCTTC	ENSG00000243749.1	TACGGCAT	1
GCATGTCTCATGCTTC	ENSG00000286899.1	noUMI	4
GCATGTCTCATGCTTC	ENSG00000116863.11	noUMI	23
GCATGTCTCATGCTTC	ENSG00000116863.11	CCAAGTTA	1
GCATGTCTCATGCTTC	ENSG00000259943.1	noUMI	3
GCATGTCTCATGCTTC	ENSG00000186603.7	GGCACGTG	1
CTCAACAGGAACCTGT	ENSG00000225630.1	noUMI	1
CTCAACAGGAACCTGT	ENSG00000179163.12	noUMI	1
CTCAACAGGAACCTGT	ENSG00000243749.1	CCATGATG	1
CTCAACAGGAACCTGT	ENSG00000137970.7	noUMI	2
CTCAACAGGAACCTGT	ENSG00000065135.12	noUMI	4
CTCAACAGGAACCTGT	ENSG00000162783.11	GTTTACCG	1
CTCAACAGGAACCTGT	ENSG00000162817.7	noUMI	1
CTCAACAGGAACCTGT	ENSG00000143751.10	noUMI	1
CTCAACAGCCACATAG	ENSG00000279457.4	noUMI	1
CTCAACAGCCACATAG	ENSG00000225630.1	GGACTACA	1
CTCAACAGCCACATAG	ENSG00000225630.1	noUMI	14
CTCAACAGCCACATAG	ENSG00000225630.1	AGTCGCGT	1
CTCAACAGCCACATAG	ENSG00000225630.1	CTGAGACA	2
CTCAACAGCCACATAG	ENSG00000225630.1	GTGTAGAA	1
CTCAACAGCCACATAG	ENSG00000225630.1	TCCGACCT	1
CTCAACAGCCACATAG	ENSG00000225630.1	GGAACATT	1
CTCAACAGCCACATAG	ENSG00000225630.1	GTTGATGA	1
CTCAACAGCCACATAG	ENSG00000225630.1	TCTGGAAC	1
CTCAACAGCCACATAG	ENSG00000225630.1	AAAATTCG	1
CTCAACAGCCACATAG	ENSG00000225630.1	TGATTTAG	1
CTCAACAGCCACATAG	ENSG00000225630.1	CAGGAGCG	1
CTCAACAGCCACATAG	ENSG00000225630.1	GATAAGGG	1
CTCAACAGCCACATAG	ENSG00000225630.1	GTCTTGGA	1
CTCAACAGCCACATAG	ENSG00000225630.1	GGGAAGAC	1
CTCAACAGCCACATAG	ENSG00000225630.1	TTAAGACC	1
CTCAACAGCCACATAG	ENSG00000225630.1	GGTAACTA	1
CTCAACAGCCACATAG	ENSG00000225630.1	AGCTGTAT	1
CTCAACAGCCACATAG	ENSG00000225630.1	GGGTCCCA	2
CTCAACAGCCACATAG	ENSG00000225630.1	TGAGTCCT	1
CTCAACAGCCACATAG	ENSG00000225630.1	TCGGAGGC	1
CTCAACAGCCACATAG	ENSG00000225630.1	GATCAACA	1
CTCAACAGCCACATAG	ENSG00000225630.1	CATGTGTG	1
CTCAACAGCCACATAG	ENSG00000225630.1	TCGCGGCT	1
CTCAACAGCCACATAG	ENSG00000225630.1	AAGACCCC	1
CTCAACAGCCACATAG	ENSG00000225630.1	GAGGTGCG	1
CTCAACAGCCACATAG	ENSG00000225630.1	AAGCAGAT	1
CTCAACAGCCACATAG	ENSG00000225630.1	CAAGGAAT	1
CTCAACAGCCACATAG	ENSG00000225630.1	TAGTCTTG	1
CTCAACAGCCACATAG	ENSG00000225630.1	TTGGGCGA	1
CTCAACAGCCACATAG	ENSG00000225630.1	GACAAGCC	1
CTCAACAGCCACATAG	ENSG00000225630.1	AATGCAAA	1
CTCAACAGCCACATAG	ENSG00000225630.1	CGTTGCGG	1
CTCAACAGCCACATAG	ENSG00000225630.1	GGTCTATC	1
CTCAACAGCCACATAG	ENSG00000225630.1	TGTGGAGG	1
CTCAACAGCCACATAG	ENSG00000225630.1	CCTGTCGC	1
CTCAACAGCCACATAG	ENSG00000225630.1	TGTGATCG	1
CTCAACAGCCACATAG	ENSG00000233954.6	noUMI	1
CTCAACAGCCACATAG	ENSG00000090432.7	noUMI	3
CTCAACAGCCACATAG	ENSG00000090432.7	CCCATGGA	1
CTCAACAGCCACATAG	ENSG00000179163.12	noUMI	6
CTCAACAGCCACATAG	ENSG00000179163.12	GAGGTCCC	1
CTCAACAGCCACATAG	ENSG00000284657.1	noUMI	2
CTCAACAGCCACATAG	ENSG00000225159.1	noUMI	1
CTCAACAGCCACATAG	ENSG00000228589.3	noUMI	1
CTCAACAGCCACATAG	ENSG00000116863.11	noUMI	3
CTCAACAGCCACATAG	ENSG00000116863.11	TTGAGCCT	1
CTCAACAGCCACATAG	ENSG00000259943.1	noUMI	1
CTCAACAGCCACATAG	ENSG00000260920.2	AAGATGGT	1
CTCAACAGCCACATAG	ENSG00000169213.7	noUMI	3
CTCAACAGCCACATAG	ENSG00000162396.6	noUMI	1
CTCAACAGCCACATAG	ENSG00000116704.8	noUMI	2
CTCAACAGCCACATAG	ENSG00000234264.1	noUMI	2
CTCAACAGCCACATAG	ENSG00000066557.6	noUMI	10
CTCAACAGCCACATAG	ENSG00000066557.6	GACATTCC	1
CTCAACAGCCACATAG	ENSG00000066557.6	AGGGATCG	1
CTCAACAGCCACATAG	ENSG00000057468.7	noUMI	1
CTCAACAGCCACATAG	ENSG00000285928.1	GAATCCTG	1
CTCAACAGCCACATAG	ENSG00000285928.1	noUMI	1
CTCAACAGCCACATAG	ENSG00000280099.1	noUMI	1
CTCAACAGCCACATAG	ENSG00000137970.7	noUMI	1
CTCAACAGCCACATAG	ENSG00000137970.7	AACTCCAG	1
CTCAACAGCCACATAG	ENSG00000065135.12	noUMI	14
CTCAACAGCCACATAG	ENSG00000065135.12	CGGGAGAA	1
CTCAACAGCCACATAG	ENSG00000213281.5	noUMI	4
CTCAACAGCCACATAG	ENSG00000215784.6	noUMI	1
CTCAACAGCCACATAG	ENSG00000225080.1	noUMI	1
CTCAACAGCCACATAG	ENSG00000163344.6	noUMI	1
CTCAACAGCCACATAG	ENSG00000163344.6	AGGGGCCT	2
CTCAACAGCGAATTGG	ENSG00000279457.4	noUMI	2
CTCAACAGCGAATTGG	ENSG00000225630.1	TAACGGGA	1
CTCAACAGCGAATTGG	ENSG00000225630.1	TCGAATCA	1
CTCAACAGCGAATTGG	ENSG00000225630.1	CCAAGACT	2
CTCAACAGCGAATTGG	ENSG00000225630.1	noUMI	16
CTCAACAGCGAATTGG	ENSG00000225630.1	TTCACGTA	1
CTCAACAGCGAATTGG	ENSG00000225630.1	GCCGTGCT	1
CTCAACAGCGAATTGG	ENSG00000225630.1	GGGACCAC	2
CTCAACAGCGAATTGG	ENSG00000225630.1	AATAGATG	1
CTCAACAGCGAATTGG	ENSG00000225630.1	TCTAGCCC	1
CTCAACAGCGAATTGG	ENSG00000225630.1	TATAGACA	1
CTCAACAGCGAATTGG	ENSG00000225630.1	TCGAGGGT	1
CTCAACAGCGAATTGG	ENSG00000225630.1	CGCACTGC	1
CTCAACAGCGAATTGG	ENSG00000225630.1	CTGGAATC	1
CTCAACAGCGAATTGG	ENSG00000225630.1	TTGTGAAC	1
CTCAACAGCGAATTGG	ENSG00000225630.1	GTAAGAGC	1
CTCAACAGCGAATTGG	ENSG00000225630.1	CACGACGA	1
CTCAACAGCGAATTGG	ENSG00000225630.1	CAAATATA	1
CTCAACAGCGAATTGG	ENSG00000225630.1	AACGAACG	1
CTCAACAGCGAATTGG	ENSG00000225630.1	ATAGTCTT	1
CTCAACAGCGAATTGG	ENSG00000225630.1	CCAAGGGA	1
CTCAACAGCGAATTGG	ENSG00000225630.1	GCACAACG	1
CTCAACAGCGAATTGG	ENSG00000225630.1	TGCTGAGC	1
CTCAACAGCGAATTGG	ENSG00000158292.7	noUMI	6
CTCAACAGCGAATTGG	ENSG00000171612.7	noUMI	2
CTCAACAGCGAATTGG	ENSG00000271264.1	noUMI	1
CTCAACAGCGAATTGG	ENSG00000288398.1	noUMI	4
CTCAACAGCGAATTGG	ENSG00000090432.7	GGGAAGAG	1
CTCAACAGCGAATTGG	ENSG00000090432.7	noUMI	3
CTCAACAGCGAATTGG	ENSG00000270605.1	noUMI	4
CTCAACAGCGAATTGG	ENSG00000237329.2	GCCGTGAT	1
CTCAACAGCGAATTGG	ENSG00000175130.7	noUMI	9
CTCAACAGCGAATTGG	ENSG00000175130.7	ATGGATCC	1
CTCAACAGCGAATTGG	ENSG00000243749.1	noUMI	11
CTCAACAGCGAATTGG	ENSG00000243749.1	TGCACCAC	1
CTCAACAGCGAATTGG	ENSG00000271164.1	AGTTTGGA	1
CTCAACAGCGAATTGG	ENSG00000286899.1	TACATTAG	1
CTCAACAGCGAATTGG	ENSG00000286899.1	CGTTGACT	1
CTCAACAGCGAATTGG	ENSG00000116863.11	noUMI	8
CTCAACAGCGAATTGG	ENSG00000116863.11	GTAGGGAA	1
CTCAACAGCGAATTGG	ENSG00000117000.9	noUMI	4
CTCAACAGCGAATTGG	ENSG00000279667.1	noUMI	3
CTCAACAGCGAATTGG	ENSG00000203356.2	noUMI	5
CTCAACAGCGAATTGG	ENSG00000232027.2	noUMI	1
CTCAACAGCGAATTGG	ENSG00000169213.7	noUMI	1
CTCAACAGCGAATTGG	ENSG00000162396.6	noUMI	6
CTCAACAGCGAATTGG	ENSG00000185839.3	noUMI	1
CTCAACAGCGAATTGG	ENSG00000066557.6	noUMI	11
CTCAACAGCGAATTGG	ENSG00000066557.6	CTTAGGCC	1
CTCAACAGCGAATTGG	ENSG00000066557.6	TTAAACGG	1
CTCAACAGCGAATTGG	ENSG00000226084.5	TTGGAATT	1
CTCAACAGCGAATTGG	ENSG00000219201.4	noUMI	2
CTCAACAGCGAATTGG	ENSG00000237959.1	noUMI	3
TTGGAACCCCACATAG	ENSG00000279457.4	noUMI	1
TTGGAACCCCACATAG	ENSG00000225630.1	noUMI	41
TTGGAACCCCACATAG	ENSG00000225630.1	ACCGGGGT	3
TTGGAACCCCACATAG	ENSG00000225630.1	GTAGTGGA	1
TTGGAACCCCACATAG	ENSG00000225630.1	GTGTCCTT	1
TTGGAACCCCACATAG	ENSG00000225630.1	GCTATAAT	1
TTGGAACCCCACATAG	ENSG00000225630.1	AACGCTAC	2
TTGGAACCCCACATAG	ENSG00000225630.1	TGGGGTGA	1
TTGGAACCCCACATAG	ENSG00000225630.1	TACCGTTG	1
TTGGAACCCCACATAG	ENSG00000225630.1	GGTGCTGC	1
TTGGAACCCCACATAG	ENSG00000225630.1	CACTTGTT	1
TTGGAACCCCACATAG	ENSG00000225630.1	CAGCTCAA	1
TTGGAACCCCACATAG	ENSG00000225630.1	TAACTAAC	2
TTGGAACCCCACATAG	ENSG00000225630.1	CTATCCAT	1
TTGGAACCCCACATAG	ENSG00000225630.1	TATTCGAC	1
TTGGAACCCCACATAG	ENSG00000225630.1	TACGATCC	1
TTGGAACCCCACATAG	ENSG00000225630.1	GGCAACAG	1
TTGGAACCCCACATAG	ENSG00000225630.1	CGGGATAC	1
TTGGAACCCCACATAG	ENSG00000225630.1	CATCACGC	1
TTGGAACCCCACATAG	ENSG00000225630.1	CCAAGAAA	1
TTGGAACCCCACATAG	ENSG00000225630.1	AAGGGGAT	1
TTGGAACCCCACATAG	ENSG00000225630.1	TACACGAG	1
TTGGAACCCCACATAG	ENSG00000225630.1	ATAACACG	1
TTGGAACCCCACATAG	ENSG00000225630.1	GAAGTCTA	1
TTGGAACCCCACATAG	ENSG00000225630.1	TACCTGGG	1
TTGGAACCCCACATAG	ENSG00000225630.1	CAGGACAT	2
TTGGAACCCCACATAG	ENSG00000225630.1	CAAGCATA	1
TTGGAACCCCACATAG	ENSG00000225630.1	AGCTTAGA	1
TTGGAACCCCACATAG	ENSG00000225630.1	TGCTTCCG	1
TTGGAACCCCACATAG	ENSG00000225630.1	TGGACCTC	1
TTGGAACCCCACATAG	ENSG00000225630.1	CCAGAGAA	2
TTGGAACCCCACATAG	ENSG00000225630.1	AATATGCT	1
TTGGAACCCCACATAG	ENSG00000225630.1	CGACCATG	2
TTGGAACCCCACATAG	ENSG00000225630.1	CTAGAGGA	1
TTGGAACCCCACATAG	ENSG00000225630.1	AGGCAGAG	1
TTGGAACCCCACATAG	ENSG00000225630.1	GGTTTCAC	1
TTGGAACCCCACATAG	ENSG00000225630.1	CGTTGAGT	1
TTGGAACCCCACATAG	ENSG00000225630.1	GGGTCTAC	1
TTGGAACCCCACATAG	ENSG00000225630.1	CCGGCCTT	1
TTGGAACCCCACATAG	ENSG00000225630.1	CTTCTATG	2
TTGGAACCCCACATAG	ENSG00000225630.1	GAATCTGA	2
TTGGAACCCCACATAG	ENSG00000225630.1	ACAATCAA	1
TTGGAACCCCACATAG	ENSG00000225630.1	CTCACGCA	1
TTGGAACCCCACATAG	ENSG00000225630.1	CTTGTCCA	1
TTGGAACCCCACATAG	ENSG00000225630.1	ATAGGGGC	1
TTGGAACCCCACATAG	ENSG00000225630.1	CAGTCAAC	2
TTGGAACCCCACATAG	ENSG00000225630.1	GTCAAATA	1
TTGGAACCCCACATAG	ENSG00000225630.1	ATATAACG	1
TTGGAACCCCACATAG	ENSG00000225630.1	ATAGTCAG	1
TTGGAACCCCACATAG	ENSG00000225630.1	AGGATGTT	1
TTGGAACCCCACATAG	ENSG00000225630.1	GAATCAGT	2
TTGGAACCCCACATAG	ENSG00000225630.1	GAGGTAAT	1
TTGGAACCCCACATAG	ENSG00000225630.1	TCCTGGAC	1
TTGGAACCCCACATAG	ENSG00000158292.7	noUMI	1
TTGGAACCCCACATAG	ENSG00000237301.1	ACAAACAT	1
TTGGAACCCCACATAG	ENSG00000288398.1	noUMI	7
TTGGAACCCCACATAG	ENSG00000090432.7	noUMI	15
TTGGAACCCCACATAG	ENSG00000090432.7	CCTGGACA	1
TTGGAACCCCACATAG	ENSG00000179546.5	noUMI	1
TTGGAACCCCACATAG	ENSG00000179163.12	noUMI	1
TTGGAACCCCACATAG	ENSG00000270605.1	TTCTGATG	1
TTGGAACCCCACATAG	ENSG00000270605.1	GTTCTTAT	1
TTGGAACCCCACATAG	ENSG00000175130.7	noUMI	3
TTGGAACCCCACATAG	ENSG00000273274.2	noUMI	1
TTGGAACCCCACATAG	ENSG00000243749.1	noUMI	1
TTGGAACCCCACATAG	ENSG00000116863.11	GGACGCCG	1
TTGGAACCCCACATAG	ENSG00000116863.11	TGCGCGGT	2
TTGGAACCCCACATAG	ENSG00000116863.11	noUMI	13
TTGGAACCCCACATAG	ENSG00000185668.8	noUMI	1
TTGGAACCCCACATAG	ENSG00000163909.8	noUMI	1
TTGGAACCCCACATAG	ENSG00000163909.8	GGTGTACA	1
TTGGAACCCCACATAG	ENSG00000116981.4	noUMI	3
TTGGAACCCCACATAG	ENSG00000117000.9	noUMI	4
TTGGAACCCCACATAG	ENSG00000234694.1	CAGGGTAG	1
TTGGAACCCCACATAG	ENSG00000237424.1	noUMI	3
TTGGAACCCCACATAG	ENSG00000228929.1	noUMI	1
TTGGAACCCCACATAG	ENSG00000286429.1	noUMI	1
TTGGAACCCCACATAG	ENSG00000066557.6	noUMI	2
TTGGAACCCCACATAG	ENSG00000066557.6	CATAACTC	1
TTGGAACCCCACATAG	ENSG00000066557.6	CGATATCG	1
TTGGAACCCCACATAG	ENSG00000226415.1	AGACTAAT	1
TTGGAACCCCACATAG	ENSG00000226415.1	noUMI	1
TTGGAACCCCACATAG	ENSG00000226084.5	GACGGTAA	1
TTGGAACCCCACATAG	ENSG00000271576.1	noUMI	1
TTGGAACCCCACATAG	ENSG00000143032.8	noUMI	2
TTGGAACCCCACATAG	ENSG00000223896.2	noUMI	2
CAACCTCACGGTTGTT	ENSG00000279457.4	noUMI	1
CAACCTCACGGTTGTT	ENSG00000225630.1	TCTACGCA	2
CAACCTCACGGTTGTT	ENSG00000225630.1	noUMI	53
CAACCTCACGGTTGTT	ENSG00000225630.1	GCGTAGAA	1
CAACCTCACGGTTGTT	ENSG00000225630.1	AATGTCCC	1
CAACCTCACGGTTGTT	ENSG00000225630.1	ACACAGCA	1
CAACCTCACGGTTGTT	ENSG00000225630.1	TCGTAAAT	1
CAACCTCACGGTTGTT	ENSG00000225630.1	GGTTTGTG	1
CAACCTCACGGTTGTT	ENSG00000225630.1	GATGCAAG	1
CAACCTCACGGTTGTT	ENSG00000225630.1	TTAGGCCT	1
CAACCTCACGGTTGTT	ENSG00000225630.1	GATTGAAC	1
CAACCTCACGGTTGTT	ENSG00000225630.1	AAACCTGT	1
CAACCTCACGGTTGTT	ENSG00000225630.1	GGTTCTAA	1
CAACCTCACGGTTGTT	ENSG00000225630.1	ATTCGGGA	1
CAACCTCACGGTTGTT	ENSG00000225630.1	TTGGCCGT	1
CAACCTCACGGTTGTT	ENSG00000225630.1	CGTCTGGT	1
CAACCTCACGGTTGTT	ENSG00000225630.1	AGGGGATA	1
CAACCTCACGGTTGTT	ENSG00000225630.1	TGCTATGG	3
CAACCTCACGGTTGTT	ENSG00000225630.1	GTATGTCA	2
CAACCTCACGGTTGTT	ENSG00000225630.1	TGGCGGTT	1
CAACCTCACGGTTGTT	ENSG00000225630.1	GACGAACC	1
CAACCTCACGGTTGTT	ENSG00000225630.1	TACAAGAC	1
CAACCTCACGGTTGTT	ENSG00000225630.1	GCACAACA	1
CAACCTCACGGTTGTT	ENSG00000225630.1	GAGAAGAG	2
CAACCTCACGGTTGTT	ENSG00000225630.1	TGACCTCG	1
CAACCTCACGGTTGTT	ENSG00000225630.1	CAGGAAGG	1
CAACCTCACGGTTGTT	ENSG00000225630.1	GCGATGTT	1
CAACCTCACGGTTGTT	ENSG00000225630.1	TGGAAGAG	1
CAACCTCACGGTTGTT	ENSG00000225630.1	CGAACTGC	1
CAACCTCACGGTTGTT	ENSG00000225630.1	GTGATTGT	1
CAACCTCACGGTTGTT	ENSG00000225630.1	TGTCTAAC	1
CAACCTCACGGTTGTT	ENSG00000225630.1	GTGTAGGT	1
CAACCTCACGGTTGTT	ENSG00000225630.1	TGCAGTCC	1
CAACCTCACGGTTGTT	ENSG00000225630.1	TTCAGGTA	1
CAACCTCACGGTTGTT	ENSG00000225630.1	GCGAGTAC	1
CAACCTCACGGTTGTT	ENSG00000225630.1	CCATTGGG	1
CAACCTCACGGTTGTT	ENSG00000225630.1	GAAGAACC	1
CAACCTCACGGTTGTT	ENSG00000225630.1	CAGTTGGT	1
CAACCTCACGGTTGTT	ENSG00000225630.1	AAAAAAAC	1
CAACCTCACGGTTGTT	ENSG00000225630.1	GGAGGGCA	1
CAACCTCACGGTTGTT	ENSG00000225630.1	CTGGTGCT	1
CAACCTCACGGTTGTT	ENSG00000225630.1	GTTAGCAA	1
CAACCTCACGGTTGTT	ENSG00000225630.1	TACCCAAT	1
CAACCTCACGGTTGTT	ENSG00000225630.1	AACGGCAA	1
CAACCTCACGGTTGTT	ENSG00000225630.1	GGTAAATG	1
CAACCTCACGGTTGTT	ENSG00000225630.1	AGTGTCCT	1
CAACCTCACGGTTGTT	ENSG00000225630.1	ACATTGAA	1
CAACCTCACGGTTGTT	ENSG00000225630.1	GCCAAAAA	1
CAACCTCACGGTTGTT	ENSG00000225630.1	TGCTATAA	1
CAACCTCACGGTTGTT	ENSG00000225630.1	TAGACTGA	1
CAACCTCACGGTTGTT	ENSG00000225630.1	ACGTACGA	1
CAACCTCACGGTTGTT	ENSG00000225630.1	ACAGCACG	1
CAACCTCACGGTTGTT	ENSG00000225630.1	AACATGCT	1
CAACCTCACGGTTGTT	ENSG00000225630.1	GGTCCGAT	1
CAACCTCACGGTTGTT	ENSG00000225630.1	GGGTTACG	1
CAACCTCACGGTTGTT	ENSG00000225630.1	GTTCACGA	1
CAACCTCACGGTTGTT	ENSG00000225630.1	ACAGTTAT	1
CAACCTCACGGTTGTT	ENSG00000225630.1	GTCGCGGA	1
CAACCTCACGGTTGTT	ENSG00000225630.1	ATGAGGCA	1
CAACCTCACGGTTGTT	ENSG00000225630.1	GTACCCCG	1
CAACCTCACGGTTGTT	ENSG00000225630.1	ATGGGGGT	1
CAACCTCACGGTTGTT	ENSG00000225630.1	ACGAGAAG	1
CAACCTCACGGTTGTT	ENSG00000272512.1	noUMI	3
CAACCTCACGGTTGTT	ENSG00000176022.7	CTGGGGGC	1
CAACCTCACGGTTGTT	ENSG00000176022.7	noUMI	1
CAACCTCACGGTTGTT	ENSG00000272455.1	noUMI	1
CAACCTCACGGTTGTT	ENSG00000171612.7	noUMI	1
CAACCTCACGGTTGTT	ENSG00000241563.4	noUMI	2
CAACCTCACGGTTGTT	ENSG00000288398.1	noUMI	4
CAACCTCACGGTTGTT	ENSG00000261135.1	noUMI	1
CAACCTCACGGTTGTT	ENSG00000270728.1	noUMI	2
CAACCTCACGGTTGTT	ENSG00000090432.7	AGGGCTCG	1
CAACCTCACGGTTGTT	ENSG00000090432.7	noUMI	11
CAACCTCACGGTTGTT	ENSG00000227001.3	noUMI	1
CAACCTCACGGTTGTT	ENSG00000179163.12	noUMI	2
CAACCTCACGGTTGTT	ENSG00000228589.3	AAGTCGAA	1
CAACCTCACGGTTGTT	ENSG00000270605.1	noUMI	2
CAACCTCACGGTTGTT	ENSG00000279443.1	noUMI	2
CAACCTCACGGTTGTT	ENSG00000237329.2	GTATGCCC	1
CAACCTCACGGTTGTT	ENSG00000237329.2	noUMI	4
CAACCTCACGGTTGTT	ENSG00000175130.7	noUMI	2
CAACCTCACGGTTGTT	ENSG00000175130.7	GCTCTGCA	1
CAACCTCACGGTTGTT	ENSG00000175130.7	CCTCACGA	2
CAACCTCACGGTTGTT	ENSG00000175130.7	GAGGGTGG	1
CAACCTCACGGTTGTT	ENSG00000175130.7	GATGGGTG	1
CAACCTCACGGTTGTT	ENSG00000175130.7	GGTAGCAG	1
CAACCTCACGGTTGTT	ENSG00000175130.7	AGGTGGCT	1
CAACCTCACGGTTGTT	ENSG00000175130.7	AGGATCCC	1
CAACCTCACGGTTGTT	ENSG00000243749.1	noUMI	1
CAACCTCACGGTTGTT	ENSG00000116863.11	noUMI	6
CAACCTCACGGTTGTT	ENSG00000116863.11	TTCAGCGC	1
CAACCTCACGGTTGTT	ENSG00000163909.8	noUMI	1
CAACCTCACGGTTGTT	ENSG00000117000.9	noUMI	5
CAACCTCACGGTTGTT	ENSG00000259943.1	noUMI	1
TGACCAAGCATGCTTC	ENSG00000279457.4	AAGGCTAG	2
TGACCAAGCATGCTTC	ENSG00000225630.1	GATCAACG	1
TGACCAAGCATGCTTC	ENSG00000225630.1	noUMI	38
TGACCAAGCATGCTTC	ENSG00000225630.1	TAACAGCC	3
TGACCAAGCATGCTTC	ENSG00000225630.1	TCAGTACC	3
TGACCAAGCATGCTTC	ENSG00000225630.1	GCGTGCTA	1
TGACCAAGCATGCTTC	ENSG00000225630.1	GTCGTGGT	1
TGACCAAGCATGCTTC	ENSG00000225630.1	ATGCAACA	1
TGACCAAGCATGCTTC	ENSG00000225630.1	AAGTGAAT	2
TGACCAAGCATGCTTC	ENSG00000225630.1	GTACGAGT	1
TGACCAAGCATGCTTC	ENSG00000225630.1	GGGCATGA	1
TGACCAAGCATGCTTC	ENSG00000225630.1	GGTTGGGT	1
TGACCAAGCATGCTTC	ENSG00000225630.1	ATAGTTCA	1
TGACCAAGCATGCTTC	ENSG00000225630.1	AGCACTAG	1
TGACCAAGCATGCTTC	ENSG00000225630.1	CTATCCCA	1
TGACCAAGCATGCTTC	ENSG00000225630.1	GAGGAATT	1
TGACCAAGCATGCTTC	ENSG00000225630.1	GGCAAAGG	1
TGACCAAGCATGCTTC	ENSG00000225630.1	GTGCTGTA	1
TGACCAAGCATGCTTC	ENSG00000225630.1	CGTTAACT	1
TGACCAAGCATGCTTC	ENSG00000225630.1	ACAGGAAG	2
TGACCAAGCATGCTTC	ENSG00000225630.1	TCTACTGA	2
TGACCAAGCATGCTTC	ENSG00000225630.1	TTAACTCA	1
TGACCAAGCATGCTTC	ENSG00000225630.1	GGGCTCTC	1
TGACCAAGCATGCTTC	ENSG00000225630.1	TCTACAAT	1
TGACCAAGCATGCTTC	ENSG00000225630.1	ACGGCCTT	1
TGACCAAGCATGCTTC	ENSG00000225630.1	TCGGCGTC	1
TGACCAAGCATGCTTC	ENSG00000225630.1	AAGGCACT	1
TGACCAAGCATGCTTC	ENSG00000225630.1	CCTCCGCT	1
TGACCAAGCATGCTTC	ENSG00000225630.1	GTCGCCCA	1
TGACCAAGCATGCTTC	ENSG00000225630.1	CTTAAACG	2
TGACCAAGCATGCTTC	ENSG00000225630.1	ATATGCTA	1
TGACCAAGCATGCTTC	ENSG00000225630.1	GGGGATCA	1
TGACCAAGCATGCTTC	ENSG00000225630.1	ACTAGAGC	1
TGACCAAGCATGCTTC	ENSG00000225630.1	GGCTCCCC	1
TGACCAAGCATGCTTC	ENSG00000225630.1	CGGGCAAG	1
TGACCAAGCATGCTTC	ENSG00000225630.1	ACGCGGCG	1
TGACCAAGCATGCTTC	ENSG00000171612.7	noUMI	1
TGACCAAGCATGCTTC	ENSG00000288398.1	noUMI	6
TGACCAAGCATGCTTC	ENSG00000090432.7	noUMI	5
TGACCAAGCATGCTTC	ENSG00000235112.1	AGGGACCT	1
TGACCAAGCATGCTTC	ENSG00000179163.12	noUMI	13
TGACCAAGCATGCTTC	ENSG00000284602.1	noUMI	1
TGACCAAGCATGCTTC	ENSG00000225159.1	noUMI	1
TGACCAAGCATGCTTC	ENSG00000270605.1	noUMI	3
TGACCAAGCATGCTTC	ENSG00000175130.7	noUMI	9
TGACCAAGCATGCTTC	ENSG00000175130.7	CGGAGTAA	1
TGACCAAGCATGCTTC	ENSG00000273274.2	noUMI	4
TGACCAAGCATGCTTC	ENSG00000243749.1	noUMI	1
TGACCAAGCATGCTTC	ENSG00000243749.1	TCGACGGT	1
TGACCAAGCATGCTTC	ENSG00000116863.11	noUMI	13
TGACCAAGCATGCTTC	ENSG00000117000.9	noUMI	6
TGACCAAGCATGCTTC	ENSG00000259943.1	GAGGGCCC	1
TGACCAAGCATGCTTC	ENSG00000287743.1	noUMI	1
TGACCAAGCATGCTTC	ENSG00000169213.7	noUMI	2
TGACCAAGCATGCTTC	ENSG00000162396.6	noUMI	3
TGACCAAGCATGCTTC	ENSG00000066557.6	noUMI	19
TGACCAAGCATGCTTC	ENSG00000066557.6	TGTAGCCT	1
TGACCAAGCATGCTTC	ENSG00000066557.6	TACGGCGA	2
TTGGAACCCGAATTGG	ENSG00000225972.1	noUMI	1
TTGGAACCCGAATTGG	ENSG00000225630.1	noUMI	53
TTGGAACCCGAATTGG	ENSG00000225630.1	CCTATGGA	1
TTGGAACCCGAATTGG	ENSG00000225630.1	GCGAATGA	1
TTGGAACCCGAATTGG	ENSG00000225630.1	AAGATGGT	3
TTGGAACCCGAATTGG	ENSG00000225630.1	GCTCGCTC	1
TTGGAACCCGAATTGG	ENSG00000225630.1	TTTTGGAC	1
TTGGAACCCGAATTGG	ENSG00000225630.1	TGCCATAT	1
TTGGAACCCGAATTGG	ENSG00000225630.1	GTCGATGT	1
TTGGAACCCGAATTGG	ENSG00000225630.1	GTACGGCG	1
TTGGAACCCGAATTGG	ENSG00000225630.1	AGCTCTAA	1
TTGGAACCCGAATTGG	ENSG00000225630.1	GCGATCAC	1
TTGGAACCCGAATTGG	ENSG00000225630.1	GGCTACTA	1
TTGGAACCCGAATTGG	ENSG00000225630.1	CGTCCCAT	1
TTGGAACCCGAATTGG	ENSG00000225630.1	GGATCCAT	2
TTGGAACCCGAATTGG	ENSG00000225630.1	GCTAATCC	1
TTGGAACCCGAATTGG	ENSG00000225630.1	GTACACTC	1
TTGGAACCCGAATTGG	ENSG00000225630.1	GATACATA	1
TTGGAACCCGAATTGG	ENSG00000225630.1	GTGGTTCG	1
TTGGAACCCGAATTGG	ENSG00000225630.1	AGCCTAGG	1
TTGGAACCCGAATTGG	ENSG00000225630.1	AATTGTAA	1
TTGGAACCCGAATTGG	ENSG00000225630.1	ATTCTTGA	3
TTGGAACCCGAATTGG	ENSG00000225630.1	TAAACGGT	1
TTGGAACCCGAATTGG	ENSG00000225630.1	GAGATACT	1
TTGGAACCCGAATTGG	ENSG00000225630.1	CTCCCCCT	1
TTGGAACCCGAATTGG	ENSG00000225630.1	GCCCATGC	1
TTGGAACCCGAATTGG	ENSG00000225630.1	CGCCTATA	1
TTGGAACCCGAATTGG	ENSG00000225630.1	TCTAATCC	1
TTGGAACCCGAATTGG	ENSG00000225630.1	AAAACCGC	1
TTGGAACCCGAATTGG	ENSG00000225630.1	GCTCGACG	1
TTGGAACCCGAATTGG	ENSG00000225630.1	GGGGCCAA	1
TTGGAACCCGAATTGG	ENSG00000225630.1	GTTACAGA	1
TTGGAACCCGAATTGG	ENSG00000225630.1	TCGCATGG	1
TTGGAACCCGAATTGG	ENSG00000225630.1	CGCACCGG	1
TTGGAACCCGAATTGG	ENSG00000225630.1	GGAGGTCG	1
TTGGAACCCGAATTGG	ENSG00000225630.1	AATGGACG	1
TTGGAACCCGAATTGG	ENSG00000225630.1	GGCTCCTA	1
TTGGAACCCGAATTGG	ENSG00000225630.1	CGATGGCC	1
TTGGAACCCGAATTGG	ENSG00000225630.1	AACAGCCG	1
TTGGAACCCGAATTGG	ENSG00000225630.1	GGTAGCTC	2
TTGGAACCCGAATTGG	ENSG00000225630.1	TACCAGAC	1
TTGGAACCCGAATTGG	ENSG00000225630.1	TACAAGTA	1
TTGGAACCCGAATTGG	ENSG00000225630.1	GGACTCTG	2
TTGGAACCCGAATTGG	ENSG00000225630.1	GTGGGCAG	1
TTGGAACCCGAATTGG	ENSG00000225630.1	AGCTAAAG	1
TTGGAACCCGAATTGG	ENSG00000225630.1	CTCACATC	1
TTGGAACCCGAATTGG	ENSG00000225630.1	ACATTCTA	3
TTGGAACCCGAATTGG	ENSG00000225630.1	GACAAAAC	1
TTGGAACCCGAATTGG	ENSG00000225630.1	GAATGGCA	1
TTGGAACCCGAATTGG	ENSG00000198744.5	ATAGCAAC	1
TTGGAACCCGAATTGG	ENSG00000234711.1	noUMI	5
TTGGAACCCGAATTGG	ENSG00000234711.1	GCGTGTGT	1
TTGGAACCCGAATTGG	ENSG00000272455.1	ACCTGTGG	1
TTGGAACCCGAATTGG	ENSG00000272455.1	noUMI	2
TTGGAACCCGAATTGG	ENSG00000171612.7	CATAGGGA	2
TTGGAACCCGAATTGG	ENSG00000171612.7	noUMI	10
TTGGAACCCGAATTGG	ENSG00000171612.7	ACTAGCAC	1
TTGGAACCCGAATTGG	ENSG00000288398.1	noUMI	4
TTGGAACCCGAATTGG	ENSG00000288398.1	CGGGAAGC	1
TTGGAACCCGAATTGG	ENSG00000261135.1	AGAGGGCT	1
TTGGAACCCGAATTGG	ENSG00000179023.9	noUMI	2
TTGGAACCCGAATTGG	ENSG00000158748.4	noUMI	1
TTGGAACCCGAATTGG	ENSG00000090432.7	noUMI	46
TTGGAACCCGAATTGG	ENSG00000090432.7	CATCGGAG	1
TTGGAACCCGAATTGG	ENSG00000090432.7	GTCTTGGT	1
TTGGAACCCGAATTGG	ENSG00000279625.1	noUMI	5
TTGGAACCCGAATTGG	ENSG00000179546.5	GTCGTGGT	1
TTGGAACCCGAATTGG	ENSG00000179546.5	noUMI	3
TTGGAACCCGAATTGG	ENSG00000179163.12	noUMI	23
TTGGAACCCGAATTGG	ENSG00000231953.2	noUMI	4
TTGGAACCCGAATTGG	ENSG00000231953.2	CATGCCCG	1
TTGGAACCCGAATTGG	ENSG00000284657.1	noUMI	2
TTGGAACCCGAATTGG	ENSG00000158246.8	TCACTAGC	1
TTGGAACCCGAATTGG	ENSG00000175130.7	noUMI	2
TTGGAACCCGAATTGG	ENSG00000175130.7	GTACATCG	1
TTGGAACCCGAATTGG	ENSG00000175130.7	GGTACATC	1
TTGGAACCCGAATTGG	ENSG00000175130.7	AACACAAA	1
TTGGAACCCGAATTGG	ENSG00000273274.2	GCAGGGTT	1
TTGGAACCCGAATTGG	ENSG00000273274.2	noUMI	13
TTGGAACCCGAATTGG	ENSG00000116863.11	noUMI	9
TTGGAACCCGAATTGG	ENSG00000260920.2	CTGTCATG	1
TTGGAACCCGAATTGG	ENSG00000142959.5	noUMI	17
TTGGAACCCGAATTGG	ENSG00000162396.6	noUMI	5
TTGGAACCCGAATTGG	ENSG00000066557.6	noUMI	30
TTGGAACCCGAATTGG	ENSG00000066557.6	ATAGGACC	2
TTGGAACCCGAATTGG	ENSG00000280099.1	noUMI	3
TTGGAACCCGAATTGG	ENSG00000223896.2	noUMI	10
CAACCTCACAGATTCG	ENSG00000279457.4	noUMI	4
CAACCTCACAGATTCG	ENSG00000225630.1	noUMI	39
CAACCTCACAGATTCG	ENSG00000225630.1	GACAATTT	1
CAACCTCACAGATTCG	ENSG00000225630.1	TGTAAGAG	1
CAACCTCACAGATTCG	ENSG00000225630.1	CTCACTCT	1
CAACCTCACAGATTCG	ENSG00000225630.1	GGCGTATC	2
CAACCTCACAGATTCG	ENSG00000225630.1	AGGGCAGA	2
CAACCTCACAGATTCG	ENSG00000225630.1	GTAAGCGC	1
CAACCTCACAGATTCG	ENSG00000225630.1	AATGCATA	1
CAACCTCACAGATTCG	ENSG00000225630.1	AGGGCCTC	1
CAACCTCACAGATTCG	ENSG00000225630.1	CAGTATGG	1
CAACCTCACAGATTCG	ENSG00000225630.1	CATAAAGA	1
CAACCTCACAGATTCG	ENSG00000225630.1	GCGGCTTC	4
CAACCTCACAGATTCG	ENSG00000225630.1	AGCCCTAT	1
CAACCTCACAGATTCG	ENSG00000225630.1	ATTGACGG	2
CAACCTCACAGATTCG	ENSG00000225630.1	AGCCCGGG	1
CAACCTCACAGATTCG	ENSG00000225630.1	AGTTACCC	1
CAACCTCACAGATTCG	ENSG00000225630.1	CAATATAT	1
CAACCTCACAGATTCG	ENSG00000225630.1	TGGGATCC	1
CAACCTCACAGATTCG	ENSG00000225630.1	GACCCGAC	2
CAACCTCACAGATTCG	ENSG00000225630.1	TATGGATT	1
CAACCTCACAGATTCG	ENSG00000225630.1	CGGCATTA	1
CAACCTCACAGATTCG	ENSG00000225630.1	TCAGGGAC	2
CAACCTCACAGATTCG	ENSG00000225630.1	TACGTATA	1
CAACCTCACAGATTCG	ENSG00000225630.1	CGTTGTTG	1
CAACCTCACAGATTCG	ENSG00000225630.1	AAATATCG	1
CAACCTCACAGATTCG	ENSG00000225630.1	TCTGGATA	1
CAACCTCACAGATTCG	ENSG00000225630.1	ACTAGGGA	1
CAACCTCACAGATTCG	ENSG00000225630.1	GACTGGCT	1
CAACCTCACAGATTCG	ENSG00000225630.1	TAGCAACA	1
CAACCTCACAGATTCG	ENSG00000225630.1	AGGTTCTA	1
CAACCTCACAGATTCG	ENSG00000225630.1	CGAATCTC	1
CAACCTCACAGATTCG	ENSG00000225630.1	CACGTACC	1
CAACCTCACAGATTCG	ENSG00000225630.1	TAAAGGTT	1
CAACCTCACAGATTCG	ENSG00000225630.1	AAGCATCA	1
CAACCTCACAGATTCG	ENSG00000225630.1	TAGCACTG	1
CAACCTCACAGATTCG	ENSG00000225630.1	AGGACTAC	1
CAACCTCACAGATTCG	ENSG00000225630.1	CGTCGACC	1
CAACCTCACAGATTCG	ENSG00000225630.1	CACCCTAT	1
CAACCTCACAGATTCG	ENSG00000225630.1	TGAACATG	1
CAACCTCACAGATTCG	ENSG00000225630.1	TAAGCTGG	1
CAACCTCACAGATTCG	ENSG00000225630.1	GTTTAAGA	1
CAACCTCACAGATTCG	ENSG00000225630.1	TGAAAAAC	3
CAACCTCACAGATTCG	ENSG00000225630.1	GTAACCAG	1
CAACCTCACAGATTCG	ENSG00000225630.1	GCCTTCAA	1
CAACCTCACAGATTCG	ENSG00000225630.1	GGCCAGGG	1
CAACCTCACAGATTCG	ENSG00000225630.1	TGAGGACC	1
CAACCTCACAGATTCG	ENSG00000225630.1	GGTCCACT	1
CAACCTCACAGATTCG	ENSG00000225630.1	ACCACAAT	1
CAACCTCACAGATTCG	ENSG00000225630.1	AACCACGG	1
CAACCTCACAGATTCG	ENSG00000225630.1	TCAGAATG	1
CAACCTCACAGATTCG	ENSG00000225630.1	ATCGAGAC	1
CAACCTCACAGATTCG	ENSG00000225630.1	TGGTCTAC	1
CAACCTCACAGATTCG	ENSG00000225630.1	GCGGGGCC	1
CAACCTCACAGATTCG	ENSG00000225630.1	TACGTCAA	1
CAACCTCACAGATTCG	ENSG00000225630.1	GAATGATC	1
CAACCTCACAGATTCG	ENSG00000225630.1	GTAGTCAT	1
CAACCTCACAGATTCG	ENSG00000225630.1	TCAGAGGG	1
CAACCTCACAGATTCG	ENSG00000225630.1	ACACACAG	1
CAACCTCACAGATTCG	ENSG00000225630.1	CACACTTG	2
CAACCTCACAGATTCG	ENSG00000225630.1	GTGATTAC	2
CAACCTCACAGATTCG	ENSG00000225630.1	GTCATAGT	2
CAACCTCACAGATTCG	ENSG00000225630.1	CCGAAAGT	1
CAACCTCACAGATTCG	ENSG00000225630.1	GCAACACG	1
CAACCTCACAGATTCG	ENSG00000225630.1	ATAGGGCA	2
CAACCTCACAGATTCG	ENSG00000225630.1	GATTGAAT	1
CAACCTCACAGATTCG	ENSG00000225630.1	TGGATCCG	1
CAACCTCACAGATTCG	ENSG00000225630.1	CATTTCCA	1
CAACCTCACAGATTCG	ENSG00000225630.1	AATAATGG	1
CAACCTCACAGATTCG	ENSG00000225630.1	ACGTACCT	2
CAACCTCACAGATTCG	ENSG00000225630.1	GTCCTCTC	1
CAACCTCACAGATTCG	ENSG00000225630.1	CGCGTAGA	1
CAACCTCACAGATTCG	ENSG00000225630.1	GGTTGGCC	1
CAACCTCACAGATTCG	ENSG00000225630.1	GATAAATT	1
CAACCTCACAGATTCG	ENSG00000225630.1	TAGTCCCC	1
CAACCTCACAGATTCG	ENSG00000272455.1	noUMI	2
CAACCTCACAGATTCG	ENSG00000090432.7	noUMI	9
CAACCTCACAGATTCG	ENSG00000090432.7	CGGACGGT	1
CAACCTCACAGATTCG	ENSG00000179163.12	noUMI	1
CAACCTCACAGATTCG	ENSG00000130766.5	noUMI	3
CAACCTCACAGATTCG	ENSG00000130766.5	GGCCACCT	1
CAACCTCACAGATTCG	ENSG00000237934.1	noUMI	1
CAACCTCACAGATTCG	ENSG00000228634.1	noUMI	2
CAACCTCACAGATTCG	ENSG00000175130.7	noUMI	6
CAACCTCACAGATTCG	ENSG00000175130.7	AAAATGTA	2
CAACCTCACAGATTCG	ENSG00000175130.7	GCAGAATA	1
CAACCTCACAGATTCG	ENSG00000243749.1	noUMI	3
CAACCTCACAGATTCG	ENSG00000243749.1	GAAATGGT	1
CAACCTCACAGATTCG	ENSG00000243749.1	ACGGTGGG	1
CAACCTCACAGATTCG	ENSG00000236274.1	noUMI	1
CAACCTCACAGATTCG	ENSG00000116863.11	noUMI	15
CAACCTCACAGATTCG	ENSG00000163909.8	noUMI	1
CAACCTCACAGATTCG	ENSG00000163909.8	GGTACCCT	2
CAACCTCACAGATTCG	ENSG00000260920.2	noUMI	1
CAACCTCACAGATTCG	ENSG00000260920.2	CTAGGGGG	1
CAACCTCACAGATTCG	ENSG00000226957.1	noUMI	1
CAACCTCACAGATTCG	ENSG00000169213.7	noUMI	32
CAACCTCACAGATTCG	ENSG00000259818.1	noUMI	1
CAACCTCACAGATTCG	ENSG00000116704.8	noUMI	2
CAACCTCACAGATTCG	ENSG00000066557.6	noUMI	20
CAACCTCACAGATTCG	ENSG00000066557.6	GTACGATG	1
CAACCTCACAGATTCG	ENSG00000066557.6	GCGTCAAG	1
CAACCTCACAGATTCG	ENSG00000226088.1	noUMI	2
CAACCTCACAGATTCG	ENSG00000226415.1	noUMI	1
CAACCTCACAGATTCG	ENSG00000271576.1	noUMI	3
CAACCTCAGGAGTAAC	ENSG00000225630.1	AAGAATAA	2
CAACCTCAGGAGTAAC	ENSG00000225630.1	CCGCGAAT	1
CAACCTCAGGAGTAAC	ENSG00000225630.1	CTGATAGG	1
CAACCTCAGGAGTAAC	ENSG00000225630.1	TAGGAAAC	1
CAACCTCAGGAGTAAC	ENSG00000225630.1	CGGACTAG	1
CAACCTCAGGAGTAAC	ENSG00000225630.1	TCCGGACT	1
CAACCTCAGGAGTAAC	ENSG00000225630.1	TAGAGTCT	1
CAACCTCAGGAGTAAC	ENSG00000225630.1	CAGCCACC	1
CAACCTCAGGAGTAAC	ENSG00000225630.1	GAGACCCA	1
CAACCTCAGGAGTAAC	ENSG00000225630.1	GGGAGATA	1
CAACCTCAGGAGTAAC	ENSG00000225630.1	TCTCACCA	1
CAACCTCAGGAGTAAC	ENSG00000225630.1	AATATGCT	1
CAACCTCAGGAGTAAC	ENSG00000225630.1	TACCACGT	1
CAACCTCAGGAGTAAC	ENSG00000225630.1	noUMI	8
CAACCTCAGGAGTAAC	ENSG00000225630.1	ACACATCG	1
CAACCTCAGGAGTAAC	ENSG00000225630.1	GATCCTGA	2
CAACCTCAGGAGTAAC	ENSG00000225630.1	GTACATCC	2
CAACCTCAGGAGTAAC	ENSG00000225630.1	ATAGGACG	1
CAACCTCAGGAGTAAC	ENSG00000225630.1	GTTCAGCC	1
CAACCTCAGGAGTAAC	ENSG00000225630.1	AACCACAT	1
CAACCTCAGGAGTAAC	ENSG00000225630.1	GGTGAGCT	1
CAACCTCAGGAGTAAC	ENSG00000225630.1	GGTGGTCG	1
CAACCTCAGGAGTAAC	ENSG00000225630.1	ATTGGACG	1
CAACCTCAGGAGTAAC	ENSG00000225630.1	GGGGGACC	1
CAACCTCAGGAGTAAC	ENSG00000225630.1	AAACTGAC	1
CAACCTCAGGAGTAAC	ENSG00000225630.1	GTGAAGAG	1
CAACCTCAGGAGTAAC	ENSG00000225630.1	ACTAGAAT	1
CAACCTCAGGAGTAAC	ENSG00000225630.1	GTTGACAC	1
CAACCTCAGGAGTAAC	ENSG00000225630.1	ATAAGCGG	1
CAACCTCAGGAGTAAC	ENSG00000225630.1	ACAACACG	1
CAACCTCAGGAGTAAC	ENSG00000225630.1	TCGAAGGA	1
CAACCTCAGGAGTAAC	ENSG00000225630.1	GCCAACGC	1
CAACCTCAGGAGTAAC	ENSG00000225630.1	AGGCAGCT	1
CAACCTCAGGAGTAAC	ENSG00000225630.1	ATAACCTC	1
CAACCTCAGGAGTAAC	ENSG00000225630.1	GTGCGGGG	1
CAACCTCAGGAGTAAC	ENSG00000225630.1	CCACTTCC	1
CAACCTCAGGAGTAAC	ENSG00000233954.6	CCGTATGC	1
CAACCTCAGGAGTAAC	ENSG00000261135.1	TTGGCGGG	1
CAACCTCAGGAGTAAC	ENSG00000090432.7	noUMI	2
CAACCTCAGGAGTAAC	ENSG00000090432.7	GGAGAATG	1
CAACCTCAGGAGTAAC	ENSG00000090432.7	CGCGCACA	1
CAACCTCAGGAGTAAC	ENSG00000090432.7	TGGCTATA	1
CAACCTCAGGAGTAAC	ENSG00000179163.12	noUMI	5
CAACCTCAGGAGTAAC	ENSG00000158246.8	noUMI	1
CAACCTCAGGAGTAAC	ENSG00000231468.2	noUMI	1
CAACCTCAGGAGTAAC	ENSG00000175130.7	noUMI	2
CAACCTCAGGAGTAAC	ENSG00000243749.1	noUMI	1
CAACCTCAGGAGTAAC	ENSG00000117000.9	TAGCGGAA	1
CAACCTCAGGAGTAAC	ENSG00000237424.1	noUMI	1
CAACCTCAGGAGTAAC	ENSG00000233406.5	CACGGATG	1
CAACCTCAGGAGTAAC	ENSG00000066557.6	AAGAGCCG	2
CAACCTCAGGAGTAAC	ENSG00000226415.1	GCACACGG	1
CAACCTCAGGAGTAAC	ENSG00000137970.7	noUMI	1
CAACCTCAGGAGTAAC	ENSG00000137970.7	TGACGCAT	1
CAACCTCAGGAGTAAC	ENSG00000065135.12	GAGTACTC	1
CAACCTCAGGAGTAAC	ENSG00000065135.12	noUMI	2
CAACCTCAGGAGTAAC	ENSG00000065135.12	AACTAAAG	3
CAACCTCAGGAGTAAC	ENSG00000065135.12	TGGGAGCA	1
CAACCTCAGGAGTAAC	ENSG00000213281.5	noUMI	2
CAACCTCAGGAGTAAC	ENSG00000213281.5	TCGAGTCG	1
CAACCTCAGGAGTAAC	ENSG00000203812.2	noUMI	1
CAACCTCAGGAGTAAC	ENSG00000203812.2	GCGGATTG	1
CAACCTCAGGAGTAAC	ENSG00000163344.6	GGTCAGAC	1
CAACCTCAGGAGTAAC	ENSG00000163344.6	ATAGCACG	1
CAACCTCAGGAGTAAC	ENSG00000158615.9	ACGGATGA	1
CAACCTCAGGAGTAAC	ENSG00000218283.2	ATGATACC	1
CAACCTCAGGAGTAAC	ENSG00000218283.2	CCTAACAG	1
CAACCTCAGGAGTAAC	ENSG00000218283.2	noUMI	1
CAACCTCAGGAGTAAC	ENSG00000143751.10	noUMI	2
CAACCTCAGGAGTAAC	ENSG00000230005.2	noUMI	1
CAACCTCAGGAGTAAC	ENSG00000181218.5	AAGGCATT	1
CAACCTCAGGAGTAAC	ENSG00000181218.5	AAGTAACC	1
CAACCTCAGGAGTAAC	ENSG00000181218.5	TTGGCGTC	1
CAACCTCAGGAGTAAC	ENSG00000196890.4	noUMI	1
CAACCTCAGGAGTAAC	ENSG00000162851.8	AATGGCAG	1
TTGGAACCCCAATCCT	ENSG00000279457.4	noUMI	3
TTGGAACCCCAATCCT	ENSG00000225630.1	noUMI	40
TTGGAACCCCAATCCT	ENSG00000225630.1	GCGACAGG	1
TTGGAACCCCAATCCT	ENSG00000225630.1	CAGTGCCT	1
TTGGAACCCCAATCCT	ENSG00000225630.1	ACTAAACC	1
TTGGAACCCCAATCCT	ENSG00000225630.1	TAAACCAC	2
TTGGAACCCCAATCCT	ENSG00000225630.1	CACCGACT	1
TTGGAACCCCAATCCT	ENSG00000225630.1	TGGGCTTA	1
TTGGAACCCCAATCCT	ENSG00000225630.1	CTTGGTAT	1
TTGGAACCCCAATCCT	ENSG00000225630.1	TCTAGTGA	1
TTGGAACCCCAATCCT	ENSG00000225630.1	TAGGAGTT	1
TTGGAACCCCAATCCT	ENSG00000225630.1	AGCTTAAT	1
TTGGAACCCCAATCCT	ENSG00000225630.1	AGACAGAG	2
TTGGAACCCCAATCCT	ENSG00000225630.1	GATCGCCA	1
TTGGAACCCCAATCCT	ENSG00000225630.1	TGGTCATA	1
TTGGAACCCCAATCCT	ENSG00000225630.1	CGTAACAA	1
TTGGAACCCCAATCCT	ENSG00000225630.1	GGTCGGCT	1
TTGGAACCCCAATCCT	ENSG00000225630.1	GTAGCTTC	1
TTGGAACCCCAATCCT	ENSG00000225630.1	GTCGTGCG	1
TTGGAACCCCAATCCT	ENSG00000225630.1	TGGCCACT	1
TTGGAACCCCAATCCT	ENSG00000225630.1	GACCATTT	1
TTGGAACCCCAATCCT	ENSG00000225630.1	GGTCACTT	3
TTGGAACCCCAATCCT	ENSG00000225630.1	GACAAGGC	1
TTGGAACCCCAATCCT	ENSG00000225630.1	AGTGCAGT	1
TTGGAACCCCAATCCT	ENSG00000225630.1	CCTTTGGA	1
TTGGAACCCCAATCCT	ENSG00000225630.1	CCAAAATA	1
TTGGAACCCCAATCCT	ENSG00000225630.1	TACCTGCT	1
TTGGAACCCCAATCCT	ENSG00000225630.1	GGTGCTTT	1
TTGGAACCCCAATCCT	ENSG00000225630.1	GACAGGTA	1
TTGGAACCCCAATCCT	ENSG00000225630.1	GGCGGGCT	1
TTGGAACCCCAATCCT	ENSG00000225630.1	TCAAGGAA	1
TTGGAACCCCAATCCT	ENSG00000225630.1	GGCTGTTC	1
TTGGAACCCCAATCCT	ENSG00000225630.1	TGTATCCT	1
TTGGAACCCCAATCCT	ENSG00000225630.1	TTGCGATA	1
TTGGAACCCCAATCCT	ENSG00000225630.1	GAGTCGCC	2
TTGGAACCCCAATCCT	ENSG00000225630.1	CGAAAGTA	1
TTGGAACCCCAATCCT	ENSG00000225630.1	GCCAACCC	1
TTGGAACCCCAATCCT	ENSG00000225630.1	TACCAGGG	1
TTGGAACCCCAATCCT	ENSG00000225630.1	ACTGGGAG	1
TTGGAACCCCAATCCT	ENSG00000225630.1	GATGATAA	1
TTGGAACCCCAATCCT	ENSG00000225630.1	ACTCTTGA	1
TTGGAACCCCAATCCT	ENSG00000225630.1	GAAGATAC	1
TTGGAACCCCAATCCT	ENSG00000225630.1	CATGGTAC	1
TTGGAACCCCAATCCT	ENSG00000225630.1	CGAACGAA	1
TTGGAACCCCAATCCT	ENSG00000225630.1	TGACCGCG	1
TTGGAACCCCAATCCT	ENSG00000225630.1	GCTGGGGT	1
TTGGAACCCCAATCCT	ENSG00000225630.1	GCCCTTAT	1
TTGGAACCCCAATCCT	ENSG00000225630.1	AAGCTTCC	1
TTGGAACCCCAATCCT	ENSG00000225630.1	CCGCATTA	1
TTGGAACCCCAATCCT	ENSG00000225630.1	GCTAGATC	2
TTGGAACCCCAATCCT	ENSG00000225630.1	GAACTCCC	1
TTGGAACCCCAATCCT	ENSG00000225630.1	GTATCGAA	1
TTGGAACCCCAATCCT	ENSG00000225630.1	GGCTAACG	1
TTGGAACCCCAATCCT	ENSG00000285812.1	noUMI	2
TTGGAACCCCAATCCT	ENSG00000158292.7	noUMI	1
TTGGAACCCCAATCCT	ENSG00000171612.7	GTGGTTCC	1
TTGGAACCCCAATCCT	ENSG00000171612.7	GTGTCCCG	1
TTGGAACCCCAATCCT	ENSG00000233954.6	noUMI	1
TTGGAACCCCAATCCT	ENSG00000288398.1	noUMI	1
TTGGAACCCCAATCCT	ENSG00000090432.7	noUMI	2
TTGGAACCCCAATCCT	ENSG00000179163.12	TGGAGGGA	1
TTGGAACCCCAATCCT	ENSG00000175130.7	noUMI	11
TTGGAACCCCAATCCT	ENSG00000175130.7	GTCCGACG	1
TTGGAACCCCAATCCT	ENSG00000273274.2	noUMI	15
TTGGAACCCCAATCCT	ENSG00000243749.1	noUMI	1
TTGGAACCCCAATCCT	ENSG00000116863.11	noUMI	19
TTGGAACCCCAATCCT	ENSG00000116863.11	AGGCTAAT	1
TTGGAACCCCAATCCT	ENSG00000163909.8	noUMI	3
TTGGAACCCCAATCCT	ENSG00000163909.8	AAGGGTCC	1
TTGGAACCCCAATCCT	ENSG00000117000.9	noUMI	3
TTGGAACCCCAATCCT	ENSG00000117000.9	AAAAATAA	1
TACCGATGGGCGTTAA	ENSG00000225630.1	ACGTGGTG	1
TACCGATGGGCGTTAA	ENSG00000225630.1	CGGGATTT	1
TACCGATGGGCGTTAA	ENSG00000225630.1	GGTATGGA	1
TACCGATGGGCGTTAA	ENSG00000225630.1	TGTGCCTC	1
TACCGATGGGCGTTAA	ENSG00000225630.1	GGGCAGTA	1
TACCGATGGGCGTTAA	ENSG00000225630.1	CTGGATAC	2
TACCGATGGGCGTTAA	ENSG00000225630.1	ATGGGCTT	1
TACCGATGGGCGTTAA	ENSG00000225630.1	GCGAGATG	1
TACCGATGGGCGTTAA	ENSG00000225630.1	TGTTGGAG	1
TACCGATGGGCGTTAA	ENSG00000225630.1	GTAGTGAC	1
TACCGATGGGCGTTAA	ENSG00000225630.1	GGACTAGT	1
TACCGATGGGCGTTAA	ENSG00000225630.1	CACCAGCA	2
TACCGATGGGCGTTAA	ENSG00000225630.1	GTAGTTCC	1
TACCGATGGGCGTTAA	ENSG00000225630.1	GGCCATAT	1
TACCGATGGGCGTTAA	ENSG00000225630.1	TCGCTCAT	1
TACCGATGGGCGTTAA	ENSG00000225630.1	noUMI	25
TACCGATGGGCGTTAA	ENSG00000225630.1	AGCACTAC	1
TACCGATGGGCGTTAA	ENSG00000225630.1	TTGGGGAG	1
TACCGATGGGCGTTAA	ENSG00000225630.1	CAGTCACG	1
TACCGATGGGCGTTAA	ENSG00000225630.1	TATGGGTA	1
TACCGATGGGCGTTAA	ENSG00000225630.1	ACGAGTCG	2
TACCGATGGGCGTTAA	ENSG00000225630.1	ACTAGCTT	1
TACCGATGGGCGTTAA	ENSG00000225630.1	GTTGAATA	2
TACCGATGGGCGTTAA	ENSG00000225630.1	AGCCATAT	1
TACCGATGGGCGTTAA	ENSG00000225630.1	GGTCTAAG	1
TACCGATGGGCGTTAA	ENSG00000225630.1	GCGAGAAT	1
TACCGATGGGCGTTAA	ENSG00000225630.1	CATACAAG	1
TACCGATGGGCGTTAA	ENSG00000225630.1	CGCCTCCT	1
TACCGATGGGCGTTAA	ENSG00000225630.1	GTAATCCT	2
TACCGATGGGCGTTAA	ENSG00000225630.1	GTGACCAC	1
TACCGATGGGCGTTAA	ENSG00000225630.1	ATCTTCGG	1
TACCGATGGGCGTTAA	ENSG00000225630.1	CTTTCGCC	1
TACCGATGGGCGTTAA	ENSG00000225630.1	CAGGCTCT	2
TACCGATGGGCGTTAA	ENSG00000225630.1	ATGTCCTA	1
TACCGATGGGCGTTAA	ENSG00000225630.1	ATCAAAAA	1
TACCGATGGGCGTTAA	ENSG00000225630.1	CTAAGCGC	1
TACCGATGGGCGTTAA	ENSG00000225630.1	ATACGCCC	1
TACCGATGGGCGTTAA	ENSG00000225630.1	AGAAGGCC	1
TACCGATGGGCGTTAA	ENSG00000225630.1	GGATCGAT	1
TACCGATGGGCGTTAA	ENSG00000225630.1	GACAAGTG	2
TACCGATGGGCGTTAA	ENSG00000225630.1	CGGCACCG	1
TACCGATGGGCGTTAA	ENSG00000225630.1	ACGGACGA	1
TACCGATGGGCGTTAA	ENSG00000225630.1	GCATTACC	1
TACCGATGGGCGTTAA	ENSG00000225630.1	GTCGGAGC	1
TACCGATGGGCGTTAA	ENSG00000225630.1	TTAGTATC	1
TACCGATGGGCGTTAA	ENSG00000225630.1	TTGGTAAT	1
TACCGATGGGCGTTAA	ENSG00000225630.1	TAGCGGCT	1
TACCGATGGGCGTTAA	ENSG00000225630.1	ATGGTATC	1
TACCGATGGGCGTTAA	ENSG00000225630.1	TCTCGGCG	1
TACCGATGGGCGTTAA	ENSG00000225630.1	GTCGATCG	1
TACCGATGGGCGTTAA	ENSG00000225630.1	GACCGCGG	1
TACCGATGGGCGTTAA	ENSG00000225630.1	GATCCATA	1
TACCGATGGGCGTTAA	ENSG00000225630.1	TCAAACCG	1
TACCGATGGGCGTTAA	ENSG00000225630.1	TGCTGAGT	1
TACCGATGGGCGTTAA	ENSG00000225630.1	GGGTGCAA	1
TACCGATGGGCGTTAA	ENSG00000225630.1	GAACGATC	3
TACCGATGGGCGTTAA	ENSG00000225630.1	TCGCTTGA	1
TACCGATGGGCGTTAA	ENSG00000225630.1	GGACCCTG	1
TACCGATGGGCGTTAA	ENSG00000225630.1	CGCTCCGC	1
TACCGATGGGCGTTAA	ENSG00000225630.1	ATACTAGG	1
TACCGATGGGCGTTAA	ENSG00000225630.1	ATGGCAAG	1
TACCGATGGGCGTTAA	ENSG00000225630.1	CGCAAAGT	1
TACCGATGGGCGTTAA	ENSG00000225630.1	GGTATACG	1
TACCGATGGGCGTTAA	ENSG00000225630.1	GCACGCCA	1
TACCGATGGGCGTTAA	ENSG00000233954.6	TCGTATGC	1
TACCGATGGGCGTTAA	ENSG00000233954.6	AGGTGCCG	1
TACCGATGGGCGTTAA	ENSG00000090432.7	noUMI	3
TACCGATGGGCGTTAA	ENSG00000179163.12	noUMI	4
TACCGATGGGCGTTAA	ENSG00000175130.7	noUMI	3
TACCGATGGGCGTTAA	ENSG00000273274.2	noUMI	1
TACCGATGGGCGTTAA	ENSG00000243749.1	noUMI	1
TACCGATGGGCGTTAA	ENSG00000116863.11	GATACAGG	1
TACCGATGGGCGTTAA	ENSG00000116863.11	noUMI	6
TACCGATGGGCGTTAA	ENSG00000163909.8	noUMI	2
TACCGATGGGCGTTAA	ENSG00000117000.9	noUMI	2
TACCGATGGGCGTTAA	ENSG00000116704.8	noUMI	2
TACCGATGGGCGTTAA	ENSG00000066557.6	noUMI	5
TACCGATGGGCGTTAA	ENSG00000226084.5	noUMI	1
TACCGATGGGCGTTAA	ENSG00000267734.1	GCGTTCCT	1
TACCGATGGGCGTTAA	ENSG00000137970.7	noUMI	3
TACCGATGGGCGTTAA	ENSG00000137970.7	TCTGTAAG	1
TACCGATGGGCGTTAA	ENSG00000065135.12	noUMI	16
TACCGATGGGCGTTAA	ENSG00000201028.1	noUMI	1
TACCGATGGGCGTTAA	ENSG00000213281.5	noUMI	5
TACCGATGGGCGTTAA	ENSG00000183508.5	noUMI	1
TACCGATGGGCGTTAA	ENSG00000277702.1	GCTATACG	1
TACCGATGGGCGTTAA	ENSG00000223779.6	noUMI	2
TACCGATGGGCGTTAA	ENSG00000287978.1	noUMI	1
TACCGATGGGCGTTAA	ENSG00000184260.6	ATCGTACG	1
TACCGATGGGCGTTAA	ENSG00000163344.6	noUMI	1
TACCGATGGGCGTTAA	ENSG00000188931.4	GTGGGGAG	1
TACCGATGGGCGTTAA	ENSG00000143184.5	noUMI	1
TACCGATGGGCGTTAA	ENSG00000143333.7	noUMI	1
TACCGATGGGCGTTAA	ENSG00000183155.5	noUMI	2
TACCGATGGGCGTTAA	ENSG00000174529.7	noUMI	3
TACCGATGGGCGTTAA	ENSG00000218283.2	noUMI	2
TACCGATGGGCGTTAA	ENSG00000143751.10	noUMI	8
TACCGATGGGCGTTAA	ENSG00000181218.5	TAAGTGCC	1
TACCGATGGGCGTTAA	ENSG00000116574.6	noUMI	1
TACCGATGGGCGTTAA	ENSG00000143653.10	noUMI	4
TACCGATGGGCGTTAA	ENSG00000277462.2	noUMI	2
TACCGATGGGCGTTAA	ENSG00000162722.9	noUMI	2
TACCGATGCAAGAGGT	ENSG00000279457.4	noUMI	4
TACCGATGCAAGAGGT	ENSG00000225630.1	CCAAGCTG	1
TACCGATGCAAGAGGT	ENSG00000225630.1	GACCTAAA	1
TACCGATGCAAGAGGT	ENSG00000225630.1	noUMI	43
TACCGATGCAAGAGGT	ENSG00000225630.1	TTCCTCCC	1
TACCGATGCAAGAGGT	ENSG00000225630.1	CATAACAC	1
TACCGATGCAAGAGGT	ENSG00000225630.1	GCCACCTC	1
TACCGATGCAAGAGGT	ENSG00000225630.1	TGTGTCTA	1
TACCGATGCAAGAGGT	ENSG00000225630.1	ATATAGAA	1
TACCGATGCAAGAGGT	ENSG00000225630.1	CTGGGAAC	1
TACCGATGCAAGAGGT	ENSG00000225630.1	TCTGCTGT	1
TACCGATGCAAGAGGT	ENSG00000225630.1	AGGGGATG	2
TACCGATGCAAGAGGT	ENSG00000225630.1	CGATACAA	2
TACCGATGCAAGAGGT	ENSG00000225630.1	ATATAGCA	1
TACCGATGCAAGAGGT	ENSG00000225630.1	CAACCCTA	1
TACCGATGCAAGAGGT	ENSG00000225630.1	ACTGGGCG	1
TACCGATGCAAGAGGT	ENSG00000225630.1	CTGCATAG	1
TACCGATGCAAGAGGT	ENSG00000225630.1	GCGAGGCA	1
TACCGATGCAAGAGGT	ENSG00000225630.1	ACAACAAC	2
TACCGATGCAAGAGGT	ENSG00000225630.1	AATCATGA	1
TACCGATGCAAGAGGT	ENSG00000225630.1	GGGCGGCA	1
TACCGATGCAAGAGGT	ENSG00000225630.1	ATCCGCAA	1
TACCGATGCAAGAGGT	ENSG00000225630.1	TTGGCTGG	2
TACCGATGCAAGAGGT	ENSG00000225630.1	CAAGATCC	1
TACCGATGCAAGAGGT	ENSG00000225630.1	TGCGTATG	1
TACCGATGCAAGAGGT	ENSG00000225630.1	CTGGATGC	3
TACCGATGCAAGAGGT	ENSG00000225630.1	GAGCTGCA	2
TACCGATGCAAGAGGT	ENSG00000225630.1	CGAGGAGA	1
TACCGATGCAAGAGGT	ENSG00000225630.1	TACCACCC	1
TACCGATGCAAGAGGT	ENSG00000225630.1	GCGAGGGC	1
TACCGATGCAAGAGGT	ENSG00000225630.1	ACGGGTGG	1
TACCGATGCAAGAGGT	ENSG00000225630.1	GGATCTTC	2
TACCGATGCAAGAGGT	ENSG00000225630.1	AGAGTGGG	1
TACCGATGCAAGAGGT	ENSG00000225630.1	CTGGTCAA	1
TACCGATGCAAGAGGT	ENSG00000225630.1	AACTCCAA	1
TACCGATGCAAGAGGT	ENSG00000225630.1	TTCCGGAT	1
TACCGATGCAAGAGGT	ENSG00000225630.1	CTGGTGGG	1
TACCGATGCAAGAGGT	ENSG00000225630.1	TGAACGTA	3
TACCGATGCAAGAGGT	ENSG00000225630.1	TGCCGTTC	1
TACCGATGCAAGAGGT	ENSG00000225630.1	AAAGTGTA	1
TACCGATGCAAGAGGT	ENSG00000225630.1	AACATGGT	2
TACCGATGCAAGAGGT	ENSG00000225630.1	GTGGCCTA	1
TACCGATGCAAGAGGT	ENSG00000225630.1	AGCTTCAG	1
TACCGATGCAAGAGGT	ENSG00000225630.1	GGAGTATC	1
TACCGATGCAAGAGGT	ENSG00000225630.1	ATTAGCGG	1
TACCGATGCAAGAGGT	ENSG00000225630.1	ACAAGAGA	1
TACCGATGCAAGAGGT	ENSG00000225630.1	GGAAGGAT	1
TACCGATGCAAGAGGT	ENSG00000225630.1	GTTAATGT	1
TACCGATGCAAGAGGT	ENSG00000225630.1	GGTCGGCA	1
TACCGATGCAAGAGGT	ENSG00000225630.1	ATACCGAG	1
TACCGATGCAAGAGGT	ENSG00000225630.1	GTACAAAC	1
TACCGATGCAAGAGGT	ENSG00000225630.1	GTGCCTTT	1
TACCGATGCAAGAGGT	ENSG00000225630.1	GATAGAGA	1
TACCGATGCAAGAGGT	ENSG00000225630.1	CATCACTT	2
TACCGATGCAAGAGGT	ENSG00000225630.1	ACCCATTG	1
TACCGATGCAAGAGGT	ENSG00000225630.1	ATGGAGGA	2
TACCGATGCAAGAGGT	ENSG00000225630.1	ACCACAAT	3
TACCGATGCAAGAGGT	ENSG00000225630.1	GCCAAGTA	1
TACCGATGCAAGAGGT	ENSG00000225630.1	AACAATAC	1
TACCGATGCAAGAGGT	ENSG00000225630.1	CGTCCAAG	1
TACCGATGCAAGAGGT	ENSG00000225630.1	AGGGTATC	1
TACCGATGCAAGAGGT	ENSG00000225630.1	ACATTGAT	1
TACCGATGCAAGAGGT	ENSG00000225630.1	CATCCTAA	1
TACCGATGCAAGAGGT	ENSG00000225630.1	TCCGTACG	1
TACCGATGCAAGAGGT	ENSG00000225630.1	CGAGACTT	2
TACCGATGCAAGAGGT	ENSG00000225630.1	TCAGCCAC	2
TACCGATGCAAGAGGT	ENSG00000225630.1	CTACAGAG	1
TACCGATGCAAGAGGT	ENSG00000225630.1	TAGGAACG	1
TACCGATGCAAGAGGT	ENSG00000225630.1	TCGATCCC	1
TACCGATGCAAGAGGT	ENSG00000225630.1	CGGAAACT	1
TACCGATGCAAGAGGT	ENSG00000225630.1	TGGTGGGT	2
TACCGATGCAAGAGGT	ENSG00000225630.1	ATGTGTGG	2
TACCGATGCAAGAGGT	ENSG00000225630.1	ATACTACC	1
TACCGATGCAAGAGGT	ENSG00000225630.1	GGGGGAGT	1
TACCGATGCAAGAGGT	ENSG00000225630.1	GGAGTTCC	1
TACCGATGCAAGAGGT	ENSG00000225630.1	GAATAGCA	1
TACCGATGCAAGAGGT	ENSG00000225630.1	AAGTCCCT	1
TACCGATGCAAGAGGT	ENSG00000225630.1	GTTGAGAG	1
TACCGATGCAAGAGGT	ENSG00000225630.1	GCGGACGG	2
TACCGATGCAAGAGGT	ENSG00000225630.1	GTATGCCT	1
TACCGATGCAAGAGGT	ENSG00000225630.1	CACTGGGA	1
TACCGATGCAAGAGGT	ENSG00000225630.1	CTACCCAA	1
TACCGATGCAAGAGGT	ENSG00000225630.1	CATGAATA	1
TACCGATGCAAGAGGT	ENSG00000225630.1	CTAAATCT	1
TACCGATGCAAGAGGT	ENSG00000225630.1	TGAATTAC	1
TACCGATGCAAGAGGT	ENSG00000225630.1	TCAAGGTA	1
TACCGATGCAAGAGGT	ENSG00000225630.1	AGGAAGGT	1
TACCGATGCAAGAGGT	ENSG00000225630.1	TCTCCTAA	2
TACCGATGCAAGAGGT	ENSG00000225630.1	AGGCTAGA	1
TACCGATGCAAGAGGT	ENSG00000260179.1	noUMI	2
TACCGATGCAAGAGGT	ENSG00000231789.2	noUMI	1
TACCGATGCAAGAGGT	ENSG00000090432.7	noUMI	6
TACCGATGCAAGAGGT	ENSG00000090432.7	CTGTTGCA	2
TACCGATGCAAGAGGT	ENSG00000179163.12	noUMI	10
TACCGATGCAAGAGGT	ENSG00000181773.7	noUMI	10
TACCGATGCAAGAGGT	ENSG00000270605.1	noUMI	3
TACCGATGCAAGAGGT	ENSG00000130766.5	noUMI	3
TACCGATGCAAGAGGT	ENSG00000225616.2	TCACACCT	1
TACCGATGCAAGAGGT	ENSG00000175130.7	noUMI	3
TACCGATGCAAGAGGT	ENSG00000175130.7	AGGCACCT	3
TACCGATGCAAGAGGT	ENSG00000243749.1	noUMI	1
TACCGATGCAAGAGGT	ENSG00000116863.11	noUMI	18
TACCGATGCAAGAGGT	ENSG00000116863.11	AGGTAACG	1
TACCGATGCAAGAGGT	ENSG00000116863.11	AACGAGTG	2
TACCGATGCAAGAGGT	ENSG00000116981.4	noUMI	2
TACCGATGCAAGAGGT	ENSG00000259943.1	noUMI	1
TACCGATGCAAGAGGT	ENSG00000260920.2	noUMI	4
TACCGATGCAAGAGGT	ENSG00000260920.2	GGGGGCAG	4
TACCGATGCAAGAGGT	ENSG00000066557.6	noUMI	2
TACCGATGCAAGAGGT	ENSG00000066557.6	GCGGTTAG	1
TACCGATGCAAGAGGT	ENSG00000057468.7	noUMI	1
TACCGATGCAAGAGGT	ENSG00000230498.3	noUMI	2
TACCGATGCAAGAGGT	ENSG00000219201.4	noUMI	1
CTCAACAGCCAATCCT	ENSG00000225630.1	noUMI	21
CTCAACAGCCAATCCT	ENSG00000225630.1	CGGGAGAA	1
CTCAACAGCCAATCCT	ENSG00000225630.1	AGCGTCCT	1
CTCAACAGCCAATCCT	ENSG00000225630.1	TAAAGGCG	1
CTCAACAGCCAATCCT	ENSG00000225630.1	AGCCTTGG	1
CTCAACAGCCAATCCT	ENSG00000225630.1	CGATTGAT	1
CTCAACAGCCAATCCT	ENSG00000225630.1	TACCATTA	1
CTCAACAGCCAATCCT	ENSG00000225630.1	GCTGGTCG	1
CTCAACAGCCAATCCT	ENSG00000225630.1	CATAGCGA	1
CTCAACAGCCAATCCT	ENSG00000225630.1	AGGTGTAT	1
CTCAACAGCCAATCCT	ENSG00000225630.1	CAACTAAC	1
CTCAACAGCCAATCCT	ENSG00000225630.1	CCATCGAT	1
CTCAACAGCCAATCCT	ENSG00000225630.1	CTACGTCG	1
CTCAACAGCCAATCCT	ENSG00000225630.1	TTGTCCTA	1
CTCAACAGCCAATCCT	ENSG00000225630.1	ACGCCAAA	1
CTCAACAGCCAATCCT	ENSG00000225630.1	GAGTTGGT	1
CTCAACAGCCAATCCT	ENSG00000225630.1	ACAGTCAA	1
CTCAACAGCCAATCCT	ENSG00000225630.1	TTCGCTGC	1
CTCAACAGCCAATCCT	ENSG00000225630.1	GTTCAGGG	1
CTCAACAGCCAATCCT	ENSG00000225630.1	AATGAACA	2
CTCAACAGCCAATCCT	ENSG00000225630.1	GTAAGAGG	1
CTCAACAGCCAATCCT	ENSG00000225630.1	ACACAGTA	1
CTCAACAGCCAATCCT	ENSG00000225630.1	ATTCAGGC	1
CTCAACAGCCAATCCT	ENSG00000225630.1	TCGTACCC	1
CTCAACAGCCAATCCT	ENSG00000225630.1	CGAACATA	1
CTCAACAGCCAATCCT	ENSG00000225630.1	GACTAATC	1
CTCAACAGCCAATCCT	ENSG00000225630.1	CGAAAGTA	1
CTCAACAGCCAATCCT	ENSG00000225630.1	GAATAACG	1
CTCAACAGCCAATCCT	ENSG00000225630.1	CAGTAATC	2
CTCAACAGCCAATCCT	ENSG00000225630.1	TCAGTACT	1
CTCAACAGCCAATCCT	ENSG00000225630.1	GTCATATA	1
CTCAACAGCCAATCCT	ENSG00000225630.1	GTTGCTCA	1
CTCAACAGCCAATCCT	ENSG00000225630.1	GCGGATCC	1
CTCAACAGCCAATCCT	ENSG00000225630.1	GGACGTAC	2
CTCAACAGCCAATCCT	ENSG00000225630.1	TGGAGACC	1
CTCAACAGCCAATCCT	ENSG00000225630.1	TCATAACG	1
CTCAACAGCCAATCCT	ENSG00000225630.1	GTCTAAAG	1
CTCAACAGCCAATCCT	ENSG00000225630.1	GGGTCACT	1
CTCAACAGCCAATCCT	ENSG00000225630.1	CCATTCAA	1
CTCAACAGCCAATCCT	ENSG00000225630.1	GCGCACAC	1
CTCAACAGCCAATCCT	ENSG00000225630.1	AGGCGTAT	1
CTCAACAGCCAATCCT	ENSG00000225630.1	ACGGTGTA	3
CTCAACAGCCAATCCT	ENSG00000225630.1	GGATTATG	1
CTCAACAGCCAATCCT	ENSG00000225630.1	ATGGGAAG	1
CTCAACAGCCAATCCT	ENSG00000225630.1	ATCCACCA	1
CTCAACAGCCAATCCT	ENSG00000225630.1	AACGAATG	1
CTCAACAGCCAATCCT	ENSG00000225630.1	ATCAGGAG	1
CTCAACAGCCAATCCT	ENSG00000225630.1	TTAGAACG	1
CTCAACAGCCAATCCT	ENSG00000225630.1	GTCTGACC	1
CTCAACAGCCAATCCT	ENSG00000225630.1	AGATTACG	1
CTCAACAGCCAATCCT	ENSG00000225630.1	CGAACTGC	1
CTCAACAGCCAATCCT	ENSG00000225630.1	TAGTTGCC	1
CTCAACAGCCAATCCT	ENSG00000225630.1	GCTAGGGT	1
CTCAACAGCCAATCCT	ENSG00000225630.1	GTCCTCAA	1
CTCAACAGCCAATCCT	ENSG00000225630.1	GTCATCAC	1
CTCAACAGCCAATCCT	ENSG00000225630.1	TCATCAAT	1
CTCAACAGCCAATCCT	ENSG00000225630.1	CGGTACGT	1
CTCAACAGCCAATCCT	ENSG00000225630.1	CTGTGATA	1
CTCAACAGCCAATCCT	ENSG00000225630.1	TCACCTCA	1
CTCAACAGCCAATCCT	ENSG00000225630.1	GCGTAAGT	1
CTCAACAGCCAATCCT	ENSG00000225630.1	GCCGTAGA	1
CTCAACAGCCAATCCT	ENSG00000225630.1	CGTAACGC	1
CTCAACAGCCAATCCT	ENSG00000225630.1	ACATGCAG	1
CTCAACAGCCAATCCT	ENSG00000225630.1	GGTTCACT	1
CTCAACAGCCAATCCT	ENSG00000225630.1	TTACCCGG	1
CTCAACAGCCAATCCT	ENSG00000225630.1	GGTTGAAC	2
CTCAACAGCCAATCCT	ENSG00000231789.2	TCGAGGCT	1
CTCAACAGCCAATCCT	ENSG00000175130.7	noUMI	1
CTCAACAGCCAATCCT	ENSG00000116863.11	noUMI	4
CTCAACAGCCAATCCT	ENSG00000117000.9	noUMI	3
CTCAACAGCCAATCCT	ENSG00000117000.9	GAACAAAG	1
CTCAACAGCCAATCCT	ENSG00000228407.2	noUMI	1
CTCAACAGCCAATCCT	ENSG00000162396.6	noUMI	1
CTCAACAGCCAATCCT	ENSG00000066557.6	noUMI	14
CTCAACAGCCAATCCT	ENSG00000066557.6	TGGGGAGG	1
CTCAACAGCCAATCCT	ENSG00000066557.6	ATCGATCC	1
CTCAACAGCCAATCCT	ENSG00000066557.6	CGGTTACA	1
CTCAACAGCCAATCCT	ENSG00000226415.1	noUMI	1
CTCAACAGCCAATCCT	ENSG00000137970.7	noUMI	7
CTCAACAGCCAATCCT	ENSG00000137970.7	ACCGCGAG	2
CTCAACAGCCAATCCT	ENSG00000065135.12	noUMI	25
CTCAACAGCCAATCCT	ENSG00000065135.12	GGTGTGGC	2
CTCAACAGCCAATCCT	ENSG00000213281.5	noUMI	18
CTCAACAGCCAATCCT	ENSG00000213281.5	GCTTGGTG	1
CTCAACAGCCAATCCT	ENSG00000213281.5	ATTGTCCC	1
CTCAACAGCCAATCCT	ENSG00000213281.5	GGAACGCC	1
CTCAACAGCCAATCCT	ENSG00000213281.5	GTCAGTCC	1
CTCAACAGCCAATCCT	ENSG00000213281.5	GCGTTCGA	1
CTCAACAGCCAATCCT	ENSG00000271427.1	TGGGGGCG	1
CTCAACAGCCAATCCT	ENSG00000271427.1	TTGGGGGC	2
CTCAACAGCCAATCCT	ENSG00000224238.2	GCTAAAGG	1
CTCAACAGCCAATCCT	ENSG00000277702.1	AACTCGAC	1
AAGAGACGGAGAAGGA	ENSG00000225630.1	AGGAGTTC	1
AAGAGACGGAGAAGGA	ENSG00000225630.1	TCGGATAA	1
AAGAGACGGAGAAGGA	ENSG00000225630.1	noUMI	27
AAGAGACGGAGAAGGA	ENSG00000225630.1	CTTACAAG	1
AAGAGACGGAGAAGGA	ENSG00000225630.1	TACGAGGT	1
AAGAGACGGAGAAGGA	ENSG00000225630.1	TAAAGATC	1
AAGAGACGGAGAAGGA	ENSG00000225630.1	ATGTTAGT	1
AAGAGACGGAGAAGGA	ENSG00000225630.1	TTCGGTGT	2
AAGAGACGGAGAAGGA	ENSG00000225630.1	TTGCACCT	1
AAGAGACGGAGAAGGA	ENSG00000225630.1	CCAATCAC	1
AAGAGACGGAGAAGGA	ENSG00000225630.1	AGGAGTAG	1
AAGAGACGGAGAAGGA	ENSG00000225630.1	AGTACGTG	1
AAGAGACGGAGAAGGA	ENSG00000225630.1	GAGTAGGG	1
AAGAGACGGAGAAGGA	ENSG00000225630.1	GTGACTCC	1
AAGAGACGGAGAAGGA	ENSG00000225630.1	CATCATAC	1
AAGAGACGGAGAAGGA	ENSG00000225630.1	ATGCTGGT	1
AAGAGACGGAGAAGGA	ENSG00000225630.1	TGCTGCAG	1
AAGAGACGGAGAAGGA	ENSG00000225630.1	ACACGATG	1
AAGAGACGGAGAAGGA	ENSG00000225630.1	CAACGTCC	1
AAGAGACGGAGAAGGA	ENSG00000225630.1	AACGTGTA	1
AAGAGACGGAGAAGGA	ENSG00000225630.1	CCGCGTGT	1
AAGAGACGGAGAAGGA	ENSG00000225630.1	CGTACACC	3
AAGAGACGGAGAAGGA	ENSG00000225630.1	AGTAATCC	1
AAGAGACGGAGAAGGA	ENSG00000225630.1	AAAGGCGC	1
AAGAGACGGAGAAGGA	ENSG00000225630.1	GGCATAAA	1
AAGAGACGGAGAAGGA	ENSG00000225630.1	TGTCGAAC	1
AAGAGACGGAGAAGGA	ENSG00000225630.1	CCACACAT	1
AAGAGACGGAGAAGGA	ENSG00000225630.1	ACTACACC	1
AAGAGACGGAGAAGGA	ENSG00000225630.1	CTGGCGAG	1
AAGAGACGGAGAAGGA	ENSG00000225630.1	CACAGGTA	1
AAGAGACGGAGAAGGA	ENSG00000225630.1	GATCAAGT	1
AAGAGACGGAGAAGGA	ENSG00000225630.1	GTTGTTTG	1
AAGAGACGGAGAAGGA	ENSG00000225630.1	CAGCACAC	1
AAGAGACGGAGAAGGA	ENSG00000225630.1	AGAGGTAA	1
AAGAGACGGAGAAGGA	ENSG00000225630.1	GGCAAGGG	1
AAGAGACGGAGAAGGA	ENSG00000225630.1	AGCCTTTC	1
AAGAGACGGAGAAGGA	ENSG00000225630.1	CACATGAC	1
AAGAGACGGAGAAGGA	ENSG00000225630.1	AGGATCGA	1
AAGAGACGGAGAAGGA	ENSG00000225630.1	AATGACTA	1
AAGAGACGGAGAAGGA	ENSG00000225630.1	GTGCCACT	1
AAGAGACGGAGAAGGA	ENSG00000225630.1	GAAGAGCT	1
AAGAGACGGAGAAGGA	ENSG00000225630.1	CATGCAAC	1
AAGAGACGGAGAAGGA	ENSG00000225630.1	CCGGGCTG	1
AAGAGACGGAGAAGGA	ENSG00000225630.1	GCACACAA	1
AAGAGACGGAGAAGGA	ENSG00000225630.1	GGCTCACG	1
AAGAGACGGAGAAGGA	ENSG00000225630.1	CGGAGCAC	1
AAGAGACGGAGAAGGA	ENSG00000225630.1	CGATCGAA	1
AAGAGACGGAGAAGGA	ENSG00000225630.1	GCCTGGTC	2
AAGAGACGGAGAAGGA	ENSG00000225630.1	GACGACAG	1
AAGAGACGGAGAAGGA	ENSG00000225630.1	CTGGCCCG	1
AAGAGACGGAGAAGGA	ENSG00000225630.1	AGCAGGTA	1
AAGAGACGGAGAAGGA	ENSG00000225630.1	TTCGAGCA	2
AAGAGACGGAGAAGGA	ENSG00000225630.1	ACATCGCA	1
AAGAGACGGAGAAGGA	ENSG00000225630.1	ATTGGTTG	1
AAGAGACGGAGAAGGA	ENSG00000225630.1	CCAAGTTG	1
AAGAGACGGAGAAGGA	ENSG00000233954.6	GGTATGCT	1
AAGAGACGGAGAAGGA	ENSG00000090432.7	AGCCGATT	1
AAGAGACGGAGAAGGA	ENSG00000179163.12	noUMI	3
AAGAGACGGAGAAGGA	ENSG00000179163.12	ATCGGCTG	1
AAGAGACGGAGAAGGA	ENSG00000243749.1	GAAGACCG	1
AAGAGACGGAGAAGGA	ENSG00000116863.11	CACCATTC	1
AAGAGACGGAGAAGGA	ENSG00000116863.11	noUMI	5
AAGAGACGGAGAAGGA	ENSG00000116863.11	ACGCACGC	1
AAGAGACGGAGAAGGA	ENSG00000116981.4	noUMI	1
AAGAGACGGAGAAGGA	ENSG00000169213.7	noUMI	2
AAGAGACGGAGAAGGA	ENSG00000116704.8	noUMI	1
AAGAGACGGAGAAGGA	ENSG00000066557.6	noUMI	9
AAGAGACGGAGAAGGA	ENSG00000226084.5	noUMI	3
AAGAGACGGAGAAGGA	ENSG00000280099.1	noUMI	1
AAGAGACGGAGAAGGA	ENSG00000137970.7	noUMI	2
AAGAGACGGAGAAGGA	ENSG00000065135.12	noUMI	19
AAGAGACGGAGAAGGA	ENSG00000175658.4	noUMI	1
AAGAGACGGAGAAGGA	ENSG00000215784.6	noUMI	1
AAGAGACGGAGAAGGA	ENSG00000184260.6	GACTTGAT	1
AAGAGACGGAGAAGGA	ENSG00000163344.6	noUMI	1
AAGAGACGGAGAAGGA	ENSG00000236675.1	noUMI	5
AAGAGACGGAGAAGGA	ENSG00000183155.5	noUMI	5
AAGAGACGGAGAAGGA	ENSG00000158615.9	noUMI	4
AAGAGACGGAGAAGGA	ENSG00000218283.2	noUMI	2
AAGAGACGGAGAAGGA	ENSG00000162817.7	noUMI	1
AAGAGACGGAGAAGGA	ENSG00000143751.10	noUMI	12
AAGAGACGGAGAAGGA	ENSG00000116574.6	noUMI	1
AAGAGACGGAGAAGGA	ENSG00000143653.10	CGGTACGT	1
AAGAGACGGAGAAGGA	ENSG00000259865.1	noUMI	3
GCATGTCTCGAATTGG	ENSG00000225630.1	GTCAGTCT	1
GCATGTCTCGAATTGG	ENSG00000225630.1	noUMI	54
GCATGTCTCGAATTGG	ENSG00000225630.1	CAATCGCC	1
GCATGTCTCGAATTGG	ENSG00000225630.1	ATACCAGA	1
GCATGTCTCGAATTGG	ENSG00000225630.1	AAGACCCG	1
GCATGTCTCGAATTGG	ENSG00000225630.1	GGAGTGCG	1
GCATGTCTCGAATTGG	ENSG00000225630.1	GTCACATA	1
GCATGTCTCGAATTGG	ENSG00000225630.1	TAAAGAGG	2
GCATGTCTCGAATTGG	ENSG00000225630.1	AACTCTAT	3
GCATGTCTCGAATTGG	ENSG00000225630.1	TGATGTAC	1
GCATGTCTCGAATTGG	ENSG00000225630.1	CTCGGTCC	1
GCATGTCTCGAATTGG	ENSG00000225630.1	GGGTGCTT	1
GCATGTCTCGAATTGG	ENSG00000225630.1	GCCGTGGA	1
GCATGTCTCGAATTGG	ENSG00000225630.1	ACGTCCCT	3
GCATGTCTCGAATTGG	ENSG00000225630.1	GTTGGGAT	2
GCATGTCTCGAATTGG	ENSG00000225630.1	GACATACA	1
GCATGTCTCGAATTGG	ENSG00000225630.1	TCTACGTA	2
GCATGTCTCGAATTGG	ENSG00000225630.1	CACTTGGT	1
GCATGTCTCGAATTGG	ENSG00000225630.1	AGTATACA	1
GCATGTCTCGAATTGG	ENSG00000225630.1	CACCGCTG	1
GCATGTCTCGAATTGG	ENSG00000225630.1	GACGAACT	1
GCATGTCTCGAATTGG	ENSG00000225630.1	ATATCGGG	3
GCATGTCTCGAATTGG	ENSG00000225630.1	ATTAGGCC	1
GCATGTCTCGAATTGG	ENSG00000225630.1	ACGTCGCC	1
GCATGTCTCGAATTGG	ENSG00000225630.1	GTAGACAA	1
GCATGTCTCGAATTGG	ENSG00000225630.1	ATGGGAAT	1
GCATGTCTCGAATTGG	ENSG00000225630.1	AATCAGTT	1
GCATGTCTCGAATTGG	ENSG00000225630.1	AGCACAGC	1
GCATGTCTCGAATTGG	ENSG00000225630.1	GAAAGTAC	1
GCATGTCTCGAATTGG	ENSG00000225630.1	ATGCGGTA	1
GCATGTCTCGAATTGG	ENSG00000225630.1	AAACGTCA	3
GCATGTCTCGAATTGG	ENSG00000225630.1	TGTCACAT	1
GCATGTCTCGAATTGG	ENSG00000225630.1	GAGATAAT	1
GCATGTCTCGAATTGG	ENSG00000225630.1	AGATGCAG	1
GCATGTCTCGAATTGG	ENSG00000225630.1	TGTGTAGT	1
GCATGTCTCGAATTGG	ENSG00000225630.1	GTCGATAC	1
GCATGTCTCGAATTGG	ENSG00000225630.1	GGGCGTAC	1
GCATGTCTCGAATTGG	ENSG00000225630.1	GTCCGACT	1
GCATGTCTCGAATTGG	ENSG00000225630.1	ACCAGATA	1
GCATGTCTCGAATTGG	ENSG00000225630.1	ACTCAGTT	1
GCATGTCTCGAATTGG	ENSG00000225630.1	ATGAGGAT	1
GCATGTCTCGAATTGG	ENSG00000225630.1	GATCGGTC	3
GCATGTCTCGAATTGG	ENSG00000225630.1	GTGTGACA	1
GCATGTCTCGAATTGG	ENSG00000225630.1	CTATGAAT	1
GCATGTCTCGAATTGG	ENSG00000225630.1	GAGGCGCG	1
GCATGTCTCGAATTGG	ENSG00000225630.1	CCAGGAGA	1
GCATGTCTCGAATTGG	ENSG00000225630.1	GCACTCCC	2
GCATGTCTCGAATTGG	ENSG00000225630.1	CGTAAGAG	1
GCATGTCTCGAATTGG	ENSG00000225630.1	GTCGCTTT	3
GCATGTCTCGAATTGG	ENSG00000225630.1	TGCCTAAG	1
GCATGTCTCGAATTGG	ENSG00000225630.1	GCGCGGCC	1
GCATGTCTCGAATTGG	ENSG00000225630.1	CATAGCGA	1
GCATGTCTCGAATTGG	ENSG00000225630.1	TTGACGTA	1
GCATGTCTCGAATTGG	ENSG00000225630.1	GTAGAACA	1
GCATGTCTCGAATTGG	ENSG00000225630.1	ACTTGAAT	2
GCATGTCTCGAATTGG	ENSG00000225630.1	TATGCACC	1
GCATGTCTCGAATTGG	ENSG00000225630.1	TTGACTGA	1
GCATGTCTCGAATTGG	ENSG00000225630.1	CGGTTGAA	1
GCATGTCTCGAATTGG	ENSG00000225630.1	GAAAAGTA	1
GCATGTCTCGAATTGG	ENSG00000225630.1	ACTTTGTG	1
GCATGTCTCGAATTGG	ENSG00000225630.1	ATGTGAAA	1
GCATGTCTCGAATTGG	ENSG00000225630.1	GGAGAGGA	1
GCATGTCTCGAATTGG	ENSG00000225630.1	CCGAATCG	2
GCATGTCTCGAATTGG	ENSG00000225630.1	TGTGACCC	2
GCATGTCTCGAATTGG	ENSG00000225630.1	TTTCCCAA	1
GCATGTCTCGAATTGG	ENSG00000225630.1	TAGGCGTG	1
GCATGTCTCGAATTGG	ENSG00000225630.1	GCGTACTC	2
GCATGTCTCGAATTGG	ENSG00000225630.1	TAACACGG	1
GCATGTCTCGAATTGG	ENSG00000225630.1	TCGACACC	2
GCATGTCTCGAATTGG	ENSG00000225630.1	TCAGCGGT	1
GCATGTCTCGAATTGG	ENSG00000225630.1	GTTGGCCT	1
GCATGTCTCGAATTGG	ENSG00000225630.1	GACTCATC	1
GCATGTCTCGAATTGG	ENSG00000225630.1	TGGGCGTT	1
GCATGTCTCGAATTGG	ENSG00000225630.1	ACGTAACC	1
GCATGTCTCGAATTGG	ENSG00000225630.1	GGATCCTT	1
GCATGTCTCGAATTGG	ENSG00000225630.1	CTAAACGT	1
GCATGTCTCGAATTGG	ENSG00000225630.1	GGCAAACC	3
GCATGTCTCGAATTGG	ENSG00000225630.1	GTGTACGC	1
GCATGTCTCGAATTGG	ENSG00000225630.1	AGGCCGCT	1
GCATGTCTCGAATTGG	ENSG00000225630.1	GTAATCCG	1
GCATGTCTCGAATTGG	ENSG00000225630.1	GGATGACA	1
GCATGTCTCGAATTGG	ENSG00000225630.1	TCTAGGTC	1
GCATGTCTCGAATTGG	ENSG00000225630.1	TAATAGAG	1
GCATGTCTCGAATTGG	ENSG00000225630.1	CTGAACCT	1
GCATGTCTCGAATTGG	ENSG00000176022.7	ACCACTCC	1
GCATGTCTCGAATTGG	ENSG00000176022.7	noUMI	2
GCATGTCTCGAATTGG	ENSG00000272455.1	noUMI	1
GCATGTCTCGAATTGG	ENSG00000171612.7	CGAAACGA	3
GCATGTCTCGAATTGG	ENSG00000171612.7	TGTGTTAC	1
GCATGTCTCGAATTGG	ENSG00000233954.6	CCGGACAT	1
GCATGTCTCGAATTGG	ENSG00000288398.1	noUMI	4
GCATGTCTCGAATTGG	ENSG00000090432.7	TAGACCAT	1
GCATGTCTCGAATTGG	ENSG00000090432.7	noUMI	3
GCATGTCTCGAATTGG	ENSG00000179163.12	noUMI	13
GCATGTCTCGAATTGG	ENSG00000179163.12	AACGAACT	2
AAGAGACGCAGATTCG	ENSG00000225630.1	noUMI	54
AAGAGACGCAGATTCG	ENSG00000225630.1	TGTAGTGA	2
AAGAGACGCAGATTCG	ENSG00000225630.1	GTTATGTA	1
AAGAGACGCAGATTCG	ENSG00000225630.1	TCGGAATT	3
AAGAGACGCAGATTCG	ENSG00000225630.1	GTATCAAG	1
AAGAGACGCAGATTCG	ENSG00000225630.1	GCGACCAC	1
AAGAGACGCAGATTCG	ENSG00000225630.1	ACTCCAAA	1
AAGAGACGCAGATTCG	ENSG00000225630.1	CGGTGTTC	2
AAGAGACGCAGATTCG	ENSG00000225630.1	GACGTACG	1
AAGAGACGCAGATTCG	ENSG00000225630.1	AGAGCATA	1
AAGAGACGCAGATTCG	ENSG00000225630.1	GAGAAACG	2
AAGAGACGCAGATTCG	ENSG00000225630.1	TTAATAAC	1
AAGAGACGCAGATTCG	ENSG00000225630.1	CTAAAGCG	1
AAGAGACGCAGATTCG	ENSG00000225630.1	CGACGCAG	2
AAGAGACGCAGATTCG	ENSG00000225630.1	CGTAGGAA	1
AAGAGACGCAGATTCG	ENSG00000225630.1	TTCGGACA	1
AAGAGACGCAGATTCG	ENSG00000225630.1	AGATCGAG	1
AAGAGACGCAGATTCG	ENSG00000225630.1	ATCACGGT	1
AAGAGACGCAGATTCG	ENSG00000225630.1	ACTCAAGG	1
AAGAGACGCAGATTCG	ENSG00000225630.1	AGTGGGAT	1
AAGAGACGCAGATTCG	ENSG00000225630.1	TAATAACT	1
AAGAGACGCAGATTCG	ENSG00000225630.1	GCGATCAA	2
AAGAGACGCAGATTCG	ENSG00000225630.1	TTAGCCTA	1
AAGAGACGCAGATTCG	ENSG00000225630.1	GGGTCCAA	1
AAGAGACGCAGATTCG	ENSG00000225630.1	AAAAGCTC	1
AAGAGACGCAGATTCG	ENSG00000225630.1	CGCTTACA	2
AAGAGACGCAGATTCG	ENSG00000225630.1	TATGAAAG	1
AAGAGACGCAGATTCG	ENSG00000225630.1	TAAGGCAT	1
AAGAGACGCAGATTCG	ENSG00000225630.1	TAATATAA	2
AAGAGACGCAGATTCG	ENSG00000225630.1	GTCATCGA	2
AAGAGACGCAGATTCG	ENSG00000225630.1	GACGTATA	2
AAGAGACGCAGATTCG	ENSG00000225630.1	ATGGACGG	2
AAGAGACGCAGATTCG	ENSG00000225630.1	CATCAACG	1
AAGAGACGCAGATTCG	ENSG00000225630.1	TGATGAGG	3
AAGAGACGCAGATTCG	ENSG00000225630.1	CAGGTGTG	2
AAGAGACGCAGATTCG	ENSG00000225630.1	ACAGTCAC	1
AAGAGACGCAGATTCG	ENSG00000225630.1	CGCTAGGA	1
AAGAGACGCAGATTCG	ENSG00000225630.1	ACTACCAA	2
AAGAGACGCAGATTCG	ENSG00000225630.1	AAGGTCTC	1
AAGAGACGCAGATTCG	ENSG00000225630.1	GGGAGCTC	1
AAGAGACGCAGATTCG	ENSG00000223663.2	noUMI	3
AAGAGACGCAGATTCG	ENSG00000272455.1	noUMI	6
AAGAGACGCAGATTCG	ENSG00000238260.1	AAGAAGCA	1
AAGAGACGCAGATTCG	ENSG00000226545.1	noUMI	2
AAGAGACGCAGATTCG	ENSG00000224340.1	noUMI	2
AAGAGACGCAGATTCG	ENSG00000241563.4	noUMI	2
AAGAGACGCAGATTCG	ENSG00000120937.9	noUMI	1
AAGAGACGCAGATTCG	ENSG00000120937.9	GTACTCCT	3
AAGAGACGCAGATTCG	ENSG00000120937.9	CGCGACGT	3
AAGAGACGCAGATTCG	ENSG00000233954.6	TTCGTATG	2
AAGAGACGCAGATTCG	ENSG00000261135.1	GTGGTAAA	3
AAGAGACGCAGATTCG	ENSG00000261135.1	noUMI	27
AAGAGACGCAGATTCG	ENSG00000261135.1	TGGTAAAC	2
AAGAGACGCAGATTCG	ENSG00000186301.8	noUMI	1
AAGAGACGCAGATTCG	ENSG00000270728.1	noUMI	1
AAGAGACGCAGATTCG	ENSG00000270728.1	TTCAGCTG	2
AAGAGACGCAGATTCG	ENSG00000090432.7	noUMI	28
AAGAGACGGGAGTAAC	ENSG00000279457.4	noUMI	2
AAGAGACGGGAGTAAC	ENSG00000279457.4	GCATGTAC	1
AAGAGACGGGAGTAAC	ENSG00000279457.4	GTCCAGAA	1
AAGAGACGGGAGTAAC	ENSG00000225630.1	TCGGGCGT	1
AAGAGACGGGAGTAAC	ENSG00000225630.1	AATAGGAC	1
AAGAGACGGGAGTAAC	ENSG00000225630.1	CTAAGGGG	1
AAGAGACGGGAGTAAC	ENSG00000225630.1	CTTGGCGA	1
AAGAGACGGGAGTAAC	ENSG00000225630.1	TCACACGA	2
AAGAGACGGGAGTAAC	ENSG00000225630.1	CGTTAAGT	1
AAGAGACGGGAGTAAC	ENSG00000225630.1	GACATGCC	1
AAGAGACGGGAGTAAC	ENSG00000225630.1	GTTCGAGC	1
AAGAGACGGGAGTAAC	ENSG00000225630.1	TCAGTAAT	1
AAGAGACGGGAGTAAC	ENSG00000225630.1	ACAAGGCA	1
AAGAGACGGGAGTAAC	ENSG00000225630.1	GTGGTCGT	1
AAGAGACGGGAGTAAC	ENSG00000225630.1	CAAGTGAG	1
AAGAGACGGGAGTAAC	ENSG00000225630.1	noUMI	18
AAGAGACGGGAGTAAC	ENSG00000225630.1	ATTACGAG	2
AAGAGACGGGAGTAAC	ENSG00000225630.1	TCGCCGGG	1
AAGAGACGGGAGTAAC	ENSG00000225630.1	CGGTCACT	3
AAGAGACGGGAGTAAC	ENSG00000225630.1	GGGCTTAT	1
AAGAGACGGGAGTAAC	ENSG00000225630.1	CCTACGGA	1
AAGAGACGGGAGTAAC	ENSG00000225630.1	AGTCGAAA	1
AAGAGACGGGAGTAAC	ENSG00000225630.1	CGGAATGA	1
AAGAGACGGGAGTAAC	ENSG00000225630.1	ACTACACT	1
AAGAGACGGGAGTAAC	ENSG00000225630.1	ATTTGCAC	1
AAGAGACGGGAGTAAC	ENSG00000225630.1	CGGTAGTG	2
AAGAGACGGGAGTAAC	ENSG00000225630.1	GCGAGTGG	1
AAGAGACGGGAGTAAC	ENSG00000225630.1	TCTGAGGT	1
AAGAGACGGGAGTAAC	ENSG00000225630.1	GAAATCGG	3
AAGAGACGGGAGTAAC	ENSG00000225630.1	ATGTTGTC	1
AAGAGACGGGAGTAAC	ENSG00000225630.1	TGATCTCA	1
AAGAGACGGGAGTAAC	ENSG00000225630.1	TGTCACCT	1
AAGAGACGGGAGTAAC	ENSG00000225630.1	GTCTCAAC	1
AAGAGACGGGAGTAAC	ENSG00000225630.1	TCATGCCA	1
AAGAGACGGGAGTAAC	ENSG00000225630.1	TTAAATAG	1
AAGAGACGGGAGTAAC	ENSG00000225630.1	AACGGGGA	1
AAGAGACGGGAGTAAC	ENSG00000225630.1	AAGTGTAT	1
AAGAGACGGGAGTAAC	ENSG00000225630.1	TCATAACC	1
AAGAGACGGGAGTAAC	ENSG00000225630.1	CCTAGGCT	1
AAGAGACGGGAGTAAC	ENSG00000225630.1	GATGGCGG	2
AAGAGACGGGAGTAAC	ENSG00000225630.1	GGCTAGGA	1
AAGAGACGGGAGTAAC	ENSG00000225630.1	GCGAACTG	1
AAGAGACGGGAGTAAC	ENSG00000225630.1	GATTGGAG	1
AAGAGACGGGAGTAAC	ENSG00000225630.1	CACTCAAA	2
AAGAGACGGGAGTAAC	ENSG00000225630.1	TTGGAAGA	1
AAGAGACGGGAGTAAC	ENSG00000225630.1	CCACAACA	1
AAGAGACGGGAGTAAC	ENSG00000225630.1	TGCTCGTC	2
AAGAGACGGGAGTAAC	ENSG00000225630.1	AACGGGGC	1
AAGAGACGGGAGTAAC	ENSG00000225630.1	TACCTGTT	1
AAGAGACGGGAGTAAC	ENSG00000225630.1	GCTCACAA	1
AAGAGACGGGAGTAAC	ENSG00000225630.1	TTAGACTA	1
AAGAGACGGGAGTAAC	ENSG00000225630.1	GATAAGGG	1
AAGAGACGGGAGTAAC	ENSG00000225630.1	TATTACGC	1
AAGAGACGGGAGTAAC	ENSG00000225630.1	GGTTAACA	2
AAGAGACGGGAGTAAC	ENSG00000225630.1	CTATGAGA	1
AAGAGACGGGAGTAAC	ENSG00000225630.1	AGTGTACG	4
AAGAGACGGGAGTAAC	ENSG00000225630.1	CAACGCTC	1
AAGAGACGGGAGTAAC	ENSG00000225630.1	GTCACATC	1
AAGAGACGGGAGTAAC	ENSG00000225630.1	ATGAATGC	1
AAGAGACGGGAGTAAC	ENSG00000225630.1	TGGTGTGG	2
AAGAGACGGGAGTAAC	ENSG00000225630.1	ATGGATGC	1
AAGAGACGGGAGTAAC	ENSG00000225630.1	TAAGAGCT	1
AAGAGACGGGAGTAAC	ENSG00000225630.1	TAACAAGC	1
AAGAGACGGGAGTAAC	ENSG00000225630.1	AGTCAGCC	1
AAGAGACGGGAGTAAC	ENSG00000225630.1	ATGCGCCG	1
AAGAGACGGGAGTAAC	ENSG00000225630.1	ATCGTACC	1
AAGAGACGGGAGTAAC	ENSG00000225630.1	CATGGCCA	1
AAGAGACGGGAGTAAC	ENSG00000225630.1	GCGCACCC	1
AAGAGACGGGAGTAAC	ENSG00000225630.1	AGTATAGA	1
AAGAGACGGGAGTAAC	ENSG00000225630.1	TGTGCCTT	1
AAGAGACGGGAGTAAC	ENSG00000225630.1	TAAAGCAT	1
AAGAGACGGGAGTAAC	ENSG00000225630.1	AGATTATA	1
AAGAGACGGGAGTAAC	ENSG00000225630.1	GTACAATC	1
AAGAGACGGGAGTAAC	ENSG00000225630.1	AGCGGATG	1
AAGAGACGGGAGTAAC	ENSG00000225630.1	GAACGCCT	1
AAGAGACGGGAGTAAC	ENSG00000225630.1	CACTCTGA	1
AAGAGACGGGAGTAAC	ENSG00000225630.1	CCGAACTA	1
AAGAGACGGGAGTAAC	ENSG00000225630.1	GTGTATGG	1
AAGAGACGGGAGTAAC	ENSG00000225630.1	TGATCATA	1
AAGAGACGGGAGTAAC	ENSG00000225630.1	CACTGACT	1
AAGAGACGGGAGTAAC	ENSG00000225630.1	CCTGATTA	1
AAGAGACGGGAGTAAC	ENSG00000171612.7	noUMI	1
AAGAGACGGGAGTAAC	ENSG00000288398.1	noUMI	3
AAGAGACGGGAGTAAC	ENSG00000090432.7	noUMI	1
AAGAGACGGGAGTAAC	ENSG00000090432.7	ACGGGGTG	2
AAGAGACGGGAGTAAC	ENSG00000179163.12	noUMI	1
AAGAGACGGGAGTAAC	ENSG00000179163.12	AAACGCCT	1
AAGAGACGGGAGTAAC	ENSG00000175130.7	noUMI	1
AAGAGACGGGAGTAAC	ENSG00000116863.11	noUMI	6
AAGAGACGGGAGTAAC	ENSG00000117000.9	TTGATCTG	1
AAGAGACGGGAGTAAC	ENSG00000117000.9	noUMI	1
AAGAGACGGGAGTAAC	ENSG00000259943.1	AATTGTTC	2
AAGAGACGGGAGTAAC	ENSG00000259943.1	GAACATCT	1
AAGAGACGGGAGTAAC	ENSG00000260920.2	AGAATGTA	1
AAGAGACGGGAGTAAC	ENSG00000237424.1	noUMI	1
AAGAGACGGGAGTAAC	ENSG00000224680.4	noUMI	2
AAGAGACGGGAGTAAC	ENSG00000066557.6	noUMI	5
AAGAGACGGGAGTAAC	ENSG00000066557.6	GTTTGACC	1
AAGAGACGGGAGTAAC	ENSG00000223905.1	noUMI	1
AAGAGACGGGAGTAAC	ENSG00000280099.1	GGAATAAG	1
AAGAGACGGGAGTAAC	ENSG00000137970.7	GTCTCATC	1
AAGAGACGGGAGTAAC	ENSG00000137970.7	GTCATTAT	1
AAGAGACGGGAGTAAC	ENSG00000137970.7	CTTCGTAC	1
AAGAGACGGGAGTAAC	ENSG00000065135.12	GGTTGTCT	3
AAGAGACGGGAGTAAC	ENSG00000065135.12	AAGAATGG	1
AAGAGACGGGAGTAAC	ENSG00000065135.12	AAAAGGTT	1
AAGAGACGGGAGTAAC	ENSG00000065135.12	noUMI	23
AAGAGACGGGAGTAAC	ENSG00000065135.12	CAGAGACG	3
AAGAGACGGGAGTAAC	ENSG00000065135.12	TAACAGCG	1
AAGAGACGGGAGTAAC	ENSG00000065135.12	TAGGGACC	1
AAGAGACGGGAGTAAC	ENSG00000065135.12	GCTTCGAC	1
AAGAGACGGGAGTAAC	ENSG00000235299.2	noUMI	1
AAGAGACGGGAGTAAC	ENSG00000238198.2	noUMI	3
AAGAGACGGGAGTAAC	ENSG00000213281.5	noUMI	5
AAGAGACGGGAGTAAC	ENSG00000215784.6	noUMI	3
AAGAGACGGGAGTAAC	ENSG00000234367.1	ACGCAAAT	1
AAGAGACGGGAGTAAC	ENSG00000203812.2	noUMI	1
AAGAGACGGGAGTAAC	ENSG00000163344.6	noUMI	2
AAGAGACGGGAGTAAC	ENSG00000163344.6	CCAACACC	1
AAGAGACGGGAGTAAC	ENSG00000236675.1	noUMI	1
AAGAGACGGGAGTAAC	ENSG00000224358.1	GGGTGGGG	1
AAGAGACGGGAGTAAC	ENSG00000143333.7	noUMI	1
AAGAGACGGGAGTAAC	ENSG00000273004.1	ATATCAGG	1
AAGAGACGGGAGTAAC	ENSG00000183155.5	noUMI	1
AAGAGACGGGAGTAAC	ENSG00000183155.5	CAGACAGG	1
AAGAGACGGGAGTAAC	ENSG00000183155.5	TGGCCCTA	1
AAGAGACGGGAGTAAC	ENSG00000158615.9	noUMI	1
GCATGTCTCCACATAG	ENSG00000279457.4	noUMI	2
GCATGTCTCCACATAG	ENSG00000225630.1	TATTGCAT	1
GCATGTCTCCACATAG	ENSG00000225630.1	CTGGGATA	1
GCATGTCTCCACATAG	ENSG00000225630.1	TCTAGTGC	1
GCATGTCTCCACATAG	ENSG00000225630.1	GATACAAC	1
GCATGTCTCCACATAG	ENSG00000225630.1	TGCTTCCC	1
GCATGTCTCCACATAG	ENSG00000225630.1	AACTCCTC	1
GCATGTCTCCACATAG	ENSG00000225630.1	TACGAATG	2
GCATGTCTCCACATAG	ENSG00000225630.1	noUMI	29
GCATGTCTCCACATAG	ENSG00000225630.1	GCGTTAGG	1
GCATGTCTCCACATAG	ENSG00000225630.1	GTACGACT	1
GCATGTCTCCACATAG	ENSG00000225630.1	TCGCGTCC	1
GCATGTCTCCACATAG	ENSG00000225630.1	CGCAGTCA	1
GCATGTCTCCACATAG	ENSG00000225630.1	TCCTGCTA	1
GCATGTCTCCACATAG	ENSG00000225630.1	AATCTTGA	1
GCATGTCTCCACATAG	ENSG00000225630.1	CTCACTAG	1
GCATGTCTCCACATAG	ENSG00000225630.1	GAGGAAGA	1
GCATGTCTCCACATAG	ENSG00000225630.1	CATGACAT	1
GCATGTCTCCACATAG	ENSG00000225630.1	GACTTCGA	1
GCATGTCTCCACATAG	ENSG00000225630.1	CCAGGGGT	1
GCATGTCTCCACATAG	ENSG00000225630.1	TCAGGCCA	1
GCATGTCTCCACATAG	ENSG00000225630.1	TGGAAAGG	1
GCATGTCTCCACATAG	ENSG00000225630.1	CCCTGTTT	1
GCATGTCTCCACATAG	ENSG00000225630.1	CCATGTAA	1
GCATGTCTCCACATAG	ENSG00000225630.1	GAACCTTA	1
GCATGTCTCCACATAG	ENSG00000225630.1	GGCCCGTC	1
GCATGTCTCCACATAG	ENSG00000225630.1	TGGTACAC	1
GCATGTCTCCACATAG	ENSG00000225630.1	ATCACAAC	1
GCATGTCTCCACATAG	ENSG00000225630.1	GGTAGTTA	1
GCATGTCTCCACATAG	ENSG00000225630.1	CTCAAATG	1
GCATGTCTCCACATAG	ENSG00000225630.1	TCAGTATT	1
GCATGTCTCCACATAG	ENSG00000225630.1	GCTGGCCT	1
GCATGTCTCCACATAG	ENSG00000225630.1	ACTGGGCG	1
GCATGTCTCCACATAG	ENSG00000225630.1	TCCAGGCA	1
GCATGTCTCCACATAG	ENSG00000225630.1	TGCTAGAC	1
GCATGTCTCCACATAG	ENSG00000225630.1	CGGTTACC	1
GCATGTCTCCACATAG	ENSG00000225630.1	TTCAAGAA	1
GCATGTCTCCACATAG	ENSG00000225630.1	AGGACAGC	1
GCATGTCTCCACATAG	ENSG00000225630.1	GTAGCGAT	1
GCATGTCTCCACATAG	ENSG00000225630.1	TGAGAGTT	2
GCATGTCTCCACATAG	ENSG00000225630.1	GGCTTGGG	1
GCATGTCTCCACATAG	ENSG00000225630.1	AATACAAT	1
GCATGTCTCCACATAG	ENSG00000225630.1	GTCGTCAT	1
GCATGTCTCCACATAG	ENSG00000225630.1	GTCTACAC	2
GCATGTCTCCACATAG	ENSG00000225630.1	TCATGCAG	1
GCATGTCTCCACATAG	ENSG00000225630.1	TTAGCGAG	1
GCATGTCTCCACATAG	ENSG00000225630.1	TAAGTGAG	1
GCATGTCTCCACATAG	ENSG00000225630.1	CGGCTTGT	1
GCATGTCTCCACATAG	ENSG00000225630.1	TAAGGTCC	1
GCATGTCTCCACATAG	ENSG00000225630.1	TTGCAAAG	1
GCATGTCTCCACATAG	ENSG00000225630.1	TCGCAAAA	1
GCATGTCTCCACATAG	ENSG00000225630.1	ACATAGAG	1
GCATGTCTCCACATAG	ENSG00000225630.1	TCAAGGCC	1
GCATGTCTCCACATAG	ENSG00000225630.1	TTGCTGGC	1
GCATGTCTCCACATAG	ENSG00000225630.1	GCTTAACC	1
GCATGTCTCCACATAG	ENSG00000225630.1	TAGAATCA	1
GCATGTCTCCACATAG	ENSG00000225630.1	AGTCATCC	2
GCATGTCTCCACATAG	ENSG00000225630.1	AGCGCGAG	1
GCATGTCTCCACATAG	ENSG00000225630.1	ATGGACCT	1
GCATGTCTCCACATAG	ENSG00000225630.1	AACGTAAC	1
GCATGTCTCCACATAG	ENSG00000225630.1	TGGGCAAC	1
GCATGTCTCCACATAG	ENSG00000225630.1	GGGCTAAA	1
GCATGTCTCCACATAG	ENSG00000225630.1	GTCACCAC	1
GCATGTCTCCACATAG	ENSG00000225630.1	TTACCCGA	1
GCATGTCTCCACATAG	ENSG00000225630.1	ACATTAGC	1
GCATGTCTCCACATAG	ENSG00000225630.1	ACATCGAG	1
GCATGTCTCCACATAG	ENSG00000225630.1	GGGCGTGG	3
GCATGTCTCCACATAG	ENSG00000225630.1	CAAACACC	1
GCATGTCTCCACATAG	ENSG00000225630.1	ACCAACAT	1
GCATGTCTCCACATAG	ENSG00000225630.1	TTCAGTAG	1
GCATGTCTCCACATAG	ENSG00000225630.1	CTAGCACA	2
GCATGTCTCCACATAG	ENSG00000225630.1	TAACACAT	1
GCATGTCTCCACATAG	ENSG00000225630.1	CACCCAAG	1
GCATGTCTCCACATAG	ENSG00000225630.1	GGACTCAC	1
GCATGTCTCCACATAG	ENSG00000225630.1	TTTGTCGC	1
GCATGTCTCCACATAG	ENSG00000225630.1	GAGTGCGA	1
GCATGTCTCCACATAG	ENSG00000225630.1	TTTGCGAG	1
GCATGTCTCCACATAG	ENSG00000225630.1	TTACCAGT	1
GCATGTCTCCACATAG	ENSG00000225630.1	TTGCAGGC	1
GCATGTCTCCACATAG	ENSG00000198744.5	GCCCCCAA	1
GCATGTCTCCACATAG	ENSG00000176022.7	noUMI	2
GCATGTCTCCACATAG	ENSG00000272455.1	noUMI	4
GCATGTCTCCACATAG	ENSG00000171612.7	noUMI	1
GCATGTCTCCACATAG	ENSG00000288398.1	CAACAAGA	3
GCATGTCTCCACATAG	ENSG00000288398.1	noUMI	8
GCATGTCTCCACATAG	ENSG00000090432.7	noUMI	4
GCATGTCTCCACATAG	ENSG00000090432.7	GCCATATA	1
GCATGTCTCCACATAG	ENSG00000158246.8	noUMI	1
GCATGTCTCCACATAG	ENSG00000158246.8	TCTAGAAA	1
GCATGTCTCCACATAG	ENSG00000270605.1	noUMI	1
GCATGTCTCCACATAG	ENSG00000279443.1	noUMI	1
GCATGTCTCCACATAG	ENSG00000175130.7	noUMI	3
GCATGTCTCCACATAG	ENSG00000175130.7	AGTAGTAT	1
GCATGTCTCCACATAG	ENSG00000175130.7	GATGTGCC	1
GCATGTCTCCACATAG	ENSG00000273274.2	noUMI	2
GCATGTCTCCACATAG	ENSG00000243749.1	noUMI	1
GCATGTCTCCACATAG	ENSG00000243749.1	GCGCACGT	1
GCATGTCTCCACATAG	ENSG00000116863.11	AAGTACCG	1
GCATGTCTCCACATAG	ENSG00000116863.11	noUMI	2
GCATGTCTCCACATAG	ENSG00000116863.11	ATGGCGTC	1
GCATGTCTCCACATAG	ENSG00000117000.9	noUMI	1
GCATGTCTCCACATAG	ENSG00000259943.1	noUMI	2
GCATGTCTCCACATAG	ENSG00000260920.2	TGCATCGG	1
GCATGTCTCCACATAG	ENSG00000234694.1	noUMI	2
GCATGTCTCCACATAG	ENSG00000169213.7	noUMI	1
GCATGTCTCCACATAG	ENSG00000162396.6	CTACTAGG	1
GCATGTCTCCACATAG	ENSG00000066557.6	noUMI	10
GCATGTCTCCACATAG	ENSG00000066557.6	AGAGGCGC	1
GCATGTCTCCACATAG	ENSG00000066557.6	CCTTTGCC	1
GCATGTCTCCACATAG	ENSG00000226415.1	CGATGATG	1
GCATGTCTCCACATAG	ENSG00000223896.2	noUMI	6
GCATGTCTCCACATAG	ENSG00000137970.7	TAATCCGG	2
GCATGTCTCCACATAG	ENSG00000137970.7	TCACGATG	1
GCATGTCTCCACATAG	ENSG00000137970.7	CTTAGACT	1
GCATGTCTCCACATAG	ENSG00000244716.3	noUMI	1
GCATGTCTCCACATAG	ENSG00000065135.12	AAGGGCGG	1
GCATGTCTCCACATAG	ENSG00000065135.12	ACATGAAT	1
GCATGTCTCCACATAG	ENSG00000065135.12	AGCGTGAA	1
GCATGTCTCCACATAG	ENSG00000065135.12	noUMI	27
GCATGTCTCCACATAG	ENSG00000065135.12	TCCATCAG	1
GCATGTCTCCACATAG	ENSG00000260948.1	GAGATGGG	2
GCATGTCTCCACATAG	ENSG00000213281.5	noUMI	8
GCATGTCTCCACATAG	ENSG00000213281.5	GGGCACTG	1
GCATGTCTCCACATAG	ENSG00000183508.5	noUMI	1
GCATGTCTCCACATAG	ENSG00000143067.5	noUMI	1
GCATGTCTCCACATAG	ENSG00000277702.1	CTCCGGGG	1
GCATGTCTCCACATAG	ENSG00000215784.6	noUMI	1
GCATGTCTCCACATAG	ENSG00000287190.1	GACACCAC	1
CAACCTCAGAGAAGGA	ENSG00000225630.1	ATGCTCGA	1
CAACCTCAGAGAAGGA	ENSG00000225630.1	CACAGCCA	1
CAACCTCAGAGAAGGA	ENSG00000225630.1	GAGAAGGG	1
CAACCTCAGAGAAGGA	ENSG00000225630.1	GAAGTCCT	1
CAACCTCAGAGAAGGA	ENSG00000225630.1	TAGAATGA	1
CAACCTCAGAGAAGGA	ENSG00000225630.1	AGAAGGCT	1
CAACCTCAGAGAAGGA	ENSG00000225630.1	TGTATGGA	1
CAACCTCAGAGAAGGA	ENSG00000225630.1	noUMI	7
CAACCTCAGAGAAGGA	ENSG00000225630.1	TGAACTAA	1
CAACCTCAGAGAAGGA	ENSG00000225630.1	AGGTCAAG	1
CAACCTCAGAGAAGGA	ENSG00000225630.1	CTAACGGA	1
CAACCTCAGAGAAGGA	ENSG00000225630.1	CAAGAGCA	1
CAACCTCAGAGAAGGA	ENSG00000225630.1	AGCGAAAG	2
CAACCTCAGAGAAGGA	ENSG00000225630.1	TACACTCC	1
CAACCTCAGAGAAGGA	ENSG00000225630.1	CTCACGTG	1
CAACCTCAGAGAAGGA	ENSG00000225630.1	ACAGTGGG	1
CAACCTCAGAGAAGGA	ENSG00000225630.1	GTCCAAGC	1
CAACCTCAGAGAAGGA	ENSG00000225630.1	TACGAAAG	1
CAACCTCAGAGAAGGA	ENSG00000225630.1	GTGCACAC	1
CAACCTCAGAGAAGGA	ENSG00000225630.1	AGAATGCC	1
CAACCTCAGAGAAGGA	ENSG00000225630.1	GGTATAAT	1
CAACCTCAGAGAAGGA	ENSG00000225630.1	CGGCACAT	1
CAACCTCAGAGAAGGA	ENSG00000225630.1	GTCAGGGG	1
CAACCTCAGAGAAGGA	ENSG00000225630.1	TGATTCCT	1
CAACCTCAGAGAAGGA	ENSG00000225630.1	CCAGACAG	1
CAACCTCAGAGAAGGA	ENSG00000225630.1	CATGAAAT	1
CAACCTCAGAGAAGGA	ENSG00000225630.1	CTAAATGG	1
CAACCTCAGAGAAGGA	ENSG00000225630.1	TACAGCAC	1
CAACCTCAGAGAAGGA	ENSG00000225630.1	AGGTCTAG	1
CAACCTCAGAGAAGGA	ENSG00000225630.1	CTGGTATA	1
CAACCTCAGAGAAGGA	ENSG00000225630.1	GCACCACC	1
CAACCTCAGAGAAGGA	ENSG00000231789.2	GAACAGGG	1
CAACCTCAGAGAAGGA	ENSG00000233954.6	GCGGACAT	1
CAACCTCAGAGAAGGA	ENSG00000288398.1	noUMI	2
CAACCTCAGAGAAGGA	ENSG00000261135.1	noUMI	1
CAACCTCAGAGAAGGA	ENSG00000090432.7	GCTAAGCC	1
CAACCTCAGAGAAGGA	ENSG00000179163.12	CGTCCCAT	1
CAACCTCAGAGAAGGA	ENSG00000179163.12	noUMI	6
CAACCTCAGAGAAGGA	ENSG00000179163.12	CTGCTGAT	1
CAACCTCAGAGAAGGA	ENSG00000130766.5	ATTGCCAT	1
CAACCTCAGAGAAGGA	ENSG00000175130.7	noUMI	6
CAACCTCAGAGAAGGA	ENSG00000243749.1	noUMI	2
CAACCTCAGAGAAGGA	ENSG00000243749.1	TGACGGTG	1
CAACCTCAGAGAAGGA	ENSG00000116863.11	noUMI	3
CAACCTCAGAGAAGGA	ENSG00000116981.4	noUMI	1
CAACCTCAGAGAAGGA	ENSG00000117000.9	noUMI	5
CAACCTCAGAGAAGGA	ENSG00000117000.9	CTTTGGCT	1
CAACCTCAGAGAAGGA	ENSG00000142959.5	noUMI	3
CAACCTCAGAGAAGGA	ENSG00000237130.1	TAAACCCT	1
CAACCTCAGAGAAGGA	ENSG00000169213.7	AATTCCAA	1
CAACCTCAGAGAAGGA	ENSG00000066557.6	noUMI	2
CAACCTCAGAGAAGGA	ENSG00000271576.1	GTCGTGTC	1
CAACCTCAGAGAAGGA	ENSG00000261737.1	TGACGGTG	1
CAACCTCAGAGAAGGA	ENSG00000137970.7	noUMI	1
CAACCTCAGAGAAGGA	ENSG00000137970.7	AAGGTAGT	1
CAACCTCAGAGAAGGA	ENSG00000065135.12	CTACAAAC	1
CAACCTCAGAGAAGGA	ENSG00000065135.12	noUMI	27
CAACCTCAGAGAAGGA	ENSG00000213281.5	noUMI	6
CAACCTCAGAGAAGGA	ENSG00000215784.6	noUMI	1
CAACCTCAGAGAAGGA	ENSG00000203812.2	noUMI	4
CAACCTCAGAGAAGGA	ENSG00000203812.2	ATGTTGGG	1
CAACCTCAGAGAAGGA	ENSG00000203812.2	GGGAGCCC	3
CAACCTCAGAGAAGGA	ENSG00000203812.2	GATCAACA	1
CAACCTCAGAGAAGGA	ENSG00000203812.2	TTAGGTGG	1
CAACCTCAGAGAAGGA	ENSG00000203812.2	AATAGGGT	1
CAACCTCAGAGAAGGA	ENSG00000203812.2	ACGTTAAC	1
CAACCTCAGAGAAGGA	ENSG00000203812.2	CATCAAGG	1
CAACCTCAGAGAAGGA	ENSG00000272196.2	TGTCGGAC	1
CAACCTCAGAGAAGGA	ENSG00000272196.2	noUMI	1
CAACCTCAGAGAAGGA	ENSG00000272196.2	GAGGGAGT	1
CAACCTCAGAGAAGGA	ENSG00000184678.10	GTAGATCC	1
CAACCTCAGAGAAGGA	ENSG00000184678.10	noUMI	1
CAACCTCAGAGAAGGA	ENSG00000163344.6	noUMI	1
CAACCTCAGAGAAGGA	ENSG00000236675.1	noUMI	1
CAACCTCAGAGAAGGA	ENSG00000132718.9	noUMI	2
CAACCTCAGAGAAGGA	ENSG00000162783.11	GACGACCT	1
CAACCTCAGAGAAGGA	ENSG00000162783.11	GGCAGACA	2
CAACCTCAGAGAAGGA	ENSG00000143333.7	noUMI	3
CAACCTCAGAGAAGGA	ENSG00000183155.5	noUMI	1
CAACCTCAGAGAAGGA	ENSG00000183155.5	GGATGGTC	1
TGACCAAGGAACCTGT	ENSG00000225630.1	TGATACCT	1
TGACCAAGGAACCTGT	ENSG00000225630.1	GGGGAACA	1
TGACCAAGGAACCTGT	ENSG00000225630.1	GTCATATC	1
TGACCAAGGAACCTGT	ENSG00000225630.1	noUMI	11
TGACCAAGGAACCTGT	ENSG00000225630.1	CAAGTAAA	1
TGACCAAGGAACCTGT	ENSG00000225630.1	TGACCTGC	1
TGACCAAGGAACCTGT	ENSG00000225630.1	TGGAAGAA	1
TGACCAAGGAACCTGT	ENSG00000225630.1	AAACCGTC	1
TGACCAAGGAACCTGT	ENSG00000225630.1	GGCGCATG	1
TGACCAAGGAACCTGT	ENSG00000225630.1	AGCTACCA	1
TGACCAAGGAACCTGT	ENSG00000225630.1	AATGTGGA	2
TGACCAAGGAACCTGT	ENSG00000225630.1	ATACACAC	1
TGACCAAGGAACCTGT	ENSG00000225630.1	CTAGTGGA	1
TGACCAAGGAACCTGT	ENSG00000225630.1	GGTGTCGG	1
TGACCAAGGAACCTGT	ENSG00000090432.7	noUMI	2
TGACCAAGGAACCTGT	ENSG00000179163.12	noUMI	1
TGACCAAGGAACCTGT	ENSG00000273274.2	noUMI	2
TGACCAAGGAACCTGT	ENSG00000116863.11	noUMI	2
TGACCAAGGAACCTGT	ENSG00000117000.9	CCGGACAT	1
TGACCAAGGAACCTGT	ENSG00000169213.7	CTAGGTTT	1
TGACCAAGGAACCTGT	ENSG00000259818.1	noUMI	3
TGACCAAGGAACCTGT	ENSG00000162396.6	noUMI	1
TGACCAAGGAACCTGT	ENSG00000116704.8	noUMI	2
TGACCAAGGAACCTGT	ENSG00000066557.6	noUMI	10
TGACCAAGGAACCTGT	ENSG00000137970.7	AGGTGTAT	1
TGACCAAGGAACCTGT	ENSG00000065135.12	CAGCGGTA	1
TGACCAAGGAACCTGT	ENSG00000065135.12	TGTCCGCA	1
TGACCAAGGAACCTGT	ENSG00000065135.12	noUMI	14
TGACCAAGGAACCTGT	ENSG00000233337.1	noUMI	1
TGACCAAGGAACCTGT	ENSG00000213281.5	noUMI	8
TGACCAAGGAACCTGT	ENSG00000183508.5	noUMI	4
TGACCAAGGAACCTGT	ENSG00000215784.6	AGGATTCG	1
TGACCAAGGAACCTGT	ENSG00000215784.6	noUMI	1
TGACCAAGGAACCTGT	ENSG00000287978.1	CTTAGACG	1
TGACCAAGGAACCTGT	ENSG00000177144.8	noUMI	2
TGACCAAGGAACCTGT	ENSG00000162783.11	GAAGACCA	1
TGACCAAGGAACCTGT	ENSG00000162783.11	GTCGAGAC	1
TGACCAAGGAACCTGT	ENSG00000158615.9	noUMI	1
TGACCAAGGAACCTGT	ENSG00000220749.4	noUMI	1
TGACCAAGGAACCTGT	ENSG00000143751.10	noUMI	13
TGACCAAGGAACCTGT	ENSG00000162851.8	noUMI	1
TGACCAAGGAACCTGT	ENSG00000259865.1	noUMI	1
AAGAGACGCGGTTGTT	ENSG00000279457.4	ATTAGCGA	1
AAGAGACGCGGTTGTT	ENSG00000225972.1	noUMI	1
AAGAGACGCGGTTGTT	ENSG00000225630.1	noUMI	78
AAGAGACGCGGTTGTT	ENSG00000225630.1	GCGGTTGT	1
AAGAGACGCGGTTGTT	ENSG00000225630.1	TCAAACAC	1
AAGAGACGCGGTTGTT	ENSG00000225630.1	TAACCAAC	1
AAGAGACGCGGTTGTT	ENSG00000225630.1	TAAACCGA	2
AAGAGACGCGGTTGTT	ENSG00000225630.1	AAGTTCCA	2
AAGAGACGCGGTTGTT	ENSG00000225630.1	ATACGGAA	1
AAGAGACGCGGTTGTT	ENSG00000225630.1	TCTCGAGA	1
AAGAGACGCGGTTGTT	ENSG00000225630.1	CAAGTTTG	1
AAGAGACGCGGTTGTT	ENSG00000225630.1	AGGTGGGG	1
AAGAGACGCGGTTGTT	ENSG00000225630.1	AACCGGAA	1
AAGAGACGCGGTTGTT	ENSG00000225630.1	GATAACGC	2
AAGAGACGCGGTTGTT	ENSG00000225630.1	ATTGGGTT	1
AAGAGACGCGGTTGTT	ENSG00000225630.1	AATCACAC	1
AAGAGACGCGGTTGTT	ENSG00000225630.1	ATGATATA	1
AAGAGACGCGGTTGTT	ENSG00000225630.1	TGCAGGCT	1
AAGAGACGCGGTTGTT	ENSG00000225630.1	TTCATAAG	1
AAGAGACGCGGTTGTT	ENSG00000225630.1	CTGTGTCA	1
AAGAGACGCGGTTGTT	ENSG00000225630.1	GCTTCGAG	1
AAGAGACGCGGTTGTT	ENSG00000225630.1	AGTTACCG	1
AAGAGACGCGGTTGTT	ENSG00000225630.1	AACCTCGA	1
AAGAGACGCGGTTGTT	ENSG00000225630.1	GGGATTGA	3
AAGAGACGCGGTTGTT	ENSG00000225630.1	CCAGCATA	1
AAGAGACGCGGTTGTT	ENSG00000225630.1	TATGGACA	1
AAGAGACGCGGTTGTT	ENSG00000225630.1	ATAAGCAG	1
AAGAGACGCGGTTGTT	ENSG00000225630.1	ATATACAA	1
AAGAGACGCGGTTGTT	ENSG00000225630.1	CCGTTCAG	1
AAGAGACGCGGTTGTT	ENSG00000225630.1	GATAGCGT	1
AAGAGACGCGGTTGTT	ENSG00000225630.1	ATCAGCCT	3
AAGAGACGCGGTTGTT	ENSG00000225630.1	TCGGACTT	2
AAGAGACGCGGTTGTT	ENSG00000225630.1	AAACGAGA	1
AAGAGACGCGGTTGTT	ENSG00000225630.1	GGACAATT	1
AAGAGACGCGGTTGTT	ENSG00000225630.1	GTCCGACG	1
AAGAGACGCGGTTGTT	ENSG00000225630.1	AAAAAGCT	1
AAGAGACGCGGTTGTT	ENSG00000225630.1	CGAACCAT	1
AAGAGACGCGGTTGTT	ENSG00000225630.1	AAGTGCAT	1
AAGAGACGCGGTTGTT	ENSG00000225630.1	ACGAAAGA	1
AAGAGACGCGGTTGTT	ENSG00000225630.1	TCGCCGTC	1
AAGAGACGCGGTTGTT	ENSG00000225630.1	GGGACCGG	2
AAGAGACGCGGTTGTT	ENSG00000225630.1	GTGGACGT	1
AAGAGACGCGGTTGTT	ENSG00000225630.1	GAGTGTTT	2
AAGAGACGCGGTTGTT	ENSG00000225630.1	CTAGAAGT	2
AAGAGACGCGGTTGTT	ENSG00000225630.1	CACATGTG	1
AAGAGACGCGGTTGTT	ENSG00000225630.1	GGCTGTGG	1
AAGAGACGCGGTTGTT	ENSG00000225630.1	CGCTTCCC	1
AAGAGACGCGGTTGTT	ENSG00000225630.1	GGGGTTTA	1
AAGAGACGCGGTTGTT	ENSG00000225630.1	TAGGTATA	1
AAGAGACGCGGTTGTT	ENSG00000225630.1	CAGCGTAG	1
AAGAGACGCGGTTGTT	ENSG00000225630.1	GAGCTGAA	1
AAGAGACGCGGTTGTT	ENSG00000225630.1	GATGGCCA	2
AAGAGACGCGGTTGTT	ENSG00000225630.1	CGGTCCAC	1
AAGAGACGCGGTTGTT	ENSG00000225630.1	GATAGCCC	1
AAGAGACGCGGTTGTT	ENSG00000225630.1	GATATCTC	1
AAGAGACGCGGTTGTT	ENSG00000225630.1	GCGAACCA	1
AAGAGACGCGGTTGTT	ENSG00000225630.1	CCCACATC	1
AAGAGACGCGGTTGTT	ENSG00000225630.1	GGTAAGGT	1
AAGAGACGCGGTTGTT	ENSG00000225630.1	CATACATA	1
AAGAGACGCGGTTGTT	ENSG00000225630.1	GGAATCAA	1
AAGAGACGCGGTTGTT	ENSG00000225630.1	AGCAACCG	1
AAGAGACGCGGTTGTT	ENSG00000225630.1	CAACCAAT	1
AAGAGACGCGGTTGTT	ENSG00000225630.1	AGGATTGT	1
AAGAGACGCGGTTGTT	ENSG00000225630.1	TCTAGTCA	1
AAGAGACGCGGTTGTT	ENSG00000225630.1	GCCTTGAG	1
AAGAGACGCGGTTGTT	ENSG00000225630.1	ACGGTGAG	1
AAGAGACGCGGTTGTT	ENSG00000225630.1	TGCCAATT	1
AAGAGACGCGGTTGTT	ENSG00000225630.1	CACACTAG	1
AAGAGACGCGGTTGTT	ENSG00000225630.1	GCGTGAAG	1
AAGAGACGCGGTTGTT	ENSG00000225630.1	GCTAGGTC	1
AAGAGACGCGGTTGTT	ENSG00000225630.1	CGTAAAAC	1
AAGAGACGCGGTTGTT	ENSG00000225630.1	GAGAAACG	1
AAGAGACGCGGTTGTT	ENSG00000225630.1	TCAAGCAT	1
AAGAGACGCGGTTGTT	ENSG00000225630.1	CAACGTCG	1
AAGAGACGCGGTTGTT	ENSG00000225630.1	GGCTAATG	1
AAGAGACGCGGTTGTT	ENSG00000225630.1	GCCGGCCT	1
AAGAGACGCGGTTGTT	ENSG00000225630.1	TCACGATG	1
AAGAGACGCGGTTGTT	ENSG00000225630.1	GCAGGTCG	1
AAGAGACGCGGTTGTT	ENSG00000225630.1	GATCCGGA	1
AAGAGACGCGGTTGTT	ENSG00000225630.1	GCAAATTC	1
AAGAGACGCGGTTGTT	ENSG00000225630.1	GGCACAAC	1
AAGAGACGCGGTTGTT	ENSG00000225630.1	ACGTGGCA	1
AAGAGACGCGGTTGTT	ENSG00000225630.1	CTGCGTTT	1
AAGAGACGCGGTTGTT	ENSG00000225630.1	ATTGCAAA	1
AAGAGACGCGGTTGTT	ENSG00000225630.1	GGGGAGCT	1
AAGAGACGCGGTTGTT	ENSG00000176022.7	GGCTGGGC	1
AAGAGACGCGGTTGTT	ENSG00000176022.7	GCTGGGTC	1
AAGAGACGCGGTTGTT	ENSG00000231050.1	CACACCCT	1
AAGAGACGCGGTTGTT	ENSG00000171612.7	noUMI	3
AAGAGACGCGGTTGTT	ENSG00000288398.1	noUMI	8
AAGAGACGCGGTTGTT	ENSG00000090432.7	noUMI	2
AAGAGACGCGGTTGTT	ENSG00000090432.7	ACCATAGA	1
AAGAGACGCGGTTGTT	ENSG00000235112.1	noUMI	2
AAGAGACGCGGTTGTT	ENSG00000179163.12	noUMI	1
AAGAGACGCGGTTGTT	ENSG00000181773.7	noUMI	1
AAGAGACGCGGTTGTT	ENSG00000181773.7	GGAGGTAA	1
AAGAGACGCGGTTGTT	ENSG00000228589.3	noUMI	1
AAGAGACGCGGTTGTT	ENSG00000130766.5	noUMI	6
AAGAGACGCGGTTGTT	ENSG00000175130.7	GCGAACAA	1
AAGAGACGCGGTTGTT	ENSG00000175130.7	noUMI	1
AAGAGACGCGGTTGTT	ENSG00000243749.1	noUMI	4
AAGAGACGCGGTTGTT	ENSG00000236274.1	noUMI	3
AAGAGACGCGGTTGTT	ENSG00000116863.11	noUMI	35
AAGAGACGCGGTTGTT	ENSG00000116981.4	noUMI	4
AAGAGACGCGGTTGTT	ENSG00000117000.9	noUMI	1
GCATGTCTCCAATCCT	ENSG00000279457.4	TCTAAGCG	1
GCATGTCTCCAATCCT	ENSG00000225630.1	AGCAGGAT	2
GCATGTCTCCAATCCT	ENSG00000225630.1	GTACACGC	1
GCATGTCTCCAATCCT	ENSG00000225630.1	GATAGCAC	2
GCATGTCTCCAATCCT	ENSG00000225630.1	TGGGTATC	1
GCATGTCTCCAATCCT	ENSG00000225630.1	GATGATCC	1
GCATGTCTCCAATCCT	ENSG00000225630.1	TGATGTAC	1
GCATGTCTCCAATCCT	ENSG00000225630.1	ATGAGGGG	1
GCATGTCTCCAATCCT	ENSG00000225630.1	TAAAGAAT	1
GCATGTCTCCAATCCT	ENSG00000225630.1	GTGATCCC	1
GCATGTCTCCAATCCT	ENSG00000225630.1	ATGCTAAT	1
GCATGTCTCCAATCCT	ENSG00000225630.1	noUMI	24
GCATGTCTCCAATCCT	ENSG00000225630.1	TTGGATGA	1
GCATGTCTCCAATCCT	ENSG00000225630.1	AACGGCGG	2
GCATGTCTCCAATCCT	ENSG00000225630.1	TACAATAC	2
GCATGTCTCCAATCCT	ENSG00000225630.1	CTATCAGC	2
GCATGTCTCCAATCCT	ENSG00000225630.1	GATGGGGT	2
GCATGTCTCCAATCCT	ENSG00000225630.1	AGTGGGAC	1
GCATGTCTCCAATCCT	ENSG00000225630.1	CGACTGTG	1
GCATGTCTCCAATCCT	ENSG00000225630.1	AGTCGCTC	1
GCATGTCTCCAATCCT	ENSG00000225630.1	TCTAATCC	1
GCATGTCTCCAATCCT	ENSG00000225630.1	ATGACCGA	1
GCATGTCTCCAATCCT	ENSG00000225630.1	AACTCCGG	1
GCATGTCTCCAATCCT	ENSG00000225630.1	CTGATATG	1
GCATGTCTCCAATCCT	ENSG00000225630.1	ATACAAGC	1
GCATGTCTCCAATCCT	ENSG00000225630.1	ATGACGTT	1
GCATGTCTCCAATCCT	ENSG00000225630.1	AGGAATTG	3
GCATGTCTCCAATCCT	ENSG00000225630.1	GTGTCCTC	1
GCATGTCTCCAATCCT	ENSG00000225630.1	TATCGTGT	1
GCATGTCTCCAATCCT	ENSG00000225630.1	AAGCGCTT	1
GCATGTCTCCAATCCT	ENSG00000225630.1	GCCATATA	2
GCATGTCTCCAATCCT	ENSG00000225630.1	AATCACCC	1
GCATGTCTCCAATCCT	ENSG00000225630.1	CTCCCCAA	2
GCATGTCTCCAATCCT	ENSG00000225630.1	CGGCGAAT	1
GCATGTCTCCAATCCT	ENSG00000225630.1	AACTACGG	1
GCATGTCTCCAATCCT	ENSG00000225630.1	GCGAACTT	1
GCATGTCTCCAATCCT	ENSG00000225630.1	TAGCGCCC	1
GCATGTCTCCAATCCT	ENSG00000225630.1	ACGTAGAT	1
GCATGTCTCCAATCCT	ENSG00000225630.1	CCCCTATC	1
GCATGTCTCCAATCCT	ENSG00000225630.1	TGGAGGCC	1
GCATGTCTCCAATCCT	ENSG00000225630.1	AGTGTAAT	1
GCATGTCTCCAATCCT	ENSG00000225630.1	AGTAAAGT	1
GCATGTCTCCAATCCT	ENSG00000225630.1	GTTAAGTG	1
GCATGTCTCCAATCCT	ENSG00000225630.1	CGAACAAC	1
GCATGTCTCCAATCCT	ENSG00000225630.1	TCTAGGCC	2
GCATGTCTCCAATCCT	ENSG00000225630.1	GAAGCCTG	3
GCATGTCTCCAATCCT	ENSG00000225630.1	GGCTGATT	1
GCATGTCTCCAATCCT	ENSG00000225630.1	TCGCCGCA	1
GCATGTCTCCAATCCT	ENSG00000225630.1	GGTGTCCA	1
GCATGTCTCCAATCCT	ENSG00000225630.1	TCATACGA	1
GCATGTCTCCAATCCT	ENSG00000225630.1	GATAAGCT	1
GCATGTCTCCAATCCT	ENSG00000225630.1	TTAGACCA	2
GCATGTCTCCAATCCT	ENSG00000225630.1	TGAACCAA	2
GCATGTCTCCAATCCT	ENSG00000225630.1	TAACAGCC	1
GCATGTCTCCAATCCT	ENSG00000225630.1	ATAGCACT	2
GCATGTCTCCAATCCT	ENSG00000225630.1	TGACACCA	1
GCATGTCTCCAATCCT	ENSG00000225630.1	CATCTCTT	1
GCATGTCTCCAATCCT	ENSG00000225630.1	TAATCGAA	1
GCATGTCTCCAATCCT	ENSG00000225630.1	CGGGGCAG	1
GCATGTCTCCAATCCT	ENSG00000225630.1	ATATAGGA	1
GCATGTCTCCAATCCT	ENSG00000225630.1	CACAGACA	2
GCATGTCTCCAATCCT	ENSG00000225630.1	TGGCCTCA	1
GCATGTCTCCAATCCT	ENSG00000225630.1	AGGAGTCG	1
GCATGTCTCCAATCCT	ENSG00000225630.1	GGATGAAC	1
GCATGTCTCCAATCCT	ENSG00000225630.1	CGGGAGAA	1
GCATGTCTCCAATCCT	ENSG00000225630.1	GACGAGTC	1
GCATGTCTCCAATCCT	ENSG00000225630.1	GCGAGTGA	1
GCATGTCTCCAATCCT	ENSG00000225630.1	CATCGATA	1
GCATGTCTCCAATCCT	ENSG00000225630.1	TCATCAGC	1
GCATGTCTCCAATCCT	ENSG00000225630.1	CGTTGACC	1
GCATGTCTCCAATCCT	ENSG00000225630.1	GAACATCA	1
GCATGTCTCCAATCCT	ENSG00000225630.1	CCTTAAAG	1
GCATGTCTCCAATCCT	ENSG00000225630.1	GATAGCTG	2
GCATGTCTCCAATCCT	ENSG00000225630.1	GATCTCGT	1
GCATGTCTCCAATCCT	ENSG00000225630.1	GTCAACAC	1
GCATGTCTCCAATCCT	ENSG00000225630.1	GTCAAAAG	1
GCATGTCTCCAATCCT	ENSG00000225630.1	GCCGCATG	1
GCATGTCTCCAATCCT	ENSG00000225630.1	TCCGCATA	1
GCATGTCTCCAATCCT	ENSG00000225630.1	ATGTTCGT	3
GCATGTCTCCAATCCT	ENSG00000225630.1	TCAAGGTC	1
GCATGTCTCCAATCCT	ENSG00000225630.1	CCACTCCC	1
GCATGTCTCCAATCCT	ENSG00000225630.1	CAGTAACC	1
GCATGTCTCCAATCCT	ENSG00000225630.1	GAAATCGG	1
GCATGTCTCCAATCCT	ENSG00000225630.1	AGCGGGCA	1
GCATGTCTCCAATCCT	ENSG00000225630.1	CCGTCAGA	1
GCATGTCTCCAATCCT	ENSG00000171612.7	noUMI	2
GCATGTCTCCAATCCT	ENSG00000287756.1	GGTTGGCA	2
GCATGTCTCCAATCCT	ENSG00000233954.6	noUMI	2
GCATGTCTCCAATCCT	ENSG00000233954.6	CATGACAT	1
GCATGTCTCCAATCCT	ENSG00000233954.6	TCGGACAT	1
GCATGTCTCCAATCCT	ENSG00000288398.1	noUMI	4
GCATGTCTCCAATCCT	ENSG00000090432.7	noUMI	1
GCATGTCTCCAATCCT	ENSG00000179163.12	noUMI	4
GCATGTCTCCAATCCT	ENSG00000225643.1	noUMI	2
GCATGTCTCCAATCCT	ENSG00000175130.7	GTATGCCG	1
GCATGTCTCCAATCCT	ENSG00000243749.1	noUMI	2
GCATGTCTCCAATCCT	ENSG00000260920.2	noUMI	6
GCATGTCTCCAATCCT	ENSG00000279667.1	noUMI	2
GCATGTCTCCAATCCT	ENSG00000169213.7	noUMI	2
GCATGTCTCCAATCCT	ENSG00000116704.8	noUMI	1
GCATGTCTCCAATCCT	ENSG00000066557.6	noUMI	9
GCATGTCTCCAATCCT	ENSG00000066557.6	GGCGTTCC	1
GCATGTCTCCAATCCT	ENSG00000057468.7	noUMI	2
GCATGTCTCCAATCCT	ENSG00000228175.3	noUMI	1
GCATGTCTCCAATCCT	ENSG00000137970.7	noUMI	4
GCATGTCTCCAATCCT	ENSG00000137970.7	AAAGGCAA	1
GCATGTCTCCAATCCT	ENSG00000137970.7	TTGCCCCT	1
GCATGTCTCCAATCCT	ENSG00000137970.7	CGTGGCAC	1
GCATGTCTCCAATCCT	ENSG00000137970.7	CGCGTACC	2
GCATGTCTCCAATCCT	ENSG00000137970.7	CTCATGCA	1
GCATGTCTCCAATCCT	ENSG00000228057.1	noUMI	2
GCATGTCTCCAATCCT	ENSG00000228076.2	noUMI	5
GCATGTCTCCAATCCT	ENSG00000065135.12	noUMI	69
GCATGTCTCCAATCCT	ENSG00000065135.12	TCCTAAAG	1
GCATGTCTCCAATCCT	ENSG00000065135.12	TCACGGTC	1
GCATGTCTCCAATCCT	ENSG00000065135.12	ACGAGGGG	1
GCATGTCTCCAATCCT	ENSG00000065135.12	AGTGGGTC	1
GCATGTCTCCAATCCT	ENSG00000065135.12	GGACGGGG	1
GCATGTCTCCAATCCT	ENSG00000233337.1	noUMI	4
GCATGTCTCCAATCCT	ENSG00000238198.2	noUMI	1
GCATGTCTCCAATCCT	ENSG00000213281.5	noUMI	33
GCATGTCTCCAATCCT	ENSG00000213281.5	CCTCTACC	1
GCATGTCTCCAATCCT	ENSG00000213281.5	TGGATCGG	1
GCATGTCTCCAATCCT	ENSG00000213281.5	CTGACGGG	1
GCATGTCTCCAATCCT	ENSG00000213281.5	TACAAGTG	1
GCATGTCTCCAATCCT	ENSG00000213281.5	AGAACTAC	1
GCATGTCTCCAATCCT	ENSG00000213281.5	ACGGAGCG	1
TACCGATGGGCCTATA	ENSG00000225630.1	TACCGGCC	2
TACCGATGGGCCTATA	ENSG00000225630.1	AGGTCCGT	1
TACCGATGGGCCTATA	ENSG00000225630.1	TGACGGAT	1
TACCGATGGGCCTATA	ENSG00000225630.1	GCAAACAG	1
TACCGATGGGCCTATA	ENSG00000225630.1	noUMI	13
TACCGATGGGCCTATA	ENSG00000225630.1	GTTCACCC	1
TACCGATGGGCCTATA	ENSG00000225630.1	TAATCCGG	1
TACCGATGGGCCTATA	ENSG00000225630.1	GAGTCGTT	1
TACCGATGGGCCTATA	ENSG00000225630.1	GGGGTCTT	1
TACCGATGGGCCTATA	ENSG00000225630.1	CTCAGTGC	1
TACCGATGGGCCTATA	ENSG00000225630.1	ATGGAGCA	1
TACCGATGGGCCTATA	ENSG00000225630.1	GGACGATC	1
TACCGATGGGCCTATA	ENSG00000225630.1	TTAGGCAT	1
TACCGATGGGCCTATA	ENSG00000225630.1	AAGCTCCA	1
TACCGATGGGCCTATA	ENSG00000225630.1	ATATGCGT	1
TACCGATGGGCCTATA	ENSG00000225630.1	AAATCGTT	1
TACCGATGGGCCTATA	ENSG00000225630.1	CGTTCTTG	2
TACCGATGGGCCTATA	ENSG00000225630.1	GACTTGCG	1
TACCGATGGGCCTATA	ENSG00000225630.1	GATGGCCA	2
TACCGATGGGCCTATA	ENSG00000225630.1	GGTGTCTT	1
TACCGATGGGCCTATA	ENSG00000225630.1	ATTAAGGC	1
TACCGATGGGCCTATA	ENSG00000225630.1	CGATGTCA	2
TACCGATGGGCCTATA	ENSG00000225630.1	GCTTGTAC	1
TACCGATGGGCCTATA	ENSG00000225630.1	GATCACGT	1
TACCGATGGGCCTATA	ENSG00000225630.1	GGAGTAAT	1
TACCGATGGGCCTATA	ENSG00000225630.1	CGTGTTCG	1
TACCGATGGGCCTATA	ENSG00000225630.1	CAGTCAAG	1
TACCGATGGGCCTATA	ENSG00000225630.1	GGAGACAC	1
TACCGATGGGCCTATA	ENSG00000225630.1	CGGGGTGT	1
TACCGATGGGCCTATA	ENSG00000225630.1	TGACTCAG	1
TACCGATGGGCCTATA	ENSG00000225630.1	AGGGGAGT	1
TACCGATGGGCCTATA	ENSG00000225630.1	CTCACTCA	1
TACCGATGGGCCTATA	ENSG00000225630.1	TTTGCTGA	1
TACCGATGGGCCTATA	ENSG00000158292.7	noUMI	1
TACCGATGGGCCTATA	ENSG00000233954.6	CCAGTCAC	2
TACCGATGGGCCTATA	ENSG00000288398.1	ATACGGCC	1
TACCGATGGGCCTATA	ENSG00000090432.7	noUMI	9
TACCGATGGGCCTATA	ENSG00000090432.7	CCACACAT	1
TACCGATGGGCCTATA	ENSG00000179163.12	noUMI	4
TACCGATGGGCCTATA	ENSG00000228589.3	noUMI	1
TACCGATGGGCCTATA	ENSG00000175130.7	CACAGGGG	1
TACCGATGGGCCTATA	ENSG00000116863.11	noUMI	4
TACCGATGGGCCTATA	ENSG00000163909.8	noUMI	1
TACCGATGGGCCTATA	ENSG00000116981.4	noUMI	1
TACCGATGGGCCTATA	ENSG00000117000.9	noUMI	2
TACCGATGGGCCTATA	ENSG00000259943.1	noUMI	1
TACCGATGGGCCTATA	ENSG00000237424.1	noUMI	1
TACCGATGGGCCTATA	ENSG00000230585.2	noUMI	1
TACCGATGGGCCTATA	ENSG00000066557.6	noUMI	6
TACCGATGGGCCTATA	ENSG00000137970.7	noUMI	3
TACCGATGGGCCTATA	ENSG00000137970.7	CACGCGCG	1
TACCGATGGGCCTATA	ENSG00000137970.7	CGGCCAGT	1
TACCGATGGGCCTATA	ENSG00000065135.12	noUMI	42
TACCGATGGGCCTATA	ENSG00000065135.12	GCCCTGGT	1
TACCGATGGGCCTATA	ENSG00000065135.12	TTAGATGT	1
TACCGATGGGCCTATA	ENSG00000065135.12	GGACTACT	1
TACCGATGGGCCTATA	ENSG00000065135.12	TTTCCCCC	1
TACCGATGGGCCTATA	ENSG00000065135.12	GAATAGGA	1
TACCGATGGGCCTATA	ENSG00000213281.5	noUMI	9
TACCGATGGGCCTATA	ENSG00000213281.5	CAACCAGA	1
TACCGATGGGCCTATA	ENSG00000263590.2	noUMI	1
TACCGATGGGCCTATA	ENSG00000163344.6	noUMI	2
TACCGATGGGCCTATA	ENSG00000163344.6	TTCAATGG	1
TACCGATGGGCCTATA	ENSG00000288670.1	noUMI	4
TACCGATGGGCCTATA	ENSG00000183155.5	CCGTGCGA	1
TACCGATGGGCCTATA	ENSG00000183155.5	CTACACAG	1
TACCGATGGGCCTATA	ENSG00000158615.9	noUMI	3
TACCGATGGGCCTATA	ENSG00000218283.2	GAAAGATG	1
TACCGATGGGCCTATA	ENSG00000218283.2	ACACGGGA	1
TACCGATGGGCCTATA	ENSG00000218283.2	CCAAACTA	1
TACCGATGGGCCTATA	ENSG00000218283.2	noUMI	2
GCATGTCTCAAGAGGT	ENSG00000279457.4	noUMI	2
GCATGTCTCAAGAGGT	ENSG00000225630.1	noUMI	68
GCATGTCTCAAGAGGT	ENSG00000225630.1	GACGGCGA	1
GCATGTCTCAAGAGGT	ENSG00000225630.1	TTGTAGAC	1
GCATGTCTCAAGAGGT	ENSG00000225630.1	TAAAACGA	2
GCATGTCTCAAGAGGT	ENSG00000225630.1	GTTGCGCA	1
GCATGTCTCAAGAGGT	ENSG00000225630.1	GGTTCAAC	2
GCATGTCTCAAGAGGT	ENSG00000225630.1	GTCGAAAG	2
GCATGTCTCAAGAGGT	ENSG00000225630.1	GTCAACAC	3
GCATGTCTCAAGAGGT	ENSG00000225630.1	AGTTTAGG	2
GCATGTCTCAAGAGGT	ENSG00000225630.1	TCAGAGAC	1
GCATGTCTCAAGAGGT	ENSG00000225630.1	GGACAAGT	1
GCATGTCTCAAGAGGT	ENSG00000225630.1	TGAGTGGA	2
GCATGTCTCAAGAGGT	ENSG00000225630.1	AAGCTACA	1
GCATGTCTCAAGAGGT	ENSG00000225630.1	GGGGCACA	1
GCATGTCTCAAGAGGT	ENSG00000225630.1	GGAACACC	1
GCATGTCTCAAGAGGT	ENSG00000225630.1	GCCATCAG	1
GCATGTCTCAAGAGGT	ENSG00000225630.1	GATTCGTC	1
GCATGTCTCAAGAGGT	ENSG00000225630.1	GCTAACCC	1
GCATGTCTCAAGAGGT	ENSG00000225630.1	ATGATCCC	1
GCATGTCTCAAGAGGT	ENSG00000225630.1	CTTAAAAC	2
GCATGTCTCAAGAGGT	ENSG00000225630.1	GGATGCAG	1
GCATGTCTCAAGAGGT	ENSG00000225630.1	AGATACTA	1
GCATGTCTCAAGAGGT	ENSG00000225630.1	TGGCTTAT	2
GCATGTCTCAAGAGGT	ENSG00000225630.1	CGTCAGGT	1
GCATGTCTCAAGAGGT	ENSG00000225630.1	CCTGAATG	1
GCATGTCTCAAGAGGT	ENSG00000225630.1	TGTGTTCG	1
GCATGTCTCAAGAGGT	ENSG00000225630.1	CATGAGGG	1
GCATGTCTCAAGAGGT	ENSG00000225630.1	AAATTGTC	2
GCATGTCTCAAGAGGT	ENSG00000225630.1	GGTAGTGT	1
GCATGTCTCAAGAGGT	ENSG00000225630.1	GAGATTAC	2
GCATGTCTCAAGAGGT	ENSG00000225630.1	CAGGCGCG	1
GCATGTCTCAAGAGGT	ENSG00000225630.1	AAGACCTA	1
GCATGTCTCAAGAGGT	ENSG00000225630.1	CTATTTAG	1
GCATGTCTCAAGAGGT	ENSG00000225630.1	GTGACATA	2
GCATGTCTCAAGAGGT	ENSG00000225630.1	CTTGATAA	1
GCATGTCTCAAGAGGT	ENSG00000225630.1	TCGGCGGG	1
GCATGTCTCAAGAGGT	ENSG00000225630.1	TAGCCTCG	1
GCATGTCTCAAGAGGT	ENSG00000225630.1	GGTAAAGG	2
GCATGTCTCAAGAGGT	ENSG00000225630.1	CCGATAAT	3
GCATGTCTCAAGAGGT	ENSG00000225630.1	GGACAGGG	1
GCATGTCTCAAGAGGT	ENSG00000225630.1	GGGTAAAG	1
GCATGTCTCAAGAGGT	ENSG00000225630.1	GATCACAT	1
GCATGTCTCAAGAGGT	ENSG00000225630.1	TTGGATGG	1
GCATGTCTCAAGAGGT	ENSG00000225630.1	TGACGGCG	1
GCATGTCTCAAGAGGT	ENSG00000225630.1	AAGCTGGA	1
GCATGTCTCAAGAGGT	ENSG00000225630.1	GAAGTGCT	1
GCATGTCTCAAGAGGT	ENSG00000225630.1	TGCATAAA	1
GCATGTCTCAAGAGGT	ENSG00000225630.1	GACTCTAG	2
GCATGTCTCAAGAGGT	ENSG00000225630.1	CCAGATCT	2
GCATGTCTCAAGAGGT	ENSG00000225630.1	GTTGAGTA	4
GCATGTCTCAAGAGGT	ENSG00000225630.1	ACGAGCAT	1
GCATGTCTCAAGAGGT	ENSG00000225630.1	ATCCGTGT	1
GCATGTCTCAAGAGGT	ENSG00000225630.1	GATCTTAC	1
GCATGTCTCAAGAGGT	ENSG00000225630.1	GATTCAAT	1
GCATGTCTCAAGAGGT	ENSG00000225630.1	GTCAGTGT	1
GCATGTCTCAAGAGGT	ENSG00000225630.1	AATGAATG	2
GCATGTCTCAAGAGGT	ENSG00000225630.1	ATGTAACC	1
GCATGTCTCAAGAGGT	ENSG00000225630.1	CGAGGCCA	1
GCATGTCTCAAGAGGT	ENSG00000225630.1	AATCGGAA	1
GCATGTCTCAAGAGGT	ENSG00000225630.1	GTGGATTA	1
GCATGTCTCAAGAGGT	ENSG00000225630.1	ATCAGATC	1
GCATGTCTCAAGAGGT	ENSG00000225630.1	GGATGTCT	1
GCATGTCTCAAGAGGT	ENSG00000225630.1	CATACGGG	2
GCATGTCTCAAGAGGT	ENSG00000225630.1	ATAGCTAA	2
GCATGTCTCAAGAGGT	ENSG00000225630.1	AACGACAA	1
GCATGTCTCAAGAGGT	ENSG00000225630.1	GCTCTATG	1
GCATGTCTCAAGAGGT	ENSG00000225630.1	CGGGAACT	1
GCATGTCTCAAGAGGT	ENSG00000225630.1	GGCTTCAA	1
GCATGTCTCAAGAGGT	ENSG00000225630.1	CGACTCGC	1
GCATGTCTCAAGAGGT	ENSG00000225630.1	GGCCCCCT	2
GCATGTCTCAAGAGGT	ENSG00000225630.1	GGGTGAGT	1
GCATGTCTCAAGAGGT	ENSG00000225630.1	ATGCGGTC	1
GCATGTCTCAAGAGGT	ENSG00000225630.1	TACGACCT	1
GCATGTCTCAAGAGGT	ENSG00000225630.1	GTAGGGCA	3
GCATGTCTCAAGAGGT	ENSG00000225630.1	CAATGCCA	2
GCATGTCTCAAGAGGT	ENSG00000225630.1	TCACCCCT	1
GCATGTCTCAAGAGGT	ENSG00000225630.1	ATCAAGGC	1
GCATGTCTCAAGAGGT	ENSG00000225630.1	CCTGAGAG	1
GCATGTCTCAAGAGGT	ENSG00000225630.1	ACGACACG	4
GCATGTCTCAAGAGGT	ENSG00000225630.1	AGGAGCAT	1
GCATGTCTCAAGAGGT	ENSG00000225630.1	CGGCCGTA	1
GCATGTCTCAAGAGGT	ENSG00000225630.1	AACTTATA	1
GCATGTCTCAAGAGGT	ENSG00000225630.1	AACTTCGT	1
GCATGTCTCAAGAGGT	ENSG00000225630.1	GAACGTCT	1
GCATGTCTCAAGAGGT	ENSG00000225630.1	TGGTACTA	3
GCATGTCTCAAGAGGT	ENSG00000225630.1	ATATCAAT	1
GCATGTCTCAAGAGGT	ENSG00000225630.1	CTCTAGAA	1
GCATGTCTCAAGAGGT	ENSG00000225630.1	TTCGAACG	1
GCATGTCTCAAGAGGT	ENSG00000225630.1	TAGCGGAC	1
GCATGTCTCAAGAGGT	ENSG00000198744.5	AAGGCTAG	1
GCATGTCTCAAGAGGT	ENSG00000272455.1	noUMI	3
GCATGTCTCAAGAGGT	ENSG00000231789.2	noUMI	1
GCATGTCTCAAGAGGT	ENSG00000142619.4	GAGCATGG	1
GCATGTCTCAAGAGGT	ENSG00000142619.4	noUMI	1
GCATGTCTCAAGAGGT	ENSG00000090432.7	noUMI	13
GCATGTCTCAAGAGGT	ENSG00000090432.7	CATGCCAC	1
GCATGTCTCAAGAGGT	ENSG00000090432.7	AGGGTCAC	1
GCATGTCTCAAGAGGT	ENSG00000090432.7	GAGGTTCA	1
GCATGTCTCAAGAGGT	ENSG00000090432.7	GATAGGGG	1
GCATGTCTCAAGAGGT	ENSG00000090432.7	TACCACAG	2
GCATGTCTCAAGAGGT	ENSG00000090432.7	GACATTTA	1
GCATGTCTCAAGAGGT	ENSG00000090432.7	GGACATTT	1
GCATGTCTCAAGAGGT	ENSG00000235112.1	noUMI	3
GCATGTCTCAAGAGGT	ENSG00000227001.3	TTACGGCC	1
GCATGTCTCAAGAGGT	ENSG00000179163.12	noUMI	11
GCATGTCTCAAGAGGT	ENSG00000179163.12	GGCCCTGC	1
GCATGTCTCAAGAGGT	ENSG00000179163.12	GCTTCTTG	2
GCATGTCTCAAGAGGT	ENSG00000228589.3	noUMI	1
GCATGTCTCAAGAGGT	ENSG00000130766.5	noUMI	2
GCATGTCTCAAGAGGT	ENSG00000175130.7	noUMI	14
GCATGTCTCAAGAGGT	ENSG00000175130.7	TAACAGCC	1
GCATGTCTCAAGAGGT	ENSG00000175130.7	GGGCAGTT	1
GCATGTCTCAAGAGGT	ENSG00000175130.7	GGGGTGAA	3
GCATGTCTCAAGAGGT	ENSG00000243749.1	noUMI	6
GCATGTCTCAAGAGGT	ENSG00000243749.1	AACCACTA	1
GCATGTCTCAAGAGGT	ENSG00000243749.1	AAGCGGAC	1
GCATGTCTCAAGAGGT	ENSG00000116863.11	noUMI	31
GCATGTCTCAAGAGGT	ENSG00000116863.11	TGTGAAGC	1
GCATGTCTCAAGAGGT	ENSG00000116863.11	GATCGGAG	1
GCATGTCTCAAGAGGT	ENSG00000116863.11	TGACACTA	2
CTCAACAGGGCCTATA	ENSG00000225630.1	ATACGGCC	1
CTCAACAGGGCCTATA	ENSG00000225630.1	CAGGTTTG	1
CTCAACAGGGCCTATA	ENSG00000179163.12	noUMI	1
CTCAACAGGGCCTATA	ENSG00000270605.1	noUMI	1
CTCAACAGGGCCTATA	ENSG00000137970.7	TAAGTGGC	1
CTCAACAGGGCCTATA	ENSG00000065135.12	noUMI	1
CTCAACAGGGCCTATA	ENSG00000213281.5	noUMI	1
CTCAACAGGGCCTATA	ENSG00000259865.1	noUMI	1
GCATGTCTGGCGTTAA	ENSG00000225630.1	noUMI	10
GCATGTCTGGCGTTAA	ENSG00000225630.1	AAGGATGA	1
GCATGTCTGGCGTTAA	ENSG00000225630.1	TAGAACTC	1
GCATGTCTGGCGTTAA	ENSG00000225630.1	AGCATACT	1
GCATGTCTGGCGTTAA	ENSG00000225630.1	CTATACGA	1
GCATGTCTGGCGTTAA	ENSG00000225630.1	GTATTCGA	1
GCATGTCTGGCGTTAA	ENSG00000225630.1	ATCACCAC	1
GCATGTCTGGCGTTAA	ENSG00000225630.1	TGCGCCAT	1
GCATGTCTGGCGTTAA	ENSG00000225630.1	AAGTCCCC	1
GCATGTCTGGCGTTAA	ENSG00000225630.1	CTACTGAC	2
GCATGTCTGGCGTTAA	ENSG00000225630.1	CTAATCCG	1
GCATGTCTGGCGTTAA	ENSG00000225630.1	TAGCGATA	1
GCATGTCTGGCGTTAA	ENSG00000225630.1	GAGGCAGC	1
GCATGTCTGGCGTTAA	ENSG00000225630.1	GTCGCCTA	1
GCATGTCTGGCGTTAA	ENSG00000225630.1	ACGATCAA	1
GCATGTCTGGCGTTAA	ENSG00000225630.1	CGTATACA	1
GCATGTCTGGCGTTAA	ENSG00000225630.1	CCCGCCTA	1
GCATGTCTGGCGTTAA	ENSG00000176022.7	noUMI	1
GCATGTCTGGCGTTAA	ENSG00000171612.7	noUMI	1
GCATGTCTGGCGTTAA	ENSG00000288398.1	noUMI	1
GCATGTCTGGCGTTAA	ENSG00000090432.7	noUMI	1
GCATGTCTGGCGTTAA	ENSG00000235112.1	noUMI	2
GCATGTCTGGCGTTAA	ENSG00000179163.12	noUMI	3
GCATGTCTGGCGTTAA	ENSG00000270605.1	noUMI	1
GCATGTCTGGCGTTAA	ENSG00000116863.11	noUMI	2
GCATGTCTGGCGTTAA	ENSG00000117000.9	noUMI	8
GCATGTCTGGCGTTAA	ENSG00000066557.6	noUMI	1
GCATGTCTGGCGTTAA	ENSG00000228175.3	noUMI	1
GCATGTCTGGCGTTAA	ENSG00000223896.2	noUMI	1
GCATGTCTGGCGTTAA	ENSG00000137970.7	CGAGTATA	1
GCATGTCTGGCGTTAA	ENSG00000065135.12	AGGGTATC	1
GCATGTCTGGCGTTAA	ENSG00000065135.12	ACAAGCCG	1
GCATGTCTGGCGTTAA	ENSG00000065135.12	noUMI	17
GCATGTCTGGCGTTAA	ENSG00000213281.5	GCAGATTC	2
GCATGTCTGGCGTTAA	ENSG00000213281.5	noUMI	1
GCATGTCTGGCGTTAA	ENSG00000197915.7	noUMI	1
GCATGTCTGGCGTTAA	ENSG00000236675.1	noUMI	1
GCATGTCTGGCGTTAA	ENSG00000132718.9	noUMI	2
GCATGTCTGGCGTTAA	ENSG00000183155.5	noUMI	2
GCATGTCTGGCGTTAA	ENSG00000158615.9	noUMI	4
GCATGTCTGGCGTTAA	ENSG00000158615.9	CACAGCGG	1
GCATGTCTGGCGTTAA	ENSG00000240219.1	GCTGTAAG	1
GCATGTCTGGCGTTAA	ENSG00000218283.2	noUMI	2
GCATGTCTGGCGTTAA	ENSG00000143751.10	noUMI	9
GCATGTCTGGCGTTAA	ENSG00000116574.6	noUMI	1
TTGGAACCGGCCTATA	ENSG00000279457.4	noUMI	1
TTGGAACCGGCCTATA	ENSG00000225630.1	noUMI	22
TTGGAACCGGCCTATA	ENSG00000225630.1	AGTCGGTA	1
TTGGAACCGGCCTATA	ENSG00000225630.1	GAGCAAGA	2
TTGGAACCGGCCTATA	ENSG00000225630.1	GACCAGAT	1
TTGGAACCGGCCTATA	ENSG00000225630.1	CCATCACC	1
TTGGAACCGGCCTATA	ENSG00000225630.1	TGCGGGCG	1
TTGGAACCGGCCTATA	ENSG00000225630.1	TAGAAGAC	1
TTGGAACCGGCCTATA	ENSG00000225630.1	AACGATCC	1
TTGGAACCGGCCTATA	ENSG00000225630.1	GCCTCCAT	1
TTGGAACCGGCCTATA	ENSG00000225630.1	AAGCATCC	1
TTGGAACCGGCCTATA	ENSG00000225630.1	CCATGATG	1
TTGGAACCGGCCTATA	ENSG00000225630.1	GGTATGTG	2
TTGGAACCGGCCTATA	ENSG00000225630.1	AATCTAAA	1
TTGGAACCGGCCTATA	ENSG00000225630.1	ATGTAGAG	1
TTGGAACCGGCCTATA	ENSG00000225630.1	CGGAAGCG	1
TTGGAACCGGCCTATA	ENSG00000225630.1	TGTCTTCT	1
TTGGAACCGGCCTATA	ENSG00000225630.1	CTTGACGA	1
TTGGAACCGGCCTATA	ENSG00000225630.1	ACAACGCC	1
TTGGAACCGGCCTATA	ENSG00000225630.1	ATCACCTC	1
TTGGAACCGGCCTATA	ENSG00000225630.1	CCATCATG	1
TTGGAACCGGCCTATA	ENSG00000225630.1	ACACGATC	1
TTGGAACCGGCCTATA	ENSG00000225630.1	GAACTTGG	1
TTGGAACCGGCCTATA	ENSG00000225630.1	TAGACGCT	1
TTGGAACCGGCCTATA	ENSG00000225630.1	ACATAGAT	1
TTGGAACCGGCCTATA	ENSG00000171612.7	noUMI	3
TTGGAACCGGCCTATA	ENSG00000288398.1	noUMI	1
TTGGAACCGGCCTATA	ENSG00000090432.7	noUMI	11
TTGGAACCGGCCTATA	ENSG00000090432.7	TGAGACCG	1
TTGGAACCGGCCTATA	ENSG00000179163.12	noUMI	5
TTGGAACCGGCCTATA	ENSG00000175130.7	noUMI	1
TTGGAACCGGCCTATA	ENSG00000175130.7	GCTTACTA	1
TTGGAACCGGCCTATA	ENSG00000116863.11	noUMI	4
TTGGAACCGGCCTATA	ENSG00000117000.9	noUMI	3
TTGGAACCGGCCTATA	ENSG00000142959.5	noUMI	1
TTGGAACCGGCCTATA	ENSG00000066557.6	noUMI	3
TTGGAACCGGCCTATA	ENSG00000226084.5	GCTAACTT	1
TTGGAACCGGCCTATA	ENSG00000271576.1	noUMI	1
TTGGAACCGGCCTATA	ENSG00000137970.7	noUMI	1
TTGGAACCGGCCTATA	ENSG00000137970.7	CGATAACC	1
TTGGAACCGGCCTATA	ENSG00000137970.7	CGAGCCAC	1
TTGGAACCGGCCTATA	ENSG00000137970.7	AGGGTCGC	1
TTGGAACCGGCCTATA	ENSG00000065135.12	AAAGTCCG	1
TTGGAACCGGCCTATA	ENSG00000065135.12	noUMI	12
TTGGAACCGGCCTATA	ENSG00000065135.12	TGGGATGG	1
TTGGAACCGGCCTATA	ENSG00000260948.1	noUMI	2
TTGGAACCGGCCTATA	ENSG00000213281.5	noUMI	8
TTGGAACCGGCCTATA	ENSG00000213281.5	ACTGGACG	1
TTGGAACCGGCCTATA	ENSG00000163344.6	noUMI	1
TTGGAACCGGCCTATA	ENSG00000132718.9	noUMI	1
TTGGAACCGGCCTATA	ENSG00000132688.11	TTGGTGCG	1
TTGGAACCGGCCTATA	ENSG00000260360.1	noUMI	1
TTGGAACCGGCCTATA	ENSG00000162783.11	noUMI	1
TTGGAACCGGCCTATA	ENSG00000183155.5	noUMI	1
TTGGAACCGGCCTATA	ENSG00000183155.5	CGACAGTG	1
TTGGAACCGGCCTATA	ENSG00000174529.7	noUMI	1
TTGGAACCGGCCTATA	ENSG00000220749.4	noUMI	1
TTGGAACCGGCCTATA	ENSG00000218283.2	noUMI	2
TTGGAACCGGCCTATA	ENSG00000162817.7	GTGGGCGC	1
TTGGAACCGGCCTATA	ENSG00000162817.7	noUMI	1
AAGAGACGCATGCTTC	ENSG00000279457.4	noUMI	2
AAGAGACGCATGCTTC	ENSG00000225630.1	CCCAAGAC	1
AAGAGACGCATGCTTC	ENSG00000225630.1	TGAAGGCT	1
AAGAGACGCATGCTTC	ENSG00000225630.1	noUMI	53
AAGAGACGCATGCTTC	ENSG00000225630.1	GTGTACGC	1
AAGAGACGCATGCTTC	ENSG00000225630.1	GTCAAGAC	1
AAGAGACGCATGCTTC	ENSG00000225630.1	CAGACTGA	1
AAGAGACGCATGCTTC	ENSG00000225630.1	TAAAAAGG	1
AAGAGACGCATGCTTC	ENSG00000225630.1	ACAATAGG	2
AAGAGACGCATGCTTC	ENSG00000225630.1	CTTAGGAC	1
AAGAGACGCATGCTTC	ENSG00000225630.1	AATACATG	1
AAGAGACGCATGCTTC	ENSG00000225630.1	AGTGGCAA	1
AAGAGACGCATGCTTC	ENSG00000225630.1	ATCACACC	1
AAGAGACGCATGCTTC	ENSG00000225630.1	TCGCGGAA	1
AAGAGACGCATGCTTC	ENSG00000225630.1	GGGACGAC	1
AAGAGACGCATGCTTC	ENSG00000225630.1	CGTAAGAC	1
AAGAGACGCATGCTTC	ENSG00000225630.1	GTCGGCGT	2
AAGAGACGCATGCTTC	ENSG00000225630.1	GGCGGTTT	2
AAGAGACGCATGCTTC	ENSG00000225630.1	ATATGAAG	1
AAGAGACGCATGCTTC	ENSG00000225630.1	GATTCCAA	1
AAGAGACGCATGCTTC	ENSG00000225630.1	ACGCCATA	1
AAGAGACGCATGCTTC	ENSG00000225630.1	GGTGGAGA	2
AAGAGACGCATGCTTC	ENSG00000225630.1	AGCCGTTC	1
AAGAGACGCATGCTTC	ENSG00000225630.1	GGACTGTG	3
AAGAGACGCATGCTTC	ENSG00000225630.1	CACGGCGT	1
AAGAGACGCATGCTTC	ENSG00000225630.1	GCTAACCG	1
AAGAGACGCATGCTTC	ENSG00000225630.1	TAATAGGT	1
AAGAGACGCATGCTTC	ENSG00000225630.1	ATGTTGGG	1
AAGAGACGCATGCTTC	ENSG00000225630.1	AGCATTAC	1
AAGAGACGCATGCTTC	ENSG00000225630.1	GGCTAGTG	1
AAGAGACGCATGCTTC	ENSG00000225630.1	CGGGTCAA	2
AAGAGACGCATGCTTC	ENSG00000225630.1	ATCTCGAG	1
AAGAGACGCATGCTTC	ENSG00000225630.1	GAACAAGA	1
AAGAGACGCATGCTTC	ENSG00000225630.1	CTACAAAG	1
AAGAGACGCATGCTTC	ENSG00000225630.1	TAAGGAGC	1
AAGAGACGCATGCTTC	ENSG00000225630.1	CCAACTAC	1
AAGAGACGCATGCTTC	ENSG00000225630.1	GAGTGCAT	1
AAGAGACGCATGCTTC	ENSG00000225630.1	AAGTAGGG	1
AAGAGACGCATGCTTC	ENSG00000225630.1	GATATCGA	1
AAGAGACGCATGCTTC	ENSG00000225630.1	TTGAAGCT	1
AAGAGACGCATGCTTC	ENSG00000225630.1	ATTAAACG	3
AAGAGACGCATGCTTC	ENSG00000225630.1	CGATTCGA	3
AAGAGACGCATGCTTC	ENSG00000225630.1	CTAAATCG	1
AAGAGACGCATGCTTC	ENSG00000225630.1	ATGCCGCC	1
AAGAGACGCATGCTTC	ENSG00000225630.1	AGCCGGCC	1
AAGAGACGCATGCTTC	ENSG00000225630.1	CTACTACG	1
AAGAGACGCATGCTTC	ENSG00000225630.1	AGAATGCC	1
AAGAGACGCATGCTTC	ENSG00000225630.1	TGATTCGC	2
AAGAGACGCATGCTTC	ENSG00000225630.1	CTGCTGAT	1
AAGAGACGCATGCTTC	ENSG00000225630.1	GACTAGGT	1
AAGAGACGCATGCTTC	ENSG00000225630.1	TTGACGCG	1
AAGAGACGCATGCTTC	ENSG00000225630.1	TTCTCGGT	1
AAGAGACGCATGCTTC	ENSG00000225630.1	GAGTGTTC	1
AAGAGACGCATGCTTC	ENSG00000225630.1	CTACTATA	1
AAGAGACGCATGCTTC	ENSG00000225630.1	TGCGTATA	1
AAGAGACGCATGCTTC	ENSG00000225630.1	CCCATAGG	1
AAGAGACGCATGCTTC	ENSG00000225630.1	TCAAGCCA	1
AAGAGACGCATGCTTC	ENSG00000225630.1	GGCTCAAC	1
AAGAGACGCATGCTTC	ENSG00000225630.1	GTGACCAA	1
AAGAGACGCATGCTTC	ENSG00000225630.1	GATAGTGA	1
AAGAGACGCATGCTTC	ENSG00000225630.1	AGTGTTGT	1
AAGAGACGCATGCTTC	ENSG00000225630.1	TAGTTAGG	2
AAGAGACGCATGCTTC	ENSG00000225630.1	TAGTCTTC	1
AAGAGACGCATGCTTC	ENSG00000225630.1	GAAGTCCA	1
AAGAGACGCATGCTTC	ENSG00000225630.1	TTGAAAGC	1
AAGAGACGCATGCTTC	ENSG00000225630.1	GGTTGCGA	1
AAGAGACGCATGCTTC	ENSG00000225630.1	AGTCGAGT	1
AAGAGACGCATGCTTC	ENSG00000225630.1	GACAGGCC	1
AAGAGACGCATGCTTC	ENSG00000225630.1	GTACACTC	1
AAGAGACGCATGCTTC	ENSG00000225630.1	ACATAGTA	1
AAGAGACGCATGCTTC	ENSG00000225630.1	CCACACAC	1
AAGAGACGCATGCTTC	ENSG00000225630.1	CTTAGAAA	1
AAGAGACGCATGCTTC	ENSG00000225630.1	CATCACGG	1
AAGAGACGCATGCTTC	ENSG00000225630.1	ATCACGGA	1
AAGAGACGCATGCTTC	ENSG00000225630.1	GTCAGCAT	1
AAGAGACGCATGCTTC	ENSG00000225630.1	GTATGGCC	1
AAGAGACGCATGCTTC	ENSG00000225630.1	TTCAACCG	1
AAGAGACGCATGCTTC	ENSG00000225630.1	CTCAGAAT	1
AAGAGACGCATGCTTC	ENSG00000225630.1	ACGCTATA	1
AAGAGACGCATGCTTC	ENSG00000225630.1	TGCAAAGG	1
AAGAGACGCATGCTTC	ENSG00000225630.1	ATCTGCTC	2
AAGAGACGCATGCTTC	ENSG00000225630.1	ACAAAAGC	1
AAGAGACGCATGCTTC	ENSG00000225630.1	AATCTGCA	1
AAGAGACGCATGCTTC	ENSG00000225630.1	TACCGTTT	1
AAGAGACGCATGCTTC	ENSG00000225630.1	GGTCGGGG	1
AAGAGACGCATGCTTC	ENSG00000225630.1	AAATCACT	1
AAGAGACGCATGCTTC	ENSG00000225630.1	CAACGCTT	1
AAGAGACGCATGCTTC	ENSG00000225630.1	AAATGCCT	1
AAGAGACGCATGCTTC	ENSG00000225630.1	AGCACCAT	1
AAGAGACGCATGCTTC	ENSG00000225630.1	GTGATGGA	1
AAGAGACGCATGCTTC	ENSG00000225630.1	AACGTCCC	1
AAGAGACGCATGCTTC	ENSG00000198744.5	noUMI	1
AAGAGACGCATGCTTC	ENSG00000176022.7	TCGGGGCC	1
AAGAGACGCATGCTTC	ENSG00000176022.7	noUMI	1
AAGAGACGCATGCTTC	ENSG00000176022.7	TGGAGAAT	1
AAGAGACGCATGCTTC	ENSG00000228594.4	CGTCGGGG	1
AAGAGACGCATGCTTC	ENSG00000171612.7	noUMI	2
AAGAGACGCATGCTTC	ENSG00000231789.2	noUMI	1
AAGAGACGCATGCTTC	ENSG00000241563.4	noUMI	1
AAGAGACGCATGCTTC	ENSG00000090432.7	noUMI	12
AAGAGACGCATGCTTC	ENSG00000090432.7	AACAAAGG	1
AAGAGACGCATGCTTC	ENSG00000179163.12	noUMI	11
AAGAGACGCATGCTTC	ENSG00000270733.1	noUMI	2
AAGAGACGCATGCTTC	ENSG00000270605.1	noUMI	2
AAGAGACGCATGCTTC	ENSG00000130766.5	noUMI	1
AAGAGACGCATGCTTC	ENSG00000175130.7	noUMI	5
AAGAGACGCATGCTTC	ENSG00000175130.7	CTCAAAAC	1
AAGAGACGCATGCTTC	ENSG00000175130.7	CCGTGCTA	1
AAGAGACGCATGCTTC	ENSG00000243749.1	noUMI	5
AAGAGACGCATGCTTC	ENSG00000236274.1	noUMI	3
AAGAGACGCATGCTTC	ENSG00000116863.11	GAGGGTTG	1
AAGAGACGCATGCTTC	ENSG00000116863.11	noUMI	19
AAGAGACGCATGCTTC	ENSG00000116863.11	TCCGAAGG	1
AAGAGACGCATGCTTC	ENSG00000163909.8	noUMI	1
AAGAGACGCATGCTTC	ENSG00000117000.9	TTGGGTCA	1
AAGAGACGCATGCTTC	ENSG00000117000.9	noUMI	9
AAGAGACGCATGCTTC	ENSG00000117000.9	TCAACATG	1
AAGAGACGCATGCTTC	ENSG00000259943.1	noUMI	1
AAGAGACGCATGCTTC	ENSG00000237424.1	ATCGCACG	1
AAGAGACGCATGCTTC	ENSG00000169213.7	noUMI	18
AAGAGACGCATGCTTC	ENSG00000169213.7	GTACGGAA	1
CAACCTCAGAACCTGT	ENSG00000225630.1	ATGAGTCG	1
CAACCTCAGAACCTGT	ENSG00000225630.1	CCTTCCAA	2
CAACCTCAGAACCTGT	ENSG00000225630.1	TACGAGGA	1
CAACCTCAGAACCTGT	ENSG00000225630.1	ATAGGTCT	1
CAACCTCAGAACCTGT	ENSG00000225630.1	CAGAATAG	1
CAACCTCAGAACCTGT	ENSG00000225630.1	noUMI	1
CAACCTCAGAACCTGT	ENSG00000225630.1	GGCGCAGT	1
CAACCTCAGAACCTGT	ENSG00000225630.1	GTATCGTT	1
CAACCTCAGAACCTGT	ENSG00000116863.11	noUMI	1
CAACCTCAGAACCTGT	ENSG00000066557.6	noUMI	1
CAACCTCAGAACCTGT	ENSG00000065135.12	noUMI	1
CAACCTCAGAACCTGT	ENSG00000170385.10	noUMI	1
CAACCTCAGAACCTGT	ENSG00000143751.10	noUMI	2
CAACCTCAGAACCTGT	ENSG00000259865.1	noUMI	3
TGACCAAGGAGAAGGA	ENSG00000225630.1	AAATGCAG	1
TGACCAAGGAGAAGGA	ENSG00000225630.1	AGACGGAG	1
TGACCAAGGAGAAGGA	ENSG00000225630.1	GGCTCATC	1
TGACCAAGGAGAAGGA	ENSG00000225630.1	GATTGAAT	2
TGACCAAGGAGAAGGA	ENSG00000225630.1	GCGTTACA	1
TGACCAAGGAGAAGGA	ENSG00000225630.1	noUMI	8
TGACCAAGGAGAAGGA	ENSG00000225630.1	AGTGCGTG	1
TGACCAAGGAGAAGGA	ENSG00000225630.1	CAGTTCGG	2
TGACCAAGGAGAAGGA	ENSG00000225630.1	GGATTCGA	1
TGACCAAGGAGAAGGA	ENSG00000225630.1	ACTGATGA	1
TGACCAAGGAGAAGGA	ENSG00000225630.1	AGGATCCA	1
TGACCAAGGAGAAGGA	ENSG00000225630.1	GGGATATG	1
TGACCAAGGAGAAGGA	ENSG00000225630.1	TGGCCGGA	1
TGACCAAGGAGAAGGA	ENSG00000225630.1	AGAGGGCG	1
TGACCAAGGAGAAGGA	ENSG00000225630.1	AGAACTTA	1
TGACCAAGGAGAAGGA	ENSG00000225630.1	AGGGACGA	1
TGACCAAGGAGAAGGA	ENSG00000225630.1	GGTATGTT	1
TGACCAAGGAGAAGGA	ENSG00000225630.1	GACGTAAG	1
TGACCAAGGAGAAGGA	ENSG00000225630.1	TGATGAGC	1
TGACCAAGGAGAAGGA	ENSG00000225630.1	TGTCAGCG	1
TGACCAAGGAGAAGGA	ENSG00000225630.1	TCGAAAGG	1
TGACCAAGGAGAAGGA	ENSG00000225630.1	CCGCGACA	1
TGACCAAGGAGAAGGA	ENSG00000225630.1	TGACCTCC	1
TGACCAAGGAGAAGGA	ENSG00000225630.1	AGTAAGTC	2
TGACCAAGGAGAAGGA	ENSG00000225630.1	TACAGCAA	1
TGACCAAGGAGAAGGA	ENSG00000225630.1	GTCGGTGT	1
TGACCAAGGAGAAGGA	ENSG00000225630.1	AGTCTCAA	1
TGACCAAGGAGAAGGA	ENSG00000176022.7	GGGGGGGC	1
TGACCAAGGAGAAGGA	ENSG00000176022.7	GCTGACGG	1
TGACCAAGGAGAAGGA	ENSG00000233954.6	GCCGAAAC	1
TGACCAAGGAGAAGGA	ENSG00000288398.1	noUMI	1
TGACCAAGGAGAAGGA	ENSG00000158748.4	CGAGAGAA	1
TGACCAAGGAGAAGGA	ENSG00000090432.7	noUMI	2
TGACCAAGGAGAAGGA	ENSG00000090432.7	CTGAAGAG	1
TGACCAAGGAGAAGGA	ENSG00000179163.12	noUMI	4
TGACCAAGGAGAAGGA	ENSG00000179163.12	CCGATGAT	1
TGACCAAGGAGAAGGA	ENSG00000179163.12	GGGGCTGA	1
TGACCAAGGAGAAGGA	ENSG00000228589.3	noUMI	2
TGACCAAGGAGAAGGA	ENSG00000228589.3	AATGACAG	1
TGACCAAGGAGAAGGA	ENSG00000270605.1	noUMI	1
TGACCAAGGAGAAGGA	ENSG00000175130.7	noUMI	1
TGACCAAGGAGAAGGA	ENSG00000175130.7	CATGGTCA	1
TGACCAAGGAGAAGGA	ENSG00000243749.1	noUMI	1
TGACCAAGGAGAAGGA	ENSG00000286899.1	noUMI	2
TGACCAAGGAGAAGGA	ENSG00000116863.11	noUMI	5
TGACCAAGGAGAAGGA	ENSG00000259943.1	noUMI	1
TGACCAAGGAGAAGGA	ENSG00000230585.2	noUMI	1
TGACCAAGGAGAAGGA	ENSG00000169213.7	noUMI	4
TGACCAAGGAGAAGGA	ENSG00000116704.8	noUMI	1
TGACCAAGGAGAAGGA	ENSG00000116704.8	GGTCCAAT	1
TGACCAAGGAGAAGGA	ENSG00000066557.6	noUMI	5
TGACCAAGGAGAAGGA	ENSG00000137970.7	AGCTATGA	1
TGACCAAGGAGAAGGA	ENSG00000137970.7	CTTCTCGG	1
TGACCAAGGAGAAGGA	ENSG00000065135.12	CACACAAC	2
TGACCAAGGAGAAGGA	ENSG00000065135.12	noUMI	8
TGACCAAGGAGAAGGA	ENSG00000213281.5	noUMI	5
TGACCAAGGAGAAGGA	ENSG00000213281.5	AGGCCACT	1
TGACCAAGGAGAAGGA	ENSG00000213281.5	GTGAAGAT	2
TGACCAAGGAGAAGGA	ENSG00000184260.6	ACAGAGCG	1
TGACCAAGGAGAAGGA	ENSG00000272654.1	TGAGCGTG	1
TGACCAAGGAGAAGGA	ENSG00000272654.1	noUMI	3
TGACCAAGGAGAAGGA	ENSG00000132718.9	GAAGCACA	1
TGACCAAGGAGAAGGA	ENSG00000235082.2	ATTGCTAG	1
TGACCAAGGAGAAGGA	ENSG00000143184.5	noUMI	1
TGACCAAGGAGAAGGA	ENSG00000233583.1	noUMI	1
TGACCAAGGAGAAGGA	ENSG00000279838.1	noUMI	5
TGACCAAGGAGAAGGA	ENSG00000183155.5	noUMI	3
TGACCAAGGAGAAGGA	ENSG00000174529.7	noUMI	1
TGACCAAGGAGAAGGA	ENSG00000174529.7	TAGCTGTG	3
TGACCAAGGAGAAGGA	ENSG00000170385.10	TATGGACC	2
TGACCAAGGAGAAGGA	ENSG00000170385.10	noUMI	1
TGACCAAGGAGAAGGA	ENSG00000277007.1	noUMI	1
TGACCAAGGAGAAGGA	ENSG00000218283.2	TGCGATAA	1
TGACCAAGGAGAAGGA	ENSG00000218283.2	noUMI	2
TGACCAAGGAGAAGGA	ENSG00000143751.10	noUMI	5
TGACCAAGGAGAAGGA	ENSG00000143751.10	TATAGTGA	1
TGACCAAGGAGAAGGA	ENSG00000181218.5	noUMI	1
TGACCAAGGAGAAGGA	ENSG00000273058.2	noUMI	1
TGACCAAGGAGAAGGA	ENSG00000259865.1	noUMI	1
TGACCAAGGGAGTAAC	ENSG00000279457.4	GTTATGAC	1
TGACCAAGGGAGTAAC	ENSG00000225630.1	CTTTGCTG	1
TGACCAAGGGAGTAAC	ENSG00000225630.1	TGTGATAC	1
TGACCAAGGGAGTAAC	ENSG00000225630.1	TGCAGCGA	1
TGACCAAGGGAGTAAC	ENSG00000225630.1	GACTAGTT	2
TGACCAAGGGAGTAAC	ENSG00000225630.1	GAGCCAGA	1
TGACCAAGGGAGTAAC	ENSG00000225630.1	ATGACACA	1
TGACCAAGGGAGTAAC	ENSG00000225630.1	CGGATCTT	2
TGACCAAGGGAGTAAC	ENSG00000225630.1	CGGGTGGT	1
TGACCAAGGGAGTAAC	ENSG00000225630.1	GAATGGTG	1
TGACCAAGGGAGTAAC	ENSG00000225630.1	CCACAGTG	1
TGACCAAGGGAGTAAC	ENSG00000225630.1	TGGCGCAG	2
TGACCAAGGGAGTAAC	ENSG00000225630.1	TCACAATG	1
TGACCAAGGGAGTAAC	ENSG00000225630.1	AGGAGGGC	1
TGACCAAGGGAGTAAC	ENSG00000225630.1	TGTTGACG	1
TGACCAAGGGAGTAAC	ENSG00000225630.1	ACCAATCA	1
TGACCAAGGGAGTAAC	ENSG00000225630.1	TCGTAACC	1
TGACCAAGGGAGTAAC	ENSG00000225630.1	AGTGCTAC	1
TGACCAAGGGAGTAAC	ENSG00000225630.1	GTCAACGG	1
TGACCAAGGGAGTAAC	ENSG00000225630.1	GCCAGGAA	1
TGACCAAGGGAGTAAC	ENSG00000225630.1	noUMI	3
TGACCAAGGGAGTAAC	ENSG00000225630.1	CAAACATG	1
TGACCAAGGGAGTAAC	ENSG00000225630.1	CAGTTGCC	1
TGACCAAGGGAGTAAC	ENSG00000225630.1	AGCTTAAA	1
TGACCAAGGGAGTAAC	ENSG00000225630.1	AACGATCC	3
TGACCAAGGGAGTAAC	ENSG00000225630.1	GCCTCACG	1
TGACCAAGGGAGTAAC	ENSG00000225630.1	GTGCGTCT	1
TGACCAAGGGAGTAAC	ENSG00000225630.1	GAAACACG	1
TGACCAAGGGAGTAAC	ENSG00000225630.1	TGGCACCA	1
TGACCAAGGGAGTAAC	ENSG00000176022.7	TCGTCACG	1
TGACCAAGGGAGTAAC	ENSG00000231789.2	noUMI	1
TGACCAAGGGAGTAAC	ENSG00000231789.2	GTTCGGAC	1
TGACCAAGGGAGTAAC	ENSG00000288398.1	noUMI	1
TGACCAAGGGAGTAAC	ENSG00000179163.12	noUMI	2
TGACCAAGGGAGTAAC	ENSG00000179163.12	TTGGCAGG	1
TGACCAAGGGAGTAAC	ENSG00000270605.1	TTAAAGCG	1
TGACCAAGGGAGTAAC	ENSG00000175130.7	TTGTGGAT	1
TGACCAAGGGAGTAAC	ENSG00000116863.11	noUMI	2
TGACCAAGGGAGTAAC	ENSG00000233406.5	CTCCCAGC	1
TGACCAAGGGAGTAAC	ENSG00000066557.6	noUMI	4
TGACCAAGGGAGTAAC	ENSG00000223896.2	noUMI	2
TGACCAAGGGAGTAAC	ENSG00000137970.7	noUMI	1
TGACCAAGGGAGTAAC	ENSG00000137970.7	AAGGTACA	1
TGACCAAGGGAGTAAC	ENSG00000065135.12	TACGGTGG	1
TGACCAAGGGAGTAAC	ENSG00000065135.12	noUMI	11
TGACCAAGGGAGTAAC	ENSG00000065135.12	CTCGTGGA	1
TGACCAAGGGAGTAAC	ENSG00000065135.12	TCATAGGG	1
TGACCAAGGGAGTAAC	ENSG00000213281.5	noUMI	7
TGACCAAGGGAGTAAC	ENSG00000213281.5	TGGCGCCT	1
TGACCAAGGGAGTAAC	ENSG00000184260.6	TGAAACGC	1
TGACCAAGGGAGTAAC	ENSG00000184260.6	TGAGGTAA	1
TGACCAAGGGAGTAAC	ENSG00000272654.1	TCACCAGT	1
TGACCAAGGGAGTAAC	ENSG00000163344.6	noUMI	1
TGACCAAGGGAGTAAC	ENSG00000288670.1	GCGAGGTA	1
TGACCAAGGGAGTAAC	ENSG00000158615.9	noUMI	3
TGACCAAGGGAGTAAC	ENSG00000158615.9	TGTAGATG	1
TGACCAAGGGAGTAAC	ENSG00000277007.1	noUMI	1
TGACCAAGGGAGTAAC	ENSG00000218283.2	noUMI	1
TGACCAAGGGAGTAAC	ENSG00000143751.10	ACATCTTG	1
TGACCAAGGGAGTAAC	ENSG00000143751.10	noUMI	3
TGACCAAGGGAGTAAC	ENSG00000143653.10	noUMI	1
TGACCAAGGGAGTAAC	ENSG00000259865.1	noUMI	4
TGACCAAGCAGATTCG	ENSG00000225630.1	noUMI	62
TGACCAAGCAGATTCG	ENSG00000225630.1	CATAGATA	1
TGACCAAGCAGATTCG	ENSG00000225630.1	AAACAAAT	1
TGACCAAGCAGATTCG	ENSG00000225630.1	GGAGTCAA	1
TGACCAAGCAGATTCG	ENSG00000225630.1	TTGTCGGG	2
TGACCAAGCAGATTCG	ENSG00000225630.1	CCTGGTGT	1
TGACCAAGCAGATTCG	ENSG00000225630.1	CCAGAAAG	1
TGACCAAGCAGATTCG	ENSG00000225630.1	TTCAGACG	1
TGACCAAGCAGATTCG	ENSG00000225630.1	GAAGTGTT	1
TGACCAAGCAGATTCG	ENSG00000225630.1	CGACTCAT	1
TGACCAAGCAGATTCG	ENSG00000225630.1	ACAATACA	1
TGACCAAGCAGATTCG	ENSG00000225630.1	CGGCCTGC	1
TGACCAAGCAGATTCG	ENSG00000225630.1	TAAGCCTC	1
TGACCAAGCAGATTCG	ENSG00000225630.1	AAGTTACC	2
TGACCAAGCAGATTCG	ENSG00000225630.1	CAGGAAGG	1
TGACCAAGCAGATTCG	ENSG00000225630.1	ATGTGATG	1
TGACCAAGCAGATTCG	ENSG00000225630.1	ATACGGAA	1
TGACCAAGCAGATTCG	ENSG00000225630.1	AAAACTAT	1
TGACCAAGCAGATTCG	ENSG00000225630.1	GTAATCCT	1
TGACCAAGCAGATTCG	ENSG00000225630.1	GCGATGCC	1
TGACCAAGCAGATTCG	ENSG00000225630.1	GGGCATTC	1
TGACCAAGCAGATTCG	ENSG00000225630.1	AGTCACAG	1
TGACCAAGCAGATTCG	ENSG00000225630.1	TTAGTGCC	1
TGACCAAGCAGATTCG	ENSG00000225630.1	TTTGAAGA	1
TGACCAAGCAGATTCG	ENSG00000225630.1	CTATGATC	1
TGACCAAGCAGATTCG	ENSG00000225630.1	GTGCGAGG	1
TGACCAAGCAGATTCG	ENSG00000225630.1	ACAAGCAC	1
TGACCAAGCAGATTCG	ENSG00000225630.1	CTATCTCC	2
TGACCAAGCAGATTCG	ENSG00000225630.1	AAGCGACC	1
TGACCAAGCAGATTCG	ENSG00000225630.1	GTGCACTC	1
TGACCAAGCAGATTCG	ENSG00000198744.5	noUMI	1
TGACCAAGCAGATTCG	ENSG00000171612.7	noUMI	3
TGACCAAGCAGATTCG	ENSG00000287756.1	noUMI	9
TGACCAAGCAGATTCG	ENSG00000287756.1	CGAAGACA	3
TGACCAAGCAGATTCG	ENSG00000233954.6	CCGTATGC	1
TGACCAAGCAGATTCG	ENSG00000288398.1	noUMI	5
TGACCAAGCAGATTCG	ENSG00000261135.1	noUMI	8
TGACCAAGCAGATTCG	ENSG00000090432.7	noUMI	16
TGACCAAGCAGATTCG	ENSG00000179163.12	noUMI	25
TGACCAAGCAGATTCG	ENSG00000179163.12	GCATCACG	1
TGACCAAGCAGATTCG	ENSG00000284602.1	noUMI	1
TGACCAAGCAGATTCG	ENSG00000270605.1	noUMI	13
TGACCAAGCAGATTCG	ENSG00000130766.5	noUMI	3
TGACCAAGCAGATTCG	ENSG00000175130.7	noUMI	13
TGACCAAGCAGATTCG	ENSG00000175130.7	CGACACTG	1
TGACCAAGCAGATTCG	ENSG00000175130.7	ATTGGACA	2
TGACCAAGCAGATTCG	ENSG00000243749.1	noUMI	16
TGACCAAGCAGATTCG	ENSG00000243749.1	GATTCCAT	1
TGACCAAGCAGATTCG	ENSG00000116863.11	noUMI	26
TGACCAAGCAGATTCG	ENSG00000116981.4	noUMI	4
TGACCAAGCAGATTCG	ENSG00000117000.9	noUMI	1
TGACCAAGCAGATTCG	ENSG00000259943.1	noUMI	17
TGACCAAGCAGATTCG	ENSG00000259943.1	CCATTTCT	1
TACCGATGCCAATCCT	ENSG00000279457.4	noUMI	2
TACCGATGCCAATCCT	ENSG00000225630.1	ATCATGAG	3
TACCGATGCCAATCCT	ENSG00000225630.1	ATAGTATT	1
TACCGATGCCAATCCT	ENSG00000225630.1	noUMI	18
TACCGATGCCAATCCT	ENSG00000225630.1	CCCTTGGA	1
TACCGATGCCAATCCT	ENSG00000225630.1	CGACACCA	1
TACCGATGCCAATCCT	ENSG00000225630.1	GTATGCTG	1
TACCGATGCCAATCCT	ENSG00000225630.1	GCTCGTAA	2
TACCGATGCCAATCCT	ENSG00000225630.1	GGGTTACA	1
TACCGATGCCAATCCT	ENSG00000225630.1	CTTAGTAT	1
TACCGATGCCAATCCT	ENSG00000225630.1	TAGACTGC	1
TACCGATGCCAATCCT	ENSG00000225630.1	GCGGCACT	1
TACCGATGCCAATCCT	ENSG00000225630.1	TATAAGGT	2
TACCGATGCCAATCCT	ENSG00000225630.1	GTGGGCAA	1
TACCGATGCCAATCCT	ENSG00000225630.1	CGGACTAT	3
TACCGATGCCAATCCT	ENSG00000225630.1	TGACATAC	1
TACCGATGCCAATCCT	ENSG00000225630.1	TATTGGCG	1
TACCGATGCCAATCCT	ENSG00000225630.1	AATAGAGT	1
TACCGATGCCAATCCT	ENSG00000225630.1	AACAACTG	1
TACCGATGCCAATCCT	ENSG00000225630.1	TGAGAGCT	1
TACCGATGCCAATCCT	ENSG00000225630.1	GCGTCACT	1
TACCGATGCCAATCCT	ENSG00000225630.1	AAGGCGTT	1
TACCGATGCCAATCCT	ENSG00000225630.1	GCTCGCGA	1
TACCGATGCCAATCCT	ENSG00000225630.1	TGTAGTCC	2
TACCGATGCCAATCCT	ENSG00000225630.1	CACGAAGA	1
TACCGATGCCAATCCT	ENSG00000225630.1	CCCATGCT	1
TACCGATGCCAATCCT	ENSG00000225630.1	ATTAGAGG	2
TACCGATGCCAATCCT	ENSG00000225630.1	TAAACGGG	1
TACCGATGCCAATCCT	ENSG00000225630.1	GTCTCACG	1
TACCGATGCCAATCCT	ENSG00000225630.1	GTTGGATG	1
TACCGATGCCAATCCT	ENSG00000225630.1	GAGTGACG	1
TACCGATGCCAATCCT	ENSG00000225630.1	ATGGGTCC	1
TACCGATGCCAATCCT	ENSG00000225630.1	GTACGTAG	1
TACCGATGCCAATCCT	ENSG00000225630.1	ATCAATCA	2
TACCGATGCCAATCCT	ENSG00000225630.1	GGTCTTGA	1
TACCGATGCCAATCCT	ENSG00000225630.1	AGAGAGCA	1
TACCGATGCCAATCCT	ENSG00000225630.1	AGACAACG	1
TACCGATGCCAATCCT	ENSG00000225630.1	GTTCTAAG	1
TACCGATGCCAATCCT	ENSG00000225630.1	CATAGGTG	1
TACCGATGCCAATCCT	ENSG00000225630.1	CTACTTCC	1
TACCGATGCCAATCCT	ENSG00000225630.1	CCCAACCC	2
TACCGATGCCAATCCT	ENSG00000225630.1	AGAGGACG	1
TACCGATGCCAATCCT	ENSG00000225630.1	TATCCTCA	1
TACCGATGCCAATCCT	ENSG00000225630.1	GGGCCGGT	1
TACCGATGCCAATCCT	ENSG00000225630.1	GCCGCCGT	1
TACCGATGCCAATCCT	ENSG00000225630.1	GCGTACTC	1
TACCGATGCCAATCCT	ENSG00000225630.1	TCACAGCT	2
TACCGATGCCAATCCT	ENSG00000225630.1	AATAGTAT	1
TACCGATGCCAATCCT	ENSG00000225630.1	TCACAATA	2
TACCGATGCCAATCCT	ENSG00000225630.1	CAAGTATC	1
TACCGATGCCAATCCT	ENSG00000225630.1	TAAATAAC	1
TACCGATGCCAATCCT	ENSG00000225630.1	TTTCGAGT	1
TACCGATGCCAATCCT	ENSG00000225630.1	AAGATAAC	1
TACCGATGCCAATCCT	ENSG00000225630.1	GACGGCTT	1
TACCGATGCCAATCCT	ENSG00000225630.1	GGCTTAAA	1
TACCGATGCCAATCCT	ENSG00000225630.1	GTATGGAG	1
TACCGATGCCAATCCT	ENSG00000225630.1	GAGGCTTC	1
TACCGATGCCAATCCT	ENSG00000225630.1	ATGTCCGT	1
TACCGATGCCAATCCT	ENSG00000225630.1	CTTGTACA	1
TACCGATGCCAATCCT	ENSG00000225630.1	CGATAGAT	1
TACCGATGCCAATCCT	ENSG00000225630.1	ACCTCGCG	1
TACCGATGCCAATCCT	ENSG00000225630.1	CGTCTAAT	1
TACCGATGCCAATCCT	ENSG00000225630.1	CCATCTGA	1
TACCGATGCCAATCCT	ENSG00000225630.1	GGGCTACC	1
TACCGATGCCAATCCT	ENSG00000225630.1	AGGACCGC	1
TACCGATGCCAATCCT	ENSG00000225630.1	AGTAACTA	1
TACCGATGCCAATCCT	ENSG00000225630.1	TGCAGCAC	1
TACCGATGCCAATCCT	ENSG00000225630.1	TTGGCAGT	2
TACCGATGCCAATCCT	ENSG00000225630.1	GCACAGAC	2
TACCGATGCCAATCCT	ENSG00000225630.1	TGCTAAAC	1
TACCGATGCCAATCCT	ENSG00000225630.1	CGAGTCGA	1
TACCGATGCCAATCCT	ENSG00000225630.1	GCTAAAAC	1
TACCGATGCCAATCCT	ENSG00000225630.1	ACCGCATG	1
TACCGATGCCAATCCT	ENSG00000225630.1	GTTAAGGG	1
TACCGATGCCAATCCT	ENSG00000225630.1	TTATGCCC	1
TACCGATGCCAATCCT	ENSG00000225630.1	GACCTAGC	1
TACCGATGCCAATCCT	ENSG00000225630.1	TTGATCGA	1
TACCGATGCCAATCCT	ENSG00000176022.7	noUMI	1
TACCGATGCCAATCCT	ENSG00000270035.1	GCTGATTC	1
TACCGATGCCAATCCT	ENSG00000287756.1	noUMI	3
TACCGATGCCAATCCT	ENSG00000233954.6	TCGGACAT	1
TACCGATGCCAATCCT	ENSG00000233954.6	CTAGACAT	1
TACCGATGCCAATCCT	ENSG00000233954.6	TCGTATGC	1
TACCGATGCCAATCCT	ENSG00000288398.1	noUMI	9
TACCGATGCCAATCCT	ENSG00000186301.8	noUMI	2
TACCGATGCCAATCCT	ENSG00000162482.5	noUMI	1
TACCGATGCCAATCCT	ENSG00000090432.7	noUMI	10
TACCGATGCCAATCCT	ENSG00000090432.7	CGACCCGG	1
TACCGATGCCAATCCT	ENSG00000181773.7	noUMI	1
TACCGATGCCAATCCT	ENSG00000175130.7	noUMI	4
TACCGATGCCAATCCT	ENSG00000273274.2	AGAGGGTA	1
TACCGATGCCAATCCT	ENSG00000243749.1	noUMI	6
TACCGATGCCAATCCT	ENSG00000243749.1	AAAAAGCT	1
TACCGATGCCAATCCT	ENSG00000116863.11	noUMI	10
TACCGATGCCAATCCT	ENSG00000116981.4	noUMI	5
TACCGATGCCAATCCT	ENSG00000117000.9	noUMI	2
TACCGATGCCAATCCT	ENSG00000259943.1	noUMI	1
TACCGATGCCAATCCT	ENSG00000259943.1	ACTTCGTG	1
TACCGATGCCAATCCT	ENSG00000286429.1	noUMI	4
TACCGATGCCAATCCT	ENSG00000116704.8	TGTTGTCG	1
TACCGATGCCAATCCT	ENSG00000066557.6	noUMI	16
TACCGATGCCAATCCT	ENSG00000066557.6	GGCGGCGG	1
TACCGATGCCAATCCT	ENSG00000066557.6	AATCTACG	1
TACCGATGCCAATCCT	ENSG00000066557.6	GAGTAATG	1
TACCGATGCCAATCCT	ENSG00000066557.6	AAATCTGA	1
TACCGATGCCAATCCT	ENSG00000226084.5	GTCGAAAG	1
TACCGATGCCAATCCT	ENSG00000226084.5	noUMI	1
TACCGATGCCAATCCT	ENSG00000271576.1	CGTGTAAT	1
TACCGATGCCAATCCT	ENSG00000280099.1	noUMI	3
TACCGATGCCAATCCT	ENSG00000137970.7	noUMI	4
TACCGATGCCAATCCT	ENSG00000137970.7	TATGTCGT	1
TACCGATGCCAATCCT	ENSG00000137970.7	TCGTTGAC	1
TACCGATGCCAATCCT	ENSG00000137970.7	ACACCACG	1
TACCGATGCCAATCCT	ENSG00000137970.7	AGATTCGT	1
TACCGATGCCAATCCT	ENSG00000065135.12	GAGGCAGG	1
TACCGATGCCAATCCT	ENSG00000065135.12	CACCGGGC	1
TACCGATGCCAATCCT	ENSG00000065135.12	TGACATCA	1
TACCGATGCCAATCCT	ENSG00000065135.12	GGTGAAGG	1
TACCGATGCCAATCCT	ENSG00000065135.12	CTACGGAA	1
TACCGATGCCAATCCT	ENSG00000065135.12	noUMI	43
TACCGATGCCAATCCT	ENSG00000065135.12	GGCGTCAG	1
TACCGATGCCAATCCT	ENSG00000065135.12	GCGGTACA	2
TACCGATGCCAATCCT	ENSG00000065135.12	GTACTCTG	1
GCATGTCTGGCCTATA	ENSG00000225630.1	GTCGGGCC	1
GCATGTCTGGCCTATA	ENSG00000225630.1	GATGCTCG	1
GCATGTCTGGCCTATA	ENSG00000225630.1	noUMI	22
GCATGTCTGGCCTATA	ENSG00000225630.1	TAGGTAGC	2
GCATGTCTGGCCTATA	ENSG00000225630.1	TCCGCGCT	1
GCATGTCTGGCCTATA	ENSG00000225630.1	GATGAAGC	1
GCATGTCTGGCCTATA	ENSG00000225630.1	GGAACTTC	1
GCATGTCTGGCCTATA	ENSG00000225630.1	CTCCGAGT	1
GCATGTCTGGCCTATA	ENSG00000225630.1	AGTCTGTC	1
GCATGTCTGGCCTATA	ENSG00000225630.1	AGTGACTC	1
GCATGTCTGGCCTATA	ENSG00000225630.1	GGAGGCGG	1
GCATGTCTGGCCTATA	ENSG00000225630.1	TCCACGAA	3
GCATGTCTGGCCTATA	ENSG00000225630.1	GGAAGCGA	1
GCATGTCTGGCCTATA	ENSG00000225630.1	GTAGTGGA	1
GCATGTCTGGCCTATA	ENSG00000225630.1	ATATAGGC	2
GCATGTCTGGCCTATA	ENSG00000225630.1	ACGGATCT	1
GCATGTCTGGCCTATA	ENSG00000225630.1	GGCATACA	1
GCATGTCTGGCCTATA	ENSG00000225630.1	GTCAGTAC	1
GCATGTCTGGCCTATA	ENSG00000225630.1	CCGGACGG	4
GCATGTCTGGCCTATA	ENSG00000225630.1	CCTTGCCT	1
GCATGTCTGGCCTATA	ENSG00000225630.1	GAATCGGT	1
GCATGTCTGGCCTATA	ENSG00000225630.1	ATCGACCC	1
GCATGTCTGGCCTATA	ENSG00000225630.1	AATGATCT	1
GCATGTCTGGCCTATA	ENSG00000225630.1	TTGGCAAA	2
GCATGTCTGGCCTATA	ENSG00000225630.1	AACACACA	1
GCATGTCTGGCCTATA	ENSG00000225630.1	TGTCTGCA	1
GCATGTCTGGCCTATA	ENSG00000225630.1	TGCAAGAA	1
GCATGTCTGGCCTATA	ENSG00000225630.1	CTTCCATT	1
GCATGTCTGGCCTATA	ENSG00000225630.1	TTTGAAGC	2
GCATGTCTGGCCTATA	ENSG00000225630.1	CGTGGCAC	1
GCATGTCTGGCCTATA	ENSG00000225630.1	CTTCAAAG	1
GCATGTCTGGCCTATA	ENSG00000225630.1	CCAAACAG	1
GCATGTCTGGCCTATA	ENSG00000225630.1	CACACTAC	1
GCATGTCTGGCCTATA	ENSG00000225630.1	ATACGACC	1
GCATGTCTGGCCTATA	ENSG00000225630.1	AATGTACA	1
GCATGTCTGGCCTATA	ENSG00000225630.1	CAACTTGT	1
GCATGTCTGGCCTATA	ENSG00000225630.1	ATCGCGGC	1
GCATGTCTGGCCTATA	ENSG00000225630.1	GCCGTCGG	1
GCATGTCTGGCCTATA	ENSG00000225630.1	AACGCCGG	1
GCATGTCTGGCCTATA	ENSG00000225630.1	CGAGAGTC	1
GCATGTCTGGCCTATA	ENSG00000225630.1	TCATAGAT	1
GCATGTCTGGCCTATA	ENSG00000225630.1	GCAATGAT	1
GCATGTCTGGCCTATA	ENSG00000225630.1	AAGGATTA	2
GCATGTCTGGCCTATA	ENSG00000225630.1	GAGGATCA	1
GCATGTCTGGCCTATA	ENSG00000225630.1	TACACGGC	1
GCATGTCTGGCCTATA	ENSG00000225630.1	ACGGCTGA	1
GCATGTCTGGCCTATA	ENSG00000225630.1	CACACGAC	1
GCATGTCTGGCCTATA	ENSG00000225630.1	ACAACAGT	1
GCATGTCTGGCCTATA	ENSG00000225630.1	CCGAGAAG	1
GCATGTCTGGCCTATA	ENSG00000225630.1	CACGGGAT	1
GCATGTCTGGCCTATA	ENSG00000225630.1	TTCCACTG	1
GCATGTCTGGCCTATA	ENSG00000225630.1	CCGGGCTA	1
GCATGTCTGGCCTATA	ENSG00000225630.1	GAAGCGTG	1
GCATGTCTGGCCTATA	ENSG00000225630.1	GCTTCCTA	1
GCATGTCTGGCCTATA	ENSG00000225630.1	TGGGCGCC	1
GCATGTCTGGCCTATA	ENSG00000225630.1	CGTCTATG	2
GCATGTCTGGCCTATA	ENSG00000225630.1	CGCCGCTA	1
GCATGTCTGGCCTATA	ENSG00000225630.1	CCTCCCCC	1
GCATGTCTGGCCTATA	ENSG00000225630.1	CTATCCAT	2
GCATGTCTGGCCTATA	ENSG00000225630.1	TTCGACGG	1
GCATGTCTGGCCTATA	ENSG00000225630.1	AAGCTGAG	1
GCATGTCTGGCCTATA	ENSG00000225630.1	TCAACAGT	1
GCATGTCTGGCCTATA	ENSG00000225630.1	ACTTAACG	1
GCATGTCTGGCCTATA	ENSG00000225630.1	ATGATGAG	1
GCATGTCTGGCCTATA	ENSG00000288398.1	GTTGGGGG	1
GCATGTCTGGCCTATA	ENSG00000090432.7	noUMI	4
GCATGTCTGGCCTATA	ENSG00000179546.5	noUMI	10
GCATGTCTGGCCTATA	ENSG00000179163.12	noUMI	7
GCATGTCTGGCCTATA	ENSG00000243659.1	noUMI	1
GCATGTCTGGCCTATA	ENSG00000228589.3	noUMI	1
GCATGTCTGGCCTATA	ENSG00000175130.7	ATGACGCG	1
GCATGTCTGGCCTATA	ENSG00000117000.9	noUMI	7
GCATGTCTGGCCTATA	ENSG00000169213.7	noUMI	3
GCATGTCTGGCCTATA	ENSG00000232762.1	noUMI	2
GCATGTCTGGCCTATA	ENSG00000066557.6	noUMI	12
GCATGTCTGGCCTATA	ENSG00000066557.6	CAGCCTTC	1
GCATGTCTGGCCTATA	ENSG00000226084.5	noUMI	1
GCATGTCTGGCCTATA	ENSG00000280099.1	GCTCGGGG	1
GCATGTCTGGCCTATA	ENSG00000137970.7	noUMI	3
GCATGTCTGGCCTATA	ENSG00000137970.7	CGGCCACA	1
GCATGTCTGGCCTATA	ENSG00000065135.12	noUMI	32
GCATGTCTGGCCTATA	ENSG00000065135.12	TGGACCCG	1
GCATGTCTGGCCTATA	ENSG00000065135.12	ATGAAAGC	1
GCATGTCTGGCCTATA	ENSG00000065135.12	AGCGGATA	1
GCATGTCTGGCCTATA	ENSG00000065135.12	AAAGAACG	1
GCATGTCTGGCCTATA	ENSG00000238198.2	noUMI	1
GCATGTCTGGCCTATA	ENSG00000213281.5	noUMI	14
GCATGTCTGGCCTATA	ENSG00000213281.5	ACTGTTTT	1
GCATGTCTGGCCTATA	ENSG00000213281.5	ATGAGCGG	1
CTCAACAGCAAGAGGT	ENSG00000279457.4	noUMI	1
CTCAACAGCAAGAGGT	ENSG00000225630.1	GCGGGCAA	1
CTCAACAGCAAGAGGT	ENSG00000225630.1	GTATAGAG	1
CTCAACAGCAAGAGGT	ENSG00000225630.1	GTGATGTA	1
CTCAACAGCAAGAGGT	ENSG00000225630.1	noUMI	35
CTCAACAGCAAGAGGT	ENSG00000225630.1	AATCGCCC	1
CTCAACAGCAAGAGGT	ENSG00000225630.1	CACACCGC	1
CTCAACAGCAAGAGGT	ENSG00000225630.1	AGTCAGCA	1
CTCAACAGCAAGAGGT	ENSG00000225630.1	CACCCGTG	1
CTCAACAGCAAGAGGT	ENSG00000225630.1	AAACTAGC	1
CTCAACAGCAAGAGGT	ENSG00000225630.1	CCGTCGTT	1
CTCAACAGCAAGAGGT	ENSG00000225630.1	GGTCACAT	1
CTCAACAGCAAGAGGT	ENSG00000225630.1	ACATCTCC	1
CTCAACAGCAAGAGGT	ENSG00000225630.1	AGGACTTC	1
CTCAACAGCAAGAGGT	ENSG00000225630.1	GGGGGGGG	1
CTCAACAGCAAGAGGT	ENSG00000225630.1	GTTTCACA	1
CTCAACAGCAAGAGGT	ENSG00000225630.1	AAATGGCT	1
CTCAACAGCAAGAGGT	ENSG00000225630.1	CAAAGCCC	1
CTCAACAGCAAGAGGT	ENSG00000225630.1	TCGTGTAG	1
CTCAACAGCAAGAGGT	ENSG00000225630.1	GGGTGGGG	1
CTCAACAGCAAGAGGT	ENSG00000225630.1	TCCACGGT	1
CTCAACAGCAAGAGGT	ENSG00000225630.1	GTTGCTTA	1
CTCAACAGCAAGAGGT	ENSG00000225630.1	TTCTTGGG	1
CTCAACAGCAAGAGGT	ENSG00000225630.1	CAGGCGGC	1
CTCAACAGCAAGAGGT	ENSG00000225630.1	GAGGAGGG	2
CTCAACAGCAAGAGGT	ENSG00000225630.1	TAGCCGAT	1
CTCAACAGCAAGAGGT	ENSG00000225630.1	GGATACGG	1
CTCAACAGCAAGAGGT	ENSG00000225630.1	AAAGTCGT	1
CTCAACAGCAAGAGGT	ENSG00000225630.1	GATCGTCA	1
CTCAACAGCAAGAGGT	ENSG00000225630.1	GTATTACT	1
CTCAACAGCAAGAGGT	ENSG00000225630.1	CAATGCCC	1
CTCAACAGCAAGAGGT	ENSG00000225630.1	TAGCCACC	1
CTCAACAGCAAGAGGT	ENSG00000225630.1	CTAAACTA	1
CTCAACAGCAAGAGGT	ENSG00000225630.1	GAAGACTC	1
CTCAACAGCAAGAGGT	ENSG00000225630.1	CAGTTCTT	1
CTCAACAGCAAGAGGT	ENSG00000225630.1	AATATCCC	1
CTCAACAGCAAGAGGT	ENSG00000225630.1	GCAACGTA	1
CTCAACAGCAAGAGGT	ENSG00000225630.1	ACCACTAG	1
CTCAACAGCAAGAGGT	ENSG00000225630.1	GTCATGAC	1
CTCAACAGCAAGAGGT	ENSG00000225630.1	GGTAAGGG	1
CTCAACAGCAAGAGGT	ENSG00000225630.1	AGCTGTGT	1
CTCAACAGCAAGAGGT	ENSG00000225630.1	CGGACTGG	1
CTCAACAGCAAGAGGT	ENSG00000225630.1	GATTGCTG	1
CTCAACAGCAAGAGGT	ENSG00000225630.1	GCTACCGT	1
CTCAACAGCAAGAGGT	ENSG00000225630.1	CGTGTCCT	1
CTCAACAGCAAGAGGT	ENSG00000225630.1	ACACCACT	1
CTCAACAGCAAGAGGT	ENSG00000225630.1	CATGCAGA	1
CTCAACAGCAAGAGGT	ENSG00000225630.1	TTACGCCA	1
CTCAACAGCAAGAGGT	ENSG00000225630.1	CTTACGTT	1
CTCAACAGCAAGAGGT	ENSG00000176022.7	noUMI	2
CTCAACAGCAAGAGGT	ENSG00000233954.6	GCGGATCT	1
CTCAACAGCAAGAGGT	ENSG00000288398.1	AGTGGAGT	1
CTCAACAGCAAGAGGT	ENSG00000090432.7	noUMI	10
CTCAACAGCAAGAGGT	ENSG00000179163.12	noUMI	17
CTCAACAGCAAGAGGT	ENSG00000284657.1	CACGTTAG	1
CTCAACAGCAAGAGGT	ENSG00000225159.1	noUMI	2
CTCAACAGCAAGAGGT	ENSG00000270605.1	noUMI	11
CTCAACAGCAAGAGGT	ENSG00000228634.1	noUMI	2
CTCAACAGCAAGAGGT	ENSG00000175130.7	noUMI	4
CTCAACAGCAAGAGGT	ENSG00000175130.7	GTGGCGGC	1
CTCAACAGCAAGAGGT	ENSG00000243749.1	noUMI	7
CTCAACAGCAAGAGGT	ENSG00000243749.1	TCCACGGT	1
CTCAACAGCAAGAGGT	ENSG00000243749.1	GCGCTCGA	1
CTCAACAGCAAGAGGT	ENSG00000236274.1	noUMI	3
CTCAACAGCAAGAGGT	ENSG00000116863.11	noUMI	16
CTCAACAGCAAGAGGT	ENSG00000116863.11	GTAACGTA	1
CTCAACAGCAAGAGGT	ENSG00000117000.9	noUMI	6
CTCAACAGCAAGAGGT	ENSG00000117000.9	CTCGGAAA	2
CTCAACAGCAAGAGGT	ENSG00000224751.2	noUMI	2
TTGGAACCGGCGTTAA	ENSG00000279457.4	noUMI	1
TTGGAACCGGCGTTAA	ENSG00000279457.4	GCTCCAGT	1
TTGGAACCGGCGTTAA	ENSG00000225630.1	noUMI	22
TTGGAACCGGCGTTAA	ENSG00000225630.1	TCTGGGAC	1
TTGGAACCGGCGTTAA	ENSG00000225630.1	CCAAGAGG	1
TTGGAACCGGCGTTAA	ENSG00000225630.1	AATACAAA	1
TTGGAACCGGCGTTAA	ENSG00000225630.1	GATGACCG	1
TTGGAACCGGCGTTAA	ENSG00000225630.1	TCGCGTAG	2
TTGGAACCGGCGTTAA	ENSG00000225630.1	TGCACTAT	1
TTGGAACCGGCGTTAA	ENSG00000225630.1	GGACTCAC	1
TTGGAACCGGCGTTAA	ENSG00000225630.1	CATGAAAG	1
TTGGAACCGGCGTTAA	ENSG00000225630.1	GTCTAGGC	1
TTGGAACCGGCGTTAA	ENSG00000225630.1	TTTGACCA	1
TTGGAACCGGCGTTAA	ENSG00000225630.1	GCTACACG	1
TTGGAACCGGCGTTAA	ENSG00000225630.1	CTAAATTC	1
TTGGAACCGGCGTTAA	ENSG00000225630.1	TTGGCAGG	3
TTGGAACCGGCGTTAA	ENSG00000225630.1	GCTCAGCG	1
TTGGAACCGGCGTTAA	ENSG00000225630.1	GTAAGAGG	1
TTGGAACCGGCGTTAA	ENSG00000225630.1	CATACAGC	1
TTGGAACCGGCGTTAA	ENSG00000225630.1	GCCACCTG	1
TTGGAACCGGCGTTAA	ENSG00000225630.1	TATGTCAC	1
TTGGAACCGGCGTTAA	ENSG00000225630.1	GACATGGT	1
TTGGAACCGGCGTTAA	ENSG00000225630.1	ACACTTCA	1
TTGGAACCGGCGTTAA	ENSG00000225630.1	TGACCCAA	1
TTGGAACCGGCGTTAA	ENSG00000225630.1	CGCCCTAA	1
TTGGAACCGGCGTTAA	ENSG00000225630.1	CCAAGTCG	1
TTGGAACCGGCGTTAA	ENSG00000225630.1	GTTAACAC	1
TTGGAACCGGCGTTAA	ENSG00000090432.7	noUMI	1
TTGGAACCGGCGTTAA	ENSG00000179163.12	noUMI	1
TTGGAACCGGCGTTAA	ENSG00000130766.5	noUMI	1
TTGGAACCGGCGTTAA	ENSG00000237329.2	noUMI	1
TTGGAACCGGCGTTAA	ENSG00000273274.2	noUMI	1
TTGGAACCGGCGTTAA	ENSG00000236274.1	noUMI	1
TTGGAACCGGCGTTAA	ENSG00000116863.11	noUMI	2
TTGGAACCGGCGTTAA	ENSG00000163909.8	noUMI	1
TTGGAACCGGCGTTAA	ENSG00000117000.9	CCGCAAAT	2
TTGGAACCGGCGTTAA	ENSG00000117000.9	noUMI	1
TTGGAACCGGCGTTAA	ENSG00000169213.7	noUMI	1
TTGGAACCGGCGTTAA	ENSG00000162396.6	noUMI	1
TTGGAACCGGCGTTAA	ENSG00000116704.8	noUMI	1
TTGGAACCGGCGTTAA	ENSG00000066557.6	noUMI	3
TTGGAACCGGCGTTAA	ENSG00000271576.1	noUMI	2
TTGGAACCGGCGTTAA	ENSG00000137970.7	noUMI	2
TTGGAACCGGCGTTAA	ENSG00000137970.7	ACCGATGC	1
TTGGAACCGGCGTTAA	ENSG00000065135.12	noUMI	14
TTGGAACCGGCGTTAA	ENSG00000065135.12	CAGGACCG	1
TTGGAACCGGCGTTAA	ENSG00000213281.5	noUMI	3
TTGGAACCGGCGTTAA	ENSG00000143067.5	noUMI	1
TTGGAACCGGCGTTAA	ENSG00000184260.6	GCATTGTT	1
TTGGAACCGGCGTTAA	ENSG00000143333.7	noUMI	1
TTGGAACCGGCGTTAA	ENSG00000143333.7	TGAAGAGT	1
TTGGAACCGGCGTTAA	ENSG00000218283.2	CGCATCGA	1
TTGGAACCGGCGTTAA	ENSG00000162817.7	noUMI	1
TTGGAACCGGCGTTAA	ENSG00000143751.10	noUMI	11
TTGGAACCGGCGTTAA	ENSG00000287532.1	noUMI	1
TTGGAACCGGCGTTAA	ENSG00000154342.6	noUMI	2
TTGGAACCGGCGTTAA	ENSG00000116574.6	noUMI	1
TTGGAACCGGCGTTAA	ENSG00000162851.8	noUMI	3
TTGGAACCGGCGTTAA	ENSG00000259865.1	noUMI	2
TTGGAACCCAAGAGGT	ENSG00000279457.4	GTTGGGAT	1
TTGGAACCCAAGAGGT	ENSG00000225630.1	noUMI	27
TTGGAACCCAAGAGGT	ENSG00000225630.1	GCTCAGAA	1
TTGGAACCCAAGAGGT	ENSG00000225630.1	TCCAGTGG	2
TTGGAACCCAAGAGGT	ENSG00000225630.1	GCAGGCAA	1
TTGGAACCCAAGAGGT	ENSG00000225630.1	TAATCTAA	1
TTGGAACCCAAGAGGT	ENSG00000225630.1	GCCTTCGC	1
TTGGAACCCAAGAGGT	ENSG00000225630.1	ATCGGTGG	1
TTGGAACCCAAGAGGT	ENSG00000225630.1	TGCCATAT	1
TTGGAACCCAAGAGGT	ENSG00000225630.1	AGTCGTCA	1
TTGGAACCCAAGAGGT	ENSG00000225630.1	AGATACTG	2
TTGGAACCCAAGAGGT	ENSG00000225630.1	TGGAAAGG	1
TTGGAACCCAAGAGGT	ENSG00000225630.1	TTGGACCG	1
TTGGAACCCAAGAGGT	ENSG00000225630.1	TAAGATAT	1
TTGGAACCCAAGAGGT	ENSG00000225630.1	AGCGAGAG	2
TTGGAACCCAAGAGGT	ENSG00000225630.1	GCACCAGA	1
TTGGAACCCAAGAGGT	ENSG00000225630.1	ATTACAAC	1
TTGGAACCCAAGAGGT	ENSG00000225630.1	AGGTCACT	2
TTGGAACCCAAGAGGT	ENSG00000225630.1	ATTGCTGA	1
TTGGAACCCAAGAGGT	ENSG00000225630.1	AATATATC	1
TTGGAACCCAAGAGGT	ENSG00000225630.1	GTGCCACT	1
TTGGAACCCAAGAGGT	ENSG00000225630.1	TGACCCGA	1
TTGGAACCCAAGAGGT	ENSG00000225630.1	CATACACG	2
TTGGAACCCAAGAGGT	ENSG00000225630.1	ACAGTCCG	1
TTGGAACCCAAGAGGT	ENSG00000225630.1	AAACGAGA	1
TTGGAACCCAAGAGGT	ENSG00000225630.1	TCATATAA	1
TTGGAACCCAAGAGGT	ENSG00000225630.1	TACTCGGT	1
TTGGAACCCAAGAGGT	ENSG00000225630.1	GACTCGTC	1
TTGGAACCCAAGAGGT	ENSG00000171612.7	TTACAGCG	1
TTGGAACCCAAGAGGT	ENSG00000171612.7	noUMI	1
TTGGAACCCAAGAGGT	ENSG00000288398.1	noUMI	2
TTGGAACCCAAGAGGT	ENSG00000090432.7	noUMI	5
TTGGAACCCAAGAGGT	ENSG00000090432.7	GGGATGGT	1
TTGGAACCCAAGAGGT	ENSG00000090432.7	ATCGTTAC	1
TTGGAACCCAAGAGGT	ENSG00000179163.12	noUMI	17
TTGGAACCCAAGAGGT	ENSG00000284602.1	noUMI	1
TTGGAACCCAAGAGGT	ENSG00000237934.1	noUMI	2
TTGGAACCCAAGAGGT	ENSG00000175130.7	noUMI	5
TTGGAACCCAAGAGGT	ENSG00000175130.7	GCCGGGCA	2
TTGGAACCCAAGAGGT	ENSG00000175130.7	TAAGCCTC	1
TTGGAACCCAAGAGGT	ENSG00000116863.11	noUMI	4
TTGGAACCCAAGAGGT	ENSG00000116981.4	noUMI	1
TTGGAACCCAAGAGGT	ENSG00000117000.9	noUMI	3
TTGGAACCCAAGAGGT	ENSG00000116704.8	noUMI	2
TTGGAACCCAAGAGGT	ENSG00000066557.6	noUMI	15
TTGGAACCCAAGAGGT	ENSG00000066557.6	TGGGATCA	1
TTGGAACCCAAGAGGT	ENSG00000226084.5	AATGGAGC	1
AAGAGACGGAACCTGT	ENSG00000279457.4	noUMI	1
AAGAGACGGAACCTGT	ENSG00000225630.1	CATCCAGG	1
AAGAGACGGAACCTGT	ENSG00000225630.1	noUMI	18
AAGAGACGGAACCTGT	ENSG00000225630.1	GGGTCTAC	2
AAGAGACGGAACCTGT	ENSG00000225630.1	TACATCGA	1
AAGAGACGGAACCTGT	ENSG00000225630.1	CAATTCTG	2
AAGAGACGGAACCTGT	ENSG00000225630.1	TTAACGTG	1
AAGAGACGGAACCTGT	ENSG00000225630.1	TTCCAACA	1
AAGAGACGGAACCTGT	ENSG00000225630.1	GATACACT	1
AAGAGACGGAACCTGT	ENSG00000225630.1	CAACCCCT	1
AAGAGACGGAACCTGT	ENSG00000225630.1	ACGCGAGA	1
AAGAGACGGAACCTGT	ENSG00000225630.1	CTAACAGA	2
AAGAGACGGAACCTGT	ENSG00000225630.1	CATGTAGT	2
AAGAGACGGAACCTGT	ENSG00000225630.1	TCGGTGTG	2
AAGAGACGGAACCTGT	ENSG00000225630.1	GTTTCGAG	2
AAGAGACGGAACCTGT	ENSG00000225630.1	CTCACCAT	1
AAGAGACGGAACCTGT	ENSG00000225630.1	CACCACAT	1
AAGAGACGGAACCTGT	ENSG00000225630.1	AGTTGATT	1
AAGAGACGGAACCTGT	ENSG00000225630.1	CCAGTACA	1
AAGAGACGGAACCTGT	ENSG00000225630.1	GAATACAC	1
AAGAGACGGAACCTGT	ENSG00000225630.1	GGGACAAA	1
AAGAGACGGAACCTGT	ENSG00000225630.1	TTCGGTGT	1
AAGAGACGGAACCTGT	ENSG00000225630.1	ATGACACA	1
AAGAGACGGAACCTGT	ENSG00000225630.1	GTTTCGGT	1
AAGAGACGGAACCTGT	ENSG00000225630.1	CACGATTT	1
AAGAGACGGAACCTGT	ENSG00000225630.1	TGTCCGGC	1
AAGAGACGGAACCTGT	ENSG00000225630.1	CTATATAC	1
AAGAGACGGAACCTGT	ENSG00000225630.1	AAATGCCT	1
AAGAGACGGAACCTGT	ENSG00000225630.1	GCGTATAG	1
AAGAGACGGAACCTGT	ENSG00000225630.1	CACATATC	1
AAGAGACGGAACCTGT	ENSG00000225630.1	CCAGGCGA	1
AAGAGACGGAACCTGT	ENSG00000225630.1	TGGTGCTT	2
AAGAGACGGAACCTGT	ENSG00000225630.1	GGCTTAAC	1
AAGAGACGGAACCTGT	ENSG00000225630.1	TTTACTAG	1
AAGAGACGGAACCTGT	ENSG00000225630.1	GGGGTAAG	1
AAGAGACGGAACCTGT	ENSG00000225630.1	CGCCATGA	1
AAGAGACGGAACCTGT	ENSG00000225630.1	CATGTGAA	1
AAGAGACGGAACCTGT	ENSG00000225630.1	AACAACAT	1
AAGAGACGGAACCTGT	ENSG00000225630.1	AGAGGAGA	1
AAGAGACGGAACCTGT	ENSG00000225630.1	ATACTAGG	1
AAGAGACGGAACCTGT	ENSG00000225630.1	AAAGATAT	1
AAGAGACGGAACCTGT	ENSG00000225630.1	CTATACGT	2
AAGAGACGGAACCTGT	ENSG00000225630.1	GTTGTGAT	1
AAGAGACGGAACCTGT	ENSG00000225630.1	GAGATCCG	1
AAGAGACGGAACCTGT	ENSG00000225630.1	GGTCGCTA	1
AAGAGACGGAACCTGT	ENSG00000225630.1	GACGTTCC	2
AAGAGACGGAACCTGT	ENSG00000225630.1	CTTACTGG	1
AAGAGACGGAACCTGT	ENSG00000225630.1	ATTCGAGC	1
AAGAGACGGAACCTGT	ENSG00000225630.1	TACCATCT	1
AAGAGACGGAACCTGT	ENSG00000225630.1	CTCCAAGA	1
AAGAGACGGAACCTGT	ENSG00000225630.1	TCGGGTCC	1
AAGAGACGGAACCTGT	ENSG00000225630.1	CCGCCAAT	1
AAGAGACGGAACCTGT	ENSG00000225630.1	TAACCCCA	1
AAGAGACGGAACCTGT	ENSG00000225630.1	AGGTACCA	1
AAGAGACGGAACCTGT	ENSG00000225630.1	GACACCCC	2
AAGAGACGGAACCTGT	ENSG00000225630.1	GTATACAT	1
AAGAGACGGAACCTGT	ENSG00000231789.2	AAGCAGGA	1
AAGAGACGGAACCTGT	ENSG00000233954.6	CAGACCAT	1
AAGAGACGGAACCTGT	ENSG00000233954.6	ATCGTATG	1
AAGAGACGGAACCTGT	ENSG00000270728.1	noUMI	1
AAGAGACGGAACCTGT	ENSG00000179163.12	noUMI	3
AAGAGACGGAACCTGT	ENSG00000179163.12	CACGACCA	1
AAGAGACGGAACCTGT	ENSG00000270605.1	noUMI	1
AAGAGACGGAACCTGT	ENSG00000130766.5	noUMI	5
AAGAGACGGAACCTGT	ENSG00000130766.5	CCTCGATG	1
AAGAGACGGAACCTGT	ENSG00000175130.7	noUMI	3
AAGAGACGGAACCTGT	ENSG00000175130.7	CTCTGACA	1
AAGAGACGGAACCTGT	ENSG00000175130.7	CCTGACCT	1
AAGAGACGGAACCTGT	ENSG00000116863.11	GGGGGGAG	1
AAGAGACGGAACCTGT	ENSG00000116863.11	noUMI	7
AAGAGACGGAACCTGT	ENSG00000117000.9	noUMI	4
AAGAGACGGAACCTGT	ENSG00000186564.6	noUMI	1
AAGAGACGGAACCTGT	ENSG00000169213.7	CATGCTAG	1
AAGAGACGGAACCTGT	ENSG00000228929.1	noUMI	1
AAGAGACGGAACCTGT	ENSG00000116704.8	noUMI	3
AAGAGACGGAACCTGT	ENSG00000066557.6	noUMI	4
AAGAGACGGAACCTGT	ENSG00000271576.1	noUMI	4
AAGAGACGGAACCTGT	ENSG00000137970.7	TCACTACG	1
AAGAGACGGAACCTGT	ENSG00000137970.7	GGGCGATG	1
AAGAGACGGAACCTGT	ENSG00000065135.12	GTTCTAGT	2
AAGAGACGGAACCTGT	ENSG00000065135.12	noUMI	15
AAGAGACGGAACCTGT	ENSG00000065135.12	TGTGCAAG	1
AAGAGACGGAACCTGT	ENSG00000065135.12	CGGTGTTG	1
AAGAGACGGAACCTGT	ENSG00000238198.2	CGTGCTCG	1
AAGAGACGGAACCTGT	ENSG00000238198.2	noUMI	1
AAGAGACGGAACCTGT	ENSG00000213281.5	noUMI	22
AAGAGACGGAACCTGT	ENSG00000213281.5	GTGGAACG	1
AAGAGACGGAACCTGT	ENSG00000225080.1	noUMI	2
AAGAGACGGAACCTGT	ENSG00000184678.10	GTTTACGG	2
AAGAGACGGAACCTGT	ENSG00000184260.6	TCTCCGCC	1
CTCAACAGGGCGTTAA	ENSG00000225630.1	noUMI	24
CTCAACAGGGCGTTAA	ENSG00000225630.1	CAGTCTAC	1
CTCAACAGGGCGTTAA	ENSG00000225630.1	TTCGTTAT	1
CTCAACAGGGCGTTAA	ENSG00000225630.1	CGTCCTAG	2
CTCAACAGGGCGTTAA	ENSG00000225630.1	TAGACGGA	1
CTCAACAGGGCGTTAA	ENSG00000225630.1	GTATGCTG	1
CTCAACAGGGCGTTAA	ENSG00000225630.1	AGAGCACC	1
CTCAACAGGGCGTTAA	ENSG00000225630.1	TCATACCC	1
CTCAACAGGGCGTTAA	ENSG00000225630.1	GCTGATAT	1
CTCAACAGGGCGTTAA	ENSG00000225630.1	GCTCTAAT	3
CTCAACAGGGCGTTAA	ENSG00000225630.1	CCTAGCTT	1
CTCAACAGGGCGTTAA	ENSG00000225630.1	TCAGGGAA	1
CTCAACAGGGCGTTAA	ENSG00000225630.1	AGAAGGCG	2
CTCAACAGGGCGTTAA	ENSG00000225630.1	GGCTTGCT	1
CTCAACAGGGCGTTAA	ENSG00000225630.1	CAAGGTGA	1
CTCAACAGGGCGTTAA	ENSG00000225630.1	GTGCCTTT	1
CTCAACAGGGCGTTAA	ENSG00000225630.1	TGAGCCCG	1
CTCAACAGGGCGTTAA	ENSG00000225630.1	GGTGATCA	1
CTCAACAGGGCGTTAA	ENSG00000225630.1	ATTTTGAC	1
CTCAACAGGGCGTTAA	ENSG00000225630.1	TGCCGAGG	1
CTCAACAGGGCGTTAA	ENSG00000225630.1	ATTGATAC	1
CTCAACAGGGCGTTAA	ENSG00000225630.1	CGGTTAGT	2
CTCAACAGGGCGTTAA	ENSG00000225630.1	ACGAATCA	1
CTCAACAGGGCGTTAA	ENSG00000225630.1	TAGTCAGA	1
CTCAACAGGGCGTTAA	ENSG00000225630.1	CTACATAG	1
CTCAACAGGGCGTTAA	ENSG00000225630.1	ACGCTGAG	1
CTCAACAGGGCGTTAA	ENSG00000225630.1	CTCTAAGT	1
CTCAACAGGGCGTTAA	ENSG00000225630.1	GGATCACA	1
CTCAACAGGGCGTTAA	ENSG00000225630.1	TAAACCAA	2
CTCAACAGGGCGTTAA	ENSG00000225630.1	AGTACCGT	1
CTCAACAGGGCGTTAA	ENSG00000225630.1	CTGTGTTA	2
CTCAACAGGGCGTTAA	ENSG00000225630.1	ATAGGAAG	1
CTCAACAGGGCGTTAA	ENSG00000225630.1	ATACAGAA	1
CTCAACAGGGCGTTAA	ENSG00000225630.1	AACAACAT	2
CTCAACAGGGCGTTAA	ENSG00000225630.1	GGCGGTAA	1
CTCAACAGGGCGTTAA	ENSG00000225630.1	AAAAAGAG	1
CTCAACAGGGCGTTAA	ENSG00000090432.7	noUMI	22
CTCAACAGGGCGTTAA	ENSG00000179163.12	noUMI	6
CTCAACAGGGCGTTAA	ENSG00000130766.5	GTTGACCG	1
CTCAACAGGGCGTTAA	ENSG00000130766.5	noUMI	2
CTCAACAGGGCGTTAA	ENSG00000175130.7	noUMI	3
CTCAACAGGGCGTTAA	ENSG00000243749.1	noUMI	4
CTCAACAGGGCGTTAA	ENSG00000116863.11	noUMI	14
CTCAACAGGGCGTTAA	ENSG00000117000.9	noUMI	6
CTCAACAGGGCGTTAA	ENSG00000117000.9	CAGGATAT	1
CTCAACAGGGCGTTAA	ENSG00000169213.7	noUMI	3
CTCAACAGGGCGTTAA	ENSG00000162396.6	noUMI	1
CTCAACAGGGCGTTAA	ENSG00000116704.8	noUMI	2
CTCAACAGGGCGTTAA	ENSG00000066557.6	noUMI	12
CTCAACAGGGCGTTAA	ENSG00000226415.1	noUMI	2
CTCAACAGGGCGTTAA	ENSG00000225505.1	noUMI	1
CTCAACAGGGCGTTAA	ENSG00000065135.12	GCGGAAGT	2
CTCAACAGGGCGTTAA	ENSG00000065135.12	noUMI	28
CTCAACAGGGCGTTAA	ENSG00000065135.12	GTTAACCG	2
CTCAACAGGGCGTTAA	ENSG00000213281.5	noUMI	11
CTCAACAGGGCGTTAA	ENSG00000183508.5	noUMI	2
CTCAACAGGGCGTTAA	ENSG00000215784.6	noUMI	1
CTCAACAGGGCGTTAA	ENSG00000177144.8	noUMI	1
CTCAACAGGGCGTTAA	ENSG00000163344.6	noUMI	1
CTCAACAGGGCGTTAA	ENSG00000236675.1	noUMI	1
TGACCAAGCGGTTGTT	ENSG00000225630.1	GTTCAACG	1
TGACCAAGCGGTTGTT	ENSG00000225630.1	CTCACCGA	1
TGACCAAGCGGTTGTT	ENSG00000225630.1	GATCGAAA	1
TGACCAAGCGGTTGTT	ENSG00000225630.1	AGTCGCAT	1
TGACCAAGCGGTTGTT	ENSG00000225630.1	GCAACCAC	1
TGACCAAGCGGTTGTT	ENSG00000225630.1	GGTTCAAC	1
TGACCAAGCGGTTGTT	ENSG00000225630.1	TCAGGGGT	1
TGACCAAGCGGTTGTT	ENSG00000225630.1	GTGCGACC	1
TGACCAAGCGGTTGTT	ENSG00000225630.1	TACGCTAC	1
TGACCAAGCGGTTGTT	ENSG00000225630.1	AGTAACTC	1
TGACCAAGCGGTTGTT	ENSG00000225630.1	AAGGTGCG	1
TGACCAAGCGGTTGTT	ENSG00000225630.1	noUMI	23
TGACCAAGCGGTTGTT	ENSG00000225630.1	AAAACTAC	1
TGACCAAGCGGTTGTT	ENSG00000225630.1	GCACTAGT	1
TGACCAAGCGGTTGTT	ENSG00000225630.1	GGTGATCA	1
TGACCAAGCGGTTGTT	ENSG00000225630.1	TCAGCGTA	1
TGACCAAGCGGTTGTT	ENSG00000225630.1	TAGCACCC	1
TGACCAAGCGGTTGTT	ENSG00000225630.1	CTTAAGTG	1
TGACCAAGCGGTTGTT	ENSG00000225630.1	GTCGAAAC	1
TGACCAAGCGGTTGTT	ENSG00000225630.1	CATCGTAT	2
TGACCAAGCGGTTGTT	ENSG00000225630.1	GGGGAGAG	1
TGACCAAGCGGTTGTT	ENSG00000225630.1	CGAGAGGG	2
TGACCAAGCGGTTGTT	ENSG00000225630.1	CCGAGGGG	1
TGACCAAGCGGTTGTT	ENSG00000225630.1	CTTACGCA	1
TGACCAAGCGGTTGTT	ENSG00000225630.1	CAGGGGAT	1
TGACCAAGCGGTTGTT	ENSG00000225630.1	AGGCGAAC	1
TGACCAAGCGGTTGTT	ENSG00000225630.1	ATCGCGGT	1
TGACCAAGCGGTTGTT	ENSG00000225630.1	CTCCTCCC	1
TGACCAAGCGGTTGTT	ENSG00000225630.1	ACGTGTAG	1
TGACCAAGCGGTTGTT	ENSG00000225630.1	AGTAAGTC	1
TGACCAAGCGGTTGTT	ENSG00000225630.1	CTTCATGG	1
TGACCAAGCGGTTGTT	ENSG00000225630.1	TGTCTTAG	1
TGACCAAGCGGTTGTT	ENSG00000225630.1	TGCTACAC	1
TGACCAAGCGGTTGTT	ENSG00000225630.1	AGGGATGA	1
TGACCAAGCGGTTGTT	ENSG00000225630.1	GTATCCCA	1
TGACCAAGCGGTTGTT	ENSG00000198744.5	noUMI	1
TGACCAAGCGGTTGTT	ENSG00000272512.1	noUMI	1
TGACCAAGCGGTTGTT	ENSG00000272455.1	noUMI	1
TGACCAAGCGGTTGTT	ENSG00000171612.7	noUMI	1
TGACCAAGCGGTTGTT	ENSG00000171612.7	GAAAGTGG	1
TGACCAAGCGGTTGTT	ENSG00000233954.6	noUMI	1
TGACCAAGCGGTTGTT	ENSG00000288398.1	noUMI	2
TGACCAAGCGGTTGTT	ENSG00000090432.7	noUMI	14
TGACCAAGCGGTTGTT	ENSG00000090432.7	GGATACTC	1
TGACCAAGCGGTTGTT	ENSG00000179163.12	noUMI	4
TGACCAAGCGGTTGTT	ENSG00000284602.1	noUMI	2
TGACCAAGCGGTTGTT	ENSG00000279443.1	noUMI	1
TGACCAAGCGGTTGTT	ENSG00000175130.7	noUMI	2
TGACCAAGCGGTTGTT	ENSG00000175130.7	GGGCTGGT	1
TGACCAAGCGGTTGTT	ENSG00000175130.7	TGAGTGGT	1
TGACCAAGCGGTTGTT	ENSG00000175130.7	TAAAAGCG	1
TGACCAAGCGGTTGTT	ENSG00000273274.2	noUMI	1
TGACCAAGCGGTTGTT	ENSG00000243749.1	noUMI	8
TGACCAAGCGGTTGTT	ENSG00000243749.1	TGCCAGTG	1
TGACCAAGCGGTTGTT	ENSG00000243749.1	TTTCGGCC	1
TGACCAAGCGGTTGTT	ENSG00000116863.11	noUMI	24
TGACCAAGCGGTTGTT	ENSG00000116863.11	GGTTAACG	1
TGACCAAGCGGTTGTT	ENSG00000117000.9	noUMI	9
TGACCAAGCGGTTGTT	ENSG00000117000.9	CCCAATTG	1
TGACCAAGCGGTTGTT	ENSG00000259943.1	noUMI	1
TGACCAAGCGGTTGTT	ENSG00000169213.7	noUMI	4
TGACCAAGCGGTTGTT	ENSG00000169213.7	CAAAGGGG	1
TGACCAAGCGGTTGTT	ENSG00000116704.8	noUMI	1
CAACCTCACATGCTTC	ENSG00000225630.1	GCAGGGGA	1
CAACCTCACATGCTTC	ENSG00000225630.1	GCGAACTT	2
CAACCTCACATGCTTC	ENSG00000225630.1	CAATAGGT	1
CAACCTCACATGCTTC	ENSG00000225630.1	GGAACTTG	1
CAACCTCACATGCTTC	ENSG00000225630.1	GACGTTTC	1
CAACCTCACATGCTTC	ENSG00000225630.1	ACAGCCTA	1
CAACCTCACATGCTTC	ENSG00000225630.1	GTGGTCCC	1
CAACCTCACATGCTTC	ENSG00000225630.1	GGTTCGAC	1
CAACCTCACATGCTTC	ENSG00000225630.1	AATGAGTG	1
CAACCTCACATGCTTC	ENSG00000225630.1	GAAAAGAG	1
CAACCTCACATGCTTC	ENSG00000225630.1	CGATATAA	1
CAACCTCACATGCTTC	ENSG00000225630.1	AAGATCGA	1
CAACCTCACATGCTTC	ENSG00000225630.1	AGAGGACG	1
CAACCTCACATGCTTC	ENSG00000225630.1	CAGCGTAA	1
CAACCTCACATGCTTC	ENSG00000225630.1	noUMI	19
CAACCTCACATGCTTC	ENSG00000225630.1	CAAGGTTA	1
CAACCTCACATGCTTC	ENSG00000225630.1	AAGAATAC	2
CAACCTCACATGCTTC	ENSG00000225630.1	TAACGGTA	1
CAACCTCACATGCTTC	ENSG00000225630.1	CGATGTTA	1
CAACCTCACATGCTTC	ENSG00000225630.1	CGCACGTG	1
CAACCTCACATGCTTC	ENSG00000225630.1	GACATTGT	1
CAACCTCACATGCTTC	ENSG00000225630.1	CCGAAATA	1
CAACCTCACATGCTTC	ENSG00000225630.1	GAACGACA	2
CAACCTCACATGCTTC	ENSG00000225630.1	TCGAGACA	1
CAACCTCACATGCTTC	ENSG00000225630.1	TACAGGGG	1
CAACCTCACATGCTTC	ENSG00000225630.1	ACCTGTTA	1
CAACCTCACATGCTTC	ENSG00000225630.1	CCGCTTCC	1
CAACCTCACATGCTTC	ENSG00000225630.1	CGGCTCGA	1
CAACCTCACATGCTTC	ENSG00000225630.1	TAGGTGTT	1
CAACCTCACATGCTTC	ENSG00000225630.1	TCTGCACG	1
CAACCTCACATGCTTC	ENSG00000225630.1	TATTACCG	1
CAACCTCACATGCTTC	ENSG00000225630.1	GAGCTCAC	1
CAACCTCACATGCTTC	ENSG00000225630.1	ACCATAGT	1
CAACCTCACATGCTTC	ENSG00000225630.1	GTAAGAAG	1
CAACCTCACATGCTTC	ENSG00000225630.1	TATGCACG	1
CAACCTCACATGCTTC	ENSG00000225630.1	CAGGGCTG	1
CAACCTCACATGCTTC	ENSG00000225630.1	ACAGGAGA	1
CAACCTCACATGCTTC	ENSG00000225630.1	ATAGCGGG	1
CAACCTCACATGCTTC	ENSG00000225630.1	TAATGAGG	1
CAACCTCACATGCTTC	ENSG00000225630.1	TGCACCAG	1
CAACCTCACATGCTTC	ENSG00000225630.1	GGAAAGTC	1
CAACCTCACATGCTTC	ENSG00000225630.1	GTCAGTAC	1
CAACCTCACATGCTTC	ENSG00000176022.7	noUMI	4
CAACCTCACATGCTTC	ENSG00000266075.2	noUMI	1
CAACCTCACATGCTTC	ENSG00000227959.1	CGGCTACT	1
CAACCTCACATGCTTC	ENSG00000090432.7	noUMI	4
CAACCTCACATGCTTC	ENSG00000090432.7	CAGACGGA	1
CAACCTCACATGCTTC	ENSG00000179163.12	noUMI	5
CAACCTCACATGCTTC	ENSG00000179163.12	TTGCACCC	2
CAACCTCACATGCTTC	ENSG00000179163.12	ATCCCCGG	1
CAACCTCACATGCTTC	ENSG00000270605.1	noUMI	7
CAACCTCACATGCTTC	ENSG00000130766.5	noUMI	1
CAACCTCACATGCTTC	ENSG00000175130.7	noUMI	2
CAACCTCACATGCTTC	ENSG00000243749.1	ACATGGTG	1
CAACCTCACATGCTTC	ENSG00000236274.1	noUMI	3
CAACCTCACATGCTTC	ENSG00000116863.11	noUMI	8
CAACCTCACATGCTTC	ENSG00000116981.4	noUMI	1
CAACCTCACATGCTTC	ENSG00000261798.1	CAAGACAT	1
CAACCTCACATGCTTC	ENSG00000117000.9	noUMI	7
CAACCTCACATGCTTC	ENSG00000259943.1	noUMI	3
CAACCTCACATGCTTC	ENSG00000259943.1	GGAGGCTG	1
CAACCTCACATGCTTC	ENSG00000259943.1	GTAACAGG	1
CAACCTCACATGCTTC	ENSG00000227527.2	noUMI	1
CAACCTCACATGCTTC	ENSG00000229316.1	noUMI	2
CAACCTCACATGCTTC	ENSG00000229316.1	TGGAACCC	1
CAACCTCACATGCTTC	ENSG00000238140.1	AAATCACA	1
CAACCTCACATGCTTC	ENSG00000169213.7	noUMI	10
CAACCTCACATGCTTC	ENSG00000116704.8	noUMI	1
CAACCTCACATGCTTC	ENSG00000066557.6	noUMI	5
CAACCTCACATGCTTC	ENSG00000066557.6	AAACATAA	2
CAACCTCACATGCTTC	ENSG00000226084.5	noUMI	1
CAACCTCACATGCTTC	ENSG00000280099.1	noUMI	4
CAACCTCACATGCTTC	ENSG00000280099.1	GCTGGCCG	1
CAACCTCACATGCTTC	ENSG00000280099.1	GGAGGACG	1
CAACCTCACATGCTTC	ENSG00000228175.3	noUMI	1
CAACCTCACATGCTTC	ENSG00000232393.1	noUMI	1
CAACCTCACATGCTTC	ENSG00000223896.2	noUMI	1
CAACCTCACATGCTTC	ENSG00000137970.7	noUMI	4
CAACCTCACATGCTTC	ENSG00000137970.7	CGGGTACG	1
CAACCTCACATGCTTC	ENSG00000065135.12	CTACACAG	1
CAACCTCACATGCTTC	ENSG00000065135.12	AACCTGAT	1
CAACCTCACATGCTTC	ENSG00000065135.12	GACTTACG	1
CAACCTCACATGCTTC	ENSG00000065135.12	TCATCCAG	1
CAACCTCACATGCTTC	ENSG00000065135.12	GCATCGTA	1
CAACCTCACATGCTTC	ENSG00000065135.12	CTCGTGAC	1
CAACCTCACATGCTTC	ENSG00000065135.12	noUMI	35
CAACCTCACATGCTTC	ENSG00000065135.12	ATGTTAGT	1
TACCGATGCCACATAG	ENSG00000279457.4	CTACCGGA	1
TACCGATGCCACATAG	ENSG00000225630.1	TCTACGTA	1
TACCGATGCCACATAG	ENSG00000225630.1	CACACGAA	1
TACCGATGCCACATAG	ENSG00000225630.1	GTCGGCGC	1
TACCGATGCCACATAG	ENSG00000225630.1	noUMI	14
TACCGATGCCACATAG	ENSG00000225630.1	ACACCACC	1
TACCGATGCCACATAG	ENSG00000225630.1	CTGGGAGA	1
TACCGATGCCACATAG	ENSG00000225630.1	GTCGTCGG	2
TACCGATGCCACATAG	ENSG00000225630.1	CGAGACTC	2
TACCGATGCCACATAG	ENSG00000225630.1	GTTCCAGA	1
TACCGATGCCACATAG	ENSG00000225630.1	GTAACCAC	1
TACCGATGCCACATAG	ENSG00000225630.1	ACTCGAAT	1
TACCGATGCCACATAG	ENSG00000225630.1	TCGAATCG	1
TACCGATGCCACATAG	ENSG00000225630.1	GGAACATG	2
TACCGATGCCACATAG	ENSG00000225630.1	GGGTGGCT	1
TACCGATGCCACATAG	ENSG00000225630.1	CGGTATCC	1
TACCGATGCCACATAG	ENSG00000225630.1	GTGATCAA	1
TACCGATGCCACATAG	ENSG00000225630.1	CCAGCATC	1
TACCGATGCCACATAG	ENSG00000225630.1	ATCAATCA	1
TACCGATGCCACATAG	ENSG00000225630.1	GTCAGAAG	1
TACCGATGCCACATAG	ENSG00000225630.1	TCTAAACA	1
TACCGATGCCACATAG	ENSG00000225630.1	AGATGGCT	2
TACCGATGCCACATAG	ENSG00000225630.1	AACTTACC	1
TACCGATGCCACATAG	ENSG00000225630.1	CCAGACAA	1
TACCGATGCCACATAG	ENSG00000225630.1	TAGGTACA	3
TACCGATGCCACATAG	ENSG00000225630.1	ATAACAGA	1
TACCGATGCCACATAG	ENSG00000225630.1	TTCGCACA	1
TACCGATGCCACATAG	ENSG00000225630.1	GATTGATA	1
TACCGATGCCACATAG	ENSG00000225630.1	ATTCGTTA	1
TACCGATGCCACATAG	ENSG00000225630.1	AATTGCCT	1
TACCGATGCCACATAG	ENSG00000225630.1	TCCACCCC	1
TACCGATGCCACATAG	ENSG00000225630.1	GGATAGTC	1
TACCGATGCCACATAG	ENSG00000225630.1	ATCGGATG	2
TACCGATGCCACATAG	ENSG00000225630.1	AGGGAGAG	1
TACCGATGCCACATAG	ENSG00000225630.1	AAACGTTA	1
TACCGATGCCACATAG	ENSG00000225630.1	CTGCGTGG	2
TACCGATGCCACATAG	ENSG00000225630.1	TGTGCCAC	1
TACCGATGCCACATAG	ENSG00000225630.1	GATCATAC	1
TACCGATGCCACATAG	ENSG00000225630.1	TCCGTGAT	1
TACCGATGCCACATAG	ENSG00000225630.1	ACCAGGGC	1
TACCGATGCCACATAG	ENSG00000225630.1	AGGCAAAT	1
TACCGATGCCACATAG	ENSG00000225630.1	GCCGAGCT	1
TACCGATGCCACATAG	ENSG00000225630.1	GCAAGAGT	2
TACCGATGCCACATAG	ENSG00000225630.1	TAACGCCA	1
TACCGATGCCACATAG	ENSG00000225630.1	CTAACAGG	1
TACCGATGCCACATAG	ENSG00000225630.1	GTCTAAAA	1
TACCGATGCCACATAG	ENSG00000225630.1	TTGGAAAA	1
TACCGATGCCACATAG	ENSG00000225630.1	TACGTCGG	1
TACCGATGCCACATAG	ENSG00000225630.1	CAATGATC	1
TACCGATGCCACATAG	ENSG00000225630.1	GCCACACC	1
TACCGATGCCACATAG	ENSG00000225630.1	ACAACTTT	1
TACCGATGCCACATAG	ENSG00000228594.4	noUMI	1
TACCGATGCCACATAG	ENSG00000288398.1	noUMI	1
TACCGATGCCACATAG	ENSG00000288398.1	GGTATAGA	2
TACCGATGCCACATAG	ENSG00000261135.1	CGCGTAGT	2
TACCGATGCCACATAG	ENSG00000090432.7	noUMI	3
TACCGATGCCACATAG	ENSG00000179163.12	noUMI	5
TACCGATGCCACATAG	ENSG00000175130.7	TGTAGACG	1
TACCGATGCCACATAG	ENSG00000175130.7	CAGGTAGC	1
TACCGATGCCACATAG	ENSG00000243749.1	noUMI	3
TACCGATGCCACATAG	ENSG00000243749.1	TGATACAC	1
TACCGATGCCACATAG	ENSG00000116863.11	noUMI	6
TACCGATGCCACATAG	ENSG00000117000.9	noUMI	5
TACCGATGCCACATAG	ENSG00000117000.9	TCAGGATG	1
TACCGATGCCACATAG	ENSG00000259943.1	noUMI	5
TACCGATGCCACATAG	ENSG00000169213.7	noUMI	2
TACCGATGCCACATAG	ENSG00000066557.6	noUMI	12
TACCGATGCCACATAG	ENSG00000066557.6	CAGGCTCA	1
TACCGATGCCACATAG	ENSG00000066557.6	AACACACA	1
TACCGATGCCACATAG	ENSG00000066557.6	GTCAACCT	1
TACCGATGCCACATAG	ENSG00000226415.1	noUMI	1
TACCGATGCCACATAG	ENSG00000271576.1	noUMI	2
TACCGATGCCACATAG	ENSG00000137970.7	noUMI	1
TACCGATGCCACATAG	ENSG00000137970.7	AACTCGGG	1
TACCGATGCCACATAG	ENSG00000137970.7	GAATAAAC	1
TACCGATGCCACATAG	ENSG00000065135.12	TGGTATGG	1
TACCGATGCCACATAG	ENSG00000065135.12	CAGAATGG	2
TACCGATGCCACATAG	ENSG00000065135.12	noUMI	27
TACCGATGCCACATAG	ENSG00000238198.2	GTATGGTG	1
TACCGATGCCACATAG	ENSG00000213281.5	noUMI	5
TACCGATGCCACATAG	ENSG00000213281.5	GCTTCCAC	1
TACCGATGCCACATAG	ENSG00000177144.8	noUMI	2
TACCGATGCCACATAG	ENSG00000203812.2	TGAAGGCC	1
TACCGATGCCACATAG	ENSG00000184260.6	TACGATCA	1
TACCGATGCCACATAG	ENSG00000184260.6	noUMI	1
TACCGATGCCACATAG	ENSG00000184260.6	GAATTTTG	1
TACCGATGCCACATAG	ENSG00000163344.6	noUMI	5
TACCGATGCCACATAG	ENSG00000236675.1	noUMI	1
TACCGATGCGAATTGG	ENSG00000279457.4	noUMI	12
TACCGATGCGAATTGG	ENSG00000225630.1	noUMI	77
TACCGATGCGAATTGG	ENSG00000225630.1	TGAACGTT	2
TACCGATGCGAATTGG	ENSG00000225630.1	GGTATTAA	1
TACCGATGCGAATTGG	ENSG00000225630.1	CGAGAGAA	1
TACCGATGCGAATTGG	ENSG00000225630.1	AGAGAAAT	1
TACCGATGCGAATTGG	ENSG00000225630.1	ACCACCGC	2
TACCGATGCGAATTGG	ENSG00000225630.1	GGTCGCCA	1
TACCGATGCGAATTGG	ENSG00000225630.1	CCACTATA	3
TACCGATGCGAATTGG	ENSG00000225630.1	TAAACACG	1
TACCGATGCGAATTGG	ENSG00000225630.1	ATATACCA	1
TACCGATGCGAATTGG	ENSG00000225630.1	GTTTACAA	1
TACCGATGCGAATTGG	ENSG00000225630.1	CGTATCGT	1
TACCGATGCGAATTGG	ENSG00000225630.1	ATAGCTCT	2
TACCGATGCGAATTGG	ENSG00000225630.1	CAAGCACC	1
TACCGATGCGAATTGG	ENSG00000225630.1	CACGAGGT	1
TACCGATGCGAATTGG	ENSG00000225630.1	TGGGATTC	1
TACCGATGCGAATTGG	ENSG00000225630.1	CCTTCGCT	1
TACCGATGCGAATTGG	ENSG00000225630.1	TCTCCTTA	1
TACCGATGCGAATTGG	ENSG00000225630.1	AGTGGGAG	1
TACCGATGCGAATTGG	ENSG00000225630.1	GCTTGAAT	1
TACCGATGCGAATTGG	ENSG00000225630.1	GCTCATCC	1
TACCGATGCGAATTGG	ENSG00000225630.1	AAGCATCA	1
TACCGATGCGAATTGG	ENSG00000225630.1	GTTTGTGA	2
TACCGATGCGAATTGG	ENSG00000225630.1	AGACAGTG	1
TACCGATGCGAATTGG	ENSG00000225630.1	CTACATTT	1
TACCGATGCGAATTGG	ENSG00000225630.1	GCAAGAGC	2
TACCGATGCGAATTGG	ENSG00000225630.1	TCGAGAGA	1
TACCGATGCGAATTGG	ENSG00000225630.1	GGGGGCAG	2
TACCGATGCGAATTGG	ENSG00000225630.1	GCCACAAT	2
TACCGATGCGAATTGG	ENSG00000225630.1	AGTGCACA	1
TACCGATGCGAATTGG	ENSG00000225630.1	CACCGCCG	1
TACCGATGCGAATTGG	ENSG00000225630.1	TGCCAAAT	1
TACCGATGCGAATTGG	ENSG00000225630.1	GTAGGTCG	1
TACCGATGCGAATTGG	ENSG00000225630.1	ATGGGTCG	1
TACCGATGCGAATTGG	ENSG00000225630.1	GATTACGA	1
TACCGATGCGAATTGG	ENSG00000225630.1	ATGTCATG	1
TACCGATGCGAATTGG	ENSG00000225630.1	GGGAGTCC	1
TACCGATGCGAATTGG	ENSG00000225630.1	GTGGACAC	1
TACCGATGCGAATTGG	ENSG00000225630.1	ACCGGTCA	1
TACCGATGCGAATTGG	ENSG00000225630.1	GATAAATA	1
TACCGATGCGAATTGG	ENSG00000225630.1	ATGGAATA	1
TACCGATGCGAATTGG	ENSG00000225630.1	GGCTACAT	1
TACCGATGCGAATTGG	ENSG00000225630.1	CCAAAGTT	1
TACCGATGCGAATTGG	ENSG00000225630.1	ACTCAAGT	1
TACCGATGCGAATTGG	ENSG00000225630.1	TTCGGCTA	1
TACCGATGCGAATTGG	ENSG00000225630.1	GCGCAGGC	2
TACCGATGCGAATTGG	ENSG00000225630.1	GCCAACAG	1
TACCGATGCGAATTGG	ENSG00000225630.1	GGAGTGAG	2
TACCGATGCGAATTGG	ENSG00000225630.1	GAGAGCAC	3
TACCGATGCGAATTGG	ENSG00000225630.1	TGGCGCCT	1
TACCGATGCGAATTGG	ENSG00000225630.1	CATTAGAG	1
TACCGATGCGAATTGG	ENSG00000225630.1	TCAAGTAC	3
TACCGATGCGAATTGG	ENSG00000225630.1	CGGTGTAA	2
TACCGATGCGAATTGG	ENSG00000225630.1	AGCGACGA	1
TACCGATGCGAATTGG	ENSG00000225630.1	TCATAGTC	1
TACCGATGCGAATTGG	ENSG00000225630.1	GAGTGACG	1
TACCGATGCGAATTGG	ENSG00000225630.1	CGCATGGA	1
TACCGATGCGAATTGG	ENSG00000225630.1	TTATGAAG	2
TACCGATGCGAATTGG	ENSG00000225630.1	GATAGATA	1
TACCGATGCGAATTGG	ENSG00000225630.1	TCTAGTCA	2
TACCGATGCGAATTGG	ENSG00000225630.1	TTCAGCAC	1
TACCGATGCGAATTGG	ENSG00000225630.1	AGCTCTCA	1
TACCGATGCGAATTGG	ENSG00000225630.1	TATAGCCC	2
TACCGATGCGAATTGG	ENSG00000225630.1	GAGACCTG	2
TACCGATGCGAATTGG	ENSG00000225630.1	GACAGGTG	1
TACCGATGCGAATTGG	ENSG00000225630.1	GATCGAAA	1
TACCGATGCGAATTGG	ENSG00000225630.1	CCAATACT	1
TACCGATGCGAATTGG	ENSG00000225630.1	TCTGGCCA	1
TACCGATGCGAATTGG	ENSG00000225630.1	AACCTCTC	3
TACCGATGCGAATTGG	ENSG00000225630.1	AAGGGTAT	1
TACCGATGCGAATTGG	ENSG00000225630.1	CCATAGTC	1
TACCGATGCGAATTGG	ENSG00000225630.1	AAGCGAGA	1
TACCGATGCGAATTGG	ENSG00000225630.1	CGGTAAAC	1
TACCGATGCGAATTGG	ENSG00000225630.1	GGTCCCCA	1
TACCGATGCGAATTGG	ENSG00000225630.1	GCATAGTT	1
TACCGATGCGAATTGG	ENSG00000225630.1	CTTGAAGT	2
TACCGATGCGAATTGG	ENSG00000225630.1	CGAACAGT	2
TACCGATGCGAATTGG	ENSG00000225630.1	GTGGTGCC	1
TACCGATGCGAATTGG	ENSG00000225630.1	GCAGGGCG	1
TACCGATGCGAATTGG	ENSG00000225630.1	TCAGCCTC	1
TACCGATGCGAATTGG	ENSG00000225630.1	GATATGTG	1
TACCGATGCGAATTGG	ENSG00000225630.1	TTCCAGCA	3
TACCGATGCGAATTGG	ENSG00000225630.1	TCGGCCAT	1
TACCGATGCGAATTGG	ENSG00000225630.1	CCAATCCA	1
TACCGATGCGAATTGG	ENSG00000225630.1	CTCACTTA	1
TACCGATGCGAATTGG	ENSG00000225630.1	CACATAAA	1
TACCGATGCGAATTGG	ENSG00000225630.1	GGCGCCCA	1
TACCGATGCGAATTGG	ENSG00000225630.1	TGTCCATT	1
TACCGATGCGAATTGG	ENSG00000225630.1	CCGGCGGA	1
TACCGATGCGAATTGG	ENSG00000225630.1	AATCGTAA	1
TACCGATGCGAATTGG	ENSG00000225630.1	TCGTCGTC	1
TACCGATGCGAATTGG	ENSG00000225630.1	CGAACGAG	1
TACCGATGCGAATTGG	ENSG00000225630.1	GGTAACGC	1
TACCGATGCGAATTGG	ENSG00000225630.1	GATACAGT	1
TACCGATGCGAATTGG	ENSG00000225630.1	GCAGCTGT	1
TACCGATGCGAATTGG	ENSG00000225630.1	GAGGTTTC	1
TACCGATGCGAATTGG	ENSG00000225630.1	ACGACTAT	1
TACCGATGCGAATTGG	ENSG00000225630.1	CCATAACT	1
TACCGATGCGAATTGG	ENSG00000225630.1	ACTCGATG	1
TACCGATGCGAATTGG	ENSG00000225630.1	GGGCTTTC	1
TACCGATGCGAATTGG	ENSG00000225630.1	AATAGACC	3
TACCGATGCGAATTGG	ENSG00000225630.1	AATGTCCA	1
TACCGATGCGAATTGG	ENSG00000225630.1	TCTAGGTG	3
TACCGATGCGAATTGG	ENSG00000225630.1	AACATCCC	1
TACCGATGCGAATTGG	ENSG00000225630.1	GCCTTAAG	1
TACCGATGCGAATTGG	ENSG00000225630.1	ATGGGACG	1
TACCGATGCGAATTGG	ENSG00000225630.1	TGGTCTGG	2
TACCGATGCGAATTGG	ENSG00000225630.1	AAGCGCTT	1
TACCGATGCGAATTGG	ENSG00000225630.1	GCGAACAG	1
TACCGATGCGAATTGG	ENSG00000225630.1	GCACAGCC	1
TACCGATGCGAATTGG	ENSG00000225630.1	TATGAAGA	1
TACCGATGCGAATTGG	ENSG00000225630.1	AGGCCATC	1
TACCGATGCGAATTGG	ENSG00000225630.1	AGGATCGA	1
TACCGATGCGAATTGG	ENSG00000225630.1	ACTAACCG	1
TACCGATGCGAATTGG	ENSG00000198744.5	noUMI	1
TACCGATGCGAATTGG	ENSG00000176022.7	TAGGGGCA	1
TACCGATGCGAATTGG	ENSG00000158292.7	noUMI	1
TACCGATGCGAATTGG	ENSG00000158292.7	CTGGGGAG	1
TACCGATGCGAATTGG	ENSG00000171612.7	CATACAGG	1
TACCGATGCGAATTGG	ENSG00000171612.7	TTCTACAG	3
TACCGATGCGAATTGG	ENSG00000171612.7	noUMI	2
TACCGATGCGAATTGG	ENSG00000233954.6	GCAGGCAT	1
TACCGATGCGAATTGG	ENSG00000270728.1	noUMI	1
TACCGATGCGAATTGG	ENSG00000090432.7	noUMI	7
TACCGATGCGAATTGG	ENSG00000090432.7	GTGCCCGA	1
TACCGATGCGAATTGG	ENSG00000179163.12	noUMI	13
TACCGATGCGAATTGG	ENSG00000197245.6	noUMI	1
TACCGATGCGAATTGG	ENSG00000225159.1	noUMI	2
TACCGATGCGAATTGG	ENSG00000228589.3	CGGTTGAG	1
TACCGATGCGAATTGG	ENSG00000270605.1	noUMI	2
TTGGAACCGAGAAGGA	ENSG00000225630.1	GTGTCGCT	1
TTGGAACCGAGAAGGA	ENSG00000225630.1	CCACACAA	1
TTGGAACCGAGAAGGA	ENSG00000225630.1	TGTCGCTC	1
TTGGAACCGAGAAGGA	ENSG00000225630.1	TGACGTCT	2
TTGGAACCGAGAAGGA	ENSG00000225630.1	TTGGTGCT	1
TTGGAACCGAGAAGGA	ENSG00000225630.1	GAAATAAG	2
TTGGAACCGAGAAGGA	ENSG00000225630.1	ACGTCCTG	1
TTGGAACCGAGAAGGA	ENSG00000225630.1	ATGAGTAA	1
TTGGAACCGAGAAGGA	ENSG00000225630.1	noUMI	5
TTGGAACCGAGAAGGA	ENSG00000225630.1	TCGCCTGT	1
TTGGAACCGAGAAGGA	ENSG00000225630.1	CCATGCGC	1
TTGGAACCGAGAAGGA	ENSG00000225630.1	TCTGCAAC	1
TTGGAACCGAGAAGGA	ENSG00000225630.1	AGGTTGAA	1
TTGGAACCGAGAAGGA	ENSG00000225630.1	CGGTAACA	1
TTGGAACCGAGAAGGA	ENSG00000225630.1	CGTATAAG	1
TTGGAACCGAGAAGGA	ENSG00000225630.1	AGTATGAA	2
TTGGAACCGAGAAGGA	ENSG00000225630.1	GACTAGCA	1
TTGGAACCGAGAAGGA	ENSG00000225630.1	AGGTAATG	1
TTGGAACCGAGAAGGA	ENSG00000225630.1	TTAAGAAT	1
TTGGAACCGAGAAGGA	ENSG00000225630.1	AGAATACA	1
TTGGAACCGAGAAGGA	ENSG00000225630.1	GTTTAAGG	1
TTGGAACCGAGAAGGA	ENSG00000225630.1	GTAGTACT	1
TTGGAACCGAGAAGGA	ENSG00000225630.1	CGATAGTA	1
TTGGAACCGAGAAGGA	ENSG00000225630.1	ACAGGCCT	1
TTGGAACCGAGAAGGA	ENSG00000225630.1	CCTCGAGT	1
TTGGAACCGAGAAGGA	ENSG00000225630.1	TGGTACGC	1
TTGGAACCGAGAAGGA	ENSG00000225630.1	GATACTGA	1
TTGGAACCGAGAAGGA	ENSG00000225630.1	TGCTCCCT	1
TTGGAACCGAGAAGGA	ENSG00000225630.1	TGCGTGAG	1
TTGGAACCGAGAAGGA	ENSG00000233954.6	CCAGACAC	1
TTGGAACCGAGAAGGA	ENSG00000090432.7	TTCGACCA	1
TTGGAACCGAGAAGGA	ENSG00000090432.7	noUMI	3
TTGGAACCGAGAAGGA	ENSG00000179163.12	noUMI	1
TTGGAACCGAGAAGGA	ENSG00000175130.7	TATCGTTG	1
TTGGAACCGAGAAGGA	ENSG00000175130.7	TCAAGCAG	1
TTGGAACCGAGAAGGA	ENSG00000116863.11	noUMI	3
TTGGAACCGAGAAGGA	ENSG00000117000.9	TCAATGTC	1
TTGGAACCGAGAAGGA	ENSG00000238287.1	TAGGCTCG	1
TTGGAACCGAGAAGGA	ENSG00000162396.6	noUMI	1
TTGGAACCGAGAAGGA	ENSG00000066557.6	noUMI	1
TTGGAACCGAGAAGGA	ENSG00000066557.6	TAATCAAC	1
TTGGAACCGAGAAGGA	ENSG00000226084.5	GTATAGCC	1
TTGGAACCGAGAAGGA	ENSG00000137970.7	AAGCGCCC	1
TTGGAACCGAGAAGGA	ENSG00000137970.7	CTGGAAGG	1
TTGGAACCGAGAAGGA	ENSG00000065135.12	CTAGCTAT	1
TTGGAACCGAGAAGGA	ENSG00000065135.12	CCGGTACC	1
TTGGAACCGAGAAGGA	ENSG00000065135.12	noUMI	17
TTGGAACCGAGAAGGA	ENSG00000065135.12	GCTGCATG	1
TTGGAACCGAGAAGGA	ENSG00000065135.12	GCGATACG	1
TTGGAACCGAGAAGGA	ENSG00000213281.5	noUMI	4
TTGGAACCGAGAAGGA	ENSG00000213281.5	AATGTATC	1
TTGGAACCGAGAAGGA	ENSG00000213281.5	CCTCGTCA	1
TTGGAACCGAGAAGGA	ENSG00000184260.6	CGAACAGG	1
TTGGAACCGAGAAGGA	ENSG00000184260.6	ACCTGAGG	1
TTGGAACCGAGAAGGA	ENSG00000163344.6	noUMI	1
TTGGAACCGAGAAGGA	ENSG00000163344.6	CCTCCCCA	1
TTGGAACCGAGAAGGA	ENSG00000132718.9	GATCTACG	1
TTGGAACCGAGAAGGA	ENSG00000132718.9	noUMI	1
TTGGAACCGAGAAGGA	ENSG00000162783.11	noUMI	1
TTGGAACCGAGAAGGA	ENSG00000170385.10	noUMI	1
TTGGAACCGAGAAGGA	ENSG00000270708.1	noUMI	1
TTGGAACCGAGAAGGA	ENSG00000143751.10	noUMI	1
TTGGAACCGAGAAGGA	ENSG00000116574.6	noUMI	1
TTGGAACCGAGAAGGA	ENSG00000162851.8	noUMI	2
TTGGAACCGAGAAGGA	ENSG00000143653.10	GCGTCACA	1
TTGGAACCGAGAAGGA	ENSG00000143653.10	noUMI	1
TTGGAACCGAGAAGGA	ENSG00000259865.1	noUMI	1
TACCGATGGAACCTGT	ENSG00000225630.1	noUMI	1
TACCGATGGAACCTGT	ENSG00000225630.1	CATAGAAG	1
TACCGATGGAACCTGT	ENSG00000225630.1	CTTACGTT	1
TACCGATGGAACCTGT	ENSG00000225630.1	ATGCGGCC	1
TACCGATGGAACCTGT	ENSG00000225630.1	AATACGGC	1
TACCGATGGAACCTGT	ENSG00000225630.1	CGCGGCTT	1
TACCGATGGAACCTGT	ENSG00000225630.1	AGCTTGTG	1
TACCGATGGAACCTGT	ENSG00000225630.1	TGGAAGTC	1
TACCGATGGAACCTGT	ENSG00000225630.1	CCTACATC	1
TACCGATGGAACCTGT	ENSG00000225630.1	GGTTGCAT	1
TACCGATGGAACCTGT	ENSG00000225630.1	AGTCTGTG	2
TACCGATGGAACCTGT	ENSG00000225630.1	GTGATACG	2
TACCGATGGAACCTGT	ENSG00000225630.1	CGCTTCCG	1
TACCGATGGAACCTGT	ENSG00000225630.1	AACGATCA	1
TACCGATGGAACCTGT	ENSG00000225630.1	GAGATAGT	1
TACCGATGGAACCTGT	ENSG00000225630.1	ATGCGTTG	1
TACCGATGGAACCTGT	ENSG00000225630.1	CAGGGACA	1
TACCGATGGAACCTGT	ENSG00000225630.1	TCATTAGA	1
TACCGATGGAACCTGT	ENSG00000225630.1	CCGCCTGT	1
TACCGATGGAACCTGT	ENSG00000225630.1	TTAAGACC	1
TACCGATGGAACCTGT	ENSG00000225630.1	GGCATGGC	1
TACCGATGGAACCTGT	ENSG00000225630.1	TGTAGTAC	1
TACCGATGGAACCTGT	ENSG00000225630.1	AGTTTTGA	1
TACCGATGGAACCTGT	ENSG00000225630.1	GAAGGCAA	1
TACCGATGGAACCTGT	ENSG00000198744.5	TCACCACG	1
TACCGATGGAACCTGT	ENSG00000231789.2	noUMI	1
TACCGATGGAACCTGT	ENSG00000288398.1	noUMI	1
TACCGATGGAACCTGT	ENSG00000186301.8	GTGCTTCC	1
TACCGATGGAACCTGT	ENSG00000090432.7	noUMI	3
TACCGATGGAACCTGT	ENSG00000090432.7	CAATGGCG	1
TACCGATGGAACCTGT	ENSG00000179163.12	noUMI	3
TACCGATGGAACCTGT	ENSG00000175130.7	noUMI	1
TACCGATGGAACCTGT	ENSG00000273274.2	noUMI	3
TACCGATGGAACCTGT	ENSG00000117000.9	CTTTGACA	1
TACCGATGGAACCTGT	ENSG00000169213.7	noUMI	4
TACCGATGGAACCTGT	ENSG00000162396.6	noUMI	2
TACCGATGGAACCTGT	ENSG00000116704.8	noUMI	1
TACCGATGGAACCTGT	ENSG00000066557.6	noUMI	5
TACCGATGGAACCTGT	ENSG00000066557.6	ATTCGCGG	2
TACCGATGGAACCTGT	ENSG00000065135.12	CGCCGATT	1
TACCGATGGAACCTGT	ENSG00000065135.12	CTTACGTA	1
TACCGATGGAACCTGT	ENSG00000065135.12	noUMI	6
TACCGATGGAACCTGT	ENSG00000213281.5	noUMI	4
TACCGATGGAACCTGT	ENSG00000163344.6	CCAAATCA	1
TACCGATGGAACCTGT	ENSG00000162783.11	AGGGGCCG	1
TACCGATGGAACCTGT	ENSG00000158615.9	TTAATCAA	1
TACCGATGGAACCTGT	ENSG00000158615.9	noUMI	1
TACCGATGGAACCTGT	ENSG00000235363.1	TTACGTAC	1
TACCGATGGAACCTGT	ENSG00000218283.2	GCCTCTTC	1
TACCGATGGAACCTGT	ENSG00000218283.2	GGCAGCTG	1
TACCGATGGAACCTGT	ENSG00000143751.10	noUMI	4
TACCGATGGAACCTGT	ENSG00000143751.10	TTCGAGGG	1
TACCGATGGAACCTGT	ENSG00000143751.10	CTTGCTAC	1
TACCGATGGAACCTGT	ENSG00000181218.5	TTGACGGA	1
TACCGATGGAACCTGT	ENSG00000259865.1	noUMI	5
GGAGAGTTCGATACTG	ENSG00000279457.4	noUMI	3
GGAGAGTTCGATACTG	ENSG00000225630.1	noUMI	78
GGAGAGTTCGATACTG	ENSG00000225630.1	ACACGTTC	1
GGAGAGTTCGATACTG	ENSG00000225630.1	AGACAATT	2
GGAGAGTTCGATACTG	ENSG00000225630.1	CAGTGCAT	1
GGAGAGTTCGATACTG	ENSG00000225630.1	AATACACA	1
GGAGAGTTCGATACTG	ENSG00000225630.1	TGCATAAC	1
GGAGAGTTCGATACTG	ENSG00000225630.1	AGCCAGTA	1
GGAGAGTTCGATACTG	ENSG00000225630.1	GTCAGTAC	1
GGAGAGTTCGATACTG	ENSG00000225630.1	GAGTTTAC	1
GGAGAGTTCGATACTG	ENSG00000225630.1	TTACCGGC	2
GGAGAGTTCGATACTG	ENSG00000225630.1	CACATACG	2
GGAGAGTTCGATACTG	ENSG00000225630.1	TGGTAGAT	1
GGAGAGTTCGATACTG	ENSG00000225630.1	ACTAGGTG	2
GGAGAGTTCGATACTG	ENSG00000225630.1	GCGTGAAG	1
GGAGAGTTCGATACTG	ENSG00000225630.1	AATAGCGT	1
GGAGAGTTCGATACTG	ENSG00000225630.1	CGACAGAG	2
GGAGAGTTCGATACTG	ENSG00000225630.1	GTAGTACG	2
GGAGAGTTCGATACTG	ENSG00000225630.1	GAGTGGGA	1
GGAGAGTTCGATACTG	ENSG00000225630.1	CGAACACC	1
GGAGAGTTCGATACTG	ENSG00000225630.1	AACGCGGT	1
GGAGAGTTCGATACTG	ENSG00000225630.1	AGCTCTTG	1
GGAGAGTTCGATACTG	ENSG00000225630.1	TCGGGCAG	1
GGAGAGTTCGATACTG	ENSG00000225630.1	TCTACACA	1
GGAGAGTTCGATACTG	ENSG00000225630.1	TAAATCCC	1
GGAGAGTTCGATACTG	ENSG00000225630.1	AAAAACCT	2
GGAGAGTTCGATACTG	ENSG00000225630.1	CCAGCCGA	1
GGAGAGTTCGATACTG	ENSG00000225630.1	TTCTCCCC	1
GGAGAGTTCGATACTG	ENSG00000225630.1	TCCTGGTG	2
GGAGAGTTCGATACTG	ENSG00000225630.1	ACAGATCG	1
GGAGAGTTCGATACTG	ENSG00000225630.1	GAGAGATG	1
GGAGAGTTCGATACTG	ENSG00000225630.1	GCATAACA	3
GGAGAGTTCGATACTG	ENSG00000225630.1	TTCGCCAC	1
GGAGAGTTCGATACTG	ENSG00000225630.1	AGTCGGGG	1
GGAGAGTTCGATACTG	ENSG00000225630.1	GCTACACA	1
GGAGAGTTCGATACTG	ENSG00000225630.1	CGCGTGCA	1
GGAGAGTTCGATACTG	ENSG00000225630.1	TCCGCTTG	1
GGAGAGTTCGATACTG	ENSG00000225630.1	GTGTTAAA	1
GGAGAGTTCGATACTG	ENSG00000225630.1	CGGCGGTG	1
GGAGAGTTCGATACTG	ENSG00000225630.1	CAGGATCC	1
GGAGAGTTCGATACTG	ENSG00000225630.1	ATACAATC	1
GGAGAGTTCGATACTG	ENSG00000225630.1	GAATTCGT	1
GGAGAGTTCGATACTG	ENSG00000225630.1	GGAAGCGT	1
GGAGAGTTCGATACTG	ENSG00000225630.1	TGACAGAT	1
GGAGAGTTCGATACTG	ENSG00000225630.1	AGGCTATA	1
GGAGAGTTCGATACTG	ENSG00000225630.1	TGGCAAGG	1
GGAGAGTTCGATACTG	ENSG00000225630.1	AAATTAAC	1
GGAGAGTTCGATACTG	ENSG00000225630.1	GATCGCAT	1
GGAGAGTTCGATACTG	ENSG00000225630.1	CCCGGTCT	1
GGAGAGTTCGATACTG	ENSG00000225630.1	CGATGCAC	1
GGAGAGTTCGATACTG	ENSG00000225630.1	AAAAATCC	1
GGAGAGTTCGATACTG	ENSG00000225630.1	AACAACCC	1
GGAGAGTTCGATACTG	ENSG00000225630.1	TCTGTGGA	1
GGAGAGTTCGATACTG	ENSG00000225630.1	GGTTCGAT	1
GGAGAGTTCGATACTG	ENSG00000225630.1	CGAATGGT	1
GGAGAGTTCGATACTG	ENSG00000225630.1	AAAAGATC	1
GGAGAGTTCGATACTG	ENSG00000225630.1	ACTGTATG	1
GGAGAGTTCGATACTG	ENSG00000225630.1	GCACGCAC	1
GGAGAGTTCGATACTG	ENSG00000225630.1	TACCAGTT	1
GGAGAGTTCGATACTG	ENSG00000225630.1	CTGTCCAG	1
GGAGAGTTCGATACTG	ENSG00000225630.1	CAATCGCG	1
GGAGAGTTCGATACTG	ENSG00000225630.1	GATTAGTA	1
GGAGAGTTCGATACTG	ENSG00000225630.1	GTTCAACG	1
GGAGAGTTCGATACTG	ENSG00000225630.1	ACCAAAGC	1
GGAGAGTTCGATACTG	ENSG00000225630.1	CATGCGTC	1
GGAGAGTTCGATACTG	ENSG00000225630.1	ATGGGCGG	1
GGAGAGTTCGATACTG	ENSG00000225630.1	GAAATAAT	1
GGAGAGTTCGATACTG	ENSG00000225630.1	ACCTCAGT	1
GGAGAGTTCGATACTG	ENSG00000225630.1	GTCATGAA	2
GGAGAGTTCGATACTG	ENSG00000225630.1	TGGGGCTT	1
GGAGAGTTCGATACTG	ENSG00000225630.1	GTATCCTC	1
GGAGAGTTCGATACTG	ENSG00000225630.1	TCGAGTGT	2
GGAGAGTTCGATACTG	ENSG00000225630.1	AAAAACGG	1
GGAGAGTTCGATACTG	ENSG00000225630.1	TGGCGCAT	2
GGAGAGTTCGATACTG	ENSG00000225630.1	GGAGGATC	1
GGAGAGTTCGATACTG	ENSG00000225630.1	GCCGGATC	1
GGAGAGTTCGATACTG	ENSG00000225630.1	GATGCTCG	1
GGAGAGTTCGATACTG	ENSG00000225630.1	TGAGGGAA	1
GGAGAGTTCGATACTG	ENSG00000225630.1	TAATTCCA	1
GGAGAGTTCGATACTG	ENSG00000225630.1	TTAAAGAC	3
GGAGAGTTCGATACTG	ENSG00000225630.1	CTCAAGAC	2
GGAGAGTTCGATACTG	ENSG00000225630.1	AAGCCCGG	1
GGAGAGTTCGATACTG	ENSG00000225630.1	GGAGCGTT	1
GGAGAGTTCGATACTG	ENSG00000225630.1	GCCAGGGG	2
GGAGAGTTCGATACTG	ENSG00000225630.1	ACGTTCCG	1
GGAGAGTTCGATACTG	ENSG00000225630.1	GGTGCGAA	1
GGAGAGTTCGATACTG	ENSG00000225630.1	TCGTAAGA	2
GGAGAGTTCGATACTG	ENSG00000225630.1	TCGGAACT	1
GGAGAGTTCGATACTG	ENSG00000225630.1	ACCCGGTG	1
GGAGAGTTCGATACTG	ENSG00000225630.1	AGCATAGG	1
GGAGAGTTCGATACTG	ENSG00000225630.1	AATAAACC	1
GGAGAGTTCGATACTG	ENSG00000225630.1	TGACCTTG	1
GGAGAGTTCGATACTG	ENSG00000225630.1	TAATATGT	1
GGAGAGTTCGATACTG	ENSG00000225630.1	GAGAGCGC	1
GGAGAGTTCGATACTG	ENSG00000225630.1	TCACTGGG	1
GGAGAGTTCGATACTG	ENSG00000225630.1	AAACAGAG	1
GGAGAGTTCGATACTG	ENSG00000225630.1	AGAGCTTC	1
GGAGAGTTCGATACTG	ENSG00000225630.1	TCTACCGC	1
GGAGAGTTCGATACTG	ENSG00000225630.1	GCTGTTAT	1
GGAGAGTTCGATACTG	ENSG00000225630.1	CAGCAGAT	1
GGAGAGTTCGATACTG	ENSG00000225630.1	CGCCAATG	3
GGAGAGTTCGATACTG	ENSG00000225630.1	TACACTCA	1
GGAGAGTTCGATACTG	ENSG00000225630.1	TTCGATAG	1
GGAGAGTTCGATACTG	ENSG00000225630.1	AAACGAGT	1
GGAGAGTTCGATACTG	ENSG00000225630.1	TCGTCGTT	2
GGAGAGTTCGATACTG	ENSG00000225630.1	CGAGTCGG	1
GGAGAGTTCGATACTG	ENSG00000225630.1	GCAATTTC	1
GGAGAGTTCGATACTG	ENSG00000225630.1	GACATCTA	1
GGAGAGTTCGATACTG	ENSG00000225630.1	AGCACACA	1
GGAGAGTTCGATACTG	ENSG00000225630.1	AAGATTCA	1
GGAGAGTTCGATACTG	ENSG00000225630.1	TGGCCGCA	1
GGAGAGTTCGATACTG	ENSG00000225630.1	GGCTGGGT	1
GGAGAGTTCGATACTG	ENSG00000176022.7	noUMI	2
GGAGAGTTCGATACTG	ENSG00000171612.7	GTGGTACA	2
GGAGAGTTCGATACTG	ENSG00000241563.4	noUMI	2
GGAGAGTTCGATACTG	ENSG00000186301.8	GGCCTTCC	1
GGAGAGTTCGATACTG	ENSG00000090432.7	noUMI	19
GGAGAGTTCGATACTG	ENSG00000090432.7	AGCATCAC	1
GGAGAGTTCGATACTG	ENSG00000090432.7	GCGGGTAG	1
GGAGAGTTCGATACTG	ENSG00000179163.12	noUMI	19
GGAGAGTTCGATACTG	ENSG00000181773.7	noUMI	1
GGAGAGTTCGATACTG	ENSG00000228589.3	GGCGCGCA	1
GGAGAGTTCGATACTG	ENSG00000270605.1	noUMI	7
GGAGAGTTCGATACTG	ENSG00000130766.5	AGTCCTAT	1
GGAGAGTTCGATACTG	ENSG00000130766.5	noUMI	1
GGAGAGTTCGATACTG	ENSG00000175130.7	noUMI	7
GGAGAGTTCGATACTG	ENSG00000175130.7	ACCGGGGG	1
GGAGAGTTCGATACTG	ENSG00000175130.7	AATTGCAC	1
GGAGAGTTCGATACTG	ENSG00000175130.7	TAGGAAGG	1
GGAGAGTTCGATACTG	ENSG00000175130.7	AGTCGCTA	1
GGAGAGTTCGATACTG	ENSG00000273274.2	noUMI	2
AAGAGACGCCAATCCT	ENSG00000279457.4	AGTGTGAC	1
AAGAGACGCCAATCCT	ENSG00000279457.4	TCGGATTA	1
AAGAGACGCCAATCCT	ENSG00000225630.1	GGTTCGGT	1
AAGAGACGCCAATCCT	ENSG00000225630.1	CTCGAATC	1
AAGAGACGCCAATCCT	ENSG00000225630.1	ACTGTTCA	2
AAGAGACGCCAATCCT	ENSG00000225630.1	GAGCTATA	1
AAGAGACGCCAATCCT	ENSG00000225630.1	ATCCGGCA	1
AAGAGACGCCAATCCT	ENSG00000225630.1	noUMI	47
AAGAGACGCCAATCCT	ENSG00000225630.1	AACGCGCC	1
AAGAGACGCCAATCCT	ENSG00000225630.1	TCAGCAAG	1
AAGAGACGCCAATCCT	ENSG00000225630.1	AATGGTCA	1
AAGAGACGCCAATCCT	ENSG00000225630.1	AGTTCATG	1
AAGAGACGCCAATCCT	ENSG00000225630.1	ATCGAGAT	1
AAGAGACGCCAATCCT	ENSG00000225630.1	AGTCATGT	1
AAGAGACGCCAATCCT	ENSG00000225630.1	TGTACGAT	1
AAGAGACGCCAATCCT	ENSG00000225630.1	ATCTCGCG	2
AAGAGACGCCAATCCT	ENSG00000225630.1	GGGAGCGT	1
AAGAGACGCCAATCCT	ENSG00000225630.1	TTGCTCGG	1
AAGAGACGCCAATCCT	ENSG00000225630.1	CCTACTCC	1
AAGAGACGCCAATCCT	ENSG00000225630.1	TCGCCAAT	1
AAGAGACGCCAATCCT	ENSG00000225630.1	GCAGTTAG	1
AAGAGACGCCAATCCT	ENSG00000225630.1	CGGTACCC	1
AAGAGACGCCAATCCT	ENSG00000225630.1	CAGTCACG	2
AAGAGACGCCAATCCT	ENSG00000225630.1	TTGCTAGG	1
AAGAGACGCCAATCCT	ENSG00000225630.1	AGAGACAC	2
AAGAGACGCCAATCCT	ENSG00000225630.1	GATACCGT	1
AAGAGACGCCAATCCT	ENSG00000225630.1	GTAACGGA	1
AAGAGACGCCAATCCT	ENSG00000225630.1	GAGCAAGT	1
AAGAGACGCCAATCCT	ENSG00000225630.1	GTGTCGGA	1
AAGAGACGCCAATCCT	ENSG00000225630.1	AAAGGTCT	1
AAGAGACGCCAATCCT	ENSG00000225630.1	GACATCGC	1
AAGAGACGCCAATCCT	ENSG00000225630.1	CTTGCCTT	1
AAGAGACGCCAATCCT	ENSG00000225630.1	CGCCTCCA	1
AAGAGACGCCAATCCT	ENSG00000225630.1	CCTGACTG	1
AAGAGACGCCAATCCT	ENSG00000225630.1	AAGGCTGA	1
AAGAGACGCCAATCCT	ENSG00000225630.1	TTCGTCAG	1
AAGAGACGCCAATCCT	ENSG00000225630.1	CTAGACCC	1
AAGAGACGCCAATCCT	ENSG00000225630.1	AACAAATG	1
AAGAGACGCCAATCCT	ENSG00000225630.1	TAAAGAGG	1
AAGAGACGCCAATCCT	ENSG00000225630.1	GATTCCGC	1
AAGAGACGCCAATCCT	ENSG00000225630.1	GAACTGTT	2
AAGAGACGCCAATCCT	ENSG00000225630.1	TCTACCAC	1
AAGAGACGCCAATCCT	ENSG00000225630.1	GTTAAAGG	1
AAGAGACGCCAATCCT	ENSG00000225630.1	GCCACACC	1
AAGAGACGCCAATCCT	ENSG00000225630.1	ATTCGCCC	1
AAGAGACGCCAATCCT	ENSG00000225630.1	CTTACGTG	2
AAGAGACGCCAATCCT	ENSG00000225630.1	TGAGGATC	1
AAGAGACGCCAATCCT	ENSG00000225630.1	GGATTAAT	1
AAGAGACGCCAATCCT	ENSG00000225630.1	TTGGTTAG	1
AAGAGACGCCAATCCT	ENSG00000225630.1	TCTAGGCG	1
AAGAGACGCCAATCCT	ENSG00000225630.1	TGTGAGCA	1
AAGAGACGCCAATCCT	ENSG00000225630.1	CACATATG	1
AAGAGACGCCAATCCT	ENSG00000225630.1	CATCACGA	2
AAGAGACGCCAATCCT	ENSG00000225630.1	CGGGTGAC	1
AAGAGACGCCAATCCT	ENSG00000225630.1	GGGGATAA	1
AAGAGACGCCAATCCT	ENSG00000225630.1	GTCATCAG	2
AAGAGACGCCAATCCT	ENSG00000225630.1	CGGCTTAA	2
AAGAGACGCCAATCCT	ENSG00000225630.1	AAAAACCC	1
AAGAGACGCCAATCCT	ENSG00000225630.1	TGTGTCTG	1
AAGAGACGCCAATCCT	ENSG00000225630.1	CCCCAGGC	1
AAGAGACGCCAATCCT	ENSG00000225630.1	CGAGACCT	1
AAGAGACGCCAATCCT	ENSG00000225630.1	CCTCTCGG	1
AAGAGACGCCAATCCT	ENSG00000225630.1	TAGTTTAC	1
AAGAGACGCCAATCCT	ENSG00000225630.1	TCAGCACC	1
AAGAGACGCCAATCCT	ENSG00000225630.1	CTTAGGGG	2
AAGAGACGCCAATCCT	ENSG00000225630.1	TTTGCTCG	1
AAGAGACGCCAATCCT	ENSG00000225630.1	CTAGAGGA	1
AAGAGACGCCAATCCT	ENSG00000225630.1	AATTGACC	1
AAGAGACGCCAATCCT	ENSG00000225630.1	ACACATCC	1
AAGAGACGCCAATCCT	ENSG00000225630.1	AGATGAGG	1
AAGAGACGCCAATCCT	ENSG00000225630.1	TCACTCGC	1
AAGAGACGCCAATCCT	ENSG00000225630.1	TTGCCAAG	1
AAGAGACGCCAATCCT	ENSG00000225630.1	CGGTCAAA	1
AAGAGACGCCAATCCT	ENSG00000225630.1	ATTAGATG	1
AAGAGACGCCAATCCT	ENSG00000225630.1	AAGCTAAG	1
AAGAGACGCCAATCCT	ENSG00000225630.1	CATAGAGA	1
AAGAGACGCCAATCCT	ENSG00000225630.1	ACTCTGTC	2
AAGAGACGCCAATCCT	ENSG00000225630.1	CCACGATA	1
AAGAGACGCCAATCCT	ENSG00000225630.1	TAGTGACA	1
AAGAGACGCCAATCCT	ENSG00000225630.1	ATTACCTA	1
AAGAGACGCCAATCCT	ENSG00000225630.1	GGCGTCCG	1
AAGAGACGCCAATCCT	ENSG00000225630.1	GTTCCTGT	1
AAGAGACGCCAATCCT	ENSG00000225630.1	GCGGTATC	2
AAGAGACGCCAATCCT	ENSG00000225630.1	GCTTACTT	1
AAGAGACGCCAATCCT	ENSG00000225630.1	CTTAGAAT	2
AAGAGACGCCAATCCT	ENSG00000225630.1	ATGACAAC	1
AAGAGACGCCAATCCT	ENSG00000225630.1	TGTAGGTG	2
AAGAGACGCCAATCCT	ENSG00000225630.1	CTAAACTC	1
AAGAGACGCCAATCCT	ENSG00000225630.1	ATATAGGA	1
AAGAGACGCCAATCCT	ENSG00000225630.1	ACGTGTCC	1
AAGAGACGCCAATCCT	ENSG00000225630.1	CTCGACTG	1
AAGAGACGCCAATCCT	ENSG00000225630.1	CGATACCA	1
AAGAGACGCCAATCCT	ENSG00000225630.1	ATCTAGGC	1
AAGAGACGCCAATCCT	ENSG00000225630.1	GTCCAGGT	1
AAGAGACGCCAATCCT	ENSG00000225630.1	TCGTCAAC	2
AAGAGACGCCAATCCT	ENSG00000225630.1	CTTGCAAC	1
AAGAGACGCCAATCCT	ENSG00000225630.1	GGACCATC	1
AAGAGACGCCAATCCT	ENSG00000225630.1	ATTGGCGG	1
AAGAGACGCCAATCCT	ENSG00000225630.1	AAACGCAG	1
AAGAGACGCCAATCCT	ENSG00000225630.1	AATATACC	1
AAGAGACGCCAATCCT	ENSG00000225630.1	AAAGTGCC	1
AAGAGACGCCAATCCT	ENSG00000225630.1	CGGAACGC	1
AAGAGACGCCAATCCT	ENSG00000225630.1	TACGGTCC	1
AAGAGACGCCAATCCT	ENSG00000225630.1	CCGCCACG	1
AAGAGACGCCAATCCT	ENSG00000225630.1	GTCGTGAG	1
AAGAGACGCCAATCCT	ENSG00000176022.7	CAGGGGGC	1
AAGAGACGCCAATCCT	ENSG00000228594.4	GTGCAGGC	1
AAGAGACGCCAATCCT	ENSG00000231789.2	noUMI	1
AAGAGACGCCAATCCT	ENSG00000233954.6	TTAGGACG	1
AAGAGACGCCAATCCT	ENSG00000288398.1	noUMI	9
AAGAGACGCCAATCCT	ENSG00000288398.1	CCGTGGAG	1
AAGAGACGCCAATCCT	ENSG00000261135.1	noUMI	2
AAGAGACGCCAATCCT	ENSG00000090432.7	noUMI	9
AAGAGACGCCAATCCT	ENSG00000179163.12	noUMI	2
AAGAGACGCCAATCCT	ENSG00000130766.5	noUMI	2
AAGAGACGCCAATCCT	ENSG00000279443.1	noUMI	4
AAGAGACGCCAATCCT	ENSG00000175130.7	noUMI	1
AAGAGACGCCAATCCT	ENSG00000243749.1	noUMI	4
AAGAGACGCCAATCCT	ENSG00000243749.1	ACAACATG	1
AAGAGACGCCAATCCT	ENSG00000116863.11	TATGCGGA	1
AAGAGACGCCAATCCT	ENSG00000116863.11	noUMI	11
AAGAGACGCCAATCCT	ENSG00000116981.4	noUMI	5
AAGAGACGCCAATCCT	ENSG00000117000.9	noUMI	4
AAGAGACGCCAATCCT	ENSG00000117000.9	AAAGTGAA	1
AAGAGACGCCAATCCT	ENSG00000259943.1	noUMI	4
AAGAGACGCCAATCCT	ENSG00000284700.1	noUMI	1
AAGAGACGCCAATCCT	ENSG00000162396.6	noUMI	4
AAGAGACGCCAATCCT	ENSG00000162396.6	ATTCAGGC	1
AAGAGACGCCAATCCT	ENSG00000162396.6	TAGATCAC	1
AAGAGACGCCAATCCT	ENSG00000066557.6	noUMI	3
AAGAGACGCCAATCCT	ENSG00000271576.1	noUMI	1
AAGAGACGCCAATCCT	ENSG00000223896.2	noUMI	2
CTCAACAGGAGAAGGA	ENSG00000279457.4	noUMI	1
CTCAACAGGAGAAGGA	ENSG00000225630.1	GCATTGGG	1
CTCAACAGGAGAAGGA	ENSG00000225630.1	noUMI	8
CTCAACAGGAGAAGGA	ENSG00000225630.1	GACAAACA	1
CTCAACAGGAGAAGGA	ENSG00000225630.1	ATGATCAT	1
CTCAACAGGAGAAGGA	ENSG00000225630.1	ACGGTGTA	1
CTCAACAGGAGAAGGA	ENSG00000225630.1	CCTGGTAC	1
CTCAACAGGAGAAGGA	ENSG00000225630.1	TATCACAG	1
CTCAACAGGAGAAGGA	ENSG00000225630.1	TAATGTGT	1
CTCAACAGGAGAAGGA	ENSG00000225630.1	CGGTTTCG	1
CTCAACAGGAGAAGGA	ENSG00000225630.1	TAGCACCT	1
CTCAACAGGAGAAGGA	ENSG00000225630.1	GCAGAGGC	1
CTCAACAGGAGAAGGA	ENSG00000225630.1	CGAAAGGC	1
CTCAACAGGAGAAGGA	ENSG00000225630.1	CTAGCAGC	1
CTCAACAGGAGAAGGA	ENSG00000171612.7	noUMI	1
CTCAACAGGAGAAGGA	ENSG00000288398.1	CAGACACC	1
CTCAACAGGAGAAGGA	ENSG00000179163.12	noUMI	1
CTCAACAGGAGAAGGA	ENSG00000228589.3	noUMI	1
CTCAACAGGAGAAGGA	ENSG00000237329.2	noUMI	1
CTCAACAGGAGAAGGA	ENSG00000243749.1	noUMI	1
CTCAACAGGAGAAGGA	ENSG00000116863.11	noUMI	7
CTCAACAGGAGAAGGA	ENSG00000260920.2	noUMI	1
CTCAACAGGAGAAGGA	ENSG00000237950.3	GGTGTGAC	1
CTCAACAGGAGAAGGA	ENSG00000162396.6	noUMI	2
CTCAACAGGAGAAGGA	ENSG00000116704.8	noUMI	1
CTCAACAGGAGAAGGA	ENSG00000066557.6	noUMI	6
CTCAACAGGAGAAGGA	ENSG00000223896.2	noUMI	3
CTCAACAGGAGAAGGA	ENSG00000137970.7	noUMI	3
CTCAACAGGAGAAGGA	ENSG00000137970.7	AAAGGCAA	1
CTCAACAGGAGAAGGA	ENSG00000065135.12	GGGTCAAC	1
CTCAACAGGAGAAGGA	ENSG00000065135.12	ACGCTCGA	1
CTCAACAGGAGAAGGA	ENSG00000065135.12	GGTGGGCT	1
CTCAACAGGAGAAGGA	ENSG00000065135.12	noUMI	25
CTCAACAGGAGAAGGA	ENSG00000065135.12	AAGATCCA	2
CTCAACAGGAGAAGGA	ENSG00000213281.5	noUMI	11
CTCAACAGGAGAAGGA	ENSG00000213281.5	GCTACGCG	1
CTCAACAGGAGAAGGA	ENSG00000286019.1	TGACTTCC	1
CTCAACAGGAGAAGGA	ENSG00000163344.6	ACCCATGC	1
CTCAACAGGAGAAGGA	ENSG00000236675.1	noUMI	1
CTCAACAGGAGAAGGA	ENSG00000287336.1	noUMI	6
CTCAACAGGAGAAGGA	ENSG00000158615.9	noUMI	1
CTCAACAGGAGAAGGA	ENSG00000218283.2	noUMI	2
CTCAACAGGAGAAGGA	ENSG00000218283.2	GCATCTCA	1
CTCAACAGGAGAAGGA	ENSG00000218283.2	ATGCTTCG	1
CTCAACAGGAGAAGGA	ENSG00000143751.10	noUMI	5
CTCAACAGGAGAAGGA	ENSG00000143751.10	AGAGGTCG	1
CTCAACAGGAGAAGGA	ENSG00000162851.8	noUMI	1
CTCAACAGGAGAAGGA	ENSG00000277462.2	noUMI	3
CTCAACAGGAGAAGGA	ENSG00000259865.1	noUMI	3
GCATGTCTCGGTTGTT	ENSG00000225630.1	noUMI	63
GCATGTCTCGGTTGTT	ENSG00000225630.1	CTGGCCTC	1
GCATGTCTCGGTTGTT	ENSG00000225630.1	GACGGGGG	1
GCATGTCTCGGTTGTT	ENSG00000225630.1	GGCATCAA	1
GCATGTCTCGGTTGTT	ENSG00000225630.1	TCACCGTT	1
GCATGTCTCGGTTGTT	ENSG00000225630.1	CATCAAGA	1
GCATGTCTCGGTTGTT	ENSG00000225630.1	GATCGGCA	4
GCATGTCTCGGTTGTT	ENSG00000225630.1	ATAGAAAA	2
GCATGTCTCGGTTGTT	ENSG00000225630.1	GATGTCCC	1
GCATGTCTCGGTTGTT	ENSG00000225630.1	ACCAGGAC	2
GCATGTCTCGGTTGTT	ENSG00000225630.1	TACATCGA	2
GCATGTCTCGGTTGTT	ENSG00000225630.1	GCATGGAC	1
GCATGTCTCGGTTGTT	ENSG00000225630.1	GGTACTCT	1
GCATGTCTCGGTTGTT	ENSG00000225630.1	ACAGATAA	1
GCATGTCTCGGTTGTT	ENSG00000225630.1	AGGGTGCA	1
GCATGTCTCGGTTGTT	ENSG00000225630.1	AAGAAGCG	1
GCATGTCTCGGTTGTT	ENSG00000225630.1	ATTAGCCG	1
GCATGTCTCGGTTGTT	ENSG00000225630.1	CTGTCTAC	1
GCATGTCTCGGTTGTT	ENSG00000225630.1	CTTGCAAC	1
GCATGTCTCGGTTGTT	ENSG00000225630.1	AATGGGAG	1
GCATGTCTCGGTTGTT	ENSG00000225630.1	TATCGGGG	2
GCATGTCTCGGTTGTT	ENSG00000225630.1	ATACTCCG	2
GCATGTCTCGGTTGTT	ENSG00000225630.1	GTTGTTAA	2
GCATGTCTCGGTTGTT	ENSG00000225630.1	CCGAACAG	1
GCATGTCTCGGTTGTT	ENSG00000225630.1	GCGCCATA	1
GCATGTCTCGGTTGTT	ENSG00000225630.1	GGTTACCG	2
GCATGTCTCGGTTGTT	ENSG00000225630.1	GCCGATCA	1
GCATGTCTCGGTTGTT	ENSG00000225630.1	GGAAAAAG	1
GCATGTCTCGGTTGTT	ENSG00000225630.1	TTGAATCG	2
GCATGTCTCGGTTGTT	ENSG00000225630.1	TCCAGTGT	2
GCATGTCTCGGTTGTT	ENSG00000225630.1	TTCTCGGG	1
GCATGTCTCGGTTGTT	ENSG00000225630.1	TTGGAGAG	1
GCATGTCTCGGTTGTT	ENSG00000225630.1	ATCTGGGT	1
GCATGTCTCGGTTGTT	ENSG00000225630.1	CTTGTGGG	1
GCATGTCTCGGTTGTT	ENSG00000225630.1	TAGTACAC	1
GCATGTCTCGGTTGTT	ENSG00000225630.1	ATTAACGT	2
GCATGTCTCGGTTGTT	ENSG00000225630.1	GCAACTCA	1
GCATGTCTCGGTTGTT	ENSG00000225630.1	CCGTCCCT	1
GCATGTCTCGGTTGTT	ENSG00000225630.1	ACCGGGGA	1
GCATGTCTCGGTTGTT	ENSG00000225630.1	GATGCGTC	1
GCATGTCTCGGTTGTT	ENSG00000225630.1	CAGAACGC	1
GCATGTCTCGGTTGTT	ENSG00000225630.1	TCGCGGCC	1
GCATGTCTCGGTTGTT	ENSG00000225630.1	TGTAGGTC	2
GCATGTCTCGGTTGTT	ENSG00000225630.1	AGAATGGA	1
GCATGTCTCGGTTGTT	ENSG00000225630.1	CTTAGAGG	1
GCATGTCTCGGTTGTT	ENSG00000225630.1	AGGGAGTC	1
GCATGTCTCGGTTGTT	ENSG00000225630.1	GGGTGCCT	2
GCATGTCTCGGTTGTT	ENSG00000225630.1	TTGCGTTC	1
GCATGTCTCGGTTGTT	ENSG00000225630.1	CAGGCAAG	1
GCATGTCTCGGTTGTT	ENSG00000225630.1	CTGAAAAG	1
GCATGTCTCGGTTGTT	ENSG00000225630.1	CTTTGGCA	1
GCATGTCTCGGTTGTT	ENSG00000225630.1	CGATCACC	1
GCATGTCTCGGTTGTT	ENSG00000225630.1	GAAAGATT	3
GCATGTCTCGGTTGTT	ENSG00000225630.1	CGTCAACA	1
GCATGTCTCGGTTGTT	ENSG00000225630.1	ATCATGGT	1
GCATGTCTCGGTTGTT	ENSG00000225630.1	ACGATCAG	1
GCATGTCTCGGTTGTT	ENSG00000225630.1	CTGTTGTG	1
GCATGTCTCGGTTGTT	ENSG00000225630.1	GGGTTGCG	1
GCATGTCTCGGTTGTT	ENSG00000225630.1	AAAAGGTA	1
GCATGTCTCGGTTGTT	ENSG00000225630.1	GGACCGGG	1
GCATGTCTCGGTTGTT	ENSG00000225630.1	ATGACACC	1
GCATGTCTCGGTTGTT	ENSG00000225630.1	TGTAATAC	1
GCATGTCTCGGTTGTT	ENSG00000225630.1	ATTACGGA	1
GCATGTCTCGGTTGTT	ENSG00000225630.1	GCGAAGTC	2
GCATGTCTCGGTTGTT	ENSG00000225630.1	CTAGCAGA	1
GCATGTCTCGGTTGTT	ENSG00000225630.1	AGCATAAG	1
GCATGTCTCGGTTGTT	ENSG00000225630.1	GTGTACGT	1
GCATGTCTCGGTTGTT	ENSG00000225630.1	AACTCATC	1
GCATGTCTCGGTTGTT	ENSG00000225630.1	GAATGAAC	2
GCATGTCTCGGTTGTT	ENSG00000225630.1	AGAGTTGA	1
GCATGTCTCGGTTGTT	ENSG00000225630.1	GCAGTGTA	2
GCATGTCTCGGTTGTT	ENSG00000225630.1	GAGACTAC	2
GCATGTCTCGGTTGTT	ENSG00000225630.1	TGTTAACA	1
GCATGTCTCGGTTGTT	ENSG00000225630.1	AGCTCTAT	1
GCATGTCTCGGTTGTT	ENSG00000225630.1	GTGTATGA	1
GCATGTCTCGGTTGTT	ENSG00000225630.1	GTTGAGAG	1
GCATGTCTCGGTTGTT	ENSG00000225630.1	TATAACCG	1
GCATGTCTCGGTTGTT	ENSG00000225630.1	ATGACCGA	2
GCATGTCTCGGTTGTT	ENSG00000225630.1	ACGGCCCG	2
GCATGTCTCGGTTGTT	ENSG00000225630.1	TATCAGCG	1
GCATGTCTCGGTTGTT	ENSG00000225630.1	AGCAGTTG	1
GCATGTCTCGGTTGTT	ENSG00000225630.1	TCTCGCAG	1
GCATGTCTCGGTTGTT	ENSG00000225630.1	ATTAACAC	1
GCATGTCTCGGTTGTT	ENSG00000225630.1	AAAGCGGT	2
GCATGTCTCGGTTGTT	ENSG00000225630.1	GGTTCCGA	1
GCATGTCTCGGTTGTT	ENSG00000225630.1	TAGCTCCA	1
GCATGTCTCGGTTGTT	ENSG00000225630.1	GATCTAAC	1
GCATGTCTCGGTTGTT	ENSG00000225630.1	TCAGCATA	1
GCATGTCTCGGTTGTT	ENSG00000225630.1	ATCCCGTG	1
GCATGTCTCGGTTGTT	ENSG00000225630.1	GAAGATGA	1
GCATGTCTCGGTTGTT	ENSG00000225630.1	ACATGCAC	1
GCATGTCTCGGTTGTT	ENSG00000225630.1	TCGGGAGC	1
GCATGTCTCGGTTGTT	ENSG00000225630.1	TAGTTCAA	1
GCATGTCTCGGTTGTT	ENSG00000225630.1	CCAGTCAA	1
GCATGTCTCGGTTGTT	ENSG00000225630.1	ACATACAA	1
GCATGTCTCGGTTGTT	ENSG00000225630.1	GGGCTTCA	1
GCATGTCTCGGTTGTT	ENSG00000225630.1	GGTACAAA	1
GCATGTCTCGGTTGTT	ENSG00000225630.1	GAACGTCG	1
GCATGTCTCGGTTGTT	ENSG00000225630.1	GCTCCGGA	3
GCATGTCTCGGTTGTT	ENSG00000225630.1	ATTGCAGA	1
GCATGTCTCGGTTGTT	ENSG00000225630.1	CACAAATC	3
GCATGTCTCGGTTGTT	ENSG00000225630.1	TTGTCTAA	2
GCATGTCTCGGTTGTT	ENSG00000225630.1	TAAACTCC	1
GCATGTCTCGGTTGTT	ENSG00000225630.1	CGGTAACA	1
GCATGTCTCGGTTGTT	ENSG00000225630.1	CCAGCTTG	1
GCATGTCTCGGTTGTT	ENSG00000225630.1	AAAAGTTG	2
GCATGTCTCGGTTGTT	ENSG00000225630.1	ACATATAG	1
GCATGTCTCGGTTGTT	ENSG00000225630.1	GCACCCAG	2
GCATGTCTCGGTTGTT	ENSG00000225630.1	ATAGCCAT	1
GCATGTCTCGGTTGTT	ENSG00000225630.1	CCTTCTAG	1
GCATGTCTCGGTTGTT	ENSG00000225630.1	AATGCATA	1
GCATGTCTCGGTTGTT	ENSG00000225630.1	CTAACGAC	1
GCATGTCTCGGTTGTT	ENSG00000225630.1	TTCACCAC	1
GCATGTCTCGGTTGTT	ENSG00000225630.1	TAGCTACT	1
GCATGTCTCGGTTGTT	ENSG00000225630.1	AGGACGTA	1
GCATGTCTCGGTTGTT	ENSG00000225630.1	ACGTAACT	1
GCATGTCTCGGTTGTT	ENSG00000225630.1	ACGCTGAA	2
GCATGTCTCGGTTGTT	ENSG00000225630.1	GTAACCCG	1
GCATGTCTCGGTTGTT	ENSG00000225630.1	CGGCGGCA	1
GCATGTCTCGGTTGTT	ENSG00000225630.1	CCTTTTAG	1
GCATGTCTCGGTTGTT	ENSG00000225630.1	GAATTGTC	1
GCATGTCTCGGTTGTT	ENSG00000198744.5	noUMI	1
GCATGTCTCGGTTGTT	ENSG00000176022.7	GCCGGGTC	1
GCATGTCTCGGTTGTT	ENSG00000176022.7	noUMI	1
GCATGTCTCGGTTGTT	ENSG00000171612.7	noUMI	2
GCATGTCTCGGTTGTT	ENSG00000233954.6	GCAGACAT	1
GCATGTCTCGGTTGTT	ENSG00000090432.7	noUMI	11
GCATGTCTCGGTTGTT	ENSG00000090432.7	AACGTGTA	1
GCATGTCTCGGTTGTT	ENSG00000179163.12	noUMI	14
GCATGTCTCGGTTGTT	ENSG00000270605.1	noUMI	1
GCATGTCTCGGTTGTT	ENSG00000270605.1	ATGTGTCG	1
GCATGTCTCGGTTGTT	ENSG00000130766.5	noUMI	2
GCATGTCTCGGTTGTT	ENSG00000130766.5	GAATAGGA	1
GCATGTCTCGGTTGTT	ENSG00000175130.7	noUMI	6
GCATGTCTCGGTTGTT	ENSG00000116863.11	noUMI	37
GCATGTCTCGGTTGTT	ENSG00000116981.4	noUMI	7
GCATGTCTCGGTTGTT	ENSG00000117000.9	noUMI	12
GCATGTCTCGGTTGTT	ENSG00000117000.9	TGTACCGT	2
GCATGTCTCGGTTGTT	ENSG00000259943.1	noUMI	3
GCATGTCTCGGTTGTT	ENSG00000238287.1	GGATGAAG	1
AAGAGACGCGAATTGG	ENSG00000279457.4	noUMI	9
AAGAGACGCGAATTGG	ENSG00000279457.4	AACTAGTC	1
AAGAGACGCGAATTGG	ENSG00000279457.4	TCAGGGCT	1
AAGAGACGCGAATTGG	ENSG00000225630.1	noUMI	53
AAGAGACGCGAATTGG	ENSG00000225630.1	TATGAACA	1
AAGAGACGCGAATTGG	ENSG00000225630.1	AAGCCTCG	1
AAGAGACGCGAATTGG	ENSG00000225630.1	TCCGTTAA	1
AAGAGACGCGAATTGG	ENSG00000225630.1	GTACCCAG	1
AAGAGACGCGAATTGG	ENSG00000225630.1	ATGCTAGG	1
AAGAGACGCGAATTGG	ENSG00000225630.1	TAAATAAG	1
AAGAGACGCGAATTGG	ENSG00000225630.1	GGTGGTCA	1
AAGAGACGCGAATTGG	ENSG00000225630.1	CAATGACT	1
AAGAGACGCGAATTGG	ENSG00000225630.1	GCGACATG	1
AAGAGACGCGAATTGG	ENSG00000225630.1	GTAAACTT	1
AAGAGACGCGAATTGG	ENSG00000225630.1	GCAGACAA	1
AAGAGACGCGAATTGG	ENSG00000225630.1	GATTTATG	1
AAGAGACGCGAATTGG	ENSG00000225630.1	TTGTGTGG	1
AAGAGACGCGAATTGG	ENSG00000225630.1	AGGGAGGT	1
AAGAGACGCGAATTGG	ENSG00000225630.1	CCTGGGAC	1
AAGAGACGCGAATTGG	ENSG00000225630.1	AGTTCGAA	1
AAGAGACGCGAATTGG	ENSG00000225630.1	ATGGCGTT	1
AAGAGACGCGAATTGG	ENSG00000225630.1	TCAAACCC	3
AAGAGACGCGAATTGG	ENSG00000225630.1	CCATACAC	1
AAGAGACGCGAATTGG	ENSG00000225630.1	AACAGAGG	1
AAGAGACGCGAATTGG	ENSG00000225630.1	TGGCCACA	1
AAGAGACGCGAATTGG	ENSG00000225630.1	GCGTGAAA	1
AAGAGACGCGAATTGG	ENSG00000225630.1	TCGGTGAC	1
AAGAGACGCGAATTGG	ENSG00000225630.1	AGTAGGCG	1
AAGAGACGCGAATTGG	ENSG00000225630.1	ACACCCGG	3
AAGAGACGCGAATTGG	ENSG00000225630.1	TACGTGGC	4
AAGAGACGCGAATTGG	ENSG00000225630.1	TTGTCCTA	1
AAGAGACGCGAATTGG	ENSG00000225630.1	TAAACCTG	1
AAGAGACGCGAATTGG	ENSG00000225630.1	GTCGCAAT	1
AAGAGACGCGAATTGG	ENSG00000225630.1	GAGACTAA	1
AAGAGACGCGAATTGG	ENSG00000225630.1	GTACGGGG	1
AAGAGACGCGAATTGG	ENSG00000225630.1	GAGTGATA	2
AAGAGACGCGAATTGG	ENSG00000225630.1	GACCTCTC	1
AAGAGACGCGAATTGG	ENSG00000225630.1	TAGGCGCC	3
AAGAGACGCGAATTGG	ENSG00000225630.1	TTAGGCGG	1
AAGAGACGCGAATTGG	ENSG00000225630.1	CAAGATCC	1
AAGAGACGCGAATTGG	ENSG00000225630.1	TTCAGTAG	2
AAGAGACGCGAATTGG	ENSG00000225630.1	AAACAGCA	1
AAGAGACGCGAATTGG	ENSG00000225630.1	CGTTAGGT	1
AAGAGACGCGAATTGG	ENSG00000225630.1	TCAGGTCG	4
AAGAGACGCGAATTGG	ENSG00000225630.1	TCAGTCAT	1
AAGAGACGCGAATTGG	ENSG00000225630.1	TGATGGCG	4
AAGAGACGCGAATTGG	ENSG00000225630.1	TGACATAA	1
AAGAGACGCGAATTGG	ENSG00000225630.1	TAGCCATG	1
AAGAGACGCGAATTGG	ENSG00000225630.1	GGCAAGGG	1
AAGAGACGCGAATTGG	ENSG00000225630.1	CTACGTTA	4
AAGAGACGCGAATTGG	ENSG00000225630.1	AATACGAC	2
AAGAGACGCGAATTGG	ENSG00000225630.1	GTATGCTC	1
AAGAGACGCGAATTGG	ENSG00000225630.1	CTAGGAGC	1
AAGAGACGCGAATTGG	ENSG00000225630.1	AAAATACT	2
AAGAGACGCGAATTGG	ENSG00000225630.1	AATCACTG	1
AAGAGACGCGAATTGG	ENSG00000225630.1	ATGAACGA	1
AAGAGACGCGAATTGG	ENSG00000225630.1	ACAAGGTG	2
AAGAGACGCGAATTGG	ENSG00000225630.1	GTCCGGCC	1
AAGAGACGCGAATTGG	ENSG00000225630.1	GTAGCCTT	1
AAGAGACGCGAATTGG	ENSG00000225630.1	CTCAGACA	1
AAGAGACGCGAATTGG	ENSG00000225630.1	AGGATCGG	1
AAGAGACGCGAATTGG	ENSG00000225630.1	CTGATAAG	1
AAGAGACGCGAATTGG	ENSG00000225630.1	AGATAACC	1
AAGAGACGCGAATTGG	ENSG00000225630.1	AGGTCCGT	2
AAGAGACGCGAATTGG	ENSG00000225630.1	CACAGCCG	3
AAGAGACGCGAATTGG	ENSG00000225630.1	GTACAGTG	1
AAGAGACGCGAATTGG	ENSG00000225630.1	CAAGGGTG	1
AAGAGACGCGAATTGG	ENSG00000225630.1	GTGGGGAG	1
AAGAGACGCGAATTGG	ENSG00000225630.1	GTTAACAA	2
AAGAGACGCGAATTGG	ENSG00000225630.1	TGAGCCTA	1
AAGAGACGCGAATTGG	ENSG00000225630.1	GCTTTTGG	2
AAGAGACGCGAATTGG	ENSG00000225630.1	GAGTGTGA	1
AAGAGACGCGAATTGG	ENSG00000225630.1	CTTAATGG	1
AAGAGACGCGAATTGG	ENSG00000225630.1	CCGTGATA	2
AAGAGACGCGAATTGG	ENSG00000225630.1	GTCCGGGG	1
AAGAGACGCGAATTGG	ENSG00000225630.1	ACTTAAGT	1
AAGAGACGCGAATTGG	ENSG00000225630.1	CAACCTCC	1
AAGAGACGCGAATTGG	ENSG00000225630.1	CAAATACG	1
AAGAGACGCGAATTGG	ENSG00000225630.1	TAGTACGG	3
AAGAGACGCGAATTGG	ENSG00000225630.1	TAGTAACT	1
AAGAGACGCGAATTGG	ENSG00000225630.1	ATCTGTGG	2
AAGAGACGCGAATTGG	ENSG00000225630.1	GTGCTCTC	1
AAGAGACGCGAATTGG	ENSG00000225630.1	ACGTCCCT	2
AAGAGACGCGAATTGG	ENSG00000225630.1	GAAGTCAA	1
AAGAGACGCGAATTGG	ENSG00000225630.1	CAGGGAGC	1
AAGAGACGCGAATTGG	ENSG00000225630.1	TTTAGGGG	2
AAGAGACGCGAATTGG	ENSG00000225630.1	CCATGACC	1
AAGAGACGCGAATTGG	ENSG00000225630.1	CCCATACC	2
AAGAGACGCGAATTGG	ENSG00000225630.1	CGATACGA	1
AAGAGACGCGAATTGG	ENSG00000225630.1	TAGCTAGT	1
AAGAGACGCGAATTGG	ENSG00000225630.1	TCGCATAA	1
AAGAGACGCGAATTGG	ENSG00000225630.1	CATGTCCA	1
AAGAGACGCGAATTGG	ENSG00000225630.1	TACATGTA	1
AAGAGACGCGAATTGG	ENSG00000225630.1	GCTACCTC	1
AAGAGACGCGAATTGG	ENSG00000198744.5	noUMI	1
AAGAGACGCGAATTGG	ENSG00000231050.1	noUMI	1
AAGAGACGCGAATTGG	ENSG00000233954.6	CCAGCCAT	1
AAGAGACGCGAATTGG	ENSG00000288398.1	noUMI	2
AAGAGACGCGAATTGG	ENSG00000090432.7	noUMI	17
AAGAGACGCGAATTGG	ENSG00000090432.7	TTAGCGGG	1
AAGAGACGCGAATTGG	ENSG00000090432.7	TCAAGACC	1
AAGAGACGCGAATTGG	ENSG00000179163.12	noUMI	2
AAGAGACGCGAATTGG	ENSG00000179163.12	GGATGGGC	1
AAGAGACGCGAATTGG	ENSG00000179163.12	TTAACCCG	1
AAGAGACGCGAATTGG	ENSG00000175130.7	noUMI	3
AAGAGACGCGAATTGG	ENSG00000243749.1	noUMI	2
AAGAGACGCGAATTGG	ENSG00000116863.11	noUMI	16
AAGAGACGCGAATTGG	ENSG00000116863.11	TCGAGCTA	1
AAGAGACGCGAATTGG	ENSG00000117000.9	noUMI	8
AAGAGACGCGAATTGG	ENSG00000117000.9	CGCTACCT	2
AAGAGACGCGAATTGG	ENSG00000117000.9	GTGCCATC	1
AAGAGACGCGAATTGG	ENSG00000259943.1	noUMI	1
AAGAGACGCGAATTGG	ENSG00000260920.2	AAGTAGGT	1
AAGAGACGCGAATTGG	ENSG00000169213.7	noUMI	2
AAGAGACGCCACATAG	ENSG00000225630.1	noUMI	16
AAGAGACGCCACATAG	ENSG00000225630.1	AGACTTGT	1
AAGAGACGCCACATAG	ENSG00000225630.1	AACAGGAA	1
AAGAGACGCCACATAG	ENSG00000225630.1	ATCGGCAG	1
AAGAGACGCCACATAG	ENSG00000225630.1	TAAGCGAG	1
AAGAGACGCCACATAG	ENSG00000225630.1	GGGTTTAA	1
AAGAGACGCCACATAG	ENSG00000225630.1	TATCCGGT	1
AAGAGACGCCACATAG	ENSG00000225630.1	CGTTCCGA	1
AAGAGACGCCACATAG	ENSG00000225630.1	GATATGAG	1
AAGAGACGCCACATAG	ENSG00000225630.1	TCGTACAG	1
AAGAGACGCCACATAG	ENSG00000225630.1	CGGGGTAG	1
AAGAGACGCCACATAG	ENSG00000225630.1	TCGAAGAT	1
AAGAGACGCCACATAG	ENSG00000225630.1	GTGCTCTC	1
AAGAGACGCCACATAG	ENSG00000225630.1	GTGTCCGG	1
AAGAGACGCCACATAG	ENSG00000225630.1	GCTAATGG	1
AAGAGACGCCACATAG	ENSG00000225630.1	TTTGGTCA	1
AAGAGACGCCACATAG	ENSG00000225630.1	AACTCGCA	1
AAGAGACGCCACATAG	ENSG00000225630.1	TGATCCCT	1
AAGAGACGCCACATAG	ENSG00000225630.1	CCGTCCCA	1
AAGAGACGCCACATAG	ENSG00000225630.1	GTCAACTC	1
AAGAGACGCCACATAG	ENSG00000225630.1	CGCGCTAC	1
AAGAGACGCCACATAG	ENSG00000225630.1	AACTCCCG	1
AAGAGACGCCACATAG	ENSG00000225630.1	TCGGGTCA	1
AAGAGACGCCACATAG	ENSG00000225630.1	ATTAGTCC	1
AAGAGACGCCACATAG	ENSG00000225630.1	CTAGATAC	1
AAGAGACGCCACATAG	ENSG00000225630.1	GACTAGAC	1
AAGAGACGCCACATAG	ENSG00000225630.1	TAGTCTGT	2
AAGAGACGCCACATAG	ENSG00000225630.1	GAACAAAT	1
AAGAGACGCCACATAG	ENSG00000225630.1	TGAAAGGT	1
AAGAGACGCCACATAG	ENSG00000225630.1	GTCTAGCT	1
AAGAGACGCCACATAG	ENSG00000225630.1	TCGGTTTA	1
AAGAGACGCCACATAG	ENSG00000225630.1	AGTGCCGG	2
AAGAGACGCCACATAG	ENSG00000225630.1	ACACCCAA	1
AAGAGACGCCACATAG	ENSG00000225630.1	CGGGATTC	1
AAGAGACGCCACATAG	ENSG00000225630.1	GAGAATAA	1
AAGAGACGCCACATAG	ENSG00000225630.1	TCCGGTGC	1
AAGAGACGCCACATAG	ENSG00000225630.1	AGAGCGAC	1
AAGAGACGCCACATAG	ENSG00000225630.1	GAAACGCT	1
AAGAGACGCCACATAG	ENSG00000225630.1	CTAAACTC	1
AAGAGACGCCACATAG	ENSG00000225630.1	TATCCTCC	1
AAGAGACGCCACATAG	ENSG00000225630.1	GTCTCCCT	1
AAGAGACGCCACATAG	ENSG00000225630.1	AATCCGTC	1
AAGAGACGCCACATAG	ENSG00000225630.1	GATCGTGT	1
AAGAGACGCCACATAG	ENSG00000225630.1	ACAGCTCT	1
AAGAGACGCCACATAG	ENSG00000225630.1	GCCAAGCG	1
AAGAGACGCCACATAG	ENSG00000225630.1	GCGATCGC	1
AAGAGACGCCACATAG	ENSG00000225630.1	CAAGACAA	1
AAGAGACGCCACATAG	ENSG00000225630.1	GCGTGCCC	1
AAGAGACGCCACATAG	ENSG00000225630.1	CTCAGTTG	1
AAGAGACGCCACATAG	ENSG00000225630.1	TTTGGTAC	1
AAGAGACGCCACATAG	ENSG00000225630.1	TCGACGTC	1
AAGAGACGCCACATAG	ENSG00000225630.1	TCCGGGTA	1
AAGAGACGCCACATAG	ENSG00000225630.1	CGAACAGT	1
AAGAGACGCCACATAG	ENSG00000225630.1	CGACTAAG	1
AAGAGACGCCACATAG	ENSG00000225630.1	GTTAAGGG	1
AAGAGACGCCACATAG	ENSG00000225630.1	GTCCATCC	1
AAGAGACGCCACATAG	ENSG00000238290.1	GACGGCTT	1
AAGAGACGCCACATAG	ENSG00000233954.6	CCAGACAT	1
AAGAGACGCCACATAG	ENSG00000090432.7	noUMI	3
AAGAGACGCCACATAG	ENSG00000090432.7	TGAAGGTG	1
AAGAGACGCCACATAG	ENSG00000090432.7	TCCACGGG	1
AAGAGACGCCACATAG	ENSG00000090432.7	TAGTGAGT	2
AAGAGACGCCACATAG	ENSG00000130766.5	GTGGACCG	1
AAGAGACGCCACATAG	ENSG00000130766.5	noUMI	1
AAGAGACGCCACATAG	ENSG00000175130.7	noUMI	5
AAGAGACGCCACATAG	ENSG00000116863.11	noUMI	2
AAGAGACGCCACATAG	ENSG00000117000.9	noUMI	1
AAGAGACGCCACATAG	ENSG00000117000.9	AACCGGGC	1
AAGAGACGCCACATAG	ENSG00000117000.9	AGCGTCGC	1
AAGAGACGCCACATAG	ENSG00000259943.1	TATATGCT	1
AAGAGACGCCACATAG	ENSG00000237424.1	GGCAGAGG	1
AAGAGACGCCACATAG	ENSG00000169213.7	noUMI	3
AAGAGACGCCACATAG	ENSG00000234264.1	noUMI	2
AAGAGACGCCACATAG	ENSG00000066557.6	noUMI	9
AAGAGACGCCACATAG	ENSG00000066557.6	TGCAGTGT	1
AAGAGACGCCACATAG	ENSG00000137970.7	noUMI	3
AAGAGACGCCACATAG	ENSG00000137970.7	GTACGATT	1
AAGAGACGCCACATAG	ENSG00000065135.12	CAGGCCCC	1
AAGAGACGCCACATAG	ENSG00000065135.12	noUMI	6
AAGAGACGCCACATAG	ENSG00000065135.12	CGGATACA	1
AAGAGACGCCACATAG	ENSG00000065135.12	GATTGGTG	1
AAGAGACGCCACATAG	ENSG00000065135.12	GCATAACC	1
AAGAGACGCCACATAG	ENSG00000238198.2	noUMI	1
AAGAGACGCCACATAG	ENSG00000213281.5	noUMI	5
AAGAGACGCCACATAG	ENSG00000213281.5	CAGGTCAT	1
AAGAGACGCCACATAG	ENSG00000183508.5	GCGACGAC	1
AAGAGACGCCACATAG	ENSG00000163344.6	noUMI	6
AAGAGACGCCACATAG	ENSG00000163344.6	CGAGCCCA	1
AAGAGACGCCACATAG	ENSG00000163344.6	CTTCAGGG	1
AAGAGACGCCACATAG	ENSG00000213062.5	noUMI	1
AAGAGACGCCACATAG	ENSG00000143333.7	noUMI	1
AAGAGACGCCACATAG	ENSG00000183155.5	CGACTACA	1
AAGAGACGCCACATAG	ENSG00000158615.9	noUMI	4
AAGAGACGCCACATAG	ENSG00000235363.1	GTTGAAAG	1
AAGAGACGCCACATAG	ENSG00000218283.2	GGCGGTAG	1
AAGAGACGCCACATAG	ENSG00000218283.2	noUMI	4
AAGAGACGCCACATAG	ENSG00000218283.2	AGATCACA	1
AAGAGACGCCACATAG	ENSG00000143751.10	noUMI	5
AAGAGACGCCACATAG	ENSG00000143751.10	CCTGCGCC	1
AAGAGACGCCACATAG	ENSG00000162851.8	noUMI	1
TCCAAGTCGAGGTTAG	ENSG00000225630.1	AGAATAGG	2
TCCAAGTCGAGGTTAG	ENSG00000225630.1	AACAACCA	1
TCCAAGTCGAGGTTAG	ENSG00000225630.1	noUMI	14
TCCAAGTCGAGGTTAG	ENSG00000225630.1	ATCCTTAA	1
TCCAAGTCGAGGTTAG	ENSG00000225630.1	GGTAATAT	1
TCCAAGTCGAGGTTAG	ENSG00000225630.1	GTCTGAAA	1
TCCAAGTCGAGGTTAG	ENSG00000225630.1	ATAAGGAC	2
TCCAAGTCGAGGTTAG	ENSG00000225630.1	TCCATCCG	2
TCCAAGTCGAGGTTAG	ENSG00000225630.1	GAACAACC	1
TCCAAGTCGAGGTTAG	ENSG00000225630.1	GGGGTTCT	2
TCCAAGTCGAGGTTAG	ENSG00000225630.1	GACTTCGT	1
TCCAAGTCGAGGTTAG	ENSG00000225630.1	TAGGTCTA	1
TCCAAGTCGAGGTTAG	ENSG00000225630.1	AGATGAGT	3
TCCAAGTCGAGGTTAG	ENSG00000225630.1	CTTCTCTA	1
TCCAAGTCGAGGTTAG	ENSG00000225630.1	GAGATGAC	1
TCCAAGTCGAGGTTAG	ENSG00000225630.1	GCGCTCAC	1
TCCAAGTCGAGGTTAG	ENSG00000225630.1	ATTTGAAC	1
TCCAAGTCGAGGTTAG	ENSG00000225630.1	AGACTTGT	1
TCCAAGTCGAGGTTAG	ENSG00000225630.1	CCCATCTA	2
TCCAAGTCGAGGTTAG	ENSG00000225630.1	ACGACCGG	1
TCCAAGTCGAGGTTAG	ENSG00000225630.1	ATTAAAGA	2
TCCAAGTCGAGGTTAG	ENSG00000225630.1	TGTTGTGT	1
TCCAAGTCGAGGTTAG	ENSG00000225630.1	TGAAGCCA	1
TCCAAGTCGAGGTTAG	ENSG00000225630.1	CTATAAAA	1
TCCAAGTCGAGGTTAG	ENSG00000225630.1	GACTAACG	1
TCCAAGTCGAGGTTAG	ENSG00000225630.1	AATGTAGC	2
TCCAAGTCGAGGTTAG	ENSG00000225630.1	GAGTACAG	1
TCCAAGTCGAGGTTAG	ENSG00000225630.1	TTTTGGTG	2
TCCAAGTCGAGGTTAG	ENSG00000225630.1	TATCCTCC	1
TCCAAGTCGAGGTTAG	ENSG00000225630.1	CAGCTGTG	1
TCCAAGTCGAGGTTAG	ENSG00000225630.1	TCGAGGGG	1
TCCAAGTCGAGGTTAG	ENSG00000225630.1	CAGACGAT	1
TCCAAGTCGAGGTTAG	ENSG00000225630.1	AGGGATAC	1
TCCAAGTCGAGGTTAG	ENSG00000225630.1	TCGACACA	1
TCCAAGTCGAGGTTAG	ENSG00000225630.1	CTACAACA	1
TCCAAGTCGAGGTTAG	ENSG00000225630.1	TGTACACT	1
TCCAAGTCGAGGTTAG	ENSG00000225630.1	AATGGGTA	1
TCCAAGTCGAGGTTAG	ENSG00000225630.1	TCTGACAA	1
TCCAAGTCGAGGTTAG	ENSG00000225630.1	CAAGATCA	1
TCCAAGTCGAGGTTAG	ENSG00000225630.1	TGCAACCA	1
TCCAAGTCGAGGTTAG	ENSG00000225630.1	TGTTCCGC	1
TCCAAGTCGAGGTTAG	ENSG00000225630.1	CATCACGA	1
TCCAAGTCGAGGTTAG	ENSG00000225630.1	CGGCGACC	1
TCCAAGTCGAGGTTAG	ENSG00000225630.1	AAGATCGC	1
TCCAAGTCGAGGTTAG	ENSG00000225630.1	TCAGTCCT	1
TCCAAGTCGAGGTTAG	ENSG00000225630.1	TCCGCCAA	4
TCCAAGTCGAGGTTAG	ENSG00000225630.1	GTGATCAA	2
TCCAAGTCGAGGTTAG	ENSG00000225630.1	ACTTAAAG	1
TCCAAGTCGAGGTTAG	ENSG00000225630.1	ACTTGGAT	1
TCCAAGTCGAGGTTAG	ENSG00000225630.1	GGGTGACT	1
TCCAAGTCGAGGTTAG	ENSG00000225630.1	TGATGTAC	1
TCCAAGTCGAGGTTAG	ENSG00000225630.1	CGACTAGA	1
TCCAAGTCGAGGTTAG	ENSG00000225630.1	CCAAGCTG	1
TCCAAGTCGAGGTTAG	ENSG00000225630.1	CACAGCAT	1
TCCAAGTCGAGGTTAG	ENSG00000225630.1	GCTGGAAC	1
TCCAAGTCGAGGTTAG	ENSG00000225630.1	GTGTGGTG	1
TCCAAGTCGAGGTTAG	ENSG00000225630.1	GACAGGAA	1
TCCAAGTCGAGGTTAG	ENSG00000225630.1	TGTATGGG	1
TCCAAGTCGAGGTTAG	ENSG00000225630.1	GCGGTTAA	1
TCCAAGTCGAGGTTAG	ENSG00000225630.1	CGGTTAAC	2
TCCAAGTCGAGGTTAG	ENSG00000225630.1	CGTTGTGT	1
TCCAAGTCGAGGTTAG	ENSG00000225630.1	GTGGAGAC	2
TCCAAGTCGAGGTTAG	ENSG00000225630.1	AATGTGGT	1
TCCAAGTCGAGGTTAG	ENSG00000225630.1	CGTCGCTA	1
TCCAAGTCGAGGTTAG	ENSG00000225630.1	ACAGGCTA	1
TCCAAGTCGAGGTTAG	ENSG00000225630.1	GAGCTTAC	1
TCCAAGTCGAGGTTAG	ENSG00000225630.1	ATTAATAC	1
TCCAAGTCGAGGTTAG	ENSG00000225630.1	TGCTTGGC	1
TCCAAGTCGAGGTTAG	ENSG00000225630.1	CATGAGTG	2
TCCAAGTCGAGGTTAG	ENSG00000225630.1	TACCATCG	1
TCCAAGTCGAGGTTAG	ENSG00000225630.1	TATGCCCG	1
TCCAAGTCGAGGTTAG	ENSG00000225630.1	CAGTCGAG	1
TCCAAGTCGAGGTTAG	ENSG00000225630.1	CGCTAAAC	1
TCCAAGTCGAGGTTAG	ENSG00000225630.1	GGCGTGTG	1
TCCAAGTCGAGGTTAG	ENSG00000225630.1	GATCTCGT	1
TCCAAGTCGAGGTTAG	ENSG00000225630.1	CAATACTA	2
TCCAAGTCGAGGTTAG	ENSG00000225630.1	GCGTTAGT	1
TCCAAGTCGAGGTTAG	ENSG00000225630.1	CCATGTTG	1
TCCAAGTCGAGGTTAG	ENSG00000225630.1	CACGCCGA	1
TCCAAGTCGAGGTTAG	ENSG00000225630.1	GCTCAAGA	1
TCCAAGTCGAGGTTAG	ENSG00000225630.1	ATTGGCTA	1
TCCAAGTCGAGGTTAG	ENSG00000171612.7	AGTGTTCC	1
TCCAAGTCGAGGTTAG	ENSG00000231789.2	AAAATGCC	1
TCCAAGTCGAGGTTAG	ENSG00000231789.2	GGGCGCGT	1
TCCAAGTCGAGGTTAG	ENSG00000235643.2	TGGACCGT	1
TCCAAGTCGAGGTTAG	ENSG00000233954.6	GCCAGACA	1
TCCAAGTCGAGGTTAG	ENSG00000233954.6	CCGTATGC	1
TCCAAGTCGAGGTTAG	ENSG00000233954.6	noUMI	2
TCCAAGTCGAGGTTAG	ENSG00000288398.1	noUMI	5
TCCAAGTCGAGGTTAG	ENSG00000288398.1	CTCCAAGT	1
TCCAAGTCGAGGTTAG	ENSG00000090432.7	noUMI	8
TCCAAGTCGAGGTTAG	ENSG00000090432.7	GACACTGA	2
TCCAAGTCGAGGTTAG	ENSG00000090432.7	AACAAATC	1
TCCAAGTCGAGGTTAG	ENSG00000090432.7	CTCAGGCA	1
TCCAAGTCGAGGTTAG	ENSG00000179163.12	noUMI	2
TCCAAGTCGAGGTTAG	ENSG00000179163.12	TAGAGGAG	1
TCCAAGTCGAGGTTAG	ENSG00000238084.4	noUMI	1
TCCAAGTCGAGGTTAG	ENSG00000225159.1	ACGTCAGG	1
TCCAAGTCGAGGTTAG	ENSG00000228589.3	noUMI	2
TCCAAGTCGAGGTTAG	ENSG00000270605.1	noUMI	4
TCCAAGTCGAGGTTAG	ENSG00000270605.1	TGTGGAGG	1
TCCAAGTCGAGGTTAG	ENSG00000270605.1	GTGTATCT	1
TCCAAGTCGAGGTTAG	ENSG00000130766.5	GACAGGAC	1
TCCAAGTCGAGGTTAG	ENSG00000130766.5	TAGCGTGG	1
TCCAAGTCGAGGTTAG	ENSG00000130766.5	noUMI	1
TCCAAGTCGAGGTTAG	ENSG00000237329.2	AGAGGGGG	1
TCCAAGTCGAGGTTAG	ENSG00000228634.1	noUMI	1
TCCAAGTCGAGGTTAG	ENSG00000175130.7	AACCAAGG	2
TCCAAGTCGAGGTTAG	ENSG00000273274.2	AACGCCCC	1
TCCAAGTCGAGGTTAG	ENSG00000243749.1	CAAACGTG	1
TCCAAGTCGAGGTTAG	ENSG00000116863.11	GGGTGTCC	1
TCCAAGTCGAGGTTAG	ENSG00000116863.11	CCATGTCG	2
TCCAAGTCGAGGTTAG	ENSG00000116863.11	GGAGTAAC	1
TCCAAGTCGAGGTTAG	ENSG00000116863.11	noUMI	3
TCCAAGTCGAGGTTAG	ENSG00000116863.11	GACCGCCG	1
TCCAAGTCGAGGTTAG	ENSG00000116981.4	noUMI	2
TCCAAGTCGAGGTTAG	ENSG00000117000.9	ATAGTTGT	1
TCCAAGTCGAGGTTAG	ENSG00000117000.9	noUMI	1
TCCAAGTCGAGGTTAG	ENSG00000117000.9	GATTCGGG	2
TCCAAGTCGAGGTTAG	ENSG00000259943.1	noUMI	3
TCCAAGTCGAGGTTAG	ENSG00000169213.7	noUMI	1
TCCAAGTCGAGGTTAG	ENSG00000066557.6	noUMI	8
TCCAAGTCGAGGTTAG	ENSG00000272931.1	noUMI	3
TCCAAGTCGAGGTTAG	ENSG00000229635.1	noUMI	2
TCCAAGTCGAGGTTAG	ENSG00000137970.7	noUMI	3
TCCAAGTCGAGGTTAG	ENSG00000137970.7	AAGTATCG	1
TCCAAGTCGAGGTTAG	ENSG00000137970.7	TCCTTGTG	1
TCCAAGTCGAGGTTAG	ENSG00000137970.7	GCGTATAC	1
TCCAAGTCGAGGTTAG	ENSG00000137970.7	TGATGTAC	1
TCCAAGTCGAGGTTAG	ENSG00000137970.7	ACTCAAAG	1
TCCAAGTCGAGGTTAG	ENSG00000137970.7	TAGTGGGA	1
TCCAAGTCGAGGTTAG	ENSG00000137970.7	CATGACAA	1
TCCAAGTCGAGGTTAG	ENSG00000137970.7	TCGAGCAA	1
TCCAAGTCCAATGGAC	ENSG00000225630.1	CTCCCGGT	2
TCCAAGTCCAATGGAC	ENSG00000225630.1	ATGCTGTT	2
TCCAAGTCCAATGGAC	ENSG00000225630.1	noUMI	62
TCCAAGTCCAATGGAC	ENSG00000225630.1	GCGTACTT	1
TCCAAGTCCAATGGAC	ENSG00000225630.1	TCCAACAC	1
TCCAAGTCCAATGGAC	ENSG00000225630.1	AGCAGCTG	1
TCCAAGTCCAATGGAC	ENSG00000225630.1	ACGACAGA	4
TCCAAGTCCAATGGAC	ENSG00000225630.1	GTCTACCC	1
TCCAAGTCCAATGGAC	ENSG00000225630.1	CTCAAAAT	2
TCCAAGTCCAATGGAC	ENSG00000225630.1	TCGTTCGC	1
TCCAAGTCCAATGGAC	ENSG00000225630.1	AGATAACC	2
TCCAAGTCCAATGGAC	ENSG00000225630.1	ATAAGATA	1
TCCAAGTCCAATGGAC	ENSG00000225630.1	GATAGGCT	1
TCCAAGTCCAATGGAC	ENSG00000225630.1	GAACTAGA	1
TCCAAGTCCAATGGAC	ENSG00000225630.1	TTAAAGCT	1
TCCAAGTCCAATGGAC	ENSG00000225630.1	TTGTACAC	1
TCCAAGTCCAATGGAC	ENSG00000225630.1	GTTTAAGT	1
TCCAAGTCCAATGGAC	ENSG00000225630.1	CAACAACA	1
TCCAAGTCCAATGGAC	ENSG00000225630.1	ACAAAGGT	1
TCCAAGTCCAATGGAC	ENSG00000225630.1	CTCGGGAG	2
TCCAAGTCCAATGGAC	ENSG00000225630.1	AGGTAAGT	2
TCCAAGTCCAATGGAC	ENSG00000225630.1	AGTACCGT	1
TCCAAGTCCAATGGAC	ENSG00000225630.1	CCTTGGAA	1
TCCAAGTCCAATGGAC	ENSG00000225630.1	CCTCGTAC	1
TCCAAGTCCAATGGAC	ENSG00000225630.1	ATGTCGGT	1
TCCAAGTCCAATGGAC	ENSG00000225630.1	CCACAACC	2
TCCAAGTCCAATGGAC	ENSG00000225630.1	TATTTGGT	2
TCCAAGTCCAATGGAC	ENSG00000225630.1	CGAAGCAC	1
TCCAAGTCCAATGGAC	ENSG00000225630.1	GTGCTACC	1
TCCAAGTCCAATGGAC	ENSG00000225630.1	GGTGTCGA	1
TCCAAGTCCAATGGAC	ENSG00000225630.1	CTATGTGG	1
TCCAAGTCCAATGGAC	ENSG00000225630.1	GTCAAGAG	1
TCCAAGTCCAATGGAC	ENSG00000225630.1	TCCATGAG	1
TCCAAGTCCAATGGAC	ENSG00000225630.1	TGAGAGTG	1
TCCAAGTCCAATGGAC	ENSG00000225630.1	AATAAATG	1
TCCAAGTCCAATGGAC	ENSG00000225630.1	ACTTACCG	1
TCCAAGTCCAATGGAC	ENSG00000225630.1	AAGGACAT	2
TCCAAGTCCAATGGAC	ENSG00000225630.1	CGAACAAC	2
TCCAAGTCCAATGGAC	ENSG00000225630.1	ACTCAGAG	1
TCCAAGTCCAATGGAC	ENSG00000225630.1	TAAGCACA	1
TCCAAGTCCAATGGAC	ENSG00000225630.1	TCAGTATA	2
TCCAAGTCCAATGGAC	ENSG00000225630.1	TTAATAGG	1
TCCAAGTCCAATGGAC	ENSG00000225630.1	TCAACACC	1
TCCAAGTCCAATGGAC	ENSG00000225630.1	GGGAGGGT	1
TCCAAGTCCAATGGAC	ENSG00000225630.1	GGCGTTAC	1
TCCAAGTCCAATGGAC	ENSG00000225630.1	GTTAGAGA	1
TCCAAGTCCAATGGAC	ENSG00000225630.1	AACTGGCT	2
TCCAAGTCCAATGGAC	ENSG00000225630.1	AGCAACCC	2
TCCAAGTCCAATGGAC	ENSG00000225630.1	GAAGCTTA	1
TCCAAGTCCAATGGAC	ENSG00000225630.1	CTCTTGCA	1
TCCAAGTCCAATGGAC	ENSG00000225630.1	GGTCTATC	2
TCCAAGTCCAATGGAC	ENSG00000225630.1	GAGTATGC	1
TCCAAGTCCAATGGAC	ENSG00000225630.1	TGACACGA	1
TCCAAGTCCAATGGAC	ENSG00000225630.1	AAAAAATC	1
TCCAAGTCCAATGGAC	ENSG00000225630.1	TTTCGGGA	1
TCCAAGTCCAATGGAC	ENSG00000225630.1	ACTTCGAT	1
TCCAAGTCCAATGGAC	ENSG00000225630.1	ATCGTGAA	1
TCCAAGTCCAATGGAC	ENSG00000225630.1	GACAGTCG	1
TCCAAGTCCAATGGAC	ENSG00000225630.1	CAACCAGA	1
TCCAAGTCCAATGGAC	ENSG00000225630.1	ACTTTGGG	1
TCCAAGTCCAATGGAC	ENSG00000225630.1	CCTCAACA	1
TCCAAGTCCAATGGAC	ENSG00000225630.1	ATCCGGGA	1
TCCAAGTCCAATGGAC	ENSG00000225630.1	CCGTAAAG	1
TCCAAGTCCAATGGAC	ENSG00000225630.1	GAAACAGC	1
TCCAAGTCCAATGGAC	ENSG00000225630.1	CTCAACGG	1
TCCAAGTCCAATGGAC	ENSG00000225630.1	ATTGACGA	1
TCCAAGTCCAATGGAC	ENSG00000225630.1	AACAGCTA	1
TCCAAGTCCAATGGAC	ENSG00000225630.1	AGGTGTTT	1
TCCAAGTCCAATGGAC	ENSG00000225630.1	ACGGGTTC	1
TCCAAGTCCAATGGAC	ENSG00000225630.1	CGGCTTTA	1
TCCAAGTCCAATGGAC	ENSG00000225630.1	TTGACGAC	1
TCCAAGTCCAATGGAC	ENSG00000225630.1	TTAGTAGA	1
TCCAAGTCCAATGGAC	ENSG00000225630.1	AACAAGGA	1
TCCAAGTCCAATGGAC	ENSG00000225630.1	TTAACTTC	1
TCCAAGTCCAATGGAC	ENSG00000225630.1	CTGGTATG	1
TCCAAGTCCAATGGAC	ENSG00000225630.1	CAACTCAA	1
TCCAAGTCCAATGGAC	ENSG00000225630.1	GTGACAGC	1
TCCAAGTCCAATGGAC	ENSG00000225630.1	GCACATTC	2
TCCAAGTCCAATGGAC	ENSG00000225630.1	TGGCCCCT	1
TCCAAGTCCAATGGAC	ENSG00000225630.1	CACCGATA	1
TCCAAGTCCAATGGAC	ENSG00000225630.1	GGTTCAGT	1
TCCAAGTCCAATGGAC	ENSG00000225630.1	AACGGTGG	1
TCCAAGTCCAATGGAC	ENSG00000225630.1	TGTCCCCT	1
TCCAAGTCCAATGGAC	ENSG00000225630.1	ATAGGGCA	1
TCCAAGTCCAATGGAC	ENSG00000225630.1	AAATGTCC	1
TCCAAGTCCAATGGAC	ENSG00000225630.1	CGATCCGT	1
TCCAAGTCCAATGGAC	ENSG00000225630.1	ATGCAAAC	1
TCCAAGTCCAATGGAC	ENSG00000225630.1	ATGGGCGT	1
TCCAAGTCCAATGGAC	ENSG00000225630.1	AGGCATCC	2
TCCAAGTCCAATGGAC	ENSG00000225630.1	TCAAGGGG	1
TCCAAGTCCAATGGAC	ENSG00000225630.1	CAAATCAT	1
TCCAAGTCCAATGGAC	ENSG00000225630.1	TCCTGGGC	1
TCCAAGTCCAATGGAC	ENSG00000225630.1	CTGGTGGG	1
TCCAAGTCCAATGGAC	ENSG00000225630.1	TGTAATTA	1
TCCAAGTCCAATGGAC	ENSG00000225630.1	AGCACCAA	1
TCCAAGTCCAATGGAC	ENSG00000225630.1	ACGCGGGA	1
TCCAAGTCCAATGGAC	ENSG00000225630.1	TGGCTGAA	1
TCCAAGTCCAATGGAC	ENSG00000225630.1	CGTGTTGG	1
TCCAAGTCCAATGGAC	ENSG00000225630.1	ATATGTGT	1
TCCAAGTCCAATGGAC	ENSG00000225630.1	GGGTGATC	1
TCCAAGTCCAATGGAC	ENSG00000225630.1	GGCGATGA	2
TCCAAGTCCAATGGAC	ENSG00000225630.1	GTACAAGG	1
TCCAAGTCCAATGGAC	ENSG00000225630.1	GCAACAAG	1
TCCAAGTCCAATGGAC	ENSG00000225630.1	TGTGGGAG	1
TCCAAGTCCAATGGAC	ENSG00000225630.1	GCTAGAGT	1
TCCAAGTCCAATGGAC	ENSG00000225630.1	AAGCTAGG	1
TCCAAGTCCAATGGAC	ENSG00000225630.1	GTCGAAAA	1
TCCAAGTCCAATGGAC	ENSG00000225630.1	TAAAGATA	2
TCCAAGTCCAATGGAC	ENSG00000225630.1	CTGATCCC	1
TCCAAGTCCAATGGAC	ENSG00000225630.1	TTTGCTTT	1
TCCAAGTCCAATGGAC	ENSG00000225630.1	TTGCGGGG	1
TCCAAGTCCAATGGAC	ENSG00000225630.1	GGACTTAA	1
TCCAAGTCCAATGGAC	ENSG00000225630.1	ACGCAAAG	2
TCCAAGTCCAATGGAC	ENSG00000225630.1	GGTTTAGA	1
TCCAAGTCCAATGGAC	ENSG00000225630.1	GCATACGG	2
TCCAAGTCCAATGGAC	ENSG00000225630.1	CAAGCCGA	4
TCCAAGTCCAATGGAC	ENSG00000225630.1	AACCGGAC	1
TCCAAGTCCAATGGAC	ENSG00000225630.1	ACACGGAC	1
TCCAAGTCCAATGGAC	ENSG00000225630.1	GATTACAC	1
TCCAAGTCCAATGGAC	ENSG00000225630.1	CGACATAA	1
TCCAAGTCCAATGGAC	ENSG00000225630.1	CGGGTTAA	1
TCCAAGTCCAATGGAC	ENSG00000225630.1	ACAGACTC	1
TCCAAGTCCAATGGAC	ENSG00000225630.1	ATGCATTA	2
TCCAAGTCCAATGGAC	ENSG00000225630.1	ACACTCGA	1
TCCAAGTCCAATGGAC	ENSG00000225630.1	CTGCCAGC	1
TCCAAGTCCAATGGAC	ENSG00000225630.1	TAATACCC	1
TCCAAGTCCAATGGAC	ENSG00000225630.1	CCACGAGC	1
TCCAAGTCCAATGGAC	ENSG00000225630.1	TCGACACA	1
TCCAAGTCCAATGGAC	ENSG00000225630.1	GTTGCCCA	1
TCCAAGTCCAATGGAC	ENSG00000225630.1	GTCGCCAA	1
TCCAAGTCCAATGGAC	ENSG00000225630.1	TGATGCAC	1
TCCAAGTCCAATGGAC	ENSG00000225630.1	GAGGAGTC	1
TCCAAGTCCAATGGAC	ENSG00000225630.1	CCATGTAT	1
TCCAAGTCCAATGGAC	ENSG00000225630.1	AGGTGGTT	1
TCCAAGTCCAATGGAC	ENSG00000225630.1	TGATTGGC	1
TCCAAGTCCAATGGAC	ENSG00000225630.1	ATTCCGAC	1
TCCAAGTCCAATGGAC	ENSG00000225630.1	GGGGGGAG	1
TCCAAGTCCAATGGAC	ENSG00000225630.1	AACGGAAA	1
TCCAAGTCCAATGGAC	ENSG00000225630.1	GGGCACCA	1
TCCAAGTCCAATGGAC	ENSG00000225630.1	ACAGGACT	1
TCCAAGTCCAATGGAC	ENSG00000225630.1	TTACGATC	1
TCCAAGTCCAATGGAC	ENSG00000225630.1	AACCTAGG	1
TCCAAGTCCAATGGAC	ENSG00000225630.1	CCGTCCCT	1
TCCAAGTCCAATGGAC	ENSG00000225630.1	TGGCAAGA	1
TCCAAGTCCAATGGAC	ENSG00000225630.1	TGACCAGT	1
TCCAAGTCCAATGGAC	ENSG00000225630.1	GACACTCC	1
TCCAAGTCCAATGGAC	ENSG00000225630.1	GTATAGAC	1
TCCAAGTCCAATGGAC	ENSG00000225630.1	TCGCAATG	3
TCCAAGTCCAATGGAC	ENSG00000225630.1	ACCGTACT	2
TCCAAGTCCAATGGAC	ENSG00000225630.1	CACATACC	1
TCCAAGTCCAATGGAC	ENSG00000225630.1	AATCACGG	1
TCCAAGTCCAATGGAC	ENSG00000225630.1	GCGTGATT	1
TCCAAGTCCAATGGAC	ENSG00000225630.1	ACAACTCT	1
TCCAAGTCCAATGGAC	ENSG00000225630.1	GTTGATGG	1
TCCAAGTCCAATGGAC	ENSG00000225630.1	CCGATGGT	1
TCCAAGTCCAATGGAC	ENSG00000225630.1	GCATATAC	1
TCCAAGTCCAATGGAC	ENSG00000225630.1	TGGCTTAT	1
TCCAAGTCCAATGGAC	ENSG00000225630.1	TCGGATGT	1
TCCAAGTCCAATGGAC	ENSG00000225630.1	AACGCTGC	2
TCCAAGTCCAATGGAC	ENSG00000225630.1	ACCGAAGC	2
TCCAAGTCCAATGGAC	ENSG00000225630.1	GGGTCCTG	1
TCCAAGTCCAATGGAC	ENSG00000225630.1	TTAGAGCC	1
TCCAAGTCCAATGGAC	ENSG00000158292.7	noUMI	1
TCCAAGTCCAATGGAC	ENSG00000171612.7	AGCACCCT	1
TCCAAGTCCAATGGAC	ENSG00000241563.4	GGAGTCCA	2
TCCAAGTCCAATGGAC	ENSG00000241563.4	noUMI	1
TCCAAGTCCAATGGAC	ENSG00000233954.6	CGTATGCT	1
TCCAAGTCCAATGGAC	ENSG00000233954.6	GTTCTAAG	1
TCCAAGTCCAATGGAC	ENSG00000090432.7	GCTGGTGG	1
TCCAAGTCCAATGGAC	ENSG00000090432.7	noUMI	2
TCCAAGTCCAATGGAC	ENSG00000179163.12	noUMI	2
TCCAAGTCCAATGGAC	ENSG00000225159.1	noUMI	1
TCCAAGTCCAATGGAC	ENSG00000279443.1	noUMI	1
TCCAAGTCCAATGGAC	ENSG00000175130.7	noUMI	6
TCCAAGTCCAATGGAC	ENSG00000175130.7	CATTGGAG	1
TCCAAGTCCAATGGAC	ENSG00000243749.1	noUMI	2
TCCAAGTCCAATGGAC	ENSG00000116863.11	noUMI	6
TCCAAGTCCAATGGAC	ENSG00000116863.11	TGCGGGAC	1
TCCAAGTCCAATGGAC	ENSG00000117000.9	noUMI	2
TCCAAGTCCAATGGAC	ENSG00000259943.1	noUMI	3
TCCAAGTCCAATGGAC	ENSG00000259943.1	ACGGGGAC	1
TCCAAGTCCAATGGAC	ENSG00000169213.7	noUMI	1
TCCAAGTCCAATGGAC	ENSG00000286429.1	noUMI	2
TCCAAGTCCAATGGAC	ENSG00000066557.6	noUMI	9
TCCAAGTCCAATGGAC	ENSG00000066557.6	CTCTACAC	1
TCCAAGTCCAATGGAC	ENSG00000226084.5	GTCGGCAA	1
TCCAAGTCCAATGGAC	ENSG00000280099.1	AGCATAAG	1
TCCAAGTCCAATGGAC	ENSG00000280099.1	ACGGAGAA	1
TCCAAGTCCAATGGAC	ENSG00000228175.3	noUMI	1
TCCAAGTCCAATGGAC	ENSG00000137970.7	noUMI	5
TCCAAGTCCAATGGAC	ENSG00000137970.7	CGGTGCTC	1
TCCAAGTCCAATGGAC	ENSG00000137970.7	GAACAGAA	1
TCCAAGTCCAATGGAC	ENSG00000137970.7	AGCTAGGA	1
TCCAAGTCCAATGGAC	ENSG00000137970.7	ACAAAGCC	1
TCCAAGTCCAATGGAC	ENSG00000137970.7	GTAGCGTC	1
TCCAAGTCCAATGGAC	ENSG00000230946.3	noUMI	1
TCCAAGTCCAATGGAC	ENSG00000065135.12	ACGACGCT	1
TCCAAGTCCAATGGAC	ENSG00000065135.12	noUMI	27
TCCAAGTCCAATGGAC	ENSG00000065135.12	GAGAGCCA	2
TCCAAGTCCAATGGAC	ENSG00000065135.12	ATCCGCAC	1
TCCAAGTCCAATGGAC	ENSG00000065135.12	GGGCGTAG	1
TCCAAGTCCAATGGAC	ENSG00000065135.12	ATAAGAAG	1
TCCAAGTCCAATGGAC	ENSG00000065135.12	CATTGAAC	1
TCCAAGTCCAATGGAC	ENSG00000065135.12	TGGGCGCT	3
TGACCAAGGGCCTATA	ENSG00000279457.4	noUMI	1
TGACCAAGGGCCTATA	ENSG00000225630.1	GTGTTAGG	1
TGACCAAGGGCCTATA	ENSG00000225630.1	GTGTTACG	1
TGACCAAGGGCCTATA	ENSG00000225630.1	CATATCAT	1
TGACCAAGGGCCTATA	ENSG00000225630.1	GAGTGTAC	1
TGACCAAGGGCCTATA	ENSG00000225630.1	GCCTAAAG	1
TGACCAAGGGCCTATA	ENSG00000225630.1	noUMI	14
TGACCAAGGGCCTATA	ENSG00000225630.1	TCGGACGA	1
TGACCAAGGGCCTATA	ENSG00000225630.1	TTTAGGGA	1
TGACCAAGGGCCTATA	ENSG00000225630.1	ATAGTGTT	1
TGACCAAGGGCCTATA	ENSG00000225630.1	CGACACGT	1
TGACCAAGGGCCTATA	ENSG00000225630.1	CCCCCGCC	1
TGACCAAGGGCCTATA	ENSG00000225630.1	ATCGCTAT	1
TGACCAAGGGCCTATA	ENSG00000225630.1	CGATCGCC	1
TGACCAAGGGCCTATA	ENSG00000225630.1	GTACCCGA	1
TGACCAAGGGCCTATA	ENSG00000225630.1	TCGCAGTA	1
TGACCAAGGGCCTATA	ENSG00000225630.1	TCTACAAC	1
TGACCAAGGGCCTATA	ENSG00000225630.1	GGACGATG	1
TGACCAAGGGCCTATA	ENSG00000225630.1	AGGTAAGG	1
TGACCAAGGGCCTATA	ENSG00000225630.1	GTGGGAGC	1
TGACCAAGGGCCTATA	ENSG00000288398.1	noUMI	1
TGACCAAGGGCCTATA	ENSG00000090432.7	noUMI	1
TGACCAAGGGCCTATA	ENSG00000228589.3	noUMI	1
TGACCAAGGGCCTATA	ENSG00000130766.5	noUMI	2
TGACCAAGGGCCTATA	ENSG00000231468.2	noUMI	2
TGACCAAGGGCCTATA	ENSG00000243749.1	noUMI	1
TGACCAAGGGCCTATA	ENSG00000236274.1	noUMI	1
TGACCAAGGGCCTATA	ENSG00000116863.11	noUMI	6
TGACCAAGGGCCTATA	ENSG00000224751.2	noUMI	1
TGACCAAGGGCCTATA	ENSG00000169213.7	noUMI	1
TGACCAAGGGCCTATA	ENSG00000228929.1	noUMI	1
TGACCAAGGGCCTATA	ENSG00000162396.6	noUMI	2
TGACCAAGGGCCTATA	ENSG00000116704.8	noUMI	1
TGACCAAGGGCCTATA	ENSG00000234264.1	noUMI	1
TGACCAAGGGCCTATA	ENSG00000066557.6	noUMI	9
TGACCAAGGGCCTATA	ENSG00000280099.1	noUMI	3
TGACCAAGGGCCTATA	ENSG00000228175.3	noUMI	2
TGACCAAGGGCCTATA	ENSG00000137970.7	noUMI	3
TGACCAAGGGCCTATA	ENSG00000244716.3	noUMI	1
TGACCAAGGGCCTATA	ENSG00000065135.12	noUMI	23
TGACCAAGGGCCTATA	ENSG00000065135.12	GCGAATGG	1
TGACCAAGGGCCTATA	ENSG00000065135.12	GGAGACCA	1
TGACCAAGGGCCTATA	ENSG00000213281.5	noUMI	14
TGACCAAGGGCCTATA	ENSG00000272755.1	noUMI	1
TGACCAAGGGCCTATA	ENSG00000228126.1	noUMI	1
TGACCAAGGGCCTATA	ENSG00000163344.6	AGGGGTAG	1
TGACCAAGGGCCTATA	ENSG00000236675.1	noUMI	2
TGACCAAGGGCCTATA	ENSG00000237872.4	noUMI	2
TGACCAAGGGCCTATA	ENSG00000143184.5	noUMI	2
TGACCAAGGGCCTATA	ENSG00000162783.11	GAGGGCCG	1
TGACCAAGGGCCTATA	ENSG00000143333.7	noUMI	1
TGACCAAGGGCCTATA	ENSG00000158615.9	noUMI	7
TGACCAAGGGCCTATA	ENSG00000277007.1	noUMI	2
TGACCAAGGGCCTATA	ENSG00000218283.2	noUMI	5
TGACCAAGGGCCTATA	ENSG00000162817.7	noUMI	3
TGACCAAGGGCCTATA	ENSG00000143751.10	noUMI	8
TGACCAAGGGCCTATA	ENSG00000228729.1	noUMI	1
TGACCAAGGGCCTATA	ENSG00000116574.6	noUMI	3
TGACCAAGGGCCTATA	ENSG00000143653.10	noUMI	1
TGACCAAGGGCCTATA	ENSG00000259865.1	noUMI	1
GCATGTCTCAGATTCG	ENSG00000279457.4	noUMI	3
GCATGTCTCAGATTCG	ENSG00000279457.4	ACCAGAGT	1
GCATGTCTCAGATTCG	ENSG00000225630.1	CTAGGGAC	1
GCATGTCTCAGATTCG	ENSG00000225630.1	noUMI	62
GCATGTCTCAGATTCG	ENSG00000225630.1	AAACAGCT	1
GCATGTCTCAGATTCG	ENSG00000225630.1	CATCCTGA	1
GCATGTCTCAGATTCG	ENSG00000225630.1	TGATTGAG	1
GCATGTCTCAGATTCG	ENSG00000225630.1	TCGACCAG	1
GCATGTCTCAGATTCG	ENSG00000225630.1	AGGTCGGC	1
GCATGTCTCAGATTCG	ENSG00000225630.1	TGTGCATG	1
GCATGTCTCAGATTCG	ENSG00000225630.1	AAGGAGAA	1
GCATGTCTCAGATTCG	ENSG00000225630.1	GCAACAAG	3
GCATGTCTCAGATTCG	ENSG00000225630.1	TCGTCGAT	1
GCATGTCTCAGATTCG	ENSG00000225630.1	CTGGATGG	1
GCATGTCTCAGATTCG	ENSG00000225630.1	GCGTCCAA	1
GCATGTCTCAGATTCG	ENSG00000225630.1	TAGGGAAT	1
GCATGTCTCAGATTCG	ENSG00000225630.1	TGGAAATC	1
GCATGTCTCAGATTCG	ENSG00000225630.1	TTGAAAAA	1
GCATGTCTCAGATTCG	ENSG00000225630.1	GTCGGATA	1
GCATGTCTCAGATTCG	ENSG00000225630.1	AACAACAT	2
GCATGTCTCAGATTCG	ENSG00000225630.1	GTTAAGGA	2
GCATGTCTCAGATTCG	ENSG00000225630.1	CATCCAAG	1
GCATGTCTCAGATTCG	ENSG00000225630.1	TGATGTCT	1
GCATGTCTCAGATTCG	ENSG00000225630.1	AAACGAGG	3
GCATGTCTCAGATTCG	ENSG00000225630.1	ACATGCGG	1
GCATGTCTCAGATTCG	ENSG00000225630.1	ATACACTT	1
GCATGTCTCAGATTCG	ENSG00000225630.1	AATACACC	1
GCATGTCTCAGATTCG	ENSG00000225630.1	GGGCGACC	1
GCATGTCTCAGATTCG	ENSG00000225630.1	AAGTGGCT	1
GCATGTCTCAGATTCG	ENSG00000225630.1	CTAACCCG	1
GCATGTCTCAGATTCG	ENSG00000225630.1	GAAGGCAA	1
GCATGTCTCAGATTCG	ENSG00000225630.1	CCCTTCGG	1
GCATGTCTCAGATTCG	ENSG00000225630.1	ATCTGGGA	3
GCATGTCTCAGATTCG	ENSG00000225630.1	ATGATTGT	3
GCATGTCTCAGATTCG	ENSG00000225630.1	CCTTTCAG	1
GCATGTCTCAGATTCG	ENSG00000225630.1	ACAATAAA	1
GCATGTCTCAGATTCG	ENSG00000225630.1	TCTTCAGC	1
GCATGTCTCAGATTCG	ENSG00000225630.1	TAGGCCAG	1
GCATGTCTCAGATTCG	ENSG00000225630.1	GCAACTAC	2
GCATGTCTCAGATTCG	ENSG00000225630.1	GGCCTACT	2
GCATGTCTCAGATTCG	ENSG00000225630.1	CCAAGAAC	1
GCATGTCTCAGATTCG	ENSG00000225630.1	AATATACG	2
GCATGTCTCAGATTCG	ENSG00000225630.1	CTCGATAG	1
GCATGTCTCAGATTCG	ENSG00000225630.1	ACATACTA	1
GCATGTCTCAGATTCG	ENSG00000225630.1	ACTTGAAC	2
GCATGTCTCAGATTCG	ENSG00000225630.1	ATGTGCGG	1
GCATGTCTCAGATTCG	ENSG00000225630.1	TCGCTTAG	1
GCATGTCTCAGATTCG	ENSG00000225630.1	AAGTAACC	1
GCATGTCTCAGATTCG	ENSG00000225630.1	ATCACTCA	2
GCATGTCTCAGATTCG	ENSG00000225630.1	CGGTACAG	2
GCATGTCTCAGATTCG	ENSG00000225630.1	TCGTGGGT	1
GCATGTCTCAGATTCG	ENSG00000225630.1	GGCGACCA	2
GCATGTCTCAGATTCG	ENSG00000225630.1	ATAGCTCG	1
GCATGTCTCAGATTCG	ENSG00000225630.1	ACTGGTAC	2
GCATGTCTCAGATTCG	ENSG00000225630.1	AACGAGTT	1
GCATGTCTCAGATTCG	ENSG00000225630.1	CTAGGTCC	1
GCATGTCTCAGATTCG	ENSG00000225630.1	ATAGCCTG	2
GCATGTCTCAGATTCG	ENSG00000225630.1	CCAACGGT	1
GCATGTCTCAGATTCG	ENSG00000225630.1	CCTTATCG	1
GCATGTCTCAGATTCG	ENSG00000225630.1	TATATCGG	2
GCATGTCTCAGATTCG	ENSG00000225630.1	TTGGAACC	1
GCATGTCTCAGATTCG	ENSG00000225630.1	CTACCCTT	2
GCATGTCTCAGATTCG	ENSG00000225630.1	GTGAGTCT	1
GCATGTCTCAGATTCG	ENSG00000225630.1	CCGAGACG	1
GCATGTCTCAGATTCG	ENSG00000225630.1	GACAACGC	1
GCATGTCTCAGATTCG	ENSG00000225630.1	TGGTCGCA	1
GCATGTCTCAGATTCG	ENSG00000225630.1	GAATTCCA	2
GCATGTCTCAGATTCG	ENSG00000225630.1	TGTCTACC	2
GCATGTCTCAGATTCG	ENSG00000225630.1	CAATAACA	1
GCATGTCTCAGATTCG	ENSG00000225630.1	ACGAGATT	1
GCATGTCTCAGATTCG	ENSG00000225630.1	GAGGTCAT	1
GCATGTCTCAGATTCG	ENSG00000225630.1	ACAGACCA	1
GCATGTCTCAGATTCG	ENSG00000225630.1	CGGACGGA	1
GCATGTCTCAGATTCG	ENSG00000225630.1	ACTGAATA	1
GCATGTCTCAGATTCG	ENSG00000225630.1	AAGTTCAA	1
GCATGTCTCAGATTCG	ENSG00000225630.1	AAGCATAC	2
GCATGTCTCAGATTCG	ENSG00000225630.1	CAAACCTT	1
GCATGTCTCAGATTCG	ENSG00000225630.1	TAGTTACG	1
GCATGTCTCAGATTCG	ENSG00000225630.1	ACTGCTTA	1
GCATGTCTCAGATTCG	ENSG00000225630.1	AGGGAGCC	1
GCATGTCTCAGATTCG	ENSG00000225630.1	ATGACAAT	1
GCATGTCTCAGATTCG	ENSG00000225630.1	TGCGTAAG	1
GCATGTCTCAGATTCG	ENSG00000225630.1	ATGTCAGA	3
GCATGTCTCAGATTCG	ENSG00000225630.1	ACTTCATG	1
GCATGTCTCAGATTCG	ENSG00000225630.1	CTACTAAG	2
GCATGTCTCAGATTCG	ENSG00000225630.1	ATCGTGCT	1
GCATGTCTCAGATTCG	ENSG00000225630.1	GAACCAGC	3
GCATGTCTCAGATTCG	ENSG00000225630.1	TCCACTTC	1
GCATGTCTCAGATTCG	ENSG00000225630.1	AGGTGCCT	1
GCATGTCTCAGATTCG	ENSG00000225630.1	AGCGTGGG	1
GCATGTCTCAGATTCG	ENSG00000225630.1	AGTGTACG	1
GCATGTCTCAGATTCG	ENSG00000225630.1	CATGGAAC	2
GCATGTCTCAGATTCG	ENSG00000225630.1	CAAGGATC	1
GCATGTCTCAGATTCG	ENSG00000225630.1	CACGATAA	2
GCATGTCTCAGATTCG	ENSG00000225630.1	CACACGGT	1
GCATGTCTCAGATTCG	ENSG00000225630.1	GACTTGCC	1
GCATGTCTCAGATTCG	ENSG00000225630.1	ATACAGAT	1
GCATGTCTCAGATTCG	ENSG00000225630.1	ACATGCCC	1
GCATGTCTCAGATTCG	ENSG00000176022.7	noUMI	1
GCATGTCTCAGATTCG	ENSG00000272455.1	noUMI	2
GCATGTCTCAGATTCG	ENSG00000272455.1	CCCCCGGT	1
GCATGTCTCAGATTCG	ENSG00000238260.1	noUMI	2
GCATGTCTCAGATTCG	ENSG00000171612.7	noUMI	7
GCATGTCTCAGATTCG	ENSG00000171612.7	CACCTCAA	2
GCATGTCTCAGATTCG	ENSG00000171612.7	GTCGGGGG	1
GCATGTCTCAGATTCG	ENSG00000171612.7	TGGTGGAC	1
GCATGTCTCAGATTCG	ENSG00000231789.2	TCAGGACT	1
GCATGTCTCAGATTCG	ENSG00000237301.1	noUMI	1
GCATGTCTCAGATTCG	ENSG00000233954.6	GAAGACAT	1
GCATGTCTCAGATTCG	ENSG00000090432.7	noUMI	18
GCATGTCTCAGATTCG	ENSG00000090432.7	AGAGTCGG	1
GCATGTCTCAGATTCG	ENSG00000179163.12	noUMI	7
GCATGTCTCAGATTCG	ENSG00000233478.1	noUMI	1
GCATGTCTGGAGTAAC	ENSG00000225630.1	AGAATAAC	1
GCATGTCTGGAGTAAC	ENSG00000225630.1	AGGGAGTC	1
GCATGTCTGGAGTAAC	ENSG00000225630.1	AAATAACC	1
GCATGTCTGGAGTAAC	ENSG00000225630.1	AAGTCAGT	1
GCATGTCTGGAGTAAC	ENSG00000225630.1	GGGACAGT	1
GCATGTCTGGAGTAAC	ENSG00000225630.1	GCCTACGT	1
GCATGTCTGGAGTAAC	ENSG00000225630.1	GTTGCTAG	2
GCATGTCTGGAGTAAC	ENSG00000225630.1	TCGCTGAA	1
GCATGTCTGGAGTAAC	ENSG00000225630.1	noUMI	41
GCATGTCTGGAGTAAC	ENSG00000225630.1	TCGATCAA	1
GCATGTCTGGAGTAAC	ENSG00000225630.1	CTACTGGT	1
GCATGTCTGGAGTAAC	ENSG00000225630.1	TGATGTGT	1
GCATGTCTGGAGTAAC	ENSG00000225630.1	TGGCTTGG	1
GCATGTCTGGAGTAAC	ENSG00000225630.1	CATACAAC	2
GCATGTCTGGAGTAAC	ENSG00000225630.1	AGAACTTC	1
GCATGTCTGGAGTAAC	ENSG00000225630.1	ATGCACAA	1
GCATGTCTGGAGTAAC	ENSG00000225630.1	AACAGATG	1
GCATGTCTGGAGTAAC	ENSG00000225630.1	GCTCATCA	1
GCATGTCTGGAGTAAC	ENSG00000225630.1	GTTCAAGT	1
GCATGTCTGGAGTAAC	ENSG00000225630.1	GGATGTTA	1
GCATGTCTGGAGTAAC	ENSG00000225630.1	ACTACCTT	1
GCATGTCTGGAGTAAC	ENSG00000225630.1	TCAGATCT	1
GCATGTCTGGAGTAAC	ENSG00000225630.1	ACTTTAGG	1
GCATGTCTGGAGTAAC	ENSG00000225630.1	GAAGTATG	1
GCATGTCTGGAGTAAC	ENSG00000225630.1	GAGGAGTC	1
GCATGTCTGGAGTAAC	ENSG00000225630.1	GGCGTTCC	1
GCATGTCTGGAGTAAC	ENSG00000225630.1	TGTGCTGT	1
GCATGTCTGGAGTAAC	ENSG00000225630.1	CTGGACGT	2
GCATGTCTGGAGTAAC	ENSG00000225630.1	GCATACCT	1
GCATGTCTGGAGTAAC	ENSG00000225630.1	TGAGGGTA	2
GCATGTCTGGAGTAAC	ENSG00000225630.1	AAGAGGAC	1
GCATGTCTGGAGTAAC	ENSG00000225630.1	CGAAGCCG	1
GCATGTCTGGAGTAAC	ENSG00000225630.1	GACACTGT	1
GCATGTCTGGAGTAAC	ENSG00000225630.1	CCCAGACC	3
GCATGTCTGGAGTAAC	ENSG00000225630.1	GTCCGGGG	1
GCATGTCTGGAGTAAC	ENSG00000225630.1	ACGTCCCA	1
GCATGTCTGGAGTAAC	ENSG00000225630.1	AATACCGC	1
GCATGTCTGGAGTAAC	ENSG00000225630.1	CTATTGGA	4
GCATGTCTGGAGTAAC	ENSG00000225630.1	GGTACAGC	1
GCATGTCTGGAGTAAC	ENSG00000225630.1	AGGCTGAT	1
GCATGTCTGGAGTAAC	ENSG00000225630.1	CTTAATAG	1
GCATGTCTGGAGTAAC	ENSG00000225630.1	GTGTACAA	1
GCATGTCTGGAGTAAC	ENSG00000225630.1	CTGTAGAT	1
GCATGTCTGGAGTAAC	ENSG00000225630.1	AAGTAACG	1
GCATGTCTGGAGTAAC	ENSG00000225630.1	ATTTAAGT	1
GCATGTCTGGAGTAAC	ENSG00000225630.1	CGATCGGT	1
GCATGTCTGGAGTAAC	ENSG00000225630.1	AGTACAGA	1
GCATGTCTGGAGTAAC	ENSG00000225630.1	CTAACAAG	1
GCATGTCTGGAGTAAC	ENSG00000225630.1	CCATAGGG	1
GCATGTCTGGAGTAAC	ENSG00000225630.1	AGATAAGG	1
GCATGTCTGGAGTAAC	ENSG00000225630.1	GACAAACG	1
GCATGTCTGGAGTAAC	ENSG00000225630.1	AAAAGGCA	1
GCATGTCTGGAGTAAC	ENSG00000225630.1	GGTGTGGA	1
GCATGTCTGGAGTAAC	ENSG00000225630.1	TTCGACTG	1
GCATGTCTGGAGTAAC	ENSG00000225630.1	ACGCTGAA	1
GCATGTCTGGAGTAAC	ENSG00000225630.1	AAATGACA	1
GCATGTCTGGAGTAAC	ENSG00000225630.1	GGAATAGA	1
GCATGTCTGGAGTAAC	ENSG00000225630.1	GGTTTAAT	1
GCATGTCTGGAGTAAC	ENSG00000225630.1	AGGACTTG	1
GCATGTCTGGAGTAAC	ENSG00000225630.1	TGCGTGGA	1
GCATGTCTGGAGTAAC	ENSG00000231789.2	AGGACGGG	2
GCATGTCTGGAGTAAC	ENSG00000288398.1	ACTTGTCC	1
GCATGTCTGGAGTAAC	ENSG00000090432.7	noUMI	6
GCATGTCTGGAGTAAC	ENSG00000090432.7	GATTCATG	1
GCATGTCTGGAGTAAC	ENSG00000183114.8	noUMI	1
GCATGTCTGGAGTAAC	ENSG00000235112.1	noUMI	1
GCATGTCTGGAGTAAC	ENSG00000179163.12	noUMI	5
GCATGTCTGGAGTAAC	ENSG00000179163.12	CAATATCC	1
GCATGTCTGGAGTAAC	ENSG00000284602.1	GGGCTCAG	1
GCATGTCTGGAGTAAC	ENSG00000284602.1	GCCAAACG	1
GCATGTCTGGAGTAAC	ENSG00000284602.1	noUMI	5
GCATGTCTGGAGTAAC	ENSG00000158246.8	noUMI	1
GCATGTCTGGAGTAAC	ENSG00000228589.3	noUMI	1
GCATGTCTGGAGTAAC	ENSG00000270605.1	noUMI	2
GCATGTCTGGAGTAAC	ENSG00000270605.1	ACTCGGGT	1
GCATGTCTGGAGTAAC	ENSG00000175130.7	noUMI	1
GCATGTCTGGAGTAAC	ENSG00000175130.7	CGTTAGAC	1
GCATGTCTGGAGTAAC	ENSG00000243749.1	noUMI	5
GCATGTCTGGAGTAAC	ENSG00000243749.1	GAGCCTCA	1
GCATGTCTGGAGTAAC	ENSG00000286899.1	GGTACTCC	2
GCATGTCTGGAGTAAC	ENSG00000116863.11	noUMI	9
GCATGTCTGGAGTAAC	ENSG00000116863.11	CGTTTCAG	1
GCATGTCTGGAGTAAC	ENSG00000116863.11	CGAGTTAC	1
GCATGTCTGGAGTAAC	ENSG00000185839.3	noUMI	1
GCATGTCTGGAGTAAC	ENSG00000116704.8	noUMI	1
GCATGTCTGGAGTAAC	ENSG00000066557.6	noUMI	9
GCATGTCTGGAGTAAC	ENSG00000226084.5	noUMI	1
TCCTTGCTCGATACTG	ENSG00000279457.4	CATAACAG	1
TCCTTGCTCGATACTG	ENSG00000279457.4	ATTGATAG	2
TCCTTGCTCGATACTG	ENSG00000225630.1	CTTGTCAA	1
TCCTTGCTCGATACTG	ENSG00000225630.1	noUMI	48
TCCTTGCTCGATACTG	ENSG00000225630.1	CCGTCGAC	1
TCCTTGCTCGATACTG	ENSG00000225630.1	CTGCGTTA	1
TCCTTGCTCGATACTG	ENSG00000225630.1	GGAGTAAT	1
TCCTTGCTCGATACTG	ENSG00000225630.1	ACGGCTCC	1
TCCTTGCTCGATACTG	ENSG00000225630.1	AAACGATC	1
TCCTTGCTCGATACTG	ENSG00000225630.1	GGAACAGA	1
TCCTTGCTCGATACTG	ENSG00000225630.1	TAGTGGAA	2
TCCTTGCTCGATACTG	ENSG00000225630.1	TGTAAGAG	1
TCCTTGCTCGATACTG	ENSG00000225630.1	GAGTAGGG	1
TCCTTGCTCGATACTG	ENSG00000225630.1	CCATTGAT	3
TCCTTGCTCGATACTG	ENSG00000225630.1	CTGGTTCG	1
TCCTTGCTCGATACTG	ENSG00000225630.1	CGGTGCCC	1
TCCTTGCTCGATACTG	ENSG00000225630.1	GACTGCCA	1
TCCTTGCTCGATACTG	ENSG00000225630.1	GATCCGCG	1
TCCTTGCTCGATACTG	ENSG00000225630.1	GGCACAAT	1
TCCTTGCTCGATACTG	ENSG00000225630.1	GGCATATG	1
TCCTTGCTCGATACTG	ENSG00000225630.1	TCGACGTG	1
TCCTTGCTCGATACTG	ENSG00000225630.1	CGGAGGGA	1
TCCTTGCTCGATACTG	ENSG00000225630.1	GACCAATC	2
TCCTTGCTCGATACTG	ENSG00000225630.1	GCCTACAA	1
TCCTTGCTCGATACTG	ENSG00000225630.1	AAACAGTT	1
TCCTTGCTCGATACTG	ENSG00000225630.1	AACCATAC	2
TCCTTGCTCGATACTG	ENSG00000225630.1	CGAAGGTT	1
TCCTTGCTCGATACTG	ENSG00000225630.1	AATATCCA	1
TCCTTGCTCGATACTG	ENSG00000225630.1	CCATAGAC	2
TCCTTGCTCGATACTG	ENSG00000225630.1	ATAGGGTG	1
TCCTTGCTCGATACTG	ENSG00000225630.1	AGCATGAC	1
TCCTTGCTCGATACTG	ENSG00000225630.1	TGGACCCG	1
TCCTTGCTCGATACTG	ENSG00000225630.1	CACGCGAA	1
TCCTTGCTCGATACTG	ENSG00000225630.1	CATATTGG	1
TCCTTGCTCGATACTG	ENSG00000225630.1	AGAGGTTC	2
TCCTTGCTCGATACTG	ENSG00000225630.1	GTCCACCA	1
TCCTTGCTCGATACTG	ENSG00000225630.1	GTATCACA	1
TCCTTGCTCGATACTG	ENSG00000225630.1	CGCGAGAT	1
TCCTTGCTCGATACTG	ENSG00000225630.1	AGACTCAG	1
TCCTTGCTCGATACTG	ENSG00000225630.1	TCGGACTT	1
TCCTTGCTCGATACTG	ENSG00000225630.1	CGACGAGA	2
TCCTTGCTCGATACTG	ENSG00000225630.1	CTTGATCG	1
TCCTTGCTCGATACTG	ENSG00000225630.1	ACAATATT	1
TCCTTGCTCGATACTG	ENSG00000225630.1	TCCAGGTC	1
TCCTTGCTCGATACTG	ENSG00000225630.1	AACTGTCC	4
TCCTTGCTCGATACTG	ENSG00000225630.1	ATAAGCCT	1
TCCTTGCTCGATACTG	ENSG00000225630.1	GTGTAAAT	1
TCCTTGCTCGATACTG	ENSG00000225630.1	TACGGACA	1
TCCTTGCTCGATACTG	ENSG00000225630.1	TGGCCACC	1
TCCTTGCTCGATACTG	ENSG00000225630.1	GCAATGTT	1
TCCTTGCTCGATACTG	ENSG00000225630.1	GTAACGCA	2
TCCTTGCTCGATACTG	ENSG00000225630.1	TGCAACCT	2
TCCTTGCTCGATACTG	ENSG00000225630.1	AAAGGTGA	1
TCCTTGCTCGATACTG	ENSG00000225630.1	GGTACAGA	1
TCCTTGCTCGATACTG	ENSG00000225630.1	TTTCCCGG	2
TCCTTGCTCGATACTG	ENSG00000225630.1	ACGACCTT	1
TCCTTGCTCGATACTG	ENSG00000225630.1	ACACGTCG	1
TCCTTGCTCGATACTG	ENSG00000225630.1	ACAAACTA	1
TCCTTGCTCGATACTG	ENSG00000225630.1	GTGGGAGA	1
TCCTTGCTCGATACTG	ENSG00000225630.1	TCTAGGGG	1
TCCTTGCTCGATACTG	ENSG00000225630.1	ACGCATCC	1
TCCTTGCTCGATACTG	ENSG00000225630.1	CGACAAGT	2
TCCTTGCTCGATACTG	ENSG00000225630.1	CCATTATA	1
TCCTTGCTCGATACTG	ENSG00000225630.1	AGGTTTGA	1
TCCTTGCTCGATACTG	ENSG00000225630.1	ATGAATGG	1
TCCTTGCTCGATACTG	ENSG00000225630.1	GAGGTATA	2
TCCTTGCTCGATACTG	ENSG00000225630.1	AAAGACCC	1
TCCTTGCTCGATACTG	ENSG00000225630.1	CGATTGCG	3
TCCTTGCTCGATACTG	ENSG00000225630.1	ATTGCCGT	1
TCCTTGCTCGATACTG	ENSG00000225630.1	ATCAGACC	1
TCCTTGCTCGATACTG	ENSG00000225630.1	AAGGCAGG	1
TCCTTGCTCGATACTG	ENSG00000225630.1	TGGCAGAC	1
TCCTTGCTCGATACTG	ENSG00000225630.1	AAGTATGG	1
TCCTTGCTCGATACTG	ENSG00000225630.1	TTGAAAAG	1
TCCTTGCTCGATACTG	ENSG00000225630.1	CAACAATT	1
TCCTTGCTCGATACTG	ENSG00000225630.1	GCTTAAAG	1
TCCTTGCTCGATACTG	ENSG00000176022.7	noUMI	3
TCCTTGCTCGATACTG	ENSG00000176022.7	GGAGCTGG	1
TCCTTGCTCGATACTG	ENSG00000228594.4	noUMI	1
TCCTTGCTCGATACTG	ENSG00000229519.2	noUMI	2
TCCTTGCTCGATACTG	ENSG00000287756.1	noUMI	3
TCCTTGCTCGATACTG	ENSG00000233954.6	ACTGGCCC	1
TCCTTGCTCGATACTG	ENSG00000233954.6	CCGTATGC	1
TCCTTGCTCGATACTG	ENSG00000288398.1	noUMI	4
TCCTTGCTCGATACTG	ENSG00000090432.7	noUMI	6
TCCTTGCTCGATACTG	ENSG00000090432.7	CGTTGTAG	1
TCCTTGCTCGATACTG	ENSG00000090432.7	CTCAAGGG	1
TCCTTGCTCGATACTG	ENSG00000090432.7	GTAAAGGT	1
TCCTTGCTCGATACTG	ENSG00000090432.7	ATCGAGAC	1
TCCTTGCTCGATACTG	ENSG00000179163.12	noUMI	13
TCCTTGCTCGATACTG	ENSG00000233478.1	noUMI	2
TCCTTGCTCGATACTG	ENSG00000270605.1	noUMI	2
TCCTTGCTCGATACTG	ENSG00000279443.1	noUMI	1
TCCTTGCTCGATACTG	ENSG00000175130.7	GCAGAAGT	1
TCCTTGCTCGATACTG	ENSG00000175130.7	TCTTTGGG	1
TCCTTGCTCGATACTG	ENSG00000175130.7	noUMI	4
TCCTTGCTCGATACTG	ENSG00000243749.1	noUMI	3
TCCTTGCTCGATACTG	ENSG00000243749.1	CCATTATC	1
TCCTTGCTCGATACTG	ENSG00000240374.3	noUMI	2
TCCTTGCTCGATACTG	ENSG00000286899.1	TTAAGGTG	1
TCCTTGCTCGATACTG	ENSG00000116863.11	noUMI	11
TCCTTGCTCGATACTG	ENSG00000163909.8	noUMI	2
TCCTTGCTCGATACTG	ENSG00000117000.9	noUMI	10
TCCTTGCTCGATACTG	ENSG00000259943.1	noUMI	1
TCCTTGCTCGATACTG	ENSG00000259943.1	ATGACCGT	1
GGTCTCAACGATACTG	ENSG00000279457.4	CACAGATA	1
GGTCTCAACGATACTG	ENSG00000279457.4	TGCACGGG	1
GGTCTCAACGATACTG	ENSG00000225630.1	CGGAGGCC	1
GGTCTCAACGATACTG	ENSG00000225630.1	GGCACCTA	1
GGTCTCAACGATACTG	ENSG00000225630.1	noUMI	35
GGTCTCAACGATACTG	ENSG00000225630.1	TTCAGGCC	1
GGTCTCAACGATACTG	ENSG00000225630.1	CTGAGTGA	1
GGTCTCAACGATACTG	ENSG00000225630.1	AGCGTACC	2
GGTCTCAACGATACTG	ENSG00000225630.1	TCGCGACC	1
GGTCTCAACGATACTG	ENSG00000225630.1	ACTAGGAC	2
GGTCTCAACGATACTG	ENSG00000225630.1	TGGTCGGG	1
GGTCTCAACGATACTG	ENSG00000225630.1	GGGGCCTT	1
GGTCTCAACGATACTG	ENSG00000225630.1	CGGGTATA	1
GGTCTCAACGATACTG	ENSG00000225630.1	TGCTCAGT	1
GGTCTCAACGATACTG	ENSG00000225630.1	TAGTGGGC	1
GGTCTCAACGATACTG	ENSG00000225630.1	ATACGGGC	2
GGTCTCAACGATACTG	ENSG00000225630.1	GTATTCGA	1
GGTCTCAACGATACTG	ENSG00000225630.1	CGCCGTAT	1
GGTCTCAACGATACTG	ENSG00000225630.1	GAACGGAT	1
GGTCTCAACGATACTG	ENSG00000225630.1	TCATGTGA	1
GGTCTCAACGATACTG	ENSG00000225630.1	GCGCATCT	1
GGTCTCAACGATACTG	ENSG00000225630.1	CATCAACT	1
GGTCTCAACGATACTG	ENSG00000225630.1	CTGTAAGT	1
GGTCTCAACGATACTG	ENSG00000225630.1	GAAAACTG	2
GGTCTCAACGATACTG	ENSG00000225630.1	GAGTCGAT	1
GGTCTCAACGATACTG	ENSG00000225630.1	TAAAACAC	1
GGTCTCAACGATACTG	ENSG00000225630.1	CGACGGGG	1
GGTCTCAACGATACTG	ENSG00000225630.1	AAGGCAGG	1
GGTCTCAACGATACTG	ENSG00000225630.1	GGGGTTTA	1
GGTCTCAACGATACTG	ENSG00000225630.1	CGGCGAGT	1
GGTCTCAACGATACTG	ENSG00000225630.1	GTATGGCA	1
GGTCTCAACGATACTG	ENSG00000225630.1	GGCCTTCT	1
GGTCTCAACGATACTG	ENSG00000225630.1	GGTCGAAC	1
GGTCTCAACGATACTG	ENSG00000225630.1	GTAGTCCC	1
GGTCTCAACGATACTG	ENSG00000225630.1	GTCGAAGC	1
GGTCTCAACGATACTG	ENSG00000225630.1	CCACAAAT	2
GGTCTCAACGATACTG	ENSG00000225630.1	AATTGGAG	1
GGTCTCAACGATACTG	ENSG00000225630.1	GCTGCGAT	1
GGTCTCAACGATACTG	ENSG00000225630.1	TAAGAAGG	2
GGTCTCAACGATACTG	ENSG00000225630.1	CCGCGGGA	1
GGTCTCAACGATACTG	ENSG00000225630.1	TCTATGTC	1
GGTCTCAACGATACTG	ENSG00000225630.1	ACCACAAT	1
GGTCTCAACGATACTG	ENSG00000225630.1	TCTAAGGT	1
GGTCTCAACGATACTG	ENSG00000225630.1	GTAACCTG	1
GGTCTCAACGATACTG	ENSG00000225630.1	CAAAAGGG	1
GGTCTCAACGATACTG	ENSG00000225630.1	GGGATTCG	2
GGTCTCAACGATACTG	ENSG00000225630.1	GATTGGGT	1
GGTCTCAACGATACTG	ENSG00000225630.1	GAAGTACA	1
GGTCTCAACGATACTG	ENSG00000225630.1	GAGACTCG	2
GGTCTCAACGATACTG	ENSG00000225630.1	ATGATCGA	1
GGTCTCAACGATACTG	ENSG00000225630.1	CGTGCGGC	1
GGTCTCAACGATACTG	ENSG00000225630.1	TAAAAGGA	1
GGTCTCAACGATACTG	ENSG00000225630.1	AATGTGAT	1
GGTCTCAACGATACTG	ENSG00000225630.1	CCCCGGCG	1
GGTCTCAACGATACTG	ENSG00000225630.1	GTAGCGGC	1
GGTCTCAACGATACTG	ENSG00000225630.1	TCGAACCT	1
GGTCTCAACGATACTG	ENSG00000225630.1	TCTGAAAC	1
GGTCTCAACGATACTG	ENSG00000225630.1	AAACTAAG	1
GGTCTCAACGATACTG	ENSG00000225630.1	ATGTAGCA	1
GGTCTCAACGATACTG	ENSG00000225630.1	TAGAGTCA	1
GGTCTCAACGATACTG	ENSG00000225630.1	GTCAGTAA	2
GGTCTCAACGATACTG	ENSG00000225630.1	GCGACTTC	1
GGTCTCAACGATACTG	ENSG00000225630.1	GTGGGACG	1
GGTCTCAACGATACTG	ENSG00000225630.1	AAGGACCT	1
GGTCTCAACGATACTG	ENSG00000225630.1	AAAAATAC	1
GGTCTCAACGATACTG	ENSG00000225630.1	GGAACAAC	1
GGTCTCAACGATACTG	ENSG00000225630.1	AATGGGGT	1
GGTCTCAACGATACTG	ENSG00000225630.1	TTGGGTGT	1
GGTCTCAACGATACTG	ENSG00000225630.1	TCGTTGAC	2
GGTCTCAACGATACTG	ENSG00000225630.1	CCTGACGA	1
GGTCTCAACGATACTG	ENSG00000225630.1	TCGGGCGA	1
GGTCTCAACGATACTG	ENSG00000225630.1	GGAAATAC	1
GGTCTCAACGATACTG	ENSG00000225630.1	TTTAGCCC	1
GGTCTCAACGATACTG	ENSG00000225630.1	CTCAACCC	1
GGTCTCAACGATACTG	ENSG00000225630.1	GCAAGAAC	1
GGTCTCAACGATACTG	ENSG00000225630.1	ACACGATC	2
GGTCTCAACGATACTG	ENSG00000225630.1	AGACACAC	1
GGTCTCAACGATACTG	ENSG00000225630.1	GCGATTGG	1
GGTCTCAACGATACTG	ENSG00000225630.1	CAAGTTCC	1
GGTCTCAACGATACTG	ENSG00000225630.1	AGCGTCCA	1
GGTCTCAACGATACTG	ENSG00000225630.1	AACAGCAT	1
GGTCTCAACGATACTG	ENSG00000176022.7	noUMI	1
GGTCTCAACGATACTG	ENSG00000171612.7	noUMI	1
GGTCTCAACGATACTG	ENSG00000231789.2	noUMI	1
GGTCTCAACGATACTG	ENSG00000288398.1	noUMI	3
GGTCTCAACGATACTG	ENSG00000090432.7	noUMI	3
GGTCTCAACGATACTG	ENSG00000179163.12	noUMI	2
GGTCTCAACGATACTG	ENSG00000270605.1	noUMI	3
GGTCTCAACGATACTG	ENSG00000231468.2	ATGTGTCC	1
GGTCTCAACGATACTG	ENSG00000175130.7	noUMI	5
GGTCTCAACGATACTG	ENSG00000175130.7	AAGGCTCG	1
GGTCTCAACGATACTG	ENSG00000273274.2	noUMI	1
GGTCTCAACGATACTG	ENSG00000286899.1	noUMI	1
GGTCTCAACGATACTG	ENSG00000116863.11	noUMI	5
GGTCTCAACGATACTG	ENSG00000163909.8	ACAGGATT	1
GGTCTCAACGATACTG	ENSG00000163909.8	noUMI	2
GGTCTCAACGATACTG	ENSG00000117000.9	GAGACATG	1
GGTCTCAACGATACTG	ENSG00000117000.9	noUMI	3
GGTCTCAACGATACTG	ENSG00000259943.1	ATTGCATT	1
GGTCTCAACGATACTG	ENSG00000260920.2	noUMI	2
GGTCTCAACGATACTG	ENSG00000237424.1	noUMI	3
GGTCTCAACGATACTG	ENSG00000230585.2	noUMI	1
GGTCTCAACGATACTG	ENSG00000169213.7	noUMI	2
GGTCTCAACGATACTG	ENSG00000116704.8	noUMI	1
GGTCTCAACGATACTG	ENSG00000066557.6	noUMI	3
GGTCTCAACGATACTG	ENSG00000066557.6	TCCAAACT	1
GGTCTCAACGATACTG	ENSG00000226415.1	noUMI	1
GGTCTCAACGATACTG	ENSG00000223896.2	noUMI	2
GGTCTCAACGATACTG	ENSG00000137970.7	ACTCTCAG	1
GGTCTCAACGATACTG	ENSG00000137970.7	CTTGGAAG	1
GGTCTCAACGATACTG	ENSG00000137970.7	GTTGATGT	1
GGTCTCAACGATACTG	ENSG00000137970.7	GAGTACCC	1
GGTCTCAACGATACTG	ENSG00000137970.7	CCAGATAC	1
GGTCTCAACGATACTG	ENSG00000137970.7	GCGCACCC	1
GGTCTCAACGATACTG	ENSG00000228076.2	noUMI	1
GGTCTCAACGATACTG	ENSG00000065135.12	noUMI	20
GGTCTCAACGATACTG	ENSG00000065135.12	CAACCAAG	2
GGTCTCAACGATACTG	ENSG00000065135.12	TGGGACTC	1
GGTCTCAACGATACTG	ENSG00000065135.12	AACTGGAC	1
GGTCTCAACGATACTG	ENSG00000213281.5	noUMI	19
GGTCTCAACGATACTG	ENSG00000213281.5	ACACCAAA	1
GGTCTCAACGATACTG	ENSG00000213281.5	ACCAGGAT	1
GGTCTCAACGATACTG	ENSG00000244371.2	noUMI	1
GGTCTCAACGATACTG	ENSG00000184260.6	CAGAGATG	1
GGTCTCAACGATACTG	ENSG00000184260.6	TAGGCCTA	1
GGTCTCAACGATACTG	ENSG00000272654.1	ATCGGAAC	1
GGTCTCAACGATACTG	ENSG00000272654.1	CATGGCAC	1
GGTCTCAACGATACTG	ENSG00000272654.1	noUMI	2
GGTCTCAACGATACTG	ENSG00000163344.6	noUMI	1
GGTCTCAACGATACTG	ENSG00000163344.6	ACAGCTCG	1
GGTCTCAACGATACTG	ENSG00000163344.6	GAAGAGCG	1
GGTCTCAACGATACTG	ENSG00000163344.6	AGATAAAG	2
GGTCTCAACGATACTG	ENSG00000132688.11	GCATCGTG	1
TACCGATGCATGCTTC	ENSG00000279457.4	noUMI	1
TACCGATGCATGCTTC	ENSG00000279457.4	AGAAATAC	1
TACCGATGCATGCTTC	ENSG00000225630.1	TAGACCGG	1
TACCGATGCATGCTTC	ENSG00000225630.1	GTACCCCT	1
TACCGATGCATGCTTC	ENSG00000225630.1	TCTTAATC	1
TACCGATGCATGCTTC	ENSG00000225630.1	CCAAACCA	1
TACCGATGCATGCTTC	ENSG00000225630.1	ACGAGCAT	2
TACCGATGCATGCTTC	ENSG00000225630.1	ATTAGTCC	2
TACCGATGCATGCTTC	ENSG00000225630.1	TGATAACG	1
TACCGATGCATGCTTC	ENSG00000225630.1	TAGCGTCG	1
TACCGATGCATGCTTC	ENSG00000225630.1	noUMI	34
TACCGATGCATGCTTC	ENSG00000225630.1	ATTCAGAC	1
TACCGATGCATGCTTC	ENSG00000225630.1	CTATGAGT	1
TACCGATGCATGCTTC	ENSG00000225630.1	ATATTCGG	1
TACCGATGCATGCTTC	ENSG00000225630.1	GAGCTCTG	1
TACCGATGCATGCTTC	ENSG00000225630.1	GGGCGAGC	1
TACCGATGCATGCTTC	ENSG00000225630.1	GAGGTATA	1
TACCGATGCATGCTTC	ENSG00000225630.1	GCGCCGGA	1
TACCGATGCATGCTTC	ENSG00000225630.1	AATGCACG	1
TACCGATGCATGCTTC	ENSG00000225630.1	GAGATCGG	2
TACCGATGCATGCTTC	ENSG00000225630.1	AGACCGGC	1
TACCGATGCATGCTTC	ENSG00000225630.1	GAATCGCC	1
TACCGATGCATGCTTC	ENSG00000225630.1	CCGGTAAT	1
TACCGATGCATGCTTC	ENSG00000225630.1	TGGGATGA	1
TACCGATGCATGCTTC	ENSG00000225630.1	CAACCGCG	1
TACCGATGCATGCTTC	ENSG00000225630.1	GAGGTACT	1
TACCGATGCATGCTTC	ENSG00000225630.1	GTGATGCT	1
TACCGATGCATGCTTC	ENSG00000225630.1	ACTCGATG	1
TACCGATGCATGCTTC	ENSG00000225630.1	AATCGTGC	1
TACCGATGCATGCTTC	ENSG00000225630.1	GACAGAAC	1
TACCGATGCATGCTTC	ENSG00000225630.1	CTGCGTTG	1
TACCGATGCATGCTTC	ENSG00000225630.1	ATCACTAT	1
TACCGATGCATGCTTC	ENSG00000225630.1	GGTAGGGT	1
TACCGATGCATGCTTC	ENSG00000225630.1	GTGAGAGC	1
TACCGATGCATGCTTC	ENSG00000225630.1	CAGGTTTA	1
TACCGATGCATGCTTC	ENSG00000225630.1	GCACACCG	1
TACCGATGCATGCTTC	ENSG00000225630.1	ACGGGGTG	1
TACCGATGCATGCTTC	ENSG00000225630.1	ATTGCAGC	1
TACCGATGCATGCTTC	ENSG00000225630.1	TTGACTCC	1
TACCGATGCATGCTTC	ENSG00000225630.1	ATGCGAGA	1
TACCGATGCATGCTTC	ENSG00000225630.1	ATAGGAAG	1
TACCGATGCATGCTTC	ENSG00000225630.1	TTAGGTAC	2
TACCGATGCATGCTTC	ENSG00000225630.1	GTTGATCA	1
TACCGATGCATGCTTC	ENSG00000225630.1	GTCAGCAC	1
TACCGATGCATGCTTC	ENSG00000225630.1	GATCACCG	3
TACCGATGCATGCTTC	ENSG00000225630.1	GATAAACA	1
TACCGATGCATGCTTC	ENSG00000225630.1	AGCTATGT	2
TACCGATGCATGCTTC	ENSG00000225630.1	TCTGCCGT	2
TACCGATGCATGCTTC	ENSG00000225630.1	AGAGCGTG	1
TACCGATGCATGCTTC	ENSG00000225630.1	CGCGGCAC	1
TACCGATGCATGCTTC	ENSG00000225630.1	AACAGGTT	1
TACCGATGCATGCTTC	ENSG00000225630.1	TTCAACGG	1
TACCGATGCATGCTTC	ENSG00000225630.1	GCGAACCC	2
TACCGATGCATGCTTC	ENSG00000225630.1	CACATTCG	1
TACCGATGCATGCTTC	ENSG00000225630.1	CTGTGATA	1
TACCGATGCATGCTTC	ENSG00000225630.1	GGTACCTA	1
TACCGATGCATGCTTC	ENSG00000225630.1	AGAGGAGG	2
TACCGATGCATGCTTC	ENSG00000225630.1	TCAGTCCC	1
TACCGATGCATGCTTC	ENSG00000225630.1	AGCTGCCT	1
TACCGATGCATGCTTC	ENSG00000225630.1	AATTGGGT	1
TACCGATGCATGCTTC	ENSG00000225630.1	CGTTTGCA	1
TACCGATGCATGCTTC	ENSG00000225630.1	ACTTGAGG	1
TACCGATGCATGCTTC	ENSG00000225630.1	TACTCTCA	1
TACCGATGCATGCTTC	ENSG00000225630.1	GTTCCGAG	1
TACCGATGCATGCTTC	ENSG00000225630.1	TCTAAGTG	1
TACCGATGCATGCTTC	ENSG00000225630.1	CCAAGATC	1
TACCGATGCATGCTTC	ENSG00000225630.1	AGCACGTT	1
TACCGATGCATGCTTC	ENSG00000225630.1	CATGCACC	1
TACCGATGCATGCTTC	ENSG00000198744.5	noUMI	1
TACCGATGCATGCTTC	ENSG00000272512.1	AGGGACAG	1
TACCGATGCATGCTTC	ENSG00000176022.7	TTAGGGGC	1
TACCGATGCATGCTTC	ENSG00000176022.7	noUMI	4
TACCGATGCATGCTTC	ENSG00000238260.1	AATGAGTG	2
TACCGATGCATGCTTC	ENSG00000158292.7	noUMI	1
TACCGATGCATGCTTC	ENSG00000171612.7	noUMI	5
TACCGATGCATGCTTC	ENSG00000233954.6	noUMI	1
TACCGATGCATGCTTC	ENSG00000090432.7	noUMI	12
TACCGATGCATGCTTC	ENSG00000090432.7	TAGGCCCC	1
TACCGATGCATGCTTC	ENSG00000090432.7	CCTAGGTG	1
TACCGATGCATGCTTC	ENSG00000090432.7	ATACAAAC	1
TACCGATGCATGCTTC	ENSG00000179163.12	noUMI	21
TACCGATGCATGCTTC	ENSG00000225159.1	noUMI	1
TACCGATGCATGCTTC	ENSG00000279443.1	noUMI	2
TACCGATGCATGCTTC	ENSG00000175130.7	noUMI	9
TACCGATGCATGCTTC	ENSG00000175130.7	TGTGAAGT	1
TACCGATGCATGCTTC	ENSG00000175130.7	GAGCACGG	1
TACCGATGCATGCTTC	ENSG00000243749.1	TGCCGCTT	1
TACCGATGCATGCTTC	ENSG00000116863.11	noUMI	10
TACCGATGCATGCTTC	ENSG00000163909.8	ACTGAGGG	1
TACCGATGCATGCTTC	ENSG00000116981.4	noUMI	1
TACCGATGCATGCTTC	ENSG00000117000.9	noUMI	5
TACCGATGCATGCTTC	ENSG00000117000.9	CAAATCTT	6
TACCGATGCATGCTTC	ENSG00000225762.1	noUMI	2
TACCGATGCATGCTTC	ENSG00000237424.1	noUMI	3
TACCGATGCATGCTTC	ENSG00000284700.1	GAGCGACG	1
TACCGATGCATGCTTC	ENSG00000169213.7	AGTTAGCA	1
TACCGATGCATGCTTC	ENSG00000225632.1	GCACGGTT	1
TACCGATGCATGCTTC	ENSG00000066557.6	noUMI	25
TACCGATGCATGCTTC	ENSG00000066557.6	GTGAAAGT	1
TACCGATGCATGCTTC	ENSG00000226084.5	GCGAAAGT	1
CAACCTCACCACATAG	ENSG00000279457.4	GGATACCA	1
CAACCTCACCACATAG	ENSG00000225630.1	CGGTGCCT	2
CAACCTCACCACATAG	ENSG00000225630.1	CATCGGTG	1
CAACCTCACCACATAG	ENSG00000225630.1	GACTAGCG	1
CAACCTCACCACATAG	ENSG00000225630.1	CCCGGCCC	1
CAACCTCACCACATAG	ENSG00000225630.1	TACATCCC	1
CAACCTCACCACATAG	ENSG00000225630.1	noUMI	8
CAACCTCACCACATAG	ENSG00000225630.1	TCGTGTAC	1
CAACCTCACCACATAG	ENSG00000225630.1	GTTTGGCT	1
CAACCTCACCACATAG	ENSG00000225630.1	TATGCAGA	2
CAACCTCACCACATAG	ENSG00000225630.1	TCAGAGCC	1
CAACCTCACCACATAG	ENSG00000225630.1	ATCATCCT	1
CAACCTCACCACATAG	ENSG00000225630.1	CTACTAAA	1
CAACCTCACCACATAG	ENSG00000225630.1	TCGTCCAT	1
CAACCTCACCACATAG	ENSG00000225630.1	CTGTTCAG	1
CAACCTCACCACATAG	ENSG00000225630.1	ACTACCCG	1
CAACCTCACCACATAG	ENSG00000225630.1	TAAACATC	1
CAACCTCACCACATAG	ENSG00000225630.1	TCTGGGGT	1
CAACCTCACCACATAG	ENSG00000225630.1	GGCGAAGT	1
CAACCTCACCACATAG	ENSG00000225630.1	GTAGTACC	1
CAACCTCACCACATAG	ENSG00000225630.1	CACCGTGG	1
CAACCTCACCACATAG	ENSG00000225630.1	TTGAGGTT	1
CAACCTCACCACATAG	ENSG00000225630.1	CAGAATGG	1
CAACCTCACCACATAG	ENSG00000225630.1	GTGCATTA	1
CAACCTCACCACATAG	ENSG00000225630.1	TCTCGGGT	1
CAACCTCACCACATAG	ENSG00000225630.1	AACTTCGG	1
CAACCTCACCACATAG	ENSG00000225630.1	AGTCAGCT	1
CAACCTCACCACATAG	ENSG00000225630.1	TGGGCTTG	1
CAACCTCACCACATAG	ENSG00000225630.1	TAAACGTG	1
CAACCTCACCACATAG	ENSG00000225630.1	AGCGATTC	1
CAACCTCACCACATAG	ENSG00000225630.1	CCAACCCG	1
CAACCTCACCACATAG	ENSG00000225630.1	CAGAGAAA	1
CAACCTCACCACATAG	ENSG00000225630.1	GCGACGTT	1
CAACCTCACCACATAG	ENSG00000225630.1	TCCCAAAC	2
CAACCTCACCACATAG	ENSG00000225630.1	TTCGGGGG	1
CAACCTCACCACATAG	ENSG00000225630.1	GCTCAAAC	1
CAACCTCACCACATAG	ENSG00000225630.1	AAGAGGAG	1
CAACCTCACCACATAG	ENSG00000225630.1	CCAGTAGC	1
CAACCTCACCACATAG	ENSG00000225630.1	TATCACAA	2
CAACCTCACCACATAG	ENSG00000225630.1	GCAGAATA	1
CAACCTCACCACATAG	ENSG00000225630.1	AATCCTGG	1
CAACCTCACCACATAG	ENSG00000225630.1	GGTTATAG	1
CAACCTCACCACATAG	ENSG00000225630.1	GCGTTAGG	1
CAACCTCACCACATAG	ENSG00000225630.1	CAAGCCTT	1
CAACCTCACCACATAG	ENSG00000225630.1	TACGTTCG	1
CAACCTCACCACATAG	ENSG00000171612.7	TCGGTGCA	1
CAACCTCACCACATAG	ENSG00000171612.7	AGAACATG	1
CAACCTCACCACATAG	ENSG00000171612.7	noUMI	3
CAACCTCACCACATAG	ENSG00000171612.7	GTGTCTCC	1
CAACCTCACCACATAG	ENSG00000224321.1	noUMI	1
CAACCTCACCACATAG	ENSG00000186301.8	ACATGTGC	1
CAACCTCACCACATAG	ENSG00000270728.1	noUMI	1
CAACCTCACCACATAG	ENSG00000090432.7	noUMI	6
CAACCTCACCACATAG	ENSG00000179163.12	noUMI	11
CAACCTCACCACATAG	ENSG00000270605.1	noUMI	2
CAACCTCACCACATAG	ENSG00000130766.5	noUMI	4
CAACCTCACCACATAG	ENSG00000175130.7	noUMI	3
CAACCTCACCACATAG	ENSG00000175130.7	CCTAGACG	1
CAACCTCACCACATAG	ENSG00000273274.2	TTGTTTCG	1
CAACCTCACCACATAG	ENSG00000273274.2	noUMI	1
CAACCTCACCACATAG	ENSG00000243749.1	ATCTCTAC	1
CAACCTCACCACATAG	ENSG00000116863.11	GCCAACTC	1
CAACCTCACCACATAG	ENSG00000116863.11	noUMI	10
CAACCTCACCACATAG	ENSG00000232273.1	noUMI	1
CAACCTCACCACATAG	ENSG00000163909.8	noUMI	1
CAACCTCACCACATAG	ENSG00000117000.9	noUMI	2
CAACCTCACCACATAG	ENSG00000260920.2	noUMI	1
CAACCTCACCACATAG	ENSG00000116704.8	noUMI	1
CAACCTCACCACATAG	ENSG00000066557.6	noUMI	4
CAACCTCACCACATAG	ENSG00000066557.6	TGATACGG	1
CAACCTCACCACATAG	ENSG00000226415.1	noUMI	1
CAACCTCACCACATAG	ENSG00000223896.2	noUMI	4
CAACCTCACCACATAG	ENSG00000137970.7	noUMI	2
CAACCTCACCACATAG	ENSG00000137970.7	TTAAGACG	1
CAACCTCACCACATAG	ENSG00000137970.7	TCACAAGC	1
CAACCTCACCACATAG	ENSG00000065135.12	noUMI	9
CAACCTCACCACATAG	ENSG00000213281.5	noUMI	4
CAACCTCACCACATAG	ENSG00000213281.5	GTACAATG	1
CAACCTCACCACATAG	ENSG00000213281.5	CTCGTGAG	1
CAACCTCACCACATAG	ENSG00000184260.6	ATGGGGTC	1
CAACCTCACCACATAG	ENSG00000163344.6	AATTGGTA	1
CAACCTCACCACATAG	ENSG00000163344.6	AAAGTATT	1
CAACCTCACCACATAG	ENSG00000163344.6	ACACACAC	1
CAACCTCACCACATAG	ENSG00000163344.6	noUMI	1
CAACCTCACCACATAG	ENSG00000132718.9	GTCAGGAG	1
CAACCTCACCACATAG	ENSG00000288670.1	noUMI	1
CAACCTCACCACATAG	ENSG00000213062.5	noUMI	8
CAACCTCACCACATAG	ENSG00000143333.7	noUMI	2
CAACCTCACCACATAG	ENSG00000143333.7	AATTCCCG	1
CAACCTCACCACATAG	ENSG00000143333.7	CTAAACAC	1
CAACCTCACCACATAG	ENSG00000183155.5	noUMI	2
CAACCTCACCACATAG	ENSG00000183155.5	CTTAAGTG	3
CAACCTCACCACATAG	ENSG00000158615.9	noUMI	6
CAACCTCACCACATAG	ENSG00000158615.9	CAAGAGTA	1
CAACCTCACCACATAG	ENSG00000158615.9	CCGTTGCG	1
CAACCTCACCACATAG	ENSG00000226986.4	noUMI	1
CAACCTCACCACATAG	ENSG00000218283.2	noUMI	3
CAACCTCACCACATAG	ENSG00000218283.2	GTGAAACT	1
CAACCTCACCACATAG	ENSG00000162817.7	CAGCCTTG	1
GGAGAGTTGAGGTTAG	ENSG00000279457.4	noUMI	2
GGAGAGTTGAGGTTAG	ENSG00000225630.1	CAGATACT	1
GGAGAGTTGAGGTTAG	ENSG00000225630.1	noUMI	17
GGAGAGTTGAGGTTAG	ENSG00000225630.1	AAGAAACG	1
GGAGAGTTGAGGTTAG	ENSG00000225630.1	AAGTAGAT	2
GGAGAGTTGAGGTTAG	ENSG00000225630.1	CTAGATAC	2
GGAGAGTTGAGGTTAG	ENSG00000225630.1	ATCATAAA	1
GGAGAGTTGAGGTTAG	ENSG00000225630.1	GGGGGTTC	1
GGAGAGTTGAGGTTAG	ENSG00000225630.1	CATCCCTG	1
GGAGAGTTGAGGTTAG	ENSG00000225630.1	GTAAGGCA	1
GGAGAGTTGAGGTTAG	ENSG00000225630.1	TCACGAGG	1
GGAGAGTTGAGGTTAG	ENSG00000225630.1	TCGAGAGG	1
GGAGAGTTGAGGTTAG	ENSG00000225630.1	TGTGGCAC	1
GGAGAGTTGAGGTTAG	ENSG00000225630.1	TGGGAGAG	1
GGAGAGTTGAGGTTAG	ENSG00000225630.1	GCTGTGTT	1
GGAGAGTTGAGGTTAG	ENSG00000225630.1	CGCCTAAA	1
GGAGAGTTGAGGTTAG	ENSG00000225630.1	CCACAGTA	1
GGAGAGTTGAGGTTAG	ENSG00000225630.1	AGAGTGTC	1
GGAGAGTTGAGGTTAG	ENSG00000225630.1	GGGGCTAT	1
GGAGAGTTGAGGTTAG	ENSG00000225630.1	TGCAAACG	2
GGAGAGTTGAGGTTAG	ENSG00000225630.1	ACTTCGCC	1
GGAGAGTTGAGGTTAG	ENSG00000225630.1	ACAGGCTT	1
GGAGAGTTGAGGTTAG	ENSG00000225630.1	TTAAGTCC	1
GGAGAGTTGAGGTTAG	ENSG00000225630.1	GCCGATTC	1
GGAGAGTTGAGGTTAG	ENSG00000225630.1	GGGGCCAC	1
GGAGAGTTGAGGTTAG	ENSG00000225630.1	CTCACTAC	1
GGAGAGTTGAGGTTAG	ENSG00000225630.1	GGGAGAGG	1
GGAGAGTTGAGGTTAG	ENSG00000225630.1	CTTGCTAT	1
GGAGAGTTGAGGTTAG	ENSG00000225630.1	CTACTAAC	1
GGAGAGTTGAGGTTAG	ENSG00000225630.1	CGATTTGT	1
GGAGAGTTGAGGTTAG	ENSG00000225630.1	GTTACCTG	1
GGAGAGTTGAGGTTAG	ENSG00000225630.1	GTGACGGA	1
GGAGAGTTGAGGTTAG	ENSG00000225630.1	TAAAACAG	1
GGAGAGTTGAGGTTAG	ENSG00000288398.1	CTTCGGGT	1
GGAGAGTTGAGGTTAG	ENSG00000288398.1	noUMI	1
GGAGAGTTGAGGTTAG	ENSG00000090432.7	noUMI	1
GGAGAGTTGAGGTTAG	ENSG00000179163.12	noUMI	1
GGAGAGTTGAGGTTAG	ENSG00000225159.1	noUMI	1
GGAGAGTTGAGGTTAG	ENSG00000175130.7	noUMI	1
GGAGAGTTGAGGTTAG	ENSG00000175130.7	GCAGGTGG	1
GGAGAGTTGAGGTTAG	ENSG00000116863.11	noUMI	1
GGAGAGTTGAGGTTAG	ENSG00000117000.9	noUMI	3
GGAGAGTTGAGGTTAG	ENSG00000224680.4	noUMI	1
GGAGAGTTGAGGTTAG	ENSG00000066557.6	noUMI	4
GGAGAGTTGAGGTTAG	ENSG00000066557.6	ACTGCATC	1
GGAGAGTTGAGGTTAG	ENSG00000230721.1	noUMI	1
GGAGAGTTGAGGTTAG	ENSG00000223896.2	AGGGGTGG	1
GGAGAGTTGAGGTTAG	ENSG00000137970.7	TAGACCGC	1
GGAGAGTTGAGGTTAG	ENSG00000065135.12	noUMI	7
GGAGAGTTGAGGTTAG	ENSG00000213281.5	noUMI	2
GGAGAGTTGAGGTTAG	ENSG00000184260.6	ACCGAAAC	1
GGAGAGTTGAGGTTAG	ENSG00000261168.1	ACCTGCGG	2
GGAGAGTTGAGGTTAG	ENSG00000237872.4	noUMI	2
GGAGAGTTGAGGTTAG	ENSG00000132718.9	noUMI	4
GGAGAGTTGAGGTTAG	ENSG00000224837.1	noUMI	1
GGAGAGTTGAGGTTAG	ENSG00000183155.5	noUMI	1
GGAGAGTTGAGGTTAG	ENSG00000183155.5	TATACACG	1
GGAGAGTTGAGGTTAG	ENSG00000158615.9	noUMI	3
GGAGAGTTGAGGTTAG	ENSG00000158615.9	AGAACCTG	1
GGAGAGTTGAGGTTAG	ENSG00000170385.10	noUMI	2
GGAGAGTTGAGGTTAG	ENSG00000242861.1	noUMI	1
GGAGAGTTGAGGTTAG	ENSG00000143751.10	noUMI	3
GGAGAGTTGAGGTTAG	ENSG00000270104.1	noUMI	1
GGAGAGTTGAGGTTAG	ENSG00000162851.8	noUMI	1
GGAGAGTTGAGGTTAG	ENSG00000143653.10	noUMI	5
GGAGAGTTGAGGTTAG	ENSG00000277462.2	noUMI	1
TTGGAACCCGGTTGTT	ENSG00000225630.1	noUMI	74
TTGGAACCCGGTTGTT	ENSG00000225630.1	ACGGCTTC	1
TTGGAACCCGGTTGTT	ENSG00000225630.1	CCGCTTGG	1
TTGGAACCCGGTTGTT	ENSG00000225630.1	TGGAGAAG	1
TTGGAACCCGGTTGTT	ENSG00000225630.1	AACCAACA	3
TTGGAACCCGGTTGTT	ENSG00000225630.1	TTTCAAGG	2
TTGGAACCCGGTTGTT	ENSG00000225630.1	AACAGTTT	1
TTGGAACCCGGTTGTT	ENSG00000225630.1	GGTCATGT	1
TTGGAACCCGGTTGTT	ENSG00000225630.1	GATACGCT	1
TTGGAACCCGGTTGTT	ENSG00000225630.1	GTGTGCAA	1
TTGGAACCCGGTTGTT	ENSG00000225630.1	CCTCGAGT	1
TTGGAACCCGGTTGTT	ENSG00000225630.1	AACTCGAG	1
TTGGAACCCGGTTGTT	ENSG00000225630.1	ACAAATAT	1
TTGGAACCCGGTTGTT	ENSG00000225630.1	CGGTCGGC	1
TTGGAACCCGGTTGTT	ENSG00000225630.1	GTGTACGG	2
TTGGAACCCGGTTGTT	ENSG00000225630.1	AGACTAAG	1
TTGGAACCCGGTTGTT	ENSG00000225630.1	AGTTCAGG	1
TTGGAACCCGGTTGTT	ENSG00000225630.1	GCTGGGAC	1
TTGGAACCCGGTTGTT	ENSG00000225630.1	TCGACTAA	2
TTGGAACCCGGTTGTT	ENSG00000225630.1	GAATGACT	2
TTGGAACCCGGTTGTT	ENSG00000225630.1	CCGACGTC	1
TTGGAACCCGGTTGTT	ENSG00000225630.1	TCTAGGGC	1
TTGGAACCCGGTTGTT	ENSG00000225630.1	TGTCGGTA	1
TTGGAACCCGGTTGTT	ENSG00000225630.1	GGGCCCAA	1
TTGGAACCCGGTTGTT	ENSG00000225630.1	GGCTAGGT	1
TTGGAACCCGGTTGTT	ENSG00000225630.1	CTAAGGAC	1
TTGGAACCCGGTTGTT	ENSG00000225630.1	GAACTGGG	2
TTGGAACCCGGTTGTT	ENSG00000225630.1	TATGGGGT	2
TTGGAACCCGGTTGTT	ENSG00000225630.1	GCCATGGT	1
TTGGAACCCGGTTGTT	ENSG00000225630.1	GAACGAGG	1
TTGGAACCCGGTTGTT	ENSG00000225630.1	GCAAGCGA	3
TTGGAACCCGGTTGTT	ENSG00000225630.1	ACAGTAGG	3
TTGGAACCCGGTTGTT	ENSG00000225630.1	TTGCCTAC	1
TTGGAACCCGGTTGTT	ENSG00000225630.1	GTCGGGTA	1
TTGGAACCCGGTTGTT	ENSG00000225630.1	ACACATCC	1
TTGGAACCCGGTTGTT	ENSG00000225630.1	CATAGAGA	1
TTGGAACCCGGTTGTT	ENSG00000225630.1	GGATGATG	1
TTGGAACCCGGTTGTT	ENSG00000225630.1	GCCCTGCA	1
TTGGAACCCGGTTGTT	ENSG00000225630.1	TAACCATA	1
TTGGAACCCGGTTGTT	ENSG00000225630.1	GTGCCGAG	1
TTGGAACCCGGTTGTT	ENSG00000225630.1	AACTACGA	1
TTGGAACCCGGTTGTT	ENSG00000225630.1	AGAACCTG	1
TTGGAACCCGGTTGTT	ENSG00000225630.1	CTCATAGC	1
TTGGAACCCGGTTGTT	ENSG00000225630.1	AGGTCAAT	1
TTGGAACCCGGTTGTT	ENSG00000225630.1	GGCATAGC	1
TTGGAACCCGGTTGTT	ENSG00000225630.1	TGCCGCTT	1
TTGGAACCCGGTTGTT	ENSG00000225630.1	TGCATAGA	1
TTGGAACCCGGTTGTT	ENSG00000225630.1	CGTAAACC	1
TTGGAACCCGGTTGTT	ENSG00000225630.1	TAAGTCGA	1
TTGGAACCCGGTTGTT	ENSG00000225630.1	ATATTGAG	2
TTGGAACCCGGTTGTT	ENSG00000225630.1	GGAAAGGT	1
TTGGAACCCGGTTGTT	ENSG00000225630.1	CAGCCTAG	1
TTGGAACCCGGTTGTT	ENSG00000225630.1	TACCTGTA	1
TTGGAACCCGGTTGTT	ENSG00000225630.1	GTTGGGTC	1
TTGGAACCCGGTTGTT	ENSG00000225630.1	ACAGAAAC	1
TTGGAACCCGGTTGTT	ENSG00000225630.1	TCATAGTC	2
TTGGAACCCGGTTGTT	ENSG00000198744.5	noUMI	1
TTGGAACCCGGTTGTT	ENSG00000176022.7	noUMI	5
TTGGAACCCGGTTGTT	ENSG00000269978.1	noUMI	1
TTGGAACCCGGTTGTT	ENSG00000171612.7	noUMI	4
TTGGAACCCGGTTGTT	ENSG00000171612.7	ACTAGACA	1
TTGGAACCCGGTTGTT	ENSG00000288398.1	noUMI	3
TTGGAACCCGGTTGTT	ENSG00000261135.1	noUMI	2
TTGGAACCCGGTTGTT	ENSG00000090432.7	noUMI	21
TTGGAACCCGGTTGTT	ENSG00000090432.7	TACGCCCC	1
TTGGAACCCGGTTGTT	ENSG00000090432.7	ATAGCCCC	1
TTGGAACCCGGTTGTT	ENSG00000090432.7	ATTGGGCG	1
TTGGAACCCGGTTGTT	ENSG00000090432.7	GAGACGCT	1
TTGGAACCCGGTTGTT	ENSG00000179163.12	noUMI	4
TTGGAACCCGGTTGTT	ENSG00000270605.1	noUMI	7
TTGGAACCCGGTTGTT	ENSG00000279443.1	noUMI	2
TTGGAACCCGGTTGTT	ENSG00000175130.7	GGGTAGGT	1
TTGGAACCCGGTTGTT	ENSG00000175130.7	GGGCAGGT	1
TTGGAACCCGGTTGTT	ENSG00000175130.7	ACGGGTGG	1
TTGGAACCCGGTTGTT	ENSG00000243749.1	noUMI	6
TTGGAACCCGGTTGTT	ENSG00000116863.11	noUMI	21
TTGGAACCCGGTTGTT	ENSG00000116981.4	noUMI	5
TTGGAACCCGGTTGTT	ENSG00000117000.9	noUMI	15
TTGGAACCCGGTTGTT	ENSG00000259943.1	noUMI	1
GGAGAGTTCAATGGAC	ENSG00000225630.1	noUMI	30
GGAGAGTTCAATGGAC	ENSG00000225630.1	GTCACCGC	1
GGAGAGTTCAATGGAC	ENSG00000225630.1	GTTAACGT	1
GGAGAGTTCAATGGAC	ENSG00000225630.1	CATATCGG	1
GGAGAGTTCAATGGAC	ENSG00000225630.1	CTCTTAGG	1
GGAGAGTTCAATGGAC	ENSG00000225630.1	CGTGTGCA	1
GGAGAGTTCAATGGAC	ENSG00000225630.1	ACAGTTGA	1
GGAGAGTTCAATGGAC	ENSG00000225630.1	CGAGGTTC	1
GGAGAGTTCAATGGAC	ENSG00000225630.1	CAGGGAAT	1
GGAGAGTTCAATGGAC	ENSG00000225630.1	CGTCAGGC	1
GGAGAGTTCAATGGAC	ENSG00000225630.1	TAAGGATA	2
GGAGAGTTCAATGGAC	ENSG00000225630.1	CAACCGCT	1
GGAGAGTTCAATGGAC	ENSG00000225630.1	CTTACATC	1
GGAGAGTTCAATGGAC	ENSG00000225630.1	GGATCATA	1
GGAGAGTTCAATGGAC	ENSG00000225630.1	CACCAAGG	1
GGAGAGTTCAATGGAC	ENSG00000225630.1	CGTACCGT	1
GGAGAGTTCAATGGAC	ENSG00000225630.1	ACAATTTA	1
GGAGAGTTCAATGGAC	ENSG00000225630.1	GTCATATT	1
GGAGAGTTCAATGGAC	ENSG00000225630.1	AACAACCT	1
GGAGAGTTCAATGGAC	ENSG00000225630.1	AATCTTTG	2
GGAGAGTTCAATGGAC	ENSG00000225630.1	AAGGAACC	1
GGAGAGTTCAATGGAC	ENSG00000225630.1	AAAGAAAC	1
GGAGAGTTCAATGGAC	ENSG00000225630.1	GAATCATG	1
GGAGAGTTCAATGGAC	ENSG00000225630.1	AGGATGGT	1
GGAGAGTTCAATGGAC	ENSG00000225630.1	TGTGTCAA	1
GGAGAGTTCAATGGAC	ENSG00000225630.1	AGGCTAGC	1
GGAGAGTTCAATGGAC	ENSG00000225630.1	AGGCTGAC	1
GGAGAGTTCAATGGAC	ENSG00000225630.1	GTTATGGT	1
GGAGAGTTCAATGGAC	ENSG00000225630.1	ATTCCCGC	1
GGAGAGTTCAATGGAC	ENSG00000225630.1	TCTAACCA	1
GGAGAGTTCAATGGAC	ENSG00000225630.1	CCGATATA	1
GGAGAGTTCAATGGAC	ENSG00000225630.1	GTGGGACC	1
GGAGAGTTCAATGGAC	ENSG00000225630.1	CTGGGGGT	1
GGAGAGTTCAATGGAC	ENSG00000225630.1	TCGCCCGG	1
GGAGAGTTCAATGGAC	ENSG00000225630.1	GTTAACAC	1
GGAGAGTTCAATGGAC	ENSG00000225630.1	GACTCCTT	1
GGAGAGTTCAATGGAC	ENSG00000225630.1	AGGAATCC	1
GGAGAGTTCAATGGAC	ENSG00000225630.1	TGACATCG	1
GGAGAGTTCAATGGAC	ENSG00000225630.1	AGTACAGT	1
GGAGAGTTCAATGGAC	ENSG00000225630.1	TAACCCGT	1
GGAGAGTTCAATGGAC	ENSG00000225630.1	AGGGGCCC	1
GGAGAGTTCAATGGAC	ENSG00000225630.1	GTCCATGC	1
GGAGAGTTCAATGGAC	ENSG00000225630.1	CATGTAAG	1
GGAGAGTTCAATGGAC	ENSG00000225630.1	AAGGTCGT	2
GGAGAGTTCAATGGAC	ENSG00000225630.1	GAGGACCC	1
GGAGAGTTCAATGGAC	ENSG00000225630.1	CACAAAAC	1
GGAGAGTTCAATGGAC	ENSG00000225630.1	GCGTAAAC	2
GGAGAGTTCAATGGAC	ENSG00000225630.1	GTAAAGTG	1
GGAGAGTTCAATGGAC	ENSG00000225630.1	GAAAGAAA	2
GGAGAGTTCAATGGAC	ENSG00000225630.1	TTGGGTCT	1
GGAGAGTTCAATGGAC	ENSG00000225630.1	ATGTCGCG	1
GGAGAGTTCAATGGAC	ENSG00000225630.1	TAAGCGTG	1
GGAGAGTTCAATGGAC	ENSG00000225630.1	CTGATGCC	1
GGAGAGTTCAATGGAC	ENSG00000228594.4	noUMI	3
GGAGAGTTCAATGGAC	ENSG00000269978.1	noUMI	3
GGAGAGTTCAATGGAC	ENSG00000288398.1	noUMI	2
GGAGAGTTCAATGGAC	ENSG00000261135.1	noUMI	2
GGAGAGTTCAATGGAC	ENSG00000090432.7	noUMI	5
GGAGAGTTCAATGGAC	ENSG00000090432.7	GCTTGGTG	1
GGAGAGTTCAATGGAC	ENSG00000090432.7	AACAACTT	1
GGAGAGTTCAATGGAC	ENSG00000183114.8	TCGAGGCC	1
GGAGAGTTCAATGGAC	ENSG00000225159.1	noUMI	1
GGAGAGTTCAATGGAC	ENSG00000270605.1	noUMI	1
GGAGAGTTCAATGGAC	ENSG00000279443.1	noUMI	3
GGAGAGTTCAATGGAC	ENSG00000175130.7	noUMI	4
GGAGAGTTCAATGGAC	ENSG00000175130.7	ATCCACTA	1
GGAGAGTTCAATGGAC	ENSG00000175130.7	GCATATTC	1
GGAGAGTTCAATGGAC	ENSG00000286899.1	noUMI	1
GGAGAGTTCAATGGAC	ENSG00000116863.11	noUMI	12
GGAGAGTTCAATGGAC	ENSG00000116863.11	GTCTCAAA	1
GGAGAGTTCAATGGAC	ENSG00000185668.8	noUMI	2
GGAGAGTTCAATGGAC	ENSG00000287422.1	noUMI	7
GGAGAGTTCAATGGAC	ENSG00000116981.4	noUMI	2
GGAGAGTTCAATGGAC	ENSG00000117000.9	noUMI	4
GGAGAGTTCAATGGAC	ENSG00000259943.1	noUMI	2
GGAGAGTTCAATGGAC	ENSG00000237130.1	noUMI	1
GGAGAGTTCAATGGAC	ENSG00000169213.7	noUMI	18
GGAGAGTTCAATGGAC	ENSG00000228369.2	noUMI	1
GGAGAGTTCAATGGAC	ENSG00000066557.6	noUMI	6
GGAGAGTTCAATGGAC	ENSG00000226415.1	noUMI	1
GGAGAGTTCAATGGAC	ENSG00000271576.1	noUMI	9
GGAGAGTTCAATGGAC	ENSG00000271576.1	CCTCGCAC	1
CAACCTCACGAATTGG	ENSG00000279457.4	noUMI	3
CAACCTCACGAATTGG	ENSG00000279457.4	ACAACTAG	1
CAACCTCACGAATTGG	ENSG00000225630.1	GACGTGAC	1
CAACCTCACGAATTGG	ENSG00000225630.1	GGATTCGT	1
CAACCTCACGAATTGG	ENSG00000225630.1	ACAGACAC	1
CAACCTCACGAATTGG	ENSG00000225630.1	TAAAGAGA	1
CAACCTCACGAATTGG	ENSG00000225630.1	AAGTAGAC	2
CAACCTCACGAATTGG	ENSG00000225630.1	noUMI	37
CAACCTCACGAATTGG	ENSG00000225630.1	CCTGCAGG	1
CAACCTCACGAATTGG	ENSG00000225630.1	AACTCGCG	1
CAACCTCACGAATTGG	ENSG00000225630.1	GGGGCCGG	2
CAACCTCACGAATTGG	ENSG00000225630.1	TCAGAGTG	2
CAACCTCACGAATTGG	ENSG00000225630.1	CCTTGACT	1
CAACCTCACGAATTGG	ENSG00000225630.1	GAGATTTG	1
CAACCTCACGAATTGG	ENSG00000225630.1	AAAGGGCC	1
CAACCTCACGAATTGG	ENSG00000225630.1	GTATGGTT	2
CAACCTCACGAATTGG	ENSG00000225630.1	GTCAAAGT	1
CAACCTCACGAATTGG	ENSG00000225630.1	TCGACAGG	3
CAACCTCACGAATTGG	ENSG00000225630.1	AACACCGA	1
CAACCTCACGAATTGG	ENSG00000225630.1	TCAAATGA	1
CAACCTCACGAATTGG	ENSG00000225630.1	AGGAGAAC	1
CAACCTCACGAATTGG	ENSG00000225630.1	GTGCGATG	1
CAACCTCACGAATTGG	ENSG00000225630.1	GTTGTGTA	1
CAACCTCACGAATTGG	ENSG00000225630.1	GTCAGAGA	1
CAACCTCACGAATTGG	ENSG00000225630.1	GAAATACA	1
CAACCTCACGAATTGG	ENSG00000225630.1	TCTAACCC	1
CAACCTCACGAATTGG	ENSG00000225630.1	GCAACAAC	1
CAACCTCACGAATTGG	ENSG00000225630.1	AGACCTCT	1
CAACCTCACGAATTGG	ENSG00000225630.1	CCTAACGT	3
CAACCTCACGAATTGG	ENSG00000225630.1	CAGAAAAG	1
CAACCTCACGAATTGG	ENSG00000225630.1	GTGGACTG	1
CAACCTCACGAATTGG	ENSG00000225630.1	GTGCCATG	1
CAACCTCACGAATTGG	ENSG00000225630.1	AGGACCAC	1
CAACCTCACGAATTGG	ENSG00000225630.1	CGATAGGG	1
CAACCTCACGAATTGG	ENSG00000225630.1	TGTACGCC	1
CAACCTCACGAATTGG	ENSG00000225630.1	CGAGTCCG	1
CAACCTCACGAATTGG	ENSG00000225630.1	CACATAAG	1
CAACCTCACGAATTGG	ENSG00000225630.1	GTCGCACA	1
CAACCTCACGAATTGG	ENSG00000225630.1	CTTATCGC	2
CAACCTCACGAATTGG	ENSG00000225630.1	ACGCCAGT	1
CAACCTCACGAATTGG	ENSG00000225630.1	AGAGGTCT	1
CAACCTCACGAATTGG	ENSG00000225630.1	TATTCAGT	1
CAACCTCACGAATTGG	ENSG00000225630.1	CTCAGGAT	1
CAACCTCACGAATTGG	ENSG00000225630.1	CTAGCCAA	1
CAACCTCACGAATTGG	ENSG00000225630.1	TAGGTAGC	1
CAACCTCACGAATTGG	ENSG00000225630.1	CTTGAGGG	1
CAACCTCACGAATTGG	ENSG00000225630.1	TGAAGCGA	1
CAACCTCACGAATTGG	ENSG00000225630.1	AACGACGC	1
CAACCTCACGAATTGG	ENSG00000225630.1	CGTACGGG	1
CAACCTCACGAATTGG	ENSG00000225630.1	TCCGACAA	1
CAACCTCACGAATTGG	ENSG00000225630.1	ATGTCTGG	1
CAACCTCACGAATTGG	ENSG00000225630.1	ATTCAGAC	2
CAACCTCACGAATTGG	ENSG00000225630.1	GACACAAG	1
CAACCTCACGAATTGG	ENSG00000225630.1	TTGGAGGT	1
CAACCTCACGAATTGG	ENSG00000225630.1	CATTGCCA	1
CAACCTCACGAATTGG	ENSG00000225630.1	AACCGAAC	1
CAACCTCACGAATTGG	ENSG00000225630.1	GCTTAACG	1
CAACCTCACGAATTGG	ENSG00000198744.5	noUMI	1
CAACCTCACGAATTGG	ENSG00000176022.7	noUMI	1
CAACCTCACGAATTGG	ENSG00000272455.1	ATGCGATG	1
CAACCTCACGAATTGG	ENSG00000272455.1	noUMI	3
CAACCTCACGAATTGG	ENSG00000228594.4	noUMI	1
CAACCTCACGAATTGG	ENSG00000224387.1	noUMI	1
CAACCTCACGAATTGG	ENSG00000288398.1	noUMI	2
CAACCTCACGAATTGG	ENSG00000261135.1	noUMI	4
CAACCTCACGAATTGG	ENSG00000270728.1	noUMI	2
CAACCTCACGAATTGG	ENSG00000090432.7	noUMI	6
CAACCTCACGAATTGG	ENSG00000232037.3	ATTAGGTA	1
CAACCTCACGAATTGG	ENSG00000179163.12	noUMI	1
CAACCTCACGAATTGG	ENSG00000284657.1	noUMI	3
CAACCTCACGAATTGG	ENSG00000130766.5	noUMI	1
CAACCTCACGAATTGG	ENSG00000175130.7	noUMI	6
CAACCTCACGAATTGG	ENSG00000175130.7	GCATGAGG	1
CAACCTCACGAATTGG	ENSG00000175130.7	AGTCCGGT	1
CAACCTCACGAATTGG	ENSG00000273274.2	noUMI	1
CAACCTCACGAATTGG	ENSG00000243749.1	noUMI	1
CAACCTCACGAATTGG	ENSG00000243749.1	ACGCTCGT	1
CAACCTCACGAATTGG	ENSG00000243749.1	TAATTACA	1
CAACCTCACGAATTGG	ENSG00000236274.1	noUMI	3
CAACCTCACGAATTGG	ENSG00000116863.11	noUMI	8
CAACCTCACGAATTGG	ENSG00000116863.11	GTGAGCAG	2
CAACCTCACGAATTGG	ENSG00000163909.8	noUMI	2
CAACCTCACGAATTGG	ENSG00000163909.8	TGTGGAGC	1
CAACCTCACGAATTGG	ENSG00000116981.4	noUMI	1
CAACCTCACGAATTGG	ENSG00000117000.9	CAACACAC	3
CAACCTCACGAATTGG	ENSG00000117000.9	noUMI	2
CAACCTCACGAATTGG	ENSG00000117000.9	AGGGGACT	1
CAACCTCACGAATTGG	ENSG00000259943.1	noUMI	4
CAACCTCACGAATTGG	ENSG00000259943.1	GTGTACAA	1
CAACCTCACGAATTGG	ENSG00000259943.1	GGGAAACG	2
CAACCTCACGAATTGG	ENSG00000162396.6	noUMI	1
CAACCTCACGAATTGG	ENSG00000116704.8	noUMI	2
CAACCTCACGAATTGG	ENSG00000066557.6	noUMI	21
CAACCTCACGAATTGG	ENSG00000066557.6	TGCGACTC	1
CAACCTCACGAATTGG	ENSG00000066557.6	CGGTAGAC	1
CAACCTCACGAATTGG	ENSG00000066557.6	CTAGCACC	1
CAACCTCACGAATTGG	ENSG00000066557.6	ACTCGGTA	1
GCATGTCTGAGAAGGA	ENSG00000279457.4	AGCGGAGT	1
GCATGTCTGAGAAGGA	ENSG00000279457.4	noUMI	1
GCATGTCTGAGAAGGA	ENSG00000279457.4	CTGGGAGA	1
GCATGTCTGAGAAGGA	ENSG00000225630.1	GCGGTGAC	2
GCATGTCTGAGAAGGA	ENSG00000225630.1	GCCCCAGT	1
GCATGTCTGAGAAGGA	ENSG00000225630.1	CACTCCAA	1
GCATGTCTGAGAAGGA	ENSG00000225630.1	noUMI	69
GCATGTCTGAGAAGGA	ENSG00000225630.1	CTCAGTAG	1
GCATGTCTGAGAAGGA	ENSG00000225630.1	TACCTGAG	1
GCATGTCTGAGAAGGA	ENSG00000225630.1	GCCAGACC	3
GCATGTCTGAGAAGGA	ENSG00000225630.1	ATGGCACT	2
GCATGTCTGAGAAGGA	ENSG00000225630.1	ACCGCTAC	3
GCATGTCTGAGAAGGA	ENSG00000225630.1	CGAGCGCA	1
GCATGTCTGAGAAGGA	ENSG00000225630.1	TTGACGCC	1
GCATGTCTGAGAAGGA	ENSG00000225630.1	TAGTGCCT	1
GCATGTCTGAGAAGGA	ENSG00000225630.1	AATTAAGA	1
GCATGTCTGAGAAGGA	ENSG00000225630.1	TATTGGGA	1
GCATGTCTGAGAAGGA	ENSG00000225630.1	CAAGGTAT	2
GCATGTCTGAGAAGGA	ENSG00000225630.1	GCACTTCA	1
GCATGTCTGAGAAGGA	ENSG00000225630.1	CAGTCTTC	1
GCATGTCTGAGAAGGA	ENSG00000225630.1	CTAAGTAT	3
GCATGTCTGAGAAGGA	ENSG00000225630.1	CTTAGGAA	1
GCATGTCTGAGAAGGA	ENSG00000225630.1	TACATGCC	1
GCATGTCTGAGAAGGA	ENSG00000225630.1	CTCACTCG	2
GCATGTCTGAGAAGGA	ENSG00000225630.1	AACTAATA	1
GCATGTCTGAGAAGGA	ENSG00000225630.1	TAGCTGGG	2
GCATGTCTGAGAAGGA	ENSG00000225630.1	GTAACCCT	1
GCATGTCTGAGAAGGA	ENSG00000225630.1	CGCAATGG	1
GCATGTCTGAGAAGGA	ENSG00000225630.1	ATGCGGGT	1
GCATGTCTGAGAAGGA	ENSG00000225630.1	ACTATAGT	1
GCATGTCTGAGAAGGA	ENSG00000225630.1	CAGATACC	1
GCATGTCTGAGAAGGA	ENSG00000225630.1	AGAAGACA	1
GCATGTCTGAGAAGGA	ENSG00000225630.1	GTAACCAT	1
GCATGTCTGAGAAGGA	ENSG00000225630.1	TTTTGCAG	1
GCATGTCTGAGAAGGA	ENSG00000225630.1	GCTCAACG	1
GCATGTCTGAGAAGGA	ENSG00000225630.1	TAGGCGGG	4
GCATGTCTGAGAAGGA	ENSG00000225630.1	CAACACCG	1
GCATGTCTGAGAAGGA	ENSG00000225630.1	CTTGTCAA	1
GCATGTCTGAGAAGGA	ENSG00000225630.1	CGTTGGAT	1
GCATGTCTGAGAAGGA	ENSG00000225630.1	AACGCGGA	2
GCATGTCTGAGAAGGA	ENSG00000225630.1	CCGCGTCG	1
GCATGTCTGAGAAGGA	ENSG00000225630.1	AACGGGAA	1
GCATGTCTGAGAAGGA	ENSG00000225630.1	TAAGGGCA	1
GCATGTCTGAGAAGGA	ENSG00000225630.1	GTCTTCGA	1
GCATGTCTGAGAAGGA	ENSG00000225630.1	CAGGGATC	1
GCATGTCTGAGAAGGA	ENSG00000225630.1	GTAACTAA	1
GCATGTCTGAGAAGGA	ENSG00000225630.1	AACGATAG	1
GCATGTCTGAGAAGGA	ENSG00000225630.1	AGATAACT	1
GCATGTCTGAGAAGGA	ENSG00000225630.1	TTAACTGG	1
GCATGTCTGAGAAGGA	ENSG00000225630.1	CGGCATCA	1
GCATGTCTGAGAAGGA	ENSG00000225630.1	GGGAAAGC	1
GCATGTCTGAGAAGGA	ENSG00000225630.1	ATGGCTAC	1
GCATGTCTGAGAAGGA	ENSG00000225630.1	TACGAGAG	1
GCATGTCTGAGAAGGA	ENSG00000225630.1	ATCTCAGT	2
GCATGTCTGAGAAGGA	ENSG00000225630.1	GGTCATAA	1
GCATGTCTGAGAAGGA	ENSG00000225630.1	GCGTTGGA	1
GCATGTCTGAGAAGGA	ENSG00000225630.1	AGATCGGG	1
GCATGTCTGAGAAGGA	ENSG00000225630.1	TCCATGTT	3
GCATGTCTGAGAAGGA	ENSG00000225630.1	GGTCCGGT	1
GCATGTCTGAGAAGGA	ENSG00000225630.1	TTACGTAC	1
GCATGTCTGAGAAGGA	ENSG00000225630.1	AGCATGAA	2
GCATGTCTGAGAAGGA	ENSG00000225630.1	CCACAACA	3
GCATGTCTGAGAAGGA	ENSG00000225630.1	GTCCGGCT	3
GCATGTCTGAGAAGGA	ENSG00000225630.1	AGCCAAAG	2
GCATGTCTGAGAAGGA	ENSG00000225630.1	ATACCTGA	1
GCATGTCTGAGAAGGA	ENSG00000225630.1	AGGATACC	1
GCATGTCTGAGAAGGA	ENSG00000225630.1	GCGCCAAC	1
GCATGTCTGAGAAGGA	ENSG00000225630.1	CCTGTGCA	2
GCATGTCTGAGAAGGA	ENSG00000225630.1	TGGCATCA	1
GCATGTCTGAGAAGGA	ENSG00000225630.1	TATTGAAT	1
GCATGTCTGAGAAGGA	ENSG00000225630.1	CATGAGTT	1
GCATGTCTGAGAAGGA	ENSG00000225630.1	CCAAAGTA	1
GCATGTCTGAGAAGGA	ENSG00000225630.1	CGAAGCTA	1
GCATGTCTGAGAAGGA	ENSG00000225630.1	GGATAGCA	1
GCATGTCTGAGAAGGA	ENSG00000225630.1	ATAAAAAC	1
GCATGTCTGAGAAGGA	ENSG00000225630.1	ATGAGGGT	1
GCATGTCTGAGAAGGA	ENSG00000225630.1	TTGGCAAT	1
GCATGTCTGAGAAGGA	ENSG00000225630.1	GAGGATCA	2
GCATGTCTGAGAAGGA	ENSG00000225630.1	CAAATGAG	1
GCATGTCTGAGAAGGA	ENSG00000225630.1	AAGGAAAT	1
GCATGTCTGAGAAGGA	ENSG00000225630.1	CACGCGGC	1
GCATGTCTGAGAAGGA	ENSG00000225630.1	ACAACGAC	1
GCATGTCTGAGAAGGA	ENSG00000225630.1	GCGAGCGA	1
GCATGTCTGAGAAGGA	ENSG00000225630.1	GCAAACAC	2
GCATGTCTGAGAAGGA	ENSG00000225630.1	GAGTACTG	1
GCATGTCTGAGAAGGA	ENSG00000225630.1	GTTGCCGC	1
GCATGTCTGAGAAGGA	ENSG00000225630.1	TGTACTTC	2
GCATGTCTGAGAAGGA	ENSG00000225630.1	CCTTGCTT	1
GCATGTCTGAGAAGGA	ENSG00000225630.1	GCAACAAC	1
GCATGTCTGAGAAGGA	ENSG00000225630.1	CATCTTCC	1
GCATGTCTGAGAAGGA	ENSG00000225630.1	GCCCTCTC	1
GCATGTCTGAGAAGGA	ENSG00000225630.1	TAGAGCTT	1
GCATGTCTGAGAAGGA	ENSG00000225630.1	ACTTCGAT	1
GCATGTCTGAGAAGGA	ENSG00000225630.1	CATACGTG	1
GCATGTCTGAGAAGGA	ENSG00000225630.1	GTCGGTTG	1
GCATGTCTGAGAAGGA	ENSG00000225630.1	TCTCACTT	1
GCATGTCTGAGAAGGA	ENSG00000225630.1	CTGGTCGG	1
GCATGTCTGAGAAGGA	ENSG00000225630.1	CACTAAAC	1
GCATGTCTGAGAAGGA	ENSG00000225630.1	TGTGATTA	1
GCATGTCTGAGAAGGA	ENSG00000225630.1	TCGTCTAG	1
GCATGTCTGAGAAGGA	ENSG00000225630.1	TGTGGTAT	1
GCATGTCTGAGAAGGA	ENSG00000225630.1	GCTCGATG	1
GCATGTCTGAGAAGGA	ENSG00000225630.1	ACAGTGCT	1
GCATGTCTGAGAAGGA	ENSG00000225630.1	TATGCAAT	2
GCATGTCTGAGAAGGA	ENSG00000225630.1	ACAGAATG	2
GCATGTCTGAGAAGGA	ENSG00000225630.1	ACGGCTCC	1
GCATGTCTGAGAAGGA	ENSG00000225630.1	TCCAAGTG	1
GCATGTCTGAGAAGGA	ENSG00000225630.1	TAACATGC	1
GCATGTCTGAGAAGGA	ENSG00000225630.1	AGAATCGT	1
GCATGTCTGAGAAGGA	ENSG00000225630.1	ATTCGACA	1
GCATGTCTGAGAAGGA	ENSG00000225630.1	CTCTCGGC	2
GCATGTCTGAGAAGGA	ENSG00000225630.1	GCTTGCCC	1
GCATGTCTGAGAAGGA	ENSG00000225630.1	GACAGGGC	1
GCATGTCTGAGAAGGA	ENSG00000225630.1	GAGTCGCT	1
GCATGTCTGAGAAGGA	ENSG00000225630.1	ATCGACTC	2
GCATGTCTGAGAAGGA	ENSG00000225630.1	ATTGACCG	1
GCATGTCTGAGAAGGA	ENSG00000225630.1	TCGGACTT	1
GCATGTCTGAGAAGGA	ENSG00000225630.1	CGGCTATA	1
GCATGTCTGAGAAGGA	ENSG00000225630.1	AGGGCACA	1
GCATGTCTGAGAAGGA	ENSG00000225630.1	GAGTTTAG	1
GCATGTCTGAGAAGGA	ENSG00000225630.1	CACAGACC	1
GCATGTCTGAGAAGGA	ENSG00000225630.1	GTCACCTA	1
GCATGTCTGAGAAGGA	ENSG00000225630.1	GCTAAAAC	1
GCATGTCTGAGAAGGA	ENSG00000225630.1	AGGGACCG	1
GCATGTCTGAGAAGGA	ENSG00000225630.1	GAATACCA	1
GCATGTCTGAGAAGGA	ENSG00000225630.1	GCGAGTTA	1
GCATGTCTGAGAAGGA	ENSG00000225630.1	TCGCTAAA	1
GCATGTCTGAGAAGGA	ENSG00000225630.1	GGTCACCT	1
GCATGTCTGAGAAGGA	ENSG00000225630.1	TCCAGCGG	1
GCATGTCTGAGAAGGA	ENSG00000225630.1	GCATGATT	1
GCATGTCTGAGAAGGA	ENSG00000225630.1	CGTAGTTC	1
GCATGTCTGAGAAGGA	ENSG00000171612.7	AACGTACT	3
GCATGTCTGAGAAGGA	ENSG00000171612.7	AACGATCT	1
GCATGTCTGAGAAGGA	ENSG00000171612.7	noUMI	2
GCATGTCTGAGAAGGA	ENSG00000224321.1	noUMI	1
GCATGTCTGAGAAGGA	ENSG00000288398.1	noUMI	5
GCATGTCTGAGAAGGA	ENSG00000272426.1	noUMI	1
GCATGTCTGAGAAGGA	ENSG00000272426.1	TCGTGCCT	1
GCATGTCTGAGAAGGA	ENSG00000158748.4	noUMI	2
GCATGTCTGAGAAGGA	ENSG00000090432.7	CAGTGGTG	1
GCATGTCTGAGAAGGA	ENSG00000090432.7	CAGGGGTG	1
GCATGTCTGAGAAGGA	ENSG00000090432.7	noUMI	1
GCATGTCTGAGAAGGA	ENSG00000090432.7	GAGACGGC	1
GCATGTCTGAGAAGGA	ENSG00000235112.1	noUMI	3
GCATGTCTGAGAAGGA	ENSG00000179163.12	noUMI	14
GCATGTCTGAGAAGGA	ENSG00000228589.3	GCAGCAAT	1
GCATGTCTGAGAAGGA	ENSG00000130766.5	noUMI	1
GCATGTCTGAGAAGGA	ENSG00000175130.7	ATTAGATC	1
GCATGTCTGAGAAGGA	ENSG00000175130.7	AGAAATAT	1
GCATGTCTGAGAAGGA	ENSG00000116863.11	ACTACGTC	1
GCATGTCTGAGAAGGA	ENSG00000116863.11	noUMI	12
GCATGTCTGAGAAGGA	ENSG00000116981.4	noUMI	1
GCATGTCTGAGAAGGA	ENSG00000259943.1	noUMI	1
GCATGTCTGAGAAGGA	ENSG00000281112.1	noUMI	3
GCATGTCTGAGAAGGA	ENSG00000162396.6	noUMI	2
GCATGTCTGAGAAGGA	ENSG00000116704.8	noUMI	1
GCATGTCTGAGAAGGA	ENSG00000116704.8	ATTGTGGG	1
CTCAACAGCGGTTGTT	ENSG00000225630.1	GGGGAAGT	1
CTCAACAGCGGTTGTT	ENSG00000225630.1	GCGTTTGA	1
CTCAACAGCGGTTGTT	ENSG00000225630.1	TGGTAACT	1
CTCAACAGCGGTTGTT	ENSG00000225630.1	CCAGTTCT	1
CTCAACAGCGGTTGTT	ENSG00000225630.1	noUMI	36
CTCAACAGCGGTTGTT	ENSG00000225630.1	GTAAAGCC	1
CTCAACAGCGGTTGTT	ENSG00000225630.1	CCGTACCA	1
CTCAACAGCGGTTGTT	ENSG00000225630.1	CCCAAGCA	2
CTCAACAGCGGTTGTT	ENSG00000225630.1	GATAGAAT	1
CTCAACAGCGGTTGTT	ENSG00000225630.1	GATTACGA	1
CTCAACAGCGGTTGTT	ENSG00000225630.1	GGCGTATA	2
CTCAACAGCGGTTGTT	ENSG00000225630.1	GCTATAGT	2
CTCAACAGCGGTTGTT	ENSG00000225630.1	GTAAAAGT	1
CTCAACAGCGGTTGTT	ENSG00000225630.1	ATGACTAT	1
CTCAACAGCGGTTGTT	ENSG00000225630.1	CGAACACA	1
CTCAACAGCGGTTGTT	ENSG00000225630.1	GCACTGTG	2
CTCAACAGCGGTTGTT	ENSG00000225630.1	CGATTCAT	1
CTCAACAGCGGTTGTT	ENSG00000225630.1	GTTTACGG	1
CTCAACAGCGGTTGTT	ENSG00000225630.1	TACAGGTC	1
CTCAACAGCGGTTGTT	ENSG00000225630.1	CTCGCTGG	1
CTCAACAGCGGTTGTT	ENSG00000225630.1	GACTATCG	1
CTCAACAGCGGTTGTT	ENSG00000225630.1	CAGAACCG	1
CTCAACAGCGGTTGTT	ENSG00000225630.1	ACAAGACG	1
CTCAACAGCGGTTGTT	ENSG00000225630.1	CCAACGTA	1
CTCAACAGCGGTTGTT	ENSG00000225630.1	TGGCCTTA	1
CTCAACAGCGGTTGTT	ENSG00000225630.1	ATAGGGTC	1
CTCAACAGCGGTTGTT	ENSG00000225630.1	ACCTGATT	2
CTCAACAGCGGTTGTT	ENSG00000225630.1	CTTGTTTA	1
CTCAACAGCGGTTGTT	ENSG00000225630.1	GACTATGC	1
CTCAACAGCGGTTGTT	ENSG00000225630.1	GTTATACC	1
CTCAACAGCGGTTGTT	ENSG00000225630.1	GAACGTTC	1
CTCAACAGCGGTTGTT	ENSG00000225630.1	AACGGTTT	1
CTCAACAGCGGTTGTT	ENSG00000225630.1	GGGAACCA	1
CTCAACAGCGGTTGTT	ENSG00000225630.1	ATCAAGTA	1
CTCAACAGCGGTTGTT	ENSG00000225630.1	CGACCAGA	1
CTCAACAGCGGTTGTT	ENSG00000225630.1	ACACAAGC	1
CTCAACAGCGGTTGTT	ENSG00000225630.1	TTGCAACA	1
CTCAACAGCGGTTGTT	ENSG00000225630.1	AAACTACG	1
CTCAACAGCGGTTGTT	ENSG00000225630.1	TGGGGGGC	1
CTCAACAGCGGTTGTT	ENSG00000225630.1	TAGTCGAC	1
CTCAACAGCGGTTGTT	ENSG00000225630.1	GGATACAG	1
CTCAACAGCGGTTGTT	ENSG00000225630.1	GCGGTCCA	1
CTCAACAGCGGTTGTT	ENSG00000225630.1	CATGATCA	1
CTCAACAGCGGTTGTT	ENSG00000225630.1	ACATGGCA	1
CTCAACAGCGGTTGTT	ENSG00000225630.1	AAGACACA	1
CTCAACAGCGGTTGTT	ENSG00000225630.1	TGTGTGGT	1
CTCAACAGCGGTTGTT	ENSG00000225630.1	CTGTTACC	1
CTCAACAGCGGTTGTT	ENSG00000225630.1	GACACCTA	1
CTCAACAGCGGTTGTT	ENSG00000233954.6	CCAGACAT	1
CTCAACAGCGGTTGTT	ENSG00000090432.7	noUMI	20
CTCAACAGCGGTTGTT	ENSG00000090432.7	AGTCATCC	1
CTCAACAGCGGTTGTT	ENSG00000228589.3	noUMI	2
CTCAACAGCGGTTGTT	ENSG00000175130.7	noUMI	3
CTCAACAGCGGTTGTT	ENSG00000273274.2	noUMI	2
CTCAACAGCGGTTGTT	ENSG00000116863.11	GTGCTGGA	2
CTCAACAGCGGTTGTT	ENSG00000237424.1	noUMI	1
CTCAACAGCGGTTGTT	ENSG00000116704.8	noUMI	2
CTCAACAGCGGTTGTT	ENSG00000066557.6	noUMI	28
CTCAACAGCGGTTGTT	ENSG00000271576.1	noUMI	2
CTCAACAGCGGTTGTT	ENSG00000137970.7	noUMI	1
CTCAACAGCGGTTGTT	ENSG00000137970.7	CTCAAGAC	1
CTCAACAGCGGTTGTT	ENSG00000137970.7	CGTTAACC	1
CTCAACAGCGGTTGTT	ENSG00000137970.7	GGCGTCGC	1
CTCAACAGCGGTTGTT	ENSG00000251484.3	GTGCCGCT	1
CTCAACAGCGGTTGTT	ENSG00000065135.12	TTAGAAGC	1
CTCAACAGCGGTTGTT	ENSG00000065135.12	noUMI	42
CTCAACAGCGGTTGTT	ENSG00000065135.12	CCCTCGAG	1
CTCAACAGCGGTTGTT	ENSG00000065135.12	GTGCCTAG	1
CTCAACAGCGGTTGTT	ENSG00000065135.12	GGGGTCGG	1
CTCAACAGCGGTTGTT	ENSG00000213281.5	noUMI	11
CTCAACAGCGGTTGTT	ENSG00000213281.5	GGGTCGTT	1
CTCAACAGCGGTTGTT	ENSG00000183508.5	noUMI	9
CTCAACAGCGGTTGTT	ENSG00000277702.1	TGCCATCC	1
CTCAACAGCGGTTGTT	ENSG00000215784.6	noUMI	2
CTCAACAGCGGTTGTT	ENSG00000203812.2	ACTGATGT	1
CTCAACAGCGGTTGTT	ENSG00000184260.6	GAGAGTTC	1
CTCAACAGCGGTTGTT	ENSG00000184260.6	noUMI	1
TCCAAGTCCGATACTG	ENSG00000279457.4	noUMI	1
TCCAAGTCCGATACTG	ENSG00000225630.1	TACGGCTG	1
TCCAAGTCCGATACTG	ENSG00000225630.1	AATAACCG	1
TCCAAGTCCGATACTG	ENSG00000225630.1	noUMI	27
TCCAAGTCCGATACTG	ENSG00000225630.1	GTGCAACG	1
TCCAAGTCCGATACTG	ENSG00000225630.1	GAATAAAT	1
TCCAAGTCCGATACTG	ENSG00000225630.1	CTTGTCCC	1
TCCAAGTCCGATACTG	ENSG00000225630.1	GTTCCGCA	1
TCCAAGTCCGATACTG	ENSG00000225630.1	ACTACAGG	1
TCCAAGTCCGATACTG	ENSG00000225630.1	ACAGCAGC	1
TCCAAGTCCGATACTG	ENSG00000225630.1	GCGAACCT	1
TCCAAGTCCGATACTG	ENSG00000225630.1	AGCCTTCT	1
TCCAAGTCCGATACTG	ENSG00000225630.1	GTAAGCCG	1
TCCAAGTCCGATACTG	ENSG00000225630.1	GGTGAACG	1
TCCAAGTCCGATACTG	ENSG00000225630.1	TAAGAACC	1
TCCAAGTCCGATACTG	ENSG00000225630.1	GTCTCCCC	1
TCCAAGTCCGATACTG	ENSG00000225630.1	GTGGATAA	2
TCCAAGTCCGATACTG	ENSG00000225630.1	AGTTCCGG	4
TCCAAGTCCGATACTG	ENSG00000225630.1	AAACAGGG	1
TCCAAGTCCGATACTG	ENSG00000225630.1	GGGGCCCT	1
TCCAAGTCCGATACTG	ENSG00000225630.1	CTACATGA	1
TCCAAGTCCGATACTG	ENSG00000225630.1	CACGAGAC	1
TCCAAGTCCGATACTG	ENSG00000225630.1	TTCTGCAC	1
TCCAAGTCCGATACTG	ENSG00000225630.1	CAAACGGG	1
TCCAAGTCCGATACTG	ENSG00000225630.1	AGAATTAG	2
TCCAAGTCCGATACTG	ENSG00000225630.1	ACCCGGCG	1
TCCAAGTCCGATACTG	ENSG00000225630.1	CAGAATGT	3
TCCAAGTCCGATACTG	ENSG00000225630.1	GCGAACTT	1
TCCAAGTCCGATACTG	ENSG00000225630.1	AAATCCGA	1
TCCAAGTCCGATACTG	ENSG00000225630.1	CAGGGGTG	1
TCCAAGTCCGATACTG	ENSG00000225630.1	GAAATACT	1
TCCAAGTCCGATACTG	ENSG00000225630.1	CGGGGAAG	2
TCCAAGTCCGATACTG	ENSG00000225630.1	TGGGCACG	1
TCCAAGTCCGATACTG	ENSG00000225630.1	CCCGGGGC	2
TCCAAGTCCGATACTG	ENSG00000225630.1	CGTGAGTT	1
TCCAAGTCCGATACTG	ENSG00000225630.1	TCGGTACC	2
TCCAAGTCCGATACTG	ENSG00000225630.1	AGGGCAAA	1
TCCAAGTCCGATACTG	ENSG00000225630.1	TCACCTGT	1
TCCAAGTCCGATACTG	ENSG00000225630.1	CCTGCTTG	2
TCCAAGTCCGATACTG	ENSG00000225630.1	TCGTGATA	2
TCCAAGTCCGATACTG	ENSG00000225630.1	GCTTAAGT	1
TCCAAGTCCGATACTG	ENSG00000225630.1	TTGCGTAC	1
TCCAAGTCCGATACTG	ENSG00000225630.1	ATCGCGGG	1
TCCAAGTCCGATACTG	ENSG00000225630.1	GGCACACC	1
TCCAAGTCCGATACTG	ENSG00000225630.1	CAGCACAT	1
TCCAAGTCCGATACTG	ENSG00000225630.1	TCGAGCGG	2
TCCAAGTCCGATACTG	ENSG00000225630.1	GGTTCAAA	1
TCCAAGTCCGATACTG	ENSG00000225630.1	AGATGAAC	1
TCCAAGTCCGATACTG	ENSG00000225630.1	GTACAAAT	1
TCCAAGTCCGATACTG	ENSG00000225630.1	AGTATACG	1
TCCAAGTCCGATACTG	ENSG00000225630.1	CTTGCTAC	1
TCCAAGTCCGATACTG	ENSG00000225630.1	AGACTCCT	1
TCCAAGTCCGATACTG	ENSG00000225630.1	GTCGTCAG	1
TCCAAGTCCGATACTG	ENSG00000225630.1	TCTAGAAG	1
TCCAAGTCCGATACTG	ENSG00000225630.1	ATACAGCG	1
TCCAAGTCCGATACTG	ENSG00000225630.1	CAGATTTG	1
TCCAAGTCCGATACTG	ENSG00000225630.1	CTGTAATG	1
TCCAAGTCCGATACTG	ENSG00000198744.5	noUMI	1
TCCAAGTCCGATACTG	ENSG00000176022.7	noUMI	2
TCCAAGTCCGATACTG	ENSG00000231789.2	noUMI	1
TCCAAGTCCGATACTG	ENSG00000231789.2	GGCATCGG	1
TCCAAGTCCGATACTG	ENSG00000231789.2	TCACCAAC	1
TCCAAGTCCGATACTG	ENSG00000233954.6	GTCGCAAT	1
TCCAAGTCCGATACTG	ENSG00000288398.1	noUMI	5
TCCAAGTCCGATACTG	ENSG00000261135.1	ACCGAGCT	1
TCCAAGTCCGATACTG	ENSG00000261135.1	noUMI	1
TCCAAGTCCGATACTG	ENSG00000090432.7	noUMI	45
TCCAAGTCCGATACTG	ENSG00000090432.7	ATGCACGC	1
TCCAAGTCCGATACTG	ENSG00000090432.7	ACTCTGAG	1
TCCAAGTCCGATACTG	ENSG00000090432.7	GACGGGAG	1
TCCAAGTCCGATACTG	ENSG00000090432.7	TGATCGTT	1
TCCAAGTCCGATACTG	ENSG00000090432.7	GATCAAAC	2
TCCAAGTCCGATACTG	ENSG00000090432.7	AGGCCTGG	1
TCCAAGTCCGATACTG	ENSG00000227001.3	noUMI	1
TCCAAGTCCGATACTG	ENSG00000179546.5	noUMI	9
TCCAAGTCCGATACTG	ENSG00000179163.12	noUMI	3
TCCAAGTCCGATACTG	ENSG00000179163.12	AGGACGGA	3
TCCAAGTCCGATACTG	ENSG00000228589.3	CCATGCAA	1
TCCAAGTCCGATACTG	ENSG00000270605.1	CTAACCTT	1
TCCAAGTCCGATACTG	ENSG00000130766.5	noUMI	7
CTCAACAGCAGATTCG	ENSG00000225630.1	GCTCAAGT	1
CTCAACAGCAGATTCG	ENSG00000225630.1	noUMI	33
CTCAACAGCAGATTCG	ENSG00000225630.1	CAAGACCC	1
CTCAACAGCAGATTCG	ENSG00000225630.1	TCAAAAAT	1
CTCAACAGCAGATTCG	ENSG00000225630.1	ACGCACAC	1
CTCAACAGCAGATTCG	ENSG00000225630.1	TGCCAGGT	1
CTCAACAGCAGATTCG	ENSG00000225630.1	TCACTATG	1
CTCAACAGCAGATTCG	ENSG00000225630.1	CTTTCTGG	1
CTCAACAGCAGATTCG	ENSG00000225630.1	ATCGAATA	1
CTCAACAGCAGATTCG	ENSG00000225630.1	AGCTTCTT	2
CTCAACAGCAGATTCG	ENSG00000225630.1	ACAGGGGG	1
CTCAACAGCAGATTCG	ENSG00000225630.1	GAGGCTTA	1
CTCAACAGCAGATTCG	ENSG00000225630.1	TAGAGATC	1
CTCAACAGCAGATTCG	ENSG00000225630.1	GGTTGGCA	1
CTCAACAGCAGATTCG	ENSG00000225630.1	TGCTATGG	1
CTCAACAGCAGATTCG	ENSG00000225630.1	AGATGCAA	1
CTCAACAGCAGATTCG	ENSG00000225630.1	AGTCGCTA	1
CTCAACAGCAGATTCG	ENSG00000225630.1	AAAGGATG	1
CTCAACAGCAGATTCG	ENSG00000225630.1	AAACGGCC	1
CTCAACAGCAGATTCG	ENSG00000225630.1	TCCGAAAA	1
CTCAACAGCAGATTCG	ENSG00000225630.1	CATCACAG	2
CTCAACAGCAGATTCG	ENSG00000225630.1	TGAAGGCA	1
CTCAACAGCAGATTCG	ENSG00000225630.1	AGTAGGTT	1
CTCAACAGCAGATTCG	ENSG00000225630.1	ATAAGTAC	1
CTCAACAGCAGATTCG	ENSG00000225630.1	GGCAACCA	1
CTCAACAGCAGATTCG	ENSG00000225630.1	CTCTGACA	1
CTCAACAGCAGATTCG	ENSG00000231050.1	noUMI	1
CTCAACAGCAGATTCG	ENSG00000231789.2	noUMI	4
CTCAACAGCAGATTCG	ENSG00000233954.6	noUMI	1
CTCAACAGCAGATTCG	ENSG00000288398.1	CCCCGGGT	1
CTCAACAGCAGATTCG	ENSG00000288398.1	noUMI	1
CTCAACAGCAGATTCG	ENSG00000158748.4	noUMI	2
CTCAACAGCAGATTCG	ENSG00000090432.7	ACGACCAC	1
CTCAACAGCAGATTCG	ENSG00000090432.7	noUMI	9
CTCAACAGCAGATTCG	ENSG00000179163.12	noUMI	9
CTCAACAGCAGATTCG	ENSG00000181773.7	noUMI	1
CTCAACAGCAGATTCG	ENSG00000270605.1	noUMI	1
CTCAACAGCAGATTCG	ENSG00000279443.1	noUMI	1
CTCAACAGCAGATTCG	ENSG00000175130.7	noUMI	7
CTCAACAGCAGATTCG	ENSG00000175130.7	TCGGACTG	2
CTCAACAGCAGATTCG	ENSG00000243749.1	noUMI	4
CTCAACAGCAGATTCG	ENSG00000116863.11	noUMI	7
CTCAACAGCAGATTCG	ENSG00000286379.1	ATAAGGGG	2
CTCAACAGCAGATTCG	ENSG00000169213.7	noUMI	5
CTCAACAGCAGATTCG	ENSG00000116704.8	noUMI	2
CTCAACAGCAGATTCG	ENSG00000066557.6	noUMI	18
CTCAACAGCAGATTCG	ENSG00000066557.6	CAGCAATA	1
CTCAACAGCAGATTCG	ENSG00000066557.6	CAACGGGA	2
CTCAACAGCAGATTCG	ENSG00000137970.7	noUMI	5
CTCAACAGCAGATTCG	ENSG00000137970.7	ATAAGAAC	1
CTCAACAGCAGATTCG	ENSG00000137970.7	GCAGAGTC	1
CTCAACAGGGAGTAAC	ENSG00000279457.4	TTGGTGGG	1
CTCAACAGGGAGTAAC	ENSG00000225630.1	noUMI	5
CTCAACAGGGAGTAAC	ENSG00000225630.1	TGATCTAC	1
CTCAACAGGGAGTAAC	ENSG00000225630.1	TGCGGTTT	1
CTCAACAGGGAGTAAC	ENSG00000225630.1	AGGCTTTA	1
CTCAACAGGGAGTAAC	ENSG00000225630.1	CGATCACT	1
CTCAACAGGGAGTAAC	ENSG00000225630.1	TAACACCG	1
CTCAACAGGGAGTAAC	ENSG00000225630.1	GATAGGCT	1
CTCAACAGGGAGTAAC	ENSG00000225630.1	TTCCAACC	1
CTCAACAGGGAGTAAC	ENSG00000225630.1	CTAATCTC	1
CTCAACAGGGAGTAAC	ENSG00000225630.1	CGTCTTGC	1
CTCAACAGGGAGTAAC	ENSG00000225630.1	CACACACC	1
CTCAACAGGGAGTAAC	ENSG00000225630.1	CCGCGTTG	1
CTCAACAGGGAGTAAC	ENSG00000176022.7	noUMI	1
CTCAACAGGGAGTAAC	ENSG00000171612.7	GGGGTATC	1
CTCAACAGGGAGTAAC	ENSG00000231789.2	noUMI	2
CTCAACAGGGAGTAAC	ENSG00000241563.4	noUMI	1
CTCAACAGGGAGTAAC	ENSG00000090432.7	noUMI	2
CTCAACAGGGAGTAAC	ENSG00000179163.12	noUMI	2
CTCAACAGGGAGTAAC	ENSG00000231953.2	GAGCACAG	1
CTCAACAGGGAGTAAC	ENSG00000231953.2	TTGAAGGG	1
CTCAACAGGGAGTAAC	ENSG00000175130.7	AGGCACGG	1
CTCAACAGGGAGTAAC	ENSG00000273274.2	ATGTGGTT	1
CTCAACAGGGAGTAAC	ENSG00000243749.1	noUMI	1
CTCAACAGGGAGTAAC	ENSG00000243749.1	AGCGAGGG	1
CTCAACAGGGAGTAAC	ENSG00000116863.11	TCTGAGTT	1
CTCAACAGGGAGTAAC	ENSG00000259943.1	noUMI	2
CTCAACAGGGAGTAAC	ENSG00000169213.7	noUMI	1
CTCAACAGGGAGTAAC	ENSG00000066557.6	noUMI	4
CTCAACAGGGAGTAAC	ENSG00000137970.7	noUMI	1
CTCAACAGGGAGTAAC	ENSG00000065135.12	noUMI	10
CTCAACAGGGAGTAAC	ENSG00000213281.5	noUMI	5
CTCAACAGGGAGTAAC	ENSG00000163344.6	noUMI	3
CTCAACAGGGAGTAAC	ENSG00000163344.6	TATAAACG	1
CTCAACAGGGAGTAAC	ENSG00000272205.1	noUMI	1
CTCAACAGGGAGTAAC	ENSG00000183155.5	noUMI	1
CTCAACAGGGAGTAAC	ENSG00000158615.9	noUMI	2
CTCAACAGGGAGTAAC	ENSG00000218283.2	noUMI	1
CTCAACAGGGAGTAAC	ENSG00000143751.10	ATAGACCG	1
TGACCAAGCAAGAGGT	ENSG00000279457.4	noUMI	3
TGACCAAGCAAGAGGT	ENSG00000225630.1	noUMI	62
TGACCAAGCAAGAGGT	ENSG00000225630.1	TCGTAGGG	1
TGACCAAGCAAGAGGT	ENSG00000225630.1	TTCGGGTA	1
TGACCAAGCAAGAGGT	ENSG00000225630.1	AACACCGG	2
TGACCAAGCAAGAGGT	ENSG00000225630.1	AGTACATC	1
TGACCAAGCAAGAGGT	ENSG00000225630.1	ATCGAGGG	2
TGACCAAGCAAGAGGT	ENSG00000225630.1	AGTACCCT	1
TGACCAAGCAAGAGGT	ENSG00000225630.1	AGCTGTCA	1
TGACCAAGCAAGAGGT	ENSG00000225630.1	GCGAGAAG	1
TGACCAAGCAAGAGGT	ENSG00000225630.1	CGCGAGTA	1
TGACCAAGCAAGAGGT	ENSG00000225630.1	ACGCGAAA	1
TGACCAAGCAAGAGGT	ENSG00000225630.1	TGATAAAC	1
TGACCAAGCAAGAGGT	ENSG00000225630.1	CATGAGAG	1
TGACCAAGCAAGAGGT	ENSG00000225630.1	TGATCAGC	1
TGACCAAGCAAGAGGT	ENSG00000225630.1	GACGTCCT	1
TGACCAAGCAAGAGGT	ENSG00000225630.1	CGATTCGC	1
TGACCAAGCAAGAGGT	ENSG00000225630.1	TGGTAATC	1
TGACCAAGCAAGAGGT	ENSG00000225630.1	GCTCTAAG	1
TGACCAAGCAAGAGGT	ENSG00000225630.1	TAGACATA	2
TGACCAAGCAAGAGGT	ENSG00000225630.1	GATCGGAG	1
TGACCAAGCAAGAGGT	ENSG00000225630.1	GTCCTCAC	1
TGACCAAGCAAGAGGT	ENSG00000225630.1	TCAATGTG	1
TGACCAAGCAAGAGGT	ENSG00000225630.1	AAGTCCAC	1
TGACCAAGCAAGAGGT	ENSG00000225630.1	GGCCCCAC	1
TGACCAAGCAAGAGGT	ENSG00000225630.1	AGAATAGC	1
TGACCAAGCAAGAGGT	ENSG00000225630.1	CCAGTGCC	1
TGACCAAGCAAGAGGT	ENSG00000225630.1	ACAATACA	3
TGACCAAGCAAGAGGT	ENSG00000225630.1	AGAACAAA	1
TGACCAAGCAAGAGGT	ENSG00000225630.1	GAATCATA	1
TGACCAAGCAAGAGGT	ENSG00000225630.1	CCTTGGGG	1
TGACCAAGCAAGAGGT	ENSG00000225630.1	AATGACCC	1
TGACCAAGCAAGAGGT	ENSG00000225630.1	GCGCATAA	1
TGACCAAGCAAGAGGT	ENSG00000225630.1	CAAGAAAT	1
TGACCAAGCAAGAGGT	ENSG00000225630.1	CACAACGT	1
TGACCAAGCAAGAGGT	ENSG00000225630.1	CTGGCACA	1
TGACCAAGCAAGAGGT	ENSG00000225630.1	ACATGAAC	1
TGACCAAGCAAGAGGT	ENSG00000225630.1	TTGAGGAG	1
TGACCAAGCAAGAGGT	ENSG00000225630.1	TAGATAGT	1
TGACCAAGCAAGAGGT	ENSG00000225630.1	ACTCCCCG	1
TGACCAAGCAAGAGGT	ENSG00000225630.1	ATCTGACC	1
TGACCAAGCAAGAGGT	ENSG00000225630.1	TTGAAAAG	1
TGACCAAGCAAGAGGT	ENSG00000225630.1	CAGTACTG	1
TGACCAAGCAAGAGGT	ENSG00000225630.1	TAGGTTTA	1
TGACCAAGCAAGAGGT	ENSG00000225630.1	GTCCGGAT	1
TGACCAAGCAAGAGGT	ENSG00000176022.7	noUMI	4
TGACCAAGCAAGAGGT	ENSG00000272455.1	noUMI	1
TGACCAAGCAAGAGGT	ENSG00000120937.9	noUMI	1
TGACCAAGCAAGAGGT	ENSG00000090432.7	noUMI	6
TGACCAAGCAAGAGGT	ENSG00000090432.7	CTTGACTA	1
TGACCAAGCAAGAGGT	ENSG00000183114.8	noUMI	1
TGACCAAGCAAGAGGT	ENSG00000179163.12	noUMI	23
TGACCAAGCAAGAGGT	ENSG00000284602.1	noUMI	7
TGACCAAGCAAGAGGT	ENSG00000175793.12	noUMI	2
TGACCAAGCAAGAGGT	ENSG00000225159.1	noUMI	2
TGACCAAGCAAGAGGT	ENSG00000279443.1	noUMI	8
TGACCAAGCAAGAGGT	ENSG00000175130.7	noUMI	6
TGACCAAGCAAGAGGT	ENSG00000236274.1	noUMI	1
TGACCAAGCAAGAGGT	ENSG00000286899.1	noUMI	2
TTGGAACCGGAGTAAC	ENSG00000225630.1	TAGAAAGA	1
TTGGAACCGGAGTAAC	ENSG00000225630.1	GACCATTA	1
TTGGAACCGGAGTAAC	ENSG00000225630.1	noUMI	10
TTGGAACCGGAGTAAC	ENSG00000225630.1	GAGGGATA	1
TTGGAACCGGAGTAAC	ENSG00000225630.1	AATCTAAG	1
TTGGAACCGGAGTAAC	ENSG00000225630.1	TATTGCAG	1
TTGGAACCGGAGTAAC	ENSG00000225630.1	TCGCTCCA	1
TTGGAACCGGAGTAAC	ENSG00000225630.1	CAGTGCTG	1
TTGGAACCGGAGTAAC	ENSG00000225630.1	CATCATGT	1
TTGGAACCGGAGTAAC	ENSG00000225630.1	CTCACTTA	1
TTGGAACCGGAGTAAC	ENSG00000225630.1	AGCAATCC	1
TTGGAACCGGAGTAAC	ENSG00000225630.1	ATATGGAC	1
TTGGAACCGGAGTAAC	ENSG00000225630.1	ATCTAAGT	1
TTGGAACCGGAGTAAC	ENSG00000225630.1	GGTCAGGG	1
TTGGAACCGGAGTAAC	ENSG00000225630.1	CCATTCGT	1
TTGGAACCGGAGTAAC	ENSG00000225630.1	AATGCAAG	1
TTGGAACCGGAGTAAC	ENSG00000225630.1	GGAATGAT	2
TTGGAACCGGAGTAAC	ENSG00000225630.1	TAGTGAGG	1
TTGGAACCGGAGTAAC	ENSG00000225630.1	CACCCCTG	1
TTGGAACCGGAGTAAC	ENSG00000090432.7	noUMI	1
TTGGAACCGGAGTAAC	ENSG00000179163.12	noUMI	1
TTGGAACCGGAGTAAC	ENSG00000284602.1	noUMI	2
TTGGAACCGGAGTAAC	ENSG00000175130.7	noUMI	2
TTGGAACCGGAGTAAC	ENSG00000243749.1	noUMI	1
TTGGAACCGGAGTAAC	ENSG00000116863.11	noUMI	3
TTGGAACCGGAGTAAC	ENSG00000169213.7	noUMI	1
TTGGAACCGGAGTAAC	ENSG00000228929.1	noUMI	1
TTGGAACCGGAGTAAC	ENSG00000162396.6	noUMI	1
TTGGAACCGGAGTAAC	ENSG00000066557.6	noUMI	5
TTGGAACCGGAGTAAC	ENSG00000137970.7	noUMI	5
TTGGAACCGGAGTAAC	ENSG00000137970.7	GGTTAGGA	1
TTGGAACCGGAGTAAC	ENSG00000137970.7	CTACTACG	1
TTGGAACCGGAGTAAC	ENSG00000228076.2	noUMI	1
TTGGAACCGGAGTAAC	ENSG00000065135.12	GGTTTGGT	1
TTGGAACCGGAGTAAC	ENSG00000065135.12	noUMI	24
TTGGAACCGGAGTAAC	ENSG00000065135.12	TATATAAC	2
TTGGAACCGGAGTAAC	ENSG00000065135.12	ACACACCT	1
TTGGAACCGGAGTAAC	ENSG00000065135.12	TTCAAAGA	1
TTGGAACCGGAGTAAC	ENSG00000213281.5	noUMI	7
TTGGAACCGGAGTAAC	ENSG00000213281.5	AACAACGC	2
TTGGAACCGGAGTAAC	ENSG00000134200.4	noUMI	1
TTGGAACCGGAGTAAC	ENSG00000270872.2	noUMI	1
TTGGAACCGGAGTAAC	ENSG00000275140.1	noUMI	1
TTGGAACCGGAGTAAC	ENSG00000184260.6	ACTCAGAA	1
TTGGAACCGGAGTAAC	ENSG00000163344.6	GAGGGGTG	1
TTGGAACCGGAGTAAC	ENSG00000163344.6	noUMI	1
TTGGAACCGGAGTAAC	ENSG00000236675.1	noUMI	2
TTGGAACCGGAGTAAC	ENSG00000162783.11	GCTGGCTG	2
TTGGAACCGGAGTAAC	ENSG00000183155.5	ATTTCTGC	1
TTGGAACCGGAGTAAC	ENSG00000158615.9	noUMI	3
TTGGAACCGGAGTAAC	ENSG00000158615.9	AAACTAAG	1
TTGGAACCGGAGTAAC	ENSG00000174529.7	noUMI	1
TTGGAACCGGAGTAAC	ENSG00000271580.1	noUMI	1
TTGGAACCGGAGTAAC	ENSG00000163545.11	noUMI	1
TTGGAACCGGAGTAAC	ENSG00000220749.4	noUMI	1
TTGGAACCGGAGTAAC	ENSG00000218283.2	TAGATACG	1
TTGGAACCGGAGTAAC	ENSG00000218283.2	noUMI	2
TTGGAACCGGAGTAAC	ENSG00000143751.10	noUMI	1
TTGGAACCGGAGTAAC	ENSG00000143751.10	GACTTAAT	1
TTGGAACCGGAGTAAC	ENSG00000181218.5	noUMI	1
TTGGAACCGGAGTAAC	ENSG00000162851.8	GGCCTTAA	1
TTGGAACCGGAGTAAC	ENSG00000259865.1	noUMI	4
TTGGAACCCAGATTCG	ENSG00000225630.1	noUMI	20
TTGGAACCCAGATTCG	ENSG00000225630.1	CATCGAGC	1
TTGGAACCCAGATTCG	ENSG00000225630.1	CTGTGGAG	1
TTGGAACCCAGATTCG	ENSG00000225630.1	AAGCCAAA	1
TTGGAACCCAGATTCG	ENSG00000225630.1	GCGTTCTA	1
TTGGAACCCAGATTCG	ENSG00000225630.1	GCTAGCGA	1
TTGGAACCCAGATTCG	ENSG00000225630.1	AGCTTGCA	1
TTGGAACCCAGATTCG	ENSG00000225630.1	GCTTTAGG	1
TTGGAACCCAGATTCG	ENSG00000225630.1	AACTCATA	2
TTGGAACCCAGATTCG	ENSG00000225630.1	CGAAACAA	1
TTGGAACCCAGATTCG	ENSG00000225630.1	TACGGCGG	1
TTGGAACCCAGATTCG	ENSG00000225630.1	CAACGGTG	1
TTGGAACCCAGATTCG	ENSG00000225630.1	GAGGGTCT	1
TTGGAACCCAGATTCG	ENSG00000225630.1	AGTACGAT	1
TTGGAACCCAGATTCG	ENSG00000225630.1	AGAGAGAG	1
TTGGAACCCAGATTCG	ENSG00000225630.1	CCCGGGAA	1
TTGGAACCCAGATTCG	ENSG00000225630.1	CTTCCCCC	3
TTGGAACCCAGATTCG	ENSG00000225630.1	GATAACCA	1
TTGGAACCCAGATTCG	ENSG00000225630.1	CCGGGAAC	2
TTGGAACCCAGATTCG	ENSG00000225630.1	GTCAAGCA	1
TTGGAACCCAGATTCG	ENSG00000225630.1	GGTAGGGG	1
TTGGAACCCAGATTCG	ENSG00000225630.1	TGTGTACG	1
TTGGAACCCAGATTCG	ENSG00000225630.1	CACAGGAA	1
TTGGAACCCAGATTCG	ENSG00000225630.1	GACATCAA	2
TTGGAACCCAGATTCG	ENSG00000225630.1	GACTTTGT	1
TTGGAACCCAGATTCG	ENSG00000225630.1	TACGCGGC	2
TTGGAACCCAGATTCG	ENSG00000225630.1	GAGGCGCC	1
TTGGAACCCAGATTCG	ENSG00000225630.1	TACAGACA	1
TTGGAACCCAGATTCG	ENSG00000225630.1	TCCACACG	1
TTGGAACCCAGATTCG	ENSG00000225630.1	ACTCCTAT	1
TTGGAACCCAGATTCG	ENSG00000225630.1	ACCTACGA	2
TTGGAACCCAGATTCG	ENSG00000225630.1	CTTAGGAC	1
TTGGAACCCAGATTCG	ENSG00000225630.1	TAAACCTA	1
TTGGAACCCAGATTCG	ENSG00000225630.1	TCATTGCA	1
TTGGAACCCAGATTCG	ENSG00000225630.1	ATCTTCCA	1
TTGGAACCCAGATTCG	ENSG00000225630.1	ACTCGAGA	1
TTGGAACCCAGATTCG	ENSG00000225630.1	AGCACGTT	1
TTGGAACCCAGATTCG	ENSG00000225630.1	GGTAATGG	1
TTGGAACCCAGATTCG	ENSG00000225630.1	AAACCGTC	1
TTGGAACCCAGATTCG	ENSG00000225630.1	AATCAGCG	1
TTGGAACCCAGATTCG	ENSG00000225630.1	GGTCTATC	2
TTGGAACCCAGATTCG	ENSG00000225630.1	AGGGTGTT	1
TTGGAACCCAGATTCG	ENSG00000225630.1	GCTCGGTA	1
TTGGAACCCAGATTCG	ENSG00000225630.1	AAGAGCCC	2
TTGGAACCCAGATTCG	ENSG00000225630.1	GGCTCTCC	1
TTGGAACCCAGATTCG	ENSG00000225630.1	TTGAGTGG	1
TTGGAACCCAGATTCG	ENSG00000225630.1	GGTAACGT	1
TTGGAACCCAGATTCG	ENSG00000225630.1	TCTTCGAA	1
TTGGAACCCAGATTCG	ENSG00000225630.1	AAGCAGTG	1
TTGGAACCCAGATTCG	ENSG00000225630.1	CTCGCTAC	1
TTGGAACCCAGATTCG	ENSG00000225630.1	GTGCGGGC	1
TTGGAACCCAGATTCG	ENSG00000225630.1	GGCATAAG	1
TTGGAACCCAGATTCG	ENSG00000225630.1	GTCATATC	1
TTGGAACCCAGATTCG	ENSG00000225630.1	AATGCGAG	1
TTGGAACCCAGATTCG	ENSG00000171612.7	GTGCTTCC	1
TTGGAACCCAGATTCG	ENSG00000233954.6	ATAACGCG	1
TTGGAACCCAGATTCG	ENSG00000186301.8	noUMI	2
TTGGAACCCAGATTCG	ENSG00000284726.1	noUMI	1
TTGGAACCCAGATTCG	ENSG00000270605.1	ATGGCTCG	1
TTGGAACCCAGATTCG	ENSG00000175130.7	noUMI	7
TTGGAACCCAGATTCG	ENSG00000175130.7	TACAATGA	1
TTGGAACCCAGATTCG	ENSG00000243749.1	GGCGGAGG	1
TTGGAACCCAGATTCG	ENSG00000243749.1	CTAATTAC	1
TTGGAACCCAGATTCG	ENSG00000116863.11	noUMI	8
TTGGAACCCAGATTCG	ENSG00000116981.4	noUMI	1
TTGGAACCCAGATTCG	ENSG00000279667.1	noUMI	3
TTGGAACCCAGATTCG	ENSG00000237424.1	noUMI	1
TTGGAACCCAGATTCG	ENSG00000169213.7	noUMI	7
TTGGAACCCAGATTCG	ENSG00000169213.7	AGCAACAG	1
TTGGAACCCAGATTCG	ENSG00000169213.7	GAGGCAGC	1
TTGGAACCCAGATTCG	ENSG00000236004.2	GATACGGT	1
TTGGAACCCAGATTCG	ENSG00000066557.6	noUMI	9
TTGGAACCCAGATTCG	ENSG00000066557.6	AAGCAACG	1
TTGGAACCCAGATTCG	ENSG00000066557.6	ACCCGGGC	1
TTGGAACCCAGATTCG	ENSG00000226084.5	AAGTACAC	1
TTGGAACCCAGATTCG	ENSG00000226084.5	noUMI	1
TTGGAACCCAGATTCG	ENSG00000226084.5	AGTTAGGG	1
TTGGAACCCAGATTCG	ENSG00000271576.1	noUMI	1
TTGGAACCCAGATTCG	ENSG00000271576.1	CCTATGGT	1
GGTCTCAACAATGGAC	ENSG00000225630.1	CGGACATA	1
GGTCTCAACAATGGAC	ENSG00000225630.1	CATCACGG	1
GGTCTCAACAATGGAC	ENSG00000225630.1	noUMI	20
GGTCTCAACAATGGAC	ENSG00000225630.1	AATAGTGT	1
GGTCTCAACAATGGAC	ENSG00000225630.1	CAACGCTT	1
GGTCTCAACAATGGAC	ENSG00000225630.1	TGACAGCG	1
GGTCTCAACAATGGAC	ENSG00000225630.1	ATCAACCG	1
GGTCTCAACAATGGAC	ENSG00000225630.1	AAGCTAGT	2
GGTCTCAACAATGGAC	ENSG00000225630.1	AAACACGG	1
GGTCTCAACAATGGAC	ENSG00000225630.1	GGTTATGG	1
GGTCTCAACAATGGAC	ENSG00000225630.1	GGCGGGCA	1
GGTCTCAACAATGGAC	ENSG00000225630.1	ACAGCTGC	1
GGTCTCAACAATGGAC	ENSG00000225630.1	AATAACGC	1
GGTCTCAACAATGGAC	ENSG00000225630.1	AACGCTAC	1
GGTCTCAACAATGGAC	ENSG00000225630.1	ATGTAGGG	1
GGTCTCAACAATGGAC	ENSG00000225630.1	GTTGCGAG	1
GGTCTCAACAATGGAC	ENSG00000225630.1	GTACGACA	1
GGTCTCAACAATGGAC	ENSG00000225630.1	TGGGATAC	1
GGTCTCAACAATGGAC	ENSG00000225630.1	AGCTGCAC	1
GGTCTCAACAATGGAC	ENSG00000225630.1	TCGCTGAC	1
GGTCTCAACAATGGAC	ENSG00000225630.1	TACGGGCT	1
GGTCTCAACAATGGAC	ENSG00000225630.1	TGTGAGCG	1
GGTCTCAACAATGGAC	ENSG00000225630.1	CAGTAATC	1
GGTCTCAACAATGGAC	ENSG00000225630.1	GGCTGGGA	1
GGTCTCAACAATGGAC	ENSG00000225630.1	CTCTGCCA	1
GGTCTCAACAATGGAC	ENSG00000225630.1	AGTGATAC	1
GGTCTCAACAATGGAC	ENSG00000225630.1	CCCCAATG	1
GGTCTCAACAATGGAC	ENSG00000225630.1	AATCTGGA	1
GGTCTCAACAATGGAC	ENSG00000225630.1	CACACTCA	1
GGTCTCAACAATGGAC	ENSG00000225630.1	GATCTCAC	1
GGTCTCAACAATGGAC	ENSG00000225630.1	GCGCAACT	1
GGTCTCAACAATGGAC	ENSG00000225630.1	CTGAGTTA	2
GGTCTCAACAATGGAC	ENSG00000225630.1	ATGTCCTA	1
GGTCTCAACAATGGAC	ENSG00000225630.1	GGACGCAC	1
GGTCTCAACAATGGAC	ENSG00000225630.1	ACGCGAAG	1
GGTCTCAACAATGGAC	ENSG00000225630.1	GGAGTGCT	3
GGTCTCAACAATGGAC	ENSG00000225630.1	CCTCGAGG	1
GGTCTCAACAATGGAC	ENSG00000225630.1	CGGTCAGA	1
GGTCTCAACAATGGAC	ENSG00000225630.1	AGGCGCTA	1
GGTCTCAACAATGGAC	ENSG00000225630.1	TAGCTATC	1
GGTCTCAACAATGGAC	ENSG00000225630.1	GGAACAAT	2
GGTCTCAACAATGGAC	ENSG00000225630.1	AATAAGAA	2
GGTCTCAACAATGGAC	ENSG00000225630.1	AGGATACC	1
GGTCTCAACAATGGAC	ENSG00000225630.1	TCAGTACC	1
GGTCTCAACAATGGAC	ENSG00000225630.1	TTGTATTC	1
GGTCTCAACAATGGAC	ENSG00000225630.1	CATGAACA	1
GGTCTCAACAATGGAC	ENSG00000225630.1	GCAGGCAT	2
GGTCTCAACAATGGAC	ENSG00000225630.1	TTGTGGTA	1
GGTCTCAACAATGGAC	ENSG00000225630.1	CATACAGA	1
GGTCTCAACAATGGAC	ENSG00000225630.1	TTGTAAAC	1
GGTCTCAACAATGGAC	ENSG00000225630.1	TTCAGGGG	1
GGTCTCAACAATGGAC	ENSG00000225630.1	GAGCTGGG	3
GGTCTCAACAATGGAC	ENSG00000225630.1	TGCGCACT	1
GGTCTCAACAATGGAC	ENSG00000225630.1	GAAAAGGA	1
GGTCTCAACAATGGAC	ENSG00000225630.1	CACATAAA	1
GGTCTCAACAATGGAC	ENSG00000225630.1	GAAGGCGT	1
GGTCTCAACAATGGAC	ENSG00000225630.1	GACGTGCA	1
GGTCTCAACAATGGAC	ENSG00000225630.1	ACGCAACG	1
GGTCTCAACAATGGAC	ENSG00000225630.1	ACGAGGGT	1
GGTCTCAACAATGGAC	ENSG00000225630.1	CTGGCCTA	1
GGTCTCAACAATGGAC	ENSG00000225630.1	ATGTAACG	1
GGTCTCAACAATGGAC	ENSG00000225630.1	CAGGTCCT	1
GGTCTCAACAATGGAC	ENSG00000225630.1	CTCAACAG	1
GGTCTCAACAATGGAC	ENSG00000225630.1	GGATAATG	1
GGTCTCAACAATGGAC	ENSG00000225630.1	ACGAAACT	1
GGTCTCAACAATGGAC	ENSG00000225630.1	TGGATGAA	1
GGTCTCAACAATGGAC	ENSG00000225630.1	ACGTCATG	2
GGTCTCAACAATGGAC	ENSG00000225630.1	CTTCCGGG	1
GGTCTCAACAATGGAC	ENSG00000225630.1	ATGATCTG	2
GGTCTCAACAATGGAC	ENSG00000225630.1	TAAGTAGC	1
GGTCTCAACAATGGAC	ENSG00000225630.1	CGAAGGAG	1
GGTCTCAACAATGGAC	ENSG00000225630.1	CTGAATTG	1
GGTCTCAACAATGGAC	ENSG00000225630.1	AATCTAGG	2
GGTCTCAACAATGGAC	ENSG00000225630.1	AGCGCTGA	1
GGTCTCAACAATGGAC	ENSG00000225630.1	ACATTGGA	2
GGTCTCAACAATGGAC	ENSG00000225630.1	TCAGGACT	1
GGTCTCAACAATGGAC	ENSG00000225630.1	AGTTACTC	1
GGTCTCAACAATGGAC	ENSG00000225630.1	TGATCAGA	1
GGTCTCAACAATGGAC	ENSG00000225630.1	TAGGAAGT	1
GGTCTCAACAATGGAC	ENSG00000225630.1	GTCGACAG	1
GGTCTCAACAATGGAC	ENSG00000225630.1	TAGTTGGA	1
GGTCTCAACAATGGAC	ENSG00000225630.1	GTACGATG	1
GGTCTCAACAATGGAC	ENSG00000225630.1	GGCAGACT	1
GGTCTCAACAATGGAC	ENSG00000225630.1	GGACGACA	1
GGTCTCAACAATGGAC	ENSG00000225630.1	GATGAATA	1
GGTCTCAACAATGGAC	ENSG00000225630.1	TAGGGAAC	1
GGTCTCAACAATGGAC	ENSG00000225630.1	AACAATAT	1
GGTCTCAACAATGGAC	ENSG00000225630.1	TCACTAGA	1
GGTCTCAACAATGGAC	ENSG00000225630.1	TAGCGTGG	2
GGTCTCAACAATGGAC	ENSG00000225630.1	ATCACCCA	1
GGTCTCAACAATGGAC	ENSG00000225630.1	GACTACAG	1
GGTCTCAACAATGGAC	ENSG00000225630.1	CAATGTCC	1
GGTCTCAACAATGGAC	ENSG00000225630.1	CGTTCCGT	1
GGTCTCAACAATGGAC	ENSG00000225630.1	GCGGACTC	1
GGTCTCAACAATGGAC	ENSG00000225630.1	TGCCTACG	1
GGTCTCAACAATGGAC	ENSG00000225630.1	ACAGACTG	1
GGTCTCAACAATGGAC	ENSG00000225630.1	AGTTGATA	1
GGTCTCAACAATGGAC	ENSG00000225630.1	GCGTCCTA	1
GGTCTCAACAATGGAC	ENSG00000225630.1	GCTGTCAC	1
GGTCTCAACAATGGAC	ENSG00000225630.1	ATTCGGGA	1
GGTCTCAACAATGGAC	ENSG00000225630.1	TGGAGCAT	1
GGTCTCAACAATGGAC	ENSG00000225630.1	ACACCAAA	1
GGTCTCAACAATGGAC	ENSG00000176022.7	noUMI	1
GGTCTCAACAATGGAC	ENSG00000158292.7	noUMI	1
GGTCTCAACAATGGAC	ENSG00000158292.7	CAGACAAC	2
GGTCTCAACAATGGAC	ENSG00000171612.7	CCCGAATC	1
GGTCTCAACAATGGAC	ENSG00000171612.7	TTGGATCG	1
GGTCTCAACAATGGAC	ENSG00000090432.7	noUMI	2
GGTCTCAACAATGGAC	ENSG00000179163.12	noUMI	3
GGTCTCAACAATGGAC	ENSG00000284602.1	TACAGGGT	2
GGTCTCAACAATGGAC	ENSG00000284602.1	CCCGGTGT	1
GGTCTCAACAATGGAC	ENSG00000175130.7	TCCATCGA	2
GGTCTCAACAATGGAC	ENSG00000175130.7	noUMI	2
GGTCTCAACAATGGAC	ENSG00000175130.7	GGGTTCCG	1
GGTCTCAACAATGGAC	ENSG00000175130.7	TGGCCTAA	1
GGTCTCAACAATGGAC	ENSG00000243749.1	noUMI	3
GGTCTCAACAATGGAC	ENSG00000243749.1	CGTCCGTG	1
GGTCTCAACAATGGAC	ENSG00000116863.11	noUMI	4
GGTCTCAACAATGGAC	ENSG00000117000.9	noUMI	1
GGTCTCAACAATGGAC	ENSG00000169213.7	CTCTCAAG	2
GGTCTCAACAATGGAC	ENSG00000066557.6	noUMI	2
GGTCTCAACAATGGAC	ENSG00000066557.6	AGAAGTAC	1
GGTCTCAACAATGGAC	ENSG00000226084.5	GGGCCGCG	1
GGTCTCAACAATGGAC	ENSG00000223896.2	noUMI	4
GGTCTCAACAATGGAC	ENSG00000137970.7	ACGACGAC	1
GGTCTCAACAATGGAC	ENSG00000137970.7	CGGGGAAC	1
GGTCTCAACAATGGAC	ENSG00000137970.7	AGACAAAG	1
GGTCTCAACAATGGAC	ENSG00000065135.12	AGTGTTCA	1
GGTCTCAACAATGGAC	ENSG00000065135.12	AGGACCCG	1
GGTCTCAACAATGGAC	ENSG00000065135.12	AGTACTCC	1
GGTCTCAACAATGGAC	ENSG00000065135.12	TGGTGATG	1
GGTCTCAACAATGGAC	ENSG00000065135.12	TACGGCCG	1
GGTCTCAACAATGGAC	ENSG00000065135.12	AATTAGCC	1
GGTCTCAACAATGGAC	ENSG00000065135.12	noUMI	26
GGTCTCAACAATGGAC	ENSG00000065135.12	GATCACAC	2
GGTCTCAACAATGGAC	ENSG00000065135.12	GAATGCAC	1
GGTCTCAACAATGGAC	ENSG00000213281.5	noUMI	7
GGTCTCAACAATGGAC	ENSG00000213281.5	CATGTGGG	1
GGTCTCAACAATGGAC	ENSG00000213281.5	ACACGGTG	1
GGTCTCAACAATGGAC	ENSG00000143067.5	GGTTCAAC	1
GGTCTCAACAATGGAC	ENSG00000143067.5	noUMI	1
GGTCTCAACAATGGAC	ENSG00000215784.6	noUMI	2
GGTCTCAACAATGGAC	ENSG00000215784.6	CTCGGCAG	1
GGTCTCAACAATGGAC	ENSG00000236327.2	TACGTTGG	1
GGTCTCAACAATGGAC	ENSG00000163344.6	noUMI	1
GGTCTCAACAATGGAC	ENSG00000163344.6	CACATGAC	2
GGTCTCAACAATGGAC	ENSG00000163344.6	CGCCATCA	1
GGTCTCAACAATGGAC	ENSG00000132718.9	noUMI	1
GGTCTCAACAATGGAC	ENSG00000235082.2	TTGTGGGT	1
GGTCTCAACAATGGAC	ENSG00000183155.5	noUMI	1
GGTCTCAACAATGGAC	ENSG00000183155.5	GAGACGAG	1
GGTCTCAACAATGGAC	ENSG00000158615.9	noUMI	5
GGTCTCAACAATGGAC	ENSG00000158615.9	TCAGTGTC	1
GGTCTCAACAATGGAC	ENSG00000158615.9	TCGTTGAA	1
GGTCTCAACAATGGAC	ENSG00000218283.2	noUMI	1
GGTCTCAACAATGGAC	ENSG00000218283.2	TGCCATCA	1
CAACCTCACCAATCCT	ENSG00000279457.4	noUMI	1
CAACCTCACCAATCCT	ENSG00000225630.1	TATGGTGA	1
CAACCTCACCAATCCT	ENSG00000225630.1	TCTGGATA	3
CAACCTCACCAATCCT	ENSG00000225630.1	AATGGCCT	1
CAACCTCACCAATCCT	ENSG00000225630.1	TAACCGTT	2
CAACCTCACCAATCCT	ENSG00000225630.1	GAGTTTCG	1
CAACCTCACCAATCCT	ENSG00000225630.1	TCGAACAC	1
CAACCTCACCAATCCT	ENSG00000225630.1	noUMI	38
CAACCTCACCAATCCT	ENSG00000225630.1	AAGGTACA	2
CAACCTCACCAATCCT	ENSG00000225630.1	ATAGAATC	1
CAACCTCACCAATCCT	ENSG00000225630.1	CAAAAGTG	1
CAACCTCACCAATCCT	ENSG00000225630.1	ACACTACA	1
CAACCTCACCAATCCT	ENSG00000225630.1	TATGCCGG	1
CAACCTCACCAATCCT	ENSG00000225630.1	ACAAGGAT	2
CAACCTCACCAATCCT	ENSG00000225630.1	CCTACGTT	1
CAACCTCACCAATCCT	ENSG00000225630.1	AGTGGCGA	1
CAACCTCACCAATCCT	ENSG00000225630.1	CAGTCACA	1
CAACCTCACCAATCCT	ENSG00000225630.1	CCCGAGGG	1
CAACCTCACCAATCCT	ENSG00000225630.1	CTGTGCGG	1
CAACCTCACCAATCCT	ENSG00000225630.1	GATGTATG	1
CAACCTCACCAATCCT	ENSG00000225630.1	TCAGGGTC	1
CAACCTCACCAATCCT	ENSG00000225630.1	AATTAACA	1
CAACCTCACCAATCCT	ENSG00000225630.1	GATCAGTT	2
CAACCTCACCAATCCT	ENSG00000225630.1	CCTAACGG	1
CAACCTCACCAATCCT	ENSG00000225630.1	ATTAAAGA	1
CAACCTCACCAATCCT	ENSG00000225630.1	GAGTCAAT	1
CAACCTCACCAATCCT	ENSG00000225630.1	CATCAGAG	1
CAACCTCACCAATCCT	ENSG00000225630.1	GGTTCCAG	1
CAACCTCACCAATCCT	ENSG00000225630.1	AGACAAGT	1
CAACCTCACCAATCCT	ENSG00000225630.1	GCTAGAGT	1
CAACCTCACCAATCCT	ENSG00000225630.1	CGTTCGCT	1
CAACCTCACCAATCCT	ENSG00000225630.1	GGGGGAAG	1
CAACCTCACCAATCCT	ENSG00000225630.1	ACTCCCCT	1
CAACCTCACCAATCCT	ENSG00000225630.1	TTCAACGC	1
CAACCTCACCAATCCT	ENSG00000225630.1	GTGGCAAT	1
CAACCTCACCAATCCT	ENSG00000225630.1	CTGTCGGA	1
CAACCTCACCAATCCT	ENSG00000225630.1	AGCGTATA	1
CAACCTCACCAATCCT	ENSG00000225630.1	GACCACAC	1
CAACCTCACCAATCCT	ENSG00000225630.1	AGATAGTG	1
CAACCTCACCAATCCT	ENSG00000225630.1	GGCATGCG	1
CAACCTCACCAATCCT	ENSG00000225630.1	GCTAACAA	1
CAACCTCACCAATCCT	ENSG00000225630.1	AGGGTCAA	1
CAACCTCACCAATCCT	ENSG00000225630.1	CTTGAAGC	3
CAACCTCACCAATCCT	ENSG00000225630.1	CGGCCACT	1
CAACCTCACCAATCCT	ENSG00000225630.1	GCCATTTG	1
CAACCTCACCAATCCT	ENSG00000225630.1	CGGCACTC	1
CAACCTCACCAATCCT	ENSG00000225630.1	GATTACAA	1
CAACCTCACCAATCCT	ENSG00000225630.1	GCTGACAG	1
CAACCTCACCAATCCT	ENSG00000225630.1	GGGGGATG	1
CAACCTCACCAATCCT	ENSG00000225630.1	CTCAGAAC	1
CAACCTCACCAATCCT	ENSG00000225630.1	GCTCTGCA	1
CAACCTCACCAATCCT	ENSG00000225630.1	GTCGAGTT	1
CAACCTCACCAATCCT	ENSG00000225630.1	TCGTACGG	1
CAACCTCACCAATCCT	ENSG00000225630.1	AGTTGAGG	1
CAACCTCACCAATCCT	ENSG00000225630.1	GTCAAGAA	1
CAACCTCACCAATCCT	ENSG00000225630.1	CTCAGGCA	1
CAACCTCACCAATCCT	ENSG00000225630.1	TGCGACGG	1
CAACCTCACCAATCCT	ENSG00000225630.1	GCTACCGG	1
CAACCTCACCAATCCT	ENSG00000225630.1	CTCGCCCT	1
CAACCTCACCAATCCT	ENSG00000225630.1	GAGGAGCA	1
CAACCTCACCAATCCT	ENSG00000225630.1	GTCTGATG	1
CAACCTCACCAATCCT	ENSG00000158292.7	noUMI	2
CAACCTCACCAATCCT	ENSG00000233954.6	noUMI	1
CAACCTCACCAATCCT	ENSG00000090432.7	AGCTCGGG	2
CAACCTCACCAATCCT	ENSG00000090432.7	noUMI	22
CAACCTCACCAATCCT	ENSG00000090432.7	GACTGTGG	1
CAACCTCACCAATCCT	ENSG00000090432.7	GTGTAGGG	1
CAACCTCACCAATCCT	ENSG00000179163.12	noUMI	6
CAACCTCACCAATCCT	ENSG00000270605.1	noUMI	1
CAACCTCACCAATCCT	ENSG00000237329.2	GATAGAAG	1
CAACCTCACCAATCCT	ENSG00000175130.7	noUMI	4
CAACCTCACCAATCCT	ENSG00000175130.7	GGACACCT	1
CAACCTCACCAATCCT	ENSG00000175130.7	TTAGAACC	1
CAACCTCACCAATCCT	ENSG00000243749.1	ATGCACAT	1
CAACCTCACCAATCCT	ENSG00000116863.11	noUMI	12
CAACCTCACCAATCCT	ENSG00000116981.4	noUMI	2
CAACCTCACCAATCCT	ENSG00000117000.9	noUMI	3
CAACCTCACCAATCCT	ENSG00000259943.1	noUMI	2
CAACCTCACCAATCCT	ENSG00000259943.1	GTGAGGAC	1
CAACCTCACCAATCCT	ENSG00000237424.1	noUMI	5
CAACCTCACCAATCCT	ENSG00000169213.7	noUMI	3
CAACCTCACCAATCCT	ENSG00000066557.6	noUMI	6
CAACCTCACCAATCCT	ENSG00000271576.1	GAAATCAC	1
CAACCTCACCAATCCT	ENSG00000137970.7	ACGCTATG	1
CAACCTCACCAATCCT	ENSG00000137970.7	CAGGGATA	1
CAACCTCACCAATCCT	ENSG00000065135.12	TTTGATAT	1
CAACCTCACCAATCCT	ENSG00000065135.12	noUMI	36
CAACCTCACCAATCCT	ENSG00000065135.12	CGGGGGAG	1
CAACCTCACCAATCCT	ENSG00000065135.12	TGCCCGCC	1
CAACCTCACCAATCCT	ENSG00000238198.2	noUMI	3
CAACCTCACCAATCCT	ENSG00000213281.5	noUMI	4
CAACCTCACCAATCCT	ENSG00000213281.5	ATCCGTGG	1
GGTCTCAAGAGGTTAG	ENSG00000279457.4	GGTTGACG	1
GGTCTCAAGAGGTTAG	ENSG00000225630.1	CCAGTTCC	1
GGTCTCAAGAGGTTAG	ENSG00000225630.1	GTGAGAGG	1
GGTCTCAAGAGGTTAG	ENSG00000225630.1	ATATGGAA	2
GGTCTCAAGAGGTTAG	ENSG00000225630.1	CGGCATAT	1
GGTCTCAAGAGGTTAG	ENSG00000225630.1	AGAGGCGA	1
GGTCTCAAGAGGTTAG	ENSG00000225630.1	TGCTAGGA	1
GGTCTCAAGAGGTTAG	ENSG00000225630.1	AGAGGAAA	1
GGTCTCAAGAGGTTAG	ENSG00000225630.1	CGTGACCA	1
GGTCTCAAGAGGTTAG	ENSG00000225630.1	noUMI	1
GGTCTCAAGAGGTTAG	ENSG00000225630.1	AAACTAAC	1
GGTCTCAAGAGGTTAG	ENSG00000225630.1	TAAGCCCC	1
GGTCTCAAGAGGTTAG	ENSG00000225630.1	CCTGCGTA	1
GGTCTCAAGAGGTTAG	ENSG00000225630.1	TGCGACGA	1
GGTCTCAAGAGGTTAG	ENSG00000225630.1	TGGTGATG	1
GGTCTCAAGAGGTTAG	ENSG00000261135.1	noUMI	1
GGTCTCAAGAGGTTAG	ENSG00000090432.7	noUMI	1
GGTCTCAAGAGGTTAG	ENSG00000179163.12	noUMI	2
GGTCTCAAGAGGTTAG	ENSG00000175130.7	noUMI	1
GGTCTCAAGAGGTTAG	ENSG00000243749.1	noUMI	1
GGTCTCAAGAGGTTAG	ENSG00000137970.7	GAGCAATT	1
GGTCTCAAGAGGTTAG	ENSG00000065135.12	CGGGCCGC	1
GGTCTCAAGAGGTTAG	ENSG00000065135.12	noUMI	1
GGTCTCAAGAGGTTAG	ENSG00000233337.1	noUMI	1
GGTCTCAAGAGGTTAG	ENSG00000183508.5	noUMI	1
GGTCTCAAGAGGTTAG	ENSG00000163344.6	ACAAGATA	1
GGTCTCAAGAGGTTAG	ENSG00000183155.5	AGTCAGTC	1
GGTCTCAAGAGGTTAG	ENSG00000143751.10	noUMI	1
GGTCTCAAGAGGTTAG	ENSG00000228818.1	noUMI	1
GGTCTCAAGAGGTTAG	ENSG00000162851.8	noUMI	1
GGTCTCAAGAGGTTAG	ENSG00000259865.1	noUMI	1
TGACCAAGGGCGTTAA	ENSG00000225630.1	ATCGTCAA	1
TGACCAAGGGCGTTAA	ENSG00000225630.1	ATCATGTC	1
TGACCAAGGGCGTTAA	ENSG00000225630.1	AGCTCGAC	1
TGACCAAGGGCGTTAA	ENSG00000225630.1	ACGTGGGT	1
TGACCAAGGGCGTTAA	ENSG00000225630.1	noUMI	10
TGACCAAGGGCGTTAA	ENSG00000225630.1	CATCCATA	1
TGACCAAGGGCGTTAA	ENSG00000225630.1	CGGACAAT	2
TGACCAAGGGCGTTAA	ENSG00000225630.1	TAAAATAG	1
TGACCAAGGGCGTTAA	ENSG00000225630.1	TACTGCGG	1
TGACCAAGGGCGTTAA	ENSG00000225630.1	TCATCGAA	1
TGACCAAGGGCGTTAA	ENSG00000225630.1	AATACTAA	1
TGACCAAGGGCGTTAA	ENSG00000225630.1	AATACTGA	1
TGACCAAGGGCGTTAA	ENSG00000225630.1	CTACTAGC	1
TGACCAAGGGCGTTAA	ENSG00000225630.1	CTGCGATA	2
TGACCAAGGGCGTTAA	ENSG00000225630.1	CGCGTAGG	2
TGACCAAGGGCGTTAA	ENSG00000225630.1	CTTACGGA	1
TGACCAAGGGCGTTAA	ENSG00000225630.1	CTACCCTC	1
TGACCAAGGGCGTTAA	ENSG00000225630.1	AGTAACTG	1
TGACCAAGGGCGTTAA	ENSG00000225630.1	CGTCATAG	1
TGACCAAGGGCGTTAA	ENSG00000225630.1	AACGCTAG	1
TGACCAAGGGCGTTAA	ENSG00000225630.1	CGTCAGGG	1
TGACCAAGGGCGTTAA	ENSG00000225630.1	TCGAAGTC	1
TGACCAAGGGCGTTAA	ENSG00000225630.1	ATGGGCAC	1
TGACCAAGGGCGTTAA	ENSG00000225630.1	GGCTGAGG	2
TGACCAAGGGCGTTAA	ENSG00000225630.1	ATAACCAC	1
TGACCAAGGGCGTTAA	ENSG00000225630.1	TTGTGCTC	1
TGACCAAGGGCGTTAA	ENSG00000225630.1	AATGCTTG	2
TGACCAAGGGCGTTAA	ENSG00000225630.1	CAAGGTGA	1
TGACCAAGGGCGTTAA	ENSG00000225630.1	CTGCTTCC	1
TGACCAAGGGCGTTAA	ENSG00000235112.1	noUMI	1
TGACCAAGGGCGTTAA	ENSG00000179163.12	noUMI	4
TGACCAAGGGCGTTAA	ENSG00000243749.1	ATGAGCCA	1
TGACCAAGGGCGTTAA	ENSG00000243749.1	AACCCCAT	1
TGACCAAGGGCGTTAA	ENSG00000116863.11	noUMI	2
TGACCAAGGGCGTTAA	ENSG00000117000.9	noUMI	1
TGACCAAGGGCGTTAA	ENSG00000169213.7	noUMI	1
TGACCAAGGGCGTTAA	ENSG00000185839.3	AGCTCATC	1
TGACCAAGGGCGTTAA	ENSG00000116704.8	noUMI	1
TGACCAAGGGCGTTAA	ENSG00000066557.6	noUMI	2
TGACCAAGGGCGTTAA	ENSG00000226415.1	noUMI	1
TGACCAAGGGCGTTAA	ENSG00000065135.12	noUMI	3
TGACCAAGGGCGTTAA	ENSG00000213281.5	noUMI	5
TGACCAAGGGCGTTAA	ENSG00000213281.5	GAGCCGGT	1
TGACCAAGGGCGTTAA	ENSG00000272583.1	noUMI	1
TGACCAAGGGCGTTAA	ENSG00000287190.1	noUMI	1
TGACCAAGGGCGTTAA	ENSG00000272196.2	noUMI	1
TGACCAAGGGCGTTAA	ENSG00000184260.6	ACGGTATC	1
TGACCAAGGGCGTTAA	ENSG00000228126.1	noUMI	1
TGACCAAGGGCGTTAA	ENSG00000163344.6	TTCTAAGG	1
TGACCAAGGGCGTTAA	ENSG00000174529.7	noUMI	1
TGACCAAGGGCGTTAA	ENSG00000143751.10	noUMI	3
TGACCAAGGGCGTTAA	ENSG00000143751.10	GAAAGGGG	1
TGACCAAGGGCGTTAA	ENSG00000259865.1	noUMI	1
TCCTTGCTCAATGGAC	ENSG00000279457.4	noUMI	4
TCCTTGCTCAATGGAC	ENSG00000279457.4	GGTCAGGC	1
TCCTTGCTCAATGGAC	ENSG00000279457.4	TGTCAGGC	1
TCCTTGCTCAATGGAC	ENSG00000279457.4	ACAACGGG	1
TCCTTGCTCAATGGAC	ENSG00000225630.1	TTAGCAGT	1
TCCTTGCTCAATGGAC	ENSG00000225630.1	GTGCGGAT	1
TCCTTGCTCAATGGAC	ENSG00000225630.1	CCACTTTA	1
TCCTTGCTCAATGGAC	ENSG00000225630.1	TCTGATCG	1
TCCTTGCTCAATGGAC	ENSG00000225630.1	AGTACCGA	3
TCCTTGCTCAATGGAC	ENSG00000225630.1	GGCGGCTA	1
TCCTTGCTCAATGGAC	ENSG00000225630.1	AGTAGAGA	3
TCCTTGCTCAATGGAC	ENSG00000225630.1	CTTACCGG	1
TCCTTGCTCAATGGAC	ENSG00000225630.1	CGACAAGT	2
TCCTTGCTCAATGGAC	ENSG00000225630.1	GTGCCTTG	1
TCCTTGCTCAATGGAC	ENSG00000225630.1	noUMI	50
TCCTTGCTCAATGGAC	ENSG00000225630.1	ATTGGACC	1
TCCTTGCTCAATGGAC	ENSG00000225630.1	ACAGTACC	3
TCCTTGCTCAATGGAC	ENSG00000225630.1	AGTAATGG	2
TCCTTGCTCAATGGAC	ENSG00000225630.1	AAAAACGA	1
TCCTTGCTCAATGGAC	ENSG00000225630.1	CGGTACGT	1
TCCTTGCTCAATGGAC	ENSG00000225630.1	GCCACTCT	2
TCCTTGCTCAATGGAC	ENSG00000225630.1	GAATCCAA	1
TCCTTGCTCAATGGAC	ENSG00000225630.1	GGGATACG	1
TCCTTGCTCAATGGAC	ENSG00000225630.1	CCTCAATG	1
TCCTTGCTCAATGGAC	ENSG00000225630.1	ATTCAGTG	1
TCCTTGCTCAATGGAC	ENSG00000225630.1	CTTGCTCG	2
TCCTTGCTCAATGGAC	ENSG00000225630.1	GCTAAGCA	3
TCCTTGCTCAATGGAC	ENSG00000225630.1	GATTCAGC	1
TCCTTGCTCAATGGAC	ENSG00000225630.1	AGGAATTC	1
TCCTTGCTCAATGGAC	ENSG00000225630.1	GCATACCA	1
TCCTTGCTCAATGGAC	ENSG00000225630.1	GACTGGCT	1
TCCTTGCTCAATGGAC	ENSG00000225630.1	GTCTCGCG	1
TCCTTGCTCAATGGAC	ENSG00000225630.1	ATGATCTG	1
TCCTTGCTCAATGGAC	ENSG00000225630.1	TCCGGGCA	1
TCCTTGCTCAATGGAC	ENSG00000225630.1	TGAACGTT	1
TCCTTGCTCAATGGAC	ENSG00000225630.1	ATTAACTG	1
TCCTTGCTCAATGGAC	ENSG00000225630.1	AGACACCA	1
TCCTTGCTCAATGGAC	ENSG00000225630.1	ACATCACT	2
TCCTTGCTCAATGGAC	ENSG00000225630.1	TCAGTGTT	1
TCCTTGCTCAATGGAC	ENSG00000225630.1	ATGACATA	1
TCCTTGCTCAATGGAC	ENSG00000225630.1	GCTTCGAA	1
TCCTTGCTCAATGGAC	ENSG00000225630.1	ATTACCAT	3
TCCTTGCTCAATGGAC	ENSG00000225630.1	TACGAGTA	2
TCCTTGCTCAATGGAC	ENSG00000225630.1	AAAGGTAC	1
TCCTTGCTCAATGGAC	ENSG00000225630.1	TGGTCAGG	2
TCCTTGCTCAATGGAC	ENSG00000225630.1	GGGTTCGA	2
TCCTTGCTCAATGGAC	ENSG00000225630.1	CTTGGTGT	1
TCCTTGCTCAATGGAC	ENSG00000225630.1	TCCGAATA	1
TCCTTGCTCAATGGAC	ENSG00000225630.1	GCTAATAT	1
TCCTTGCTCAATGGAC	ENSG00000225630.1	GCTAGATC	2
TCCTTGCTCAATGGAC	ENSG00000225630.1	TGCTCTCC	1
TCCTTGCTCAATGGAC	ENSG00000225630.1	ACGAACAA	1
TCCTTGCTCAATGGAC	ENSG00000225630.1	CAAAAGAA	1
TCCTTGCTCAATGGAC	ENSG00000225630.1	GGTAATAG	1
TCCTTGCTCAATGGAC	ENSG00000225630.1	GAGTGGCT	1
TCCTTGCTCAATGGAC	ENSG00000225630.1	GCCAACCC	1
TCCTTGCTCAATGGAC	ENSG00000225630.1	CTCGCCTA	1
TCCTTGCTCAATGGAC	ENSG00000225630.1	AACTACGA	1
TCCTTGCTCAATGGAC	ENSG00000225630.1	CTTGATAC	1
TCCTTGCTCAATGGAC	ENSG00000225630.1	TAGTACAG	1
TCCTTGCTCAATGGAC	ENSG00000225630.1	AAAGTGTT	2
TCCTTGCTCAATGGAC	ENSG00000225630.1	ATGCACCC	1
TCCTTGCTCAATGGAC	ENSG00000225630.1	GTTAAGCG	1
TCCTTGCTCAATGGAC	ENSG00000225630.1	CAGGTTTA	2
TCCTTGCTCAATGGAC	ENSG00000225630.1	GGTACGTC	1
TCCTTGCTCAATGGAC	ENSG00000225630.1	CACCCGGC	1
TCCTTGCTCAATGGAC	ENSG00000225630.1	TGGTCGTA	1
TCCTTGCTCAATGGAC	ENSG00000225630.1	CTAATAAC	1
TCCTTGCTCAATGGAC	ENSG00000225630.1	AGCGGCAA	1
TCCTTGCTCAATGGAC	ENSG00000225630.1	CCTCTAAC	1
TCCTTGCTCAATGGAC	ENSG00000225630.1	GCTAGGCC	1
TCCTTGCTCAATGGAC	ENSG00000225630.1	TCATACTG	1
TCCTTGCTCAATGGAC	ENSG00000225630.1	CACTACAA	2
TCCTTGCTCAATGGAC	ENSG00000225630.1	CTACACAT	1
TCCTTGCTCAATGGAC	ENSG00000225630.1	TTCTAGAG	1
TCCTTGCTCAATGGAC	ENSG00000225630.1	GAACACAC	1
TCCTTGCTCAATGGAC	ENSG00000225630.1	AACTGACC	1
TCCTTGCTCAATGGAC	ENSG00000225630.1	AACACGGC	1
TCCTTGCTCAATGGAC	ENSG00000225630.1	ATCGACAG	1
TCCTTGCTCAATGGAC	ENSG00000225630.1	AGGACCTA	1
TCCTTGCTCAATGGAC	ENSG00000225630.1	TAAGCAAG	1
TCCTTGCTCAATGGAC	ENSG00000225630.1	AGCTACCA	1
TCCTTGCTCAATGGAC	ENSG00000225630.1	TTAAGCAC	1
TCCTTGCTCAATGGAC	ENSG00000225630.1	ATCCTGGC	1
TCCTTGCTCAATGGAC	ENSG00000225630.1	ACCACATA	1
TCCTTGCTCAATGGAC	ENSG00000225630.1	GTACGGCA	1
TCCTTGCTCAATGGAC	ENSG00000225630.1	GGAATGAC	1
TCCTTGCTCAATGGAC	ENSG00000120937.9	noUMI	15
TCCTTGCTCAATGGAC	ENSG00000120937.9	GGCATTAC	1
TCCTTGCTCAATGGAC	ENSG00000120937.9	CCACGTAG	2
TCCTTGCTCAATGGAC	ENSG00000120937.9	CAGCGACT	1
TCCTTGCTCAATGGAC	ENSG00000120937.9	TCAGCGTG	1
TCCTTGCTCAATGGAC	ENSG00000120937.9	GTTACGGA	1
TCCTTGCTCAATGGAC	ENSG00000120937.9	GCGAGATG	1
TCCTTGCTCAATGGAC	ENSG00000120937.9	CGTTATGA	1
TCCTTGCTCAATGGAC	ENSG00000120937.9	TCATGGCG	2
TCCTTGCTCAATGGAC	ENSG00000120937.9	ATCAGGCG	1
TCCTTGCTCAATGGAC	ENSG00000090432.7	noUMI	24
TCCTTGCTCAATGGAC	ENSG00000090432.7	ATCCACCG	1
TCCTTGCTCAATGGAC	ENSG00000090432.7	ATTGCCCC	1
TCCTTGCTCAATGGAC	ENSG00000090432.7	ACATGACT	1
TCCTTGCTCAATGGAC	ENSG00000090432.7	CATTCGCT	1
TCCTTGCTCAATGGAC	ENSG00000179163.12	noUMI	8
TCCTTGCTCAATGGAC	ENSG00000238084.4	noUMI	1
TCCTTGCTCAATGGAC	ENSG00000158246.8	noUMI	1
TCCTTGCTCAATGGAC	ENSG00000158246.8	TAACGTCC	1
TCCTTGCTCAATGGAC	ENSG00000270605.1	noUMI	3
TCCTTGCTCAATGGAC	ENSG00000279443.1	noUMI	3
TCCTTGCTCAATGGAC	ENSG00000116863.11	noUMI	6
TCCTTGCTCAATGGAC	ENSG00000117000.9	noUMI	2
TCCTTGCTCAATGGAC	ENSG00000117000.9	CAACATGG	3
TCCTTGCTCAATGGAC	ENSG00000259943.1	ACTGGGAC	1
TCCTTGCTCAATGGAC	ENSG00000228929.1	noUMI	1
TCCTTGCTCAATGGAC	ENSG00000228929.1	GTTACGAG	1
TCCTTGCTCAATGGAC	ENSG00000226084.5	CTCACGTT	1
TCCTTGCTCAATGGAC	ENSG00000219201.4	noUMI	1
TCCTTGCTCAATGGAC	ENSG00000137970.7	noUMI	3
TCCTTGCTCAATGGAC	ENSG00000137970.7	CGCTCATT	1
TCCTTGCTCAATGGAC	ENSG00000137970.7	TCTCTGGG	1
TCCTTGCTCAATGGAC	ENSG00000137970.7	ATAACGCC	1
TCCTTGCTCAATGGAC	ENSG00000244716.3	AAGGCGCG	1
TCCTTGCTCAATGGAC	ENSG00000065135.12	noUMI	27
TCCTTGCTCAATGGAC	ENSG00000065135.12	GACAACGT	2
TCCTTGCTCAATGGAC	ENSG00000065135.12	GTCTGGGT	1
TCCTTGCTCAATGGAC	ENSG00000065135.12	TACTCGAC	1
TCCTTGCTCAATGGAC	ENSG00000065135.12	CGAGTCAG	1
TCCTTGCTCAATGGAC	ENSG00000065135.12	CTAGGGGG	1
TCCTTGCTCAATGGAC	ENSG00000065135.12	GAGAGATC	2
TCCTTGCTCAATGGAC	ENSG00000213281.5	noUMI	9
TCCTTGCTCAATGGAC	ENSG00000201900.1	noUMI	1
TCCTTGCTCAATGGAC	ENSG00000183508.5	noUMI	24
TCCTTGCTCAATGGAC	ENSG00000183508.5	GGATCAGG	1
TCCTTGCTCAATGGAC	ENSG00000163344.6	noUMI	1
TCCTTGCTCAATGGAC	ENSG00000163344.6	GCATACCG	2
TCCTTGCTCAATGGAC	ENSG00000273365.1	noUMI	1
TCCTTGCTCAATGGAC	ENSG00000158615.9	noUMI	8
TCCTTGCTCAATGGAC	ENSG00000158615.9	GCAGAGGC	2
TCCTTGCTCAATGGAC	ENSG00000218283.2	TGGGCGAC	1
TCCTTGCTCAATGGAC	ENSG00000218283.2	noUMI	3
TCCTTGCTCAATGGAC	ENSG00000234419.1	TGGAGGCC	1
TCCTTGCTCAATGGAC	ENSG00000143751.10	noUMI	5
TCCTTGCTCAATGGAC	ENSG00000143751.10	GAACGGAT	1
TCCTTGCTCAATGGAC	ENSG00000162851.8	noUMI	2
TCCTTGCTCAATGGAC	ENSG00000143653.10	noUMI	9
TCCTTGCTCAATGGAC	ENSG00000259865.1	noUMI	20
TCCTTGCTCAATGGAC	ENSG00000162722.9	noUMI	1
TCCTTGCTGAGGTTAG	ENSG00000279457.4	noUMI	1
TCCTTGCTGAGGTTAG	ENSG00000225630.1	GCGGTCGT	1
TCCTTGCTGAGGTTAG	ENSG00000225630.1	GGATATAT	1
TCCTTGCTGAGGTTAG	ENSG00000225630.1	TCATCCGC	1
TCCTTGCTGAGGTTAG	ENSG00000225630.1	noUMI	7
TCCTTGCTGAGGTTAG	ENSG00000225630.1	CATATAGT	3
TCCTTGCTGAGGTTAG	ENSG00000225630.1	TATCGGGG	1
TCCTTGCTGAGGTTAG	ENSG00000225630.1	CACACGTA	1
TCCTTGCTGAGGTTAG	ENSG00000225630.1	GTAGCGAT	1
TCCTTGCTGAGGTTAG	ENSG00000225630.1	CGGATTCA	1
TCCTTGCTGAGGTTAG	ENSG00000225630.1	CATGTGGT	1
TCCTTGCTGAGGTTAG	ENSG00000225630.1	TGTACAAC	1
TCCTTGCTGAGGTTAG	ENSG00000225630.1	GTTGCTTG	1
TCCTTGCTGAGGTTAG	ENSG00000225630.1	AGTGCTTT	1
TCCTTGCTGAGGTTAG	ENSG00000225630.1	CGGCTACA	1
TCCTTGCTGAGGTTAG	ENSG00000225630.1	TTGTCAGG	1
TCCTTGCTGAGGTTAG	ENSG00000225630.1	AGGGGCAC	1
TCCTTGCTGAGGTTAG	ENSG00000225630.1	TAGAGTCT	1
TCCTTGCTGAGGTTAG	ENSG00000225630.1	TAGCCCGG	1
TCCTTGCTGAGGTTAG	ENSG00000225630.1	AACAGGCA	1
TCCTTGCTGAGGTTAG	ENSG00000225630.1	CAAACCTA	1
TCCTTGCTGAGGTTAG	ENSG00000225630.1	GTGAGTAT	1
TCCTTGCTGAGGTTAG	ENSG00000225630.1	CCCCAAGC	1
TCCTTGCTGAGGTTAG	ENSG00000225630.1	GAAATCGC	1
TCCTTGCTGAGGTTAG	ENSG00000225630.1	ATAGACAG	1
TCCTTGCTGAGGTTAG	ENSG00000225630.1	TGACGGTA	1
TCCTTGCTGAGGTTAG	ENSG00000225630.1	CCTGCCCG	1
TCCTTGCTGAGGTTAG	ENSG00000225630.1	TTTCGTGT	1
TCCTTGCTGAGGTTAG	ENSG00000225630.1	GCGGAGCC	1
TCCTTGCTGAGGTTAG	ENSG00000225630.1	GTTCAGGA	1
TCCTTGCTGAGGTTAG	ENSG00000288398.1	GCGGTGTC	1
TCCTTGCTGAGGTTAG	ENSG00000288398.1	noUMI	1
TCCTTGCTGAGGTTAG	ENSG00000090432.7	noUMI	1
TCCTTGCTGAGGTTAG	ENSG00000179163.12	noUMI	2
TCCTTGCTGAGGTTAG	ENSG00000273274.2	ACGTGACG	2
TCCTTGCTGAGGTTAG	ENSG00000236274.1	noUMI	2
TCCTTGCTGAGGTTAG	ENSG00000235673.1	noUMI	1
TCCTTGCTGAGGTTAG	ENSG00000237424.1	ACGGTTGC	1
TCCTTGCTGAGGTTAG	ENSG00000169213.7	noUMI	3
TCCTTGCTGAGGTTAG	ENSG00000224680.4	noUMI	1
TCCTTGCTGAGGTTAG	ENSG00000066557.6	noUMI	6
TCCTTGCTGAGGTTAG	ENSG00000066557.6	AACGCGAT	1
TCCTTGCTGAGGTTAG	ENSG00000226084.5	ATCGCCCA	1
TCCTTGCTGAGGTTAG	ENSG00000271576.1	TCGGTTAC	1
TCCTTGCTGAGGTTAG	ENSG00000137970.7	TCTGACGT	1
TCCTTGCTGAGGTTAG	ENSG00000137970.7	GCGACACT	1
TCCTTGCTGAGGTTAG	ENSG00000137970.7	CCGGGCTC	1
TCCTTGCTGAGGTTAG	ENSG00000065135.12	ATCAACCA	1
TCCTTGCTGAGGTTAG	ENSG00000065135.12	CAGTCCGA	1
TCCTTGCTGAGGTTAG	ENSG00000065135.12	noUMI	3
TCCTTGCTGAGGTTAG	ENSG00000065135.12	CACACTTT	1
TCCTTGCTGAGGTTAG	ENSG00000259834.1	AAGGTTCG	1
TCCTTGCTGAGGTTAG	ENSG00000213281.5	GGAATACC	1
TCCTTGCTGAGGTTAG	ENSG00000213281.5	AGTCCACA	1
TCCTTGCTGAGGTTAG	ENSG00000143067.5	noUMI	1
TCCTTGCTGAGGTTAG	ENSG00000277702.1	noUMI	2
TCCTTGCTGAGGTTAG	ENSG00000215784.6	GTTCTCAT	1
TCCTTGCTGAGGTTAG	ENSG00000184260.6	AACATTAG	1
TCCTTGCTGAGGTTAG	ENSG00000237872.4	noUMI	1
TCCTTGCTGAGGTTAG	ENSG00000224837.1	noUMI	1
TCCTTGCTGAGGTTAG	ENSG00000143184.5	noUMI	1
TCCTTGCTGAGGTTAG	ENSG00000162783.11	AAACAAGA	1
TCCTTGCTGAGGTTAG	ENSG00000183155.5	noUMI	3
TCCTTGCTGAGGTTAG	ENSG00000158615.9	AGTGGAAG	1
TCCTTGCTGAGGTTAG	ENSG00000158615.9	CTGTACAC	1
TCCTTGCTGAGGTTAG	ENSG00000158615.9	CGTTGGGG	1
TCCTTGCTGAGGTTAG	ENSG00000174529.7	GGTGTTAG	1
TCCTTGCTGAGGTTAG	ENSG00000218283.2	CACGACTT	1
TCCTTGCTGAGGTTAG	ENSG00000218283.2	GCTGCGGT	1
TCCTTGCTGAGGTTAG	ENSG00000218283.2	TGGGGGTC	2
TCCTTGCTGAGGTTAG	ENSG00000116574.6	GCTGCAGT	2
TCCTTGCTGAGGTTAG	ENSG00000143653.10	noUMI	2
TCCTTGCTGAGGTTAG	ENSG00000259865.1	noUMI	1
TCCTTGCTGAGGTTAG	ENSG00000259865.1	TACCCCCG	1
AAGCCGTTCCATCCAA	ENSG00000279457.4	GACTCCCA	1
AAGCCGTTCCATCCAA	ENSG00000279457.4	ATCACTCA	1
AAGCCGTTCCATCCAA	ENSG00000225972.1	noUMI	1
AAGCCGTTCCATCCAA	ENSG00000225630.1	TGAGTGAC	1
AAGCCGTTCCATCCAA	ENSG00000225630.1	CTACACCG	1
AAGCCGTTCCATCCAA	ENSG00000225630.1	noUMI	31
AAGCCGTTCCATCCAA	ENSG00000225630.1	ACTAACAT	1
AAGCCGTTCCATCCAA	ENSG00000225630.1	AGTAACCG	1
AAGCCGTTCCATCCAA	ENSG00000225630.1	GAACAGCT	1
AAGCCGTTCCATCCAA	ENSG00000225630.1	CGGTAATC	1
AAGCCGTTCCATCCAA	ENSG00000225630.1	AAGACACG	1
AAGCCGTTCCATCCAA	ENSG00000225630.1	AAACGGAA	2
AAGCCGTTCCATCCAA	ENSG00000225630.1	ACCGACAA	1
AAGCCGTTCCATCCAA	ENSG00000225630.1	ATCGTCCA	1
AAGCCGTTCCATCCAA	ENSG00000225630.1	GTCATATA	1
AAGCCGTTCCATCCAA	ENSG00000225630.1	CTGTTGAA	1
AAGCCGTTCCATCCAA	ENSG00000225630.1	CGGCCCAC	1
AAGCCGTTCCATCCAA	ENSG00000225630.1	CTTTGGGT	1
AAGCCGTTCCATCCAA	ENSG00000225630.1	GAACGCCG	1
AAGCCGTTCCATCCAA	ENSG00000225630.1	ATTGGAAT	1
AAGCCGTTCCATCCAA	ENSG00000225630.1	CATTGCAA	1
AAGCCGTTCCATCCAA	ENSG00000225630.1	TGTTGAAT	2
AAGCCGTTCCATCCAA	ENSG00000225630.1	TCGCGTGG	1
AAGCCGTTCCATCCAA	ENSG00000225630.1	TACAGAGG	1
AAGCCGTTCCATCCAA	ENSG00000225630.1	CGTCCTTT	1
AAGCCGTTCCATCCAA	ENSG00000225630.1	ACGGTAAG	1
AAGCCGTTCCATCCAA	ENSG00000225630.1	CAACACTT	1
AAGCCGTTCCATCCAA	ENSG00000225630.1	GTTAAGTC	1
AAGCCGTTCCATCCAA	ENSG00000225630.1	GGCACCCA	1
AAGCCGTTCCATCCAA	ENSG00000225630.1	TGCATGCC	1
AAGCCGTTCCATCCAA	ENSG00000225630.1	TCTGGCAA	3
AAGCCGTTCCATCCAA	ENSG00000225630.1	GTTCTAGT	3
AAGCCGTTCCATCCAA	ENSG00000225630.1	TAATAGAG	2
AAGCCGTTCCATCCAA	ENSG00000225630.1	CATCACCA	1
AAGCCGTTCCATCCAA	ENSG00000225630.1	GGAATCAC	1
AAGCCGTTCCATCCAA	ENSG00000225630.1	AAGAGCCC	1
AAGCCGTTCCATCCAA	ENSG00000225630.1	CTAGACGT	3
AAGCCGTTCCATCCAA	ENSG00000225630.1	CTCTAACC	2
AAGCCGTTCCATCCAA	ENSG00000225630.1	GACATCAC	1
AAGCCGTTCCATCCAA	ENSG00000225630.1	TTGAAGCA	1
AAGCCGTTCCATCCAA	ENSG00000225630.1	CGGGATTT	1
AAGCCGTTCCATCCAA	ENSG00000225630.1	GTGCTTTT	1
AAGCCGTTCCATCCAA	ENSG00000225630.1	TGTGGTCT	1
AAGCCGTTCCATCCAA	ENSG00000225630.1	TTGCTAGT	1
AAGCCGTTCCATCCAA	ENSG00000225630.1	ATCACGAA	1
AAGCCGTTCCATCCAA	ENSG00000225630.1	GGGATACG	1
AAGCCGTTCCATCCAA	ENSG00000225630.1	CGTACTGA	1
AAGCCGTTCCATCCAA	ENSG00000225630.1	ATCACGGG	1
AAGCCGTTCCATCCAA	ENSG00000225630.1	ACCACATC	1
AAGCCGTTCCATCCAA	ENSG00000225630.1	AAAGGAAG	1
AAGCCGTTCCATCCAA	ENSG00000225630.1	TTTATGGT	1
AAGCCGTTCCATCCAA	ENSG00000225630.1	GGATAGCT	1
AAGCCGTTCCATCCAA	ENSG00000225630.1	TCAAGCAA	2
AAGCCGTTCCATCCAA	ENSG00000225630.1	GTAAGCTT	1
AAGCCGTTCCATCCAA	ENSG00000225630.1	AAACGGGG	1
AAGCCGTTCCATCCAA	ENSG00000225630.1	TCGTAGCC	1
AAGCCGTTCCATCCAA	ENSG00000225630.1	GATCACGT	1
AAGCCGTTCCATCCAA	ENSG00000225630.1	ATAGTAGT	1
AAGCCGTTCCATCCAA	ENSG00000225630.1	TACACAAA	1
AAGCCGTTCCATCCAA	ENSG00000225630.1	TGCAGATC	1
AAGCCGTTCCATCCAA	ENSG00000225630.1	AAAATGAG	1
AAGCCGTTCCATCCAA	ENSG00000225630.1	TATAAGCA	1
AAGCCGTTCCATCCAA	ENSG00000225630.1	ACAAGTAC	1
AAGCCGTTCCATCCAA	ENSG00000225630.1	TGTGAGAC	1
AAGCCGTTCCATCCAA	ENSG00000225630.1	CGGACTAG	3
AAGCCGTTCCATCCAA	ENSG00000225630.1	GCCTGACC	2
AAGCCGTTCCATCCAA	ENSG00000225630.1	ATCCTAAC	1
AAGCCGTTCCATCCAA	ENSG00000225630.1	CTAGACCA	1
AAGCCGTTCCATCCAA	ENSG00000225630.1	TCGTAAAC	1
AAGCCGTTCCATCCAA	ENSG00000225630.1	TGGCACTT	1
AAGCCGTTCCATCCAA	ENSG00000225630.1	TTGAACTC	1
AAGCCGTTCCATCCAA	ENSG00000225630.1	GAAGTCCC	1
AAGCCGTTCCATCCAA	ENSG00000225630.1	ATGCGAAC	1
AAGCCGTTCCATCCAA	ENSG00000225630.1	CACACAAT	1
AAGCCGTTCCATCCAA	ENSG00000225630.1	GCTGAGAT	1
AAGCCGTTCCATCCAA	ENSG00000225630.1	GCGCACCG	1
AAGCCGTTCCATCCAA	ENSG00000225630.1	GACCATAA	2
AAGCCGTTCCATCCAA	ENSG00000225630.1	ATCTAAAG	1
AAGCCGTTCCATCCAA	ENSG00000225630.1	GGGCGGCC	1
AAGCCGTTCCATCCAA	ENSG00000225630.1	CATGCCCC	1
AAGCCGTTCCATCCAA	ENSG00000225630.1	TAAGGGGG	1
AAGCCGTTCCATCCAA	ENSG00000225630.1	CCAATAGA	2
AAGCCGTTCCATCCAA	ENSG00000225630.1	GCGGGATT	1
AAGCCGTTCCATCCAA	ENSG00000225630.1	AGAGAGAC	4
AAGCCGTTCCATCCAA	ENSG00000225630.1	ACACGACA	1
AAGCCGTTCCATCCAA	ENSG00000225630.1	ATGACTTA	1
AAGCCGTTCCATCCAA	ENSG00000225630.1	TGTGGGAG	1
AAGCCGTTCCATCCAA	ENSG00000225630.1	TACCCAAA	1
AAGCCGTTCCATCCAA	ENSG00000225630.1	ACGCGATC	1
AAGCCGTTCCATCCAA	ENSG00000225630.1	AGAGTGGA	1
AAGCCGTTCCATCCAA	ENSG00000225630.1	CGTTACCC	1
AAGCCGTTCCATCCAA	ENSG00000225630.1	CAGAAAAG	1
AAGCCGTTCCATCCAA	ENSG00000225630.1	GAAAATCC	1
AAGCCGTTCCATCCAA	ENSG00000225630.1	GGTAGTCA	1
AAGCCGTTCCATCCAA	ENSG00000225630.1	TCTCAGCG	1
AAGCCGTTCCATCCAA	ENSG00000225630.1	GCGTTAGG	1
AAGCCGTTCCATCCAA	ENSG00000225630.1	AAATCCGA	1
AAGCCGTTCCATCCAA	ENSG00000225630.1	CTATGCAC	1
AAGCCGTTCCATCCAA	ENSG00000225630.1	CGTGAATA	1
AAGCCGTTCCATCCAA	ENSG00000225630.1	AGCGTGCT	1
AAGCCGTTCCATCCAA	ENSG00000225630.1	CAACACGA	1
AAGCCGTTCCATCCAA	ENSG00000225630.1	CATCCTAT	1
AAGCCGTTCCATCCAA	ENSG00000225630.1	AGGGGTCA	1
AAGCCGTTCCATCCAA	ENSG00000225630.1	GTCAACAC	1
AAGCCGTTCCATCCAA	ENSG00000225630.1	GATCCAGC	1
AAGCCGTTCCATCCAA	ENSG00000225630.1	ATCAGGAC	3
AAGCCGTTCCATCCAA	ENSG00000225630.1	AGACGAAC	1
AAGCCGTTCCATCCAA	ENSG00000225630.1	TTATGAGT	1
AAGCCGTTCCATCCAA	ENSG00000225630.1	ATGGATAC	1
AAGCCGTTCCATCCAA	ENSG00000225630.1	CAGACCCG	1
AAGCCGTTCCATCCAA	ENSG00000225630.1	GACTCATG	1
AAGCCGTTCCATCCAA	ENSG00000225630.1	CCTTTAAG	1
AAGCCGTTCCATCCAA	ENSG00000225630.1	AGGCAGAC	1
AAGCCGTTCCATCCAA	ENSG00000176022.7	AAACGGGC	1
AAGCCGTTCCATCCAA	ENSG00000176022.7	noUMI	1
AAGCCGTTCCATCCAA	ENSG00000260179.1	TAGCACAC	1
AAGCCGTTCCATCCAA	ENSG00000171612.7	GAGGGCCT	1
AAGCCGTTCCATCCAA	ENSG00000171612.7	noUMI	1
AAGCCGTTCCATCCAA	ENSG00000233954.6	CCGAACAC	1
AAGCCGTTCCATCCAA	ENSG00000233954.6	CCAGACAT	1
AAGCCGTTCCATCCAA	ENSG00000288398.1	noUMI	4
AAGCCGTTCCATCCAA	ENSG00000186301.8	noUMI	1
AAGCCGTTCCATCCAA	ENSG00000090432.7	noUMI	12
AAGCCGTTCCATCCAA	ENSG00000090432.7	GGAGTGCT	1
AAGCCGTTCCATCCAA	ENSG00000090432.7	CTAAGGTA	1
AAGCCGTTCCATCCAA	ENSG00000090432.7	GCTAAGAG	1
AAGCCGTTCCATCCAA	ENSG00000090432.7	TTCAGGAC	1
AAGCCGTTCCATCCAA	ENSG00000090432.7	GAGCGGGG	3
AAGCCGTTCCATCCAA	ENSG00000090432.7	GTGGCTGG	1
AAGCCGTTCCATCCAA	ENSG00000090432.7	TAACGAAC	2
AAGCCGTTCCATCCAA	ENSG00000090432.7	GCAAGCCA	2
AAGCCGTTCCATCCAA	ENSG00000090432.7	CCAAGCCG	1
AAGCCGTTCCATCCAA	ENSG00000179163.12	noUMI	3
AAGCCGTTCCATCCAA	ENSG00000179163.12	GAATTACG	1
AAGCCGTTCCATCCAA	ENSG00000284657.1	GGGAGGGT	1
AAGCCGTTCCATCCAA	ENSG00000287244.1	GGCCGGAC	1
AAGCCGTTCCATCCAA	ENSG00000270605.1	noUMI	2
AAGCCGTTCCATCCAA	ENSG00000130766.5	noUMI	2
AAGCCGTTCCATCCAA	ENSG00000130766.5	AGATCTTG	2
AAGCCGTTCCATCCAA	ENSG00000279443.1	TTAAAGGG	1
AAGCCGTTCCATCCAA	ENSG00000228634.1	noUMI	2
AAGCCGTTCCATCCAA	ENSG00000228634.1	GAACAGAG	1
AAGCCGTTCCATCCAA	ENSG00000228634.1	CGGACAGA	10
AAGCCGTTCCATCCAA	ENSG00000175130.7	noUMI	5
AAGCCGTTCCATCCAA	ENSG00000175130.7	ATGCAGGC	1
AAGCCGTTCCATCCAA	ENSG00000175130.7	CTGTAAGA	1
AAGCCGTTCCATCCAA	ENSG00000175130.7	CGGAGACG	1
AAGCCGTTCCATCCAA	ENSG00000243749.1	noUMI	4
AAGCCGTTCCATCCAA	ENSG00000243749.1	TGATCCAT	1
AAGCCGTTCCATCCAA	ENSG00000243749.1	CATTAAGG	1
AAGCCGTTCCATCCAA	ENSG00000116863.11	CGCCAACT	1
AAGCCGTTCCATCCAA	ENSG00000116863.11	noUMI	6
AAGCCGTTCCATCCAA	ENSG00000116863.11	GTGGGGAG	1
AAGCCGTTCCATCCAA	ENSG00000163909.8	GAGAGGGG	2
AAGCCGTTCCATCCAA	ENSG00000237950.3	noUMI	1
AAGCCGTTCCATCCAA	ENSG00000237424.1	noUMI	2
